{"type":"FeatureCollection","features":[{"type":"Feature","id":1097678,"geometry":{"type":"Polygon","coordinates":[[[-118.9918863,36.05436356],[-118.99063967,36.05421634],[-118.98971854,36.05384855],[-118.98881621,36.05365402],[-118.98748903,36.05304306],[-118.98704539,36.05264183],[-118.98395491,36.05241385],[-118.98276684,36.05264791],[-118.98181188,36.05225883],[-118.9810073,36.05232874],[-118.97980419,36.05234698],[-118.97879659,36.05217068],[-118.97823264,36.05196399],[-118.97663852,36.05215245],[-118.97508952,36.05263879],[-118.97451053,36.05279077],[-118.97415711,36.05291843],[-118.97339013,36.05274821],[-118.97272504,36.05271211],[-118.97273788,36.05132672],[-118.9728059,36.0513302],[-118.97303997,36.05132919],[-118.98169016,36.0512862],[-118.98223393,36.05128267],[-118.98629251,36.05218455],[-118.98770696,36.05259624],[-118.98881024,36.05303079],[-118.99098851,36.05378552],[-118.9918553,36.05381633],[-118.9918863,36.05436356]]]},"properties":{"OBJECTID":1097678,"COUNTY":"TULARE","CITY":"PVL","ZONE_NAME":null,"ZONE_ID":"US-CA-XTU-PVL-E044","STATUS":"Evacuation Order","EVENT_TYPE":null,"CRITICAL_INFO":null,"PUBLIC_INFO":null,"EDIT_DATE":1695249188000,"STATEWIDE_LAST_UPDATED":null,"NOTES":"Flooding","SHAPE__Area":247872.7890625,"SHAPE__Length":4705.1899556937969,"GlobalID":"67c10798-70df-43b5-921f-3603c81609ff","CreationDate":1788335714000,"Creator":"CalOES_Scripts","EditDate":1788335714000,"Editor":"CalOES_Scripts"}},{"type":"Feature","id":1097685,"geometry":{"type":"Polygon","coordinates":[[[-119.01663142,36.05593591],[-119.01691895,36.05595534],[-119.01779816,36.05601476],[-119.01969569,36.05614299],[-119.02551765,36.05653644],[-119.02613127,36.05670178],[-119.0261346,36.0567991],[-119.0261438,36.0570697],[-119.02615105,36.05726749],[-119.01661235,36.05653253],[-119.01663142,36.05593591]]]},"properties":{"OBJECTID":1097685,"COUNTY":"TULARE","CITY":"PVL","ZONE_NAME":null,"ZONE_ID":"US-CA-XTU-PVL-E036","STATUS":"Evacuation Order","EVENT_TYPE":null,"CRITICAL_INFO":null,"PUBLIC_INFO":null,"EDIT_DATE":1695249188000,"STATEWIDE_LAST_UPDATED":null,"NOTES":"Flooding","SHAPE__Area":93231.91796875,"SHAPE__Length":2291.4262048653245,"GlobalID":"85bd69e6-a089-4f50-a6a5-735da1e05308","CreationDate":1788335714000,"Creator":"CalOES_Scripts","EditDate":1788335714000,"Editor":"CalOES_Scripts"}},{"type":"Feature","id":1097688,"geometry":{"type":"Polygon","coordinates":[[[-121.76326717,36.36976076],[-121.76288022,36.36974182],[-121.7625291,36.36968555],[-121.76221438,36.36965595],[-121.76196646,36.3695815],[-121.76159628,36.36949787],[-121.76111072,36.36951727],[-121.7606564,36.36947918],[-121.76046775,36.3694304],[-121.76009119,36.36933305],[-121.76000911,36.36932396],[-121.75953112,36.36927106],[-121.75938051,36.36920858],[-121.7590674,36.36907869],[-121.75856648,36.36881225],[-121.75817657,36.36843942],[-121.75762573,36.36767411],[-121.75722454,36.36736677],[-121.75700275,36.36715067],[-121.7562839,36.36619523],[-121.7561059,36.36603535],[-121.75608343,36.36601515],[-121.7558793,36.36583178],[-121.75544172,36.36549777],[-121.75520175,36.36526834],[-121.7548278,36.36455219],[-121.75459344,36.36384453],[-121.75433613,36.36361578],[-121.7539489,36.36325164],[-121.75352442,36.3628468],[-121.75340069,36.36281883],[-121.75336579,36.36281094],[-121.75301897,36.36282477],[-121.75254138,36.36268916],[-121.75211837,36.36259356],[-121.75192763,36.36260116],[-121.75159193,36.36279731],[-121.75125709,36.36300748],[-121.75087815,36.36313078],[-121.75081392,36.36315168],[-121.75058079,36.3632631],[-121.750493,36.36330506],[-121.75001173,36.36339453],[-121.74976462,36.36336932],[-121.74941702,36.36333387],[-121.74906936,36.36333366],[-121.74903756,36.36333878],[-121.74860458,36.36340842],[-121.74823444,36.36332474],[-121.74788933,36.36313351],[-121.7477847,36.36307554],[-121.74747351,36.36303036],[-121.74732872,36.36300934],[-121.74698559,36.36279806],[-121.74677433,36.36247293],[-121.74673626,36.36241434],[-121.74657593,36.36235043],[-121.74632734,36.36248731],[-121.74627319,36.36251713],[-121.74571631,36.36279236],[-121.74536155,36.36296114],[-121.74496415,36.36328625],[-121.7445406,36.363753],[-121.74398114,36.36398615],[-121.74337763,36.36406641],[-121.74312947,36.36408188],[-121.74275421,36.36410527],[-121.74218536,36.36418414],[-121.74183059,36.3643529],[-121.74140047,36.36442625],[-121.74087057,36.36457385],[-121.74016362,36.36471773],[-121.73984033,36.36478353],[-121.7396166,36.36482054],[-121.73909637,36.36484123],[-121.73867506,36.36477362],[-121.73821055,36.36456714],[-121.73780915,36.36454092],[-121.73736169,36.36461494],[-121.73675474,36.36463906],[-121.73647643,36.36463606],[-121.73617294,36.3645411],[-121.73551956,36.36433666],[-121.73506443,36.36428444],[-121.73499235,36.3642873],[-121.73473495,36.36429753],[-121.73438812,36.3643113],[-121.73387331,36.36413492],[-121.73381021,36.36395466],[-121.73363371,36.36362425],[-121.73327614,36.36317449],[-121.7329808,36.36289098],[-121.73276639,36.36257606],[-121.73258004,36.36230235],[-121.73223439,36.36204895],[-121.73194077,36.36179348],[-121.73180747,36.36160194],[-121.73167419,36.36161627],[-121.73160024,36.36162423],[-121.7310914,36.36154601],[-121.73084693,36.36152759],[-121.72985288,36.36118744],[-121.72970005,36.36107243],[-121.7292664,36.36074609],[-121.72916076,36.36066659],[-121.72904811,36.36049218],[-121.72870037,36.35995378],[-121.7284491,36.35982316],[-121.72816334,36.35971494],[-121.72784422,36.35959408],[-121.7273388,36.35957195],[-121.72637658,36.35946951],[-121.72601958,36.35931495],[-121.72561684,36.35897944],[-121.7255608,36.35882112],[-121.72538616,36.3583278],[-121.72527022,36.35813557],[-121.72524769,36.35795834],[-121.72517062,36.3573522],[-121.7251934,36.35715447],[-121.72539338,36.35709816],[-121.72548393,36.35707266],[-121.72559172,36.35684344],[-121.72562759,36.3565749],[-121.72565752,36.35620817],[-121.72587037,36.35513124],[-121.72594602,36.35494547],[-121.72599193,36.35426881],[-121.72608492,36.35408235],[-121.72630812,36.35375015],[-121.72643068,36.35347816],[-121.72642083,36.35302866],[-121.72646265,36.35285829],[-121.72648713,36.35268861],[-121.72628281,36.35247177],[-121.72588691,36.35224845],[-121.72566985,36.35182123],[-121.72537528,36.35097529],[-121.72518321,36.3506736],[-121.72487281,36.35071402],[-121.72449137,36.35072914],[-121.72423849,36.35069854],[-121.72399061,36.35049591],[-121.72375954,36.35030861],[-121.72364334,36.35021443],[-121.72307512,36.34997754],[-121.7229658,36.34993197],[-121.72286146,36.34984021],[-121.72250687,36.34952837],[-121.72214943,36.34907858],[-121.72166518,36.34883063],[-121.72121426,36.34874247],[-121.7207682,36.34865526],[-121.72012706,36.34839946],[-121.71971386,36.34817681],[-121.71931787,36.34800722],[-121.71914293,36.34793229],[-121.71774731,36.3472705],[-121.71666842,36.34638528],[-121.71627597,36.34621803],[-121.71590764,36.3461623],[-121.7157093,36.34604361],[-121.71548213,36.34588897],[-121.71545555,36.34587088],[-121.71524411,36.34582301],[-121.71483527,36.34556556],[-121.71434079,36.34525418],[-121.7138236,36.34503562],[-121.71351785,36.34486494],[-121.71235704,36.34434845],[-121.71194811,36.3441959],[-121.71168128,36.34409397],[-121.71113575,36.34369375],[-121.71079998,36.34331336],[-121.71061475,36.34312384],[-121.71049192,36.34282192],[-121.7104515,36.34272258],[-121.71030269,36.34248381],[-121.70989076,36.34206988],[-121.70985508,36.34205306],[-121.70881754,36.34156396],[-121.7087224,36.34152092],[-121.70838876,36.34137],[-121.70741052,36.34106387],[-121.70775152,36.34088903],[-121.70823736,36.34058866],[-121.70851428,36.34031536],[-121.70854898,36.34028111],[-121.70882932,36.34003103],[-121.7089533,36.33990319],[-121.709042,36.33981174],[-121.70925214,36.33955038],[-121.7094162,36.33938924],[-121.70978575,36.33917782],[-121.70991938,36.33890996],[-121.70997177,36.33880493],[-121.71020263,36.33859898],[-121.7103547,36.33845477],[-121.71046562,36.33834959],[-121.71096156,36.33764109],[-121.7114799,36.33701606],[-121.71173441,36.3366264],[-121.71192212,36.33628156],[-121.71216691,36.33601883],[-121.71244214,36.33568458],[-121.71252865,36.33548487],[-121.71264041,36.33522686],[-121.71289237,36.33479512],[-121.71295824,36.33473339],[-121.71322129,36.33448687],[-121.71346292,36.33405706],[-121.71348804,36.33401238],[-121.71351907,36.33398542],[-121.71411543,36.33346738],[-121.71446506,36.33321455],[-121.71456874,36.33290744],[-121.71458291,36.3320008],[-121.71466235,36.33158994],[-121.7148458,36.33117497],[-121.71524573,36.33089203],[-121.71526998,36.33087293],[-121.7155277,36.33066999],[-121.71580883,36.33043393],[-121.71610305,36.33012705],[-121.71619559,36.32964538],[-121.71638072,36.32925845],[-121.71642972,36.32891909],[-121.71641023,36.3285965],[-121.71635694,36.32806758],[-121.71632491,36.32799356],[-121.71620001,36.32770502],[-121.71608282,36.32748851],[-121.71604355,36.32741597],[-121.71589935,36.32704207],[-121.71589691,36.32700166],[-121.71588579,36.32681766],[-121.71597285,36.32653303],[-121.71595337,36.32621044],[-121.71594321,36.32604213],[-121.71576182,36.32587598],[-121.7157225,36.32583997],[-121.71552082,36.32566517],[-121.7154743,36.32547019],[-121.71549235,36.32542824],[-121.71566976,36.3250165],[-121.71579786,36.32471921],[-121.71588724,36.32454001],[-121.71592924,36.3245268],[-121.7162453,36.32442743],[-121.71649513,36.32424884],[-121.71663672,36.32400423],[-121.71667506,36.32389339],[-121.71673907,36.32370234],[-121.71667047,36.32341241],[-121.71671863,36.32305903],[-121.71690154,36.32277081],[-121.71695659,36.32268407],[-121.71719963,36.32239328],[-121.71743843,36.32203235],[-121.71775458,36.32151371],[-121.71781266,36.32111141],[-121.71781854,36.32107068],[-121.71782807,36.32100467],[-121.71775998,36.32074024],[-121.71759922,36.31980463],[-121.7172952,36.31908557],[-121.7172277,36.31906479],[-121.71701196,36.31899836],[-121.71663614,36.3188164],[-121.71658768,36.31871298],[-121.71639683,36.31830567],[-121.7160209,36.31697084],[-121.71596631,36.3163544],[-121.71585933,36.31602121],[-121.71582337,36.31571332],[-121.71576669,36.31535002],[-121.71555997,36.31509107],[-121.71514358,36.31481229],[-121.7148351,36.3146296],[-121.71476525,36.31458824],[-121.71461042,36.31447818],[-121.71418442,36.31417536],[-121.71378409,36.31358663],[-121.71348311,36.31320487],[-121.71317959,36.31278102],[-121.71320156,36.31256927],[-121.7138178,36.31184195],[-121.71432331,36.31158296],[-121.71449532,36.31126686],[-121.71440146,36.31086285],[-121.71452865,36.31037981],[-121.71465291,36.31013589],[-121.71462497,36.30967304],[-121.71460382,36.3093224],[-121.71469468,36.30893143],[-121.71475642,36.30866449],[-121.71482015,36.30830158],[-121.7146033,36.30787431],[-121.71443928,36.30745902],[-121.71429428,36.30707109],[-121.71431032,36.30676115],[-121.7140911,36.30570637],[-121.71399986,36.30528392],[-121.71392137,36.3049207],[-121.71344163,36.3041664],[-121.7133483,36.30401964],[-121.71335117,36.30398323],[-121.71338414,36.30378907],[-121.71341343,36.30357002],[-121.71342005,36.30352052],[-121.7134587,36.30346902],[-121.71378983,36.30302789],[-121.71414862,36.30235293],[-121.71455813,36.30194309],[-121.71497356,36.30163142],[-121.71527994,36.30123971],[-121.71543545,36.30093832],[-121.71553643,36.30059691],[-121.71559819,36.30004269],[-121.71587814,36.30013339],[-121.71609199,36.30022334],[-121.71628514,36.30025789],[-121.71642714,36.30030851],[-121.7166989,36.3004946],[-121.71688065,36.300628],[-121.71723397,36.3007265],[-121.7175032,36.30087051],[-121.71771959,36.30100255],[-121.71781554,36.3011534],[-121.71793221,36.30135968],[-121.71817017,36.30156115],[-121.71849673,36.30175669],[-121.71856662,36.30179854],[-121.71888614,36.30191243],[-121.71893589,36.30191679],[-121.71921791,36.30194148],[-121.71936246,36.30203418],[-121.71945314,36.30206211],[-121.71964564,36.30212139],[-121.7200987,36.30214564],[-121.72072758,36.30220511],[-121.72145479,36.30230896],[-121.72149848,36.30231519],[-121.721771,36.30234096],[-121.72202255,36.30236475],[-121.72243842,36.30234828],[-121.72269579,36.30229592],[-121.72308791,36.30212401],[-121.72311881,36.30211046],[-121.72330603,36.30204681],[-121.72343116,36.30204185],[-121.7236006,36.30203514],[-121.72388658,36.30200659],[-121.72395233,36.30198222],[-121.72413183,36.30191569],[-121.72463979,36.30169875],[-121.72511769,36.3012721],[-121.72519258,36.30121855],[-121.7253049,36.30120845],[-121.7253973,36.30121201],[-121.7258446,36.30122924],[-121.72599049,36.30121313],[-121.72624144,36.3011854],[-121.72673339,36.30127839],[-121.72681884,36.30129132],[-121.72710151,36.30133409],[-121.72751652,36.30130359],[-121.72796703,36.30128573],[-121.72827893,36.30127337],[-121.72858968,36.30127603],[-121.72873453,36.30133966],[-121.72885752,36.30136291],[-121.72926744,36.30124824],[-121.72937077,36.30101879],[-121.72938993,36.30097626],[-121.72956101,36.30064612],[-121.72963237,36.30039022],[-121.72982839,36.30025861],[-121.73035537,36.29999602],[-121.73068748,36.29974384],[-121.73107446,36.29925048],[-121.73159886,36.2990188],[-121.73229022,36.29869728],[-121.73235904,36.29866528],[-121.73239859,36.29865622],[-121.73302714,36.29851224],[-121.73346829,36.29834009],[-121.73403072,36.29816312],[-121.73432102,36.2980813],[-121.73446932,36.29794888],[-121.73442056,36.29743063],[-121.73458023,36.29719935],[-121.73487512,36.29690646],[-121.73500523,36.2967607],[-121.73507827,36.29653286],[-121.73509423,36.29622292],[-121.73513007,36.29595438],[-121.73508471,36.29549222],[-121.73511545,36.29513953],[-121.73514533,36.2947728],[-121.73517522,36.29440608],[-121.73528018,36.29355836],[-121.73555466,36.29292886],[-121.73597708,36.29244814],[-121.73620265,36.29215801],[-121.73632256,36.29184394],[-121.73646404,36.29159932],[-121.73655524,36.29138482],[-121.73666377,36.29116962],[-121.73672915,36.29081554],[-121.73688201,36.29047206],[-121.73724956,36.29023251],[-121.73765345,36.29001965],[-121.73807681,36.28980085],[-121.73812495,36.28977598],[-121.73865694,36.28957056],[-121.7390946,36.28944222],[-121.73914379,36.2894198],[-121.73922541,36.28938261],[-121.73966918,36.28918039],[-121.74059279,36.28894687],[-121.74127726,36.28877908],[-121.74146591,36.28877158],[-121.74162375,36.2887653],[-121.74171527,36.2887527],[-121.74205431,36.28870601],[-121.74243034,36.28860671],[-121.74273788,36.2885055],[-121.74276035,36.28837562],[-121.7427885,36.28821288],[-121.74298448,36.28800826],[-121.74298649,36.28775512],[-121.74309106,36.2871886],[-121.74320296,36.28702949],[-121.74347875,36.28670923],[-121.74363072,36.28635171],[-121.74386305,36.28617376],[-121.74400449,36.28592913],[-121.74417813,36.28562297],[-121.74420843,36.28556955],[-121.74431783,36.28553511],[-121.74453473,36.28546683],[-121.74456627,36.2854569],[-121.7446164,36.28546826],[-121.74477133,36.28550333],[-121.74483037,36.2855167],[-121.74532905,36.28572181],[-121.74593507,36.28597888],[-121.74674286,36.28616944],[-121.74690405,36.28620746],[-121.74755268,36.28630818],[-121.74793301,36.28639427],[-121.7487676,36.28658319],[-121.74907295,36.28675028],[-121.74941425,36.28693704],[-121.74995043,36.28690163],[-121.75035314,36.2869559],[-121.75052638,36.286949],[-121.75062467,36.28689309],[-121.7508453,36.28676759],[-121.75125766,36.28669493],[-121.75196963,36.28669469],[-121.75224851,36.2867117],[-121.75254643,36.28675607],[-121.75277163,36.2867471],[-121.75314508,36.28660569],[-121.75372299,36.2863999],[-121.75399097,36.28637175],[-121.75415437,36.28635459],[-121.7544912,36.2864677],[-121.75480081,36.28676106],[-121.7550044,36.28691119],[-121.75507204,36.28692739],[-121.75549607,36.28702889],[-121.75570928,36.28707993],[-121.75640478,36.28709438],[-121.75708381,36.28712354],[-121.75775602,36.2870405],[-121.75867161,36.2869618],[-121.75948666,36.28694335],[-121.76043347,36.28680716],[-121.76101991,36.28674158],[-121.76156035,36.28677625],[-121.76197013,36.28666148],[-121.7629811,36.28643836],[-121.76352263,36.28620585],[-121.76424431,36.28578903],[-121.76442269,36.28568988],[-121.76509694,36.28553845],[-121.76590878,36.28518266],[-121.76604644,36.28510582],[-121.76626145,36.28498581],[-121.76663828,36.28490046],[-121.76687567,36.28480662],[-121.76707485,36.28479866],[-121.7672048,36.28479347],[-121.76751234,36.28471088],[-121.76799053,36.2845793],[-121.76821595,36.28428911],[-121.76842597,36.28374648],[-121.76852072,36.28330687],[-121.76871234,36.28303208],[-121.76879233,36.28263524],[-121.76900298,36.28238782],[-121.76933412,36.28224764],[-121.76944309,36.28220151],[-121.7698199,36.28211615],[-121.76996141,36.28212044],[-121.77022002,36.28212828],[-121.7706704,36.28211027],[-121.771081,36.2820095],[-121.77151405,36.28199218],[-121.77174243,36.28191566],[-121.7720806,36.28183177],[-121.77219496,36.28177647],[-121.76326717,36.36976076]]]},"properties":{"OBJECTID":1097688,"COUNTY":"MONTEREY","CITY":"MRY","ZONE_NAME":null,"ZONE_ID":"US-CA-XMY-MRY-F015-C","STATUS":"Evacuation Order","EVENT_TYPE":null,"CRITICAL_INFO":null,"PUBLIC_INFO":null,"EDIT_DATE":1787515278000,"STATEWIDE_LAST_UPDATED":null,"NOTES":"Timber Fire","SHAPE__Area":56493131.97265625,"SHAPE__Length":35824.241907840507,"GlobalID":"0d2fa04e-1ecb-49ae-bc6a-3f3045caa037","CreationDate":1788335714000,"Creator":"CalOES_Scripts","EditDate":1788335714000,"Editor":"CalOES_Scripts"}},{"type":"Feature","id":1097693,"geometry":{"type":"Polygon","coordinates":[[[-119.01663989,36.05561998],[-119.0166333,36.0558772],[-119.01663142,36.05593591],[-119.01556698,36.05586397],[-119.01494685,36.05586337],[-119.01418722,36.05609623],[-119.01308538,36.05643397],[-119.01192945,36.05647877],[-119.00843398,36.05631517],[-119.00793534,36.05620523],[-119.00803219,36.05494595],[-119.00889542,36.05499765],[-119.01047961,36.05559228],[-119.01243157,36.05524922],[-119.01378944,36.05536357],[-119.01458154,36.05547792],[-119.01663989,36.05561998]]]},"properties":{"OBJECTID":1097693,"COUNTY":"TULARE","CITY":"PVL","ZONE_NAME":null,"ZONE_ID":"US-CA-XTU-PVL-E039","STATUS":"Evacuation Order","EVENT_TYPE":null,"CRITICAL_INFO":null,"PUBLIC_INFO":null,"EDIT_DATE":1695249188000,"STATEWIDE_LAST_UPDATED":null,"NOTES":"Flooding","SHAPE__Area":117016.9921875,"SHAPE__Length":2187.5932811268758,"GlobalID":"f5e1b2e3-04f1-4063-91db-1b28d6492ad8","CreationDate":1788335714000,"Creator":"CalOES_Scripts","EditDate":1788335714000,"Editor":"CalOES_Scripts"}},{"type":"Feature","id":1097697,"geometry":{"type":"Polygon","coordinates":[[[-121.80718461,36.28019811],[-121.80395163,36.28540341],[-121.80392722,36.28539838],[-121.80388122,36.28538892],[-121.80354176,36.28523389],[-121.80328796,36.28534252],[-121.80297013,36.2852569],[-121.80282647,36.2852482],[-121.80269126,36.28524001],[-121.80257373,36.28543716],[-121.80250235,36.28555691],[-121.80232376,36.2860421],[-121.80217724,36.28648381],[-121.80194152,36.28688695],[-121.80166513,36.28719331],[-121.80145457,36.28744078],[-121.80131762,36.28775558],[-121.80114763,36.28838101],[-121.80099077,36.28865444],[-121.80078193,36.28892996],[-121.8005151,36.2891094],[-121.80035067,36.28911602],[-121.80027258,36.28911916],[-121.80012937,36.28914587],[-121.79979184,36.2892088],[-121.79957267,36.28931603],[-121.79910925,36.28940497],[-121.79874891,36.2894757],[-121.79809838,36.28962839],[-121.79759429,36.28962055],[-121.79711624,36.28947107],[-121.79632552,36.2893201],[-121.79609672,36.28920266],[-121.79571589,36.2890072],[-121.79540089,36.28899562],[-121.79535039,36.28899377],[-121.79496056,36.28915003],[-121.7946141,36.28916395],[-121.79445819,36.28917022],[-121.79400607,36.28916027],[-121.79351845,36.28913769],[-121.79290956,36.28911998],[-121.79249208,36.28910863],[-121.79212486,36.28906715],[-121.79185003,36.28895653],[-121.79129977,36.28835517],[-121.7908591,36.28796516],[-121.79074272,36.28793128],[-121.79065315,36.2879052],[-121.78981987,36.28772572],[-121.78931321,36.28767576],[-121.78913092,36.28769619],[-121.78872681,36.28774148],[-121.78834742,36.28778483],[-121.78808758,36.28779526],[-121.78784334,36.28777694],[-121.78781243,36.28776938],[-121.78758679,36.2877157],[-121.78726481,36.28768769],[-121.78687239,36.28780185],[-121.78646351,36.28793072],[-121.7861517,36.28794323],[-121.78587196,36.28791228],[-121.78528286,36.28777453],[-121.78469157,36.28763627],[-121.78454492,36.28762527],[-121.78408098,36.28759047],[-121.78359774,36.28741849],[-121.7832541,36.28713156],[-121.78289922,36.28672402],[-121.78227337,36.28614458],[-121.78198685,36.28589959],[-121.78171028,36.28566311],[-121.78150379,36.28548654],[-121.78096439,36.28518481],[-121.78030717,36.28494402],[-121.77968374,36.28468782],[-121.77924657,36.28435386],[-121.77870462,36.28401004],[-121.77860517,36.28393208],[-121.77817571,36.2835954],[-121.777991,36.28343835],[-121.7777178,36.28320603],[-121.77760085,36.2831626],[-121.77727361,36.28304105],[-121.777153,36.28300087],[-121.77696642,36.28294088],[-121.77664316,36.28295383],[-121.77639979,36.28294951],[-121.77609801,36.28287297],[-121.77606468,36.28286452],[-121.77578238,36.28279146],[-121.77550352,36.28277451],[-121.77512414,36.28281781],[-121.77486859,36.28289833],[-121.7747283,36.28287583],[-121.77444978,36.2827235],[-121.77440737,36.28269256],[-121.77409089,36.28244637],[-121.77383928,36.28225063],[-121.77331546,36.28183962],[-121.77305506,36.2816353],[-121.77290817,36.28156762],[-121.77295137,36.28116717],[-121.77285709,36.28090866],[-121.77278793,36.2806182],[-121.77267897,36.28033274],[-121.77238502,36.28011296],[-121.77228399,36.27994846],[-121.77214779,36.27978376],[-121.77210607,36.27943835],[-121.77201159,36.27924576],[-121.77184858,36.27895401],[-121.77179367,36.2786309],[-121.77195711,36.27842228],[-121.77171983,36.2781237],[-121.771634,36.27803721],[-121.77156213,36.27780742],[-121.77172557,36.27767566],[-121.77187539,36.27755488],[-121.77203883,36.27728038],[-121.77212753,36.2770512],[-121.77220227,36.27679726],[-121.77217044,36.27658414],[-121.77201159,36.27630316],[-121.77191295,36.27606518],[-121.77201159,36.27587494],[-121.77210607,36.27556352],[-121.77216141,36.27540279],[-121.77198435,36.27523809],[-121.77149403,36.27499653],[-121.77137145,36.27471104],[-121.77126249,36.27448045],[-121.77103319,36.2742488],[-121.77082665,36.2740083],[-121.77051339,36.27397536],[-121.77007755,36.27384359],[-121.76980516,36.27364595],[-121.76957406,36.27347034],[-121.76976429,36.27327261],[-121.76990049,36.2729981],[-121.76990049,36.27278947],[-121.76969801,36.27263349],[-121.76950489,36.2722875],[-121.76961448,36.27203181],[-121.7696962,36.27159258],[-121.76958724,36.27130708],[-121.76924674,36.27115335],[-121.7689148,36.27091218],[-121.76893348,36.27070314],[-121.76893348,36.27029684],[-121.76897434,36.26986859],[-121.76885176,36.26952818],[-121.7685385,36.26926463],[-121.7682661,36.26903403],[-121.76798008,36.26878147],[-121.76776216,36.2685289],[-121.76735356,36.26815554],[-121.76720374,36.26787003],[-121.76699944,36.2675955],[-121.76682238,36.26721115],[-121.76646826,36.26658521],[-121.76626396,36.26615694],[-121.76580088,36.26523449],[-121.76554211,36.26472933],[-121.76521335,36.26412172],[-121.76495645,36.26407043],[-121.76432993,36.26391668],[-121.76362169,36.26382883],[-121.76319633,36.26381029],[-121.76262743,36.26355428],[-121.76216636,36.26334315],[-121.76136077,36.26309304],[-121.76079307,36.26291062],[-121.76009412,36.26286242],[-121.75933395,36.2627203],[-121.75903176,36.26265377],[-121.75854144,36.26245609],[-121.75804649,36.26221855],[-121.75787483,36.26185521],[-121.7576289,36.26189601],[-121.75734288,36.26195092],[-121.75708089,36.26190712],[-121.75709772,36.26179717],[-121.75705944,36.26147457],[-121.75683895,36.26118217],[-121.75663465,36.26088565],[-121.75664827,36.26065502],[-121.75658017,36.26050127],[-121.75637587,36.26019377],[-121.75625329,36.25997412],[-121.75623967,36.25960072],[-121.75629415,36.25931518],[-121.75667551,36.2591724],[-121.75716673,36.25915609],[-121.75761734,36.25908688],[-121.75783191,36.25860241],[-121.75787483,36.25820445],[-121.75774608,36.25797951],[-121.75833714,36.25822791],[-121.7589228,36.25848051],[-121.75909986,36.25872212],[-121.75954853,36.25900036],[-121.75968552,36.25887588],[-121.75989185,36.25877543],[-121.76008497,36.25870622],[-121.76047548,36.25886489],[-121.76049266,36.25867162],[-121.7603529,36.25832675],[-121.76027118,36.25806317],[-121.760321,36.2578757],[-121.76077161,36.2579103],[-121.76127905,36.25797531],[-121.76157869,36.25792039],[-121.76193281,36.25776664],[-121.76236865,36.25775565],[-121.76269553,36.25774467],[-121.76308904,36.25773728],[-121.76334598,36.25766807],[-121.76313137,36.25743716],[-121.76225163,36.25682023],[-121.76126543,36.25584465],[-121.7605572,36.25524058],[-121.76047548,36.25484519],[-121.76033928,36.25433997],[-121.760421,36.25403244],[-121.76036652,36.25374688],[-121.7603529,36.25330755],[-121.76025756,36.2529451],[-121.76025756,36.25256068],[-121.76020308,36.25216528],[-121.76006688,36.25190168],[-121.7601917,36.25168109],[-121.75995792,36.25077037],[-121.75986258,36.25026512],[-121.75978086,36.25000151],[-121.75942674,36.24959511],[-121.7591952,36.24921068],[-121.7587866,36.24872738],[-121.75854144,36.24835393],[-121.75832352,36.24794752],[-121.75819592,36.24779712],[-121.80718461,36.28019811]]]},"properties":{"OBJECTID":1097697,"COUNTY":"MONTEREY","CITY":"MRY","ZONE_NAME":null,"ZONE_ID":"US-CA-XMY-MRY-F023-B","STATUS":"Evacuation Order","EVENT_TYPE":null,"CRITICAL_INFO":null,"PUBLIC_INFO":null,"EDIT_DATE":1787688014000,"STATEWIDE_LAST_UPDATED":null,"NOTES":"Effective immediately, The Monterey County Sheriff’s Office has issued an Evacuation Order for the following Evacuation Zones: MRY-F015-B and MRY-F023-B","SHAPE__Area":12307321.31640625,"SHAPE__Length":19041.124103352209,"GlobalID":"403c9f73-3971-455f-a734-95a8ef70c6f1","CreationDate":1788335714000,"Creator":"CalOES_Scripts","EditDate":1788335714000,"Editor":"CalOES_Scripts"}},{"type":"Feature","id":1097699,"geometry":{"type":"Polygon","coordinates":[[[-121.70130621,36.37384922],[-121.70051175,36.36014583],[-121.69952079,36.3430537],[-121.67281239,36.34275925],[-121.66675618,36.342689],[-121.66677894,36.34235987],[-121.66703295,36.34215387],[-121.66810895,36.34185687],[-121.66839195,36.34169687],[-121.66844895,36.34155887],[-121.66836395,36.34112387],[-121.66811595,36.34082187],[-121.66779795,36.34043687],[-121.66791095,36.34016187],[-121.66932695,36.33810187],[-121.66952494,36.33736887],[-121.66915695,36.33659087],[-121.66935694,36.33617887],[-121.66980995,36.33572087],[-121.67060194,36.33526287],[-121.67113994,36.33517187],[-121.67220595,36.33513087],[-121.67306395,36.33537787],[-121.67334695,36.33537787],[-121.67377095,36.33508087],[-121.67419595,36.33450787],[-121.67405495,36.33205787],[-121.67413995,36.33180687],[-121.67436595,36.33162287],[-121.67464894,36.33157787],[-121.67515795,36.33221887],[-121.67595095,36.33283687],[-121.67640295,36.33297487],[-121.67696895,36.33299787],[-121.67716695,36.33290587],[-121.67716695,36.33267687],[-121.67631895,36.33182987],[-121.67620495,36.33160087],[-121.67629295,36.33132487],[-121.67679995,36.33107387],[-121.67821495,36.33066187],[-121.67920495,36.33011287],[-121.68022395,36.32972387],[-121.68044995,36.32951787],[-121.68064795,36.32743387],[-121.68073295,36.32731987],[-121.68078995,36.32695287],[-121.68107295,36.32672387],[-121.68268595,36.32665587],[-121.68279895,36.32656387],[-121.68282695,36.32578587],[-121.68293995,36.32560287],[-121.68393095,36.32530487],[-121.68415695,36.32505287],[-121.68415695,36.32443487],[-121.68395895,36.32411487],[-121.68333195,36.32369787],[-121.68268595,36.32326687],[-121.68274295,36.32251187],[-121.68285595,36.32235087],[-121.68407395,36.32196187],[-121.68412995,36.32180187],[-121.68463895,36.32118387],[-121.68483795,36.32106887],[-121.68526195,36.32100087],[-121.68543195,36.32109187],[-121.68591295,36.32171087],[-121.68608195,36.32177887],[-121.68656295,36.32175587],[-121.68676095,36.32159587],[-121.68678995,36.32129787],[-121.68557295,36.31962687],[-121.68458295,36.31880287],[-121.68379095,36.31793287],[-121.68268695,36.31694787],[-121.68265794,36.31667287],[-121.68297094,36.31623787],[-121.68297094,36.31545987],[-121.68277294,36.31477287],[-121.68130094,36.31433787],[-121.68045195,36.31438287],[-121.67968794,36.31424587],[-121.67895294,36.31358187],[-121.67858494,36.31289487],[-121.67844395,36.31250587],[-121.67810494,36.30996387],[-121.67753894,36.30849887],[-121.67567194,36.30831587],[-121.67394694,36.30923087],[-121.67363494,36.30923087],[-121.67329594,36.30895587],[-121.67301294,36.30838387],[-121.67210794,36.30733087],[-121.67185394,36.30723887],[-121.66990194,36.30751287],[-121.66973194,36.30730687],[-121.66978894,36.30556687],[-121.66959094,36.30542987],[-121.66868594,36.30520087],[-121.66837494,36.30492587],[-121.66812094,36.30421587],[-121.66792294,36.30394087],[-121.66761194,36.30371187],[-121.66718794,36.30357487],[-121.66679194,36.30357487],[-121.66631094,36.30339087],[-121.66498094,36.30307087],[-121.66268994,36.30279487],[-121.66206694,36.30231387],[-121.66175594,36.30229087],[-121.66152994,36.30254287],[-121.66121894,36.30265787],[-121.66104894,36.30256587],[-121.66079494,36.30226787],[-121.66068194,36.30153587],[-121.66031394,36.30084887],[-121.66005994,36.30064287],[-121.65935294,36.30071087],[-121.65912594,36.30052787],[-121.65912694,36.30036787],[-121.65887194,36.30009287],[-121.65833494,36.29993187],[-121.65618594,36.29883287],[-121.65508294,36.29880987],[-121.65485594,36.29874087],[-121.65417794,36.29823687],[-121.65236794,36.29738887],[-121.65188694,36.29734287],[-121.65129294,36.29759487],[-121.65067094,36.29766287],[-121.64999194,36.29754887],[-121.64877594,36.29766287],[-121.64837994,36.29802887],[-121.64826594,36.29837187],[-121.64829494,36.29869287],[-121.64854894,36.29917387],[-121.64849194,36.29951687],[-121.64812394,36.29988287],[-121.64778494,36.30008887],[-121.64696394,36.30011187],[-121.64588994,36.29999687],[-121.64554994,36.30008787],[-121.64529594,36.30027187],[-121.64523894,36.30054587],[-121.64535194,36.30098087],[-121.64537994,36.30143887],[-121.64520894,36.30159887],[-121.64492594,36.30166787],[-121.64467194,36.30162187],[-121.64379494,36.30111787],[-121.64277694,36.30093487],[-121.64170194,36.30056787],[-121.64127794,36.30054487],[-121.64099494,36.30061287],[-121.64079694,36.30054487],[-121.64014694,36.30001787],[-121.63912894,36.29997087],[-121.63861994,36.29983387],[-121.63796994,36.29953587],[-121.63760194,36.29955887],[-121.63723394,36.29997087],[-121.63709194,36.30001587],[-121.63678094,36.30031387],[-121.63641294,36.30127487],[-121.63627094,36.30134387],[-121.63477194,36.30127487],[-121.63214194,36.30127287],[-121.62976594,36.30053887],[-121.62883293,36.30010387],[-121.62860694,36.30003487],[-121.62753193,36.29932487],[-121.62606793,36.29861587],[-121.62545193,36.29847887],[-121.62378293,36.29831987],[-121.62330193,36.29809087],[-121.62154793,36.29664987],[-121.62050093,36.29612387],[-121.61908593,36.29573487],[-121.61874693,36.29550587],[-121.61874693,36.29534587],[-121.62086593,36.29330687],[-121.62202493,36.29252787],[-121.62227993,36.29220787],[-121.62329593,36.29005487],[-121.62343593,36.28852087],[-121.62284193,36.28787987],[-121.62261593,36.28739887],[-121.62170993,36.28597987],[-121.62074793,36.28520187],[-121.62040793,36.28462987],[-121.62035093,36.28371387],[-121.61913809,36.28224255],[-121.61961717,36.28214346],[-121.62018825,36.2820616],[-121.62094415,36.28205118],[-121.6210897,36.28216081],[-121.62161938,36.28255979],[-121.62215562,36.28299634],[-121.62268147,36.28309478],[-121.62298377,36.28315138],[-121.62365158,36.28330864],[-121.62438159,36.28363509],[-121.62497041,36.28380815],[-121.62533552,36.28384029],[-121.62581498,36.28375967],[-121.62614034,36.28370452],[-121.62641482,36.28368054],[-121.62676642,36.28375639],[-121.6274442,36.28388829],[-121.62797675,36.28424418],[-121.62861526,36.28475217],[-121.62915632,36.28509375],[-121.62961742,36.28528078],[-121.62987413,36.28534514],[-121.63006411,36.28540306],[-121.63041085,36.28541887],[-121.63081701,36.28538064],[-121.63117019,36.28520026],[-121.6316876,36.28475781],[-121.63204701,36.28402629],[-121.63233702,36.2835581],[-121.63265169,36.28305543],[-121.63289334,36.28268256],[-121.63312869,36.28214275],[-121.63320318,36.2819719],[-121.63318374,36.28154641],[-121.63318497,36.28108476],[-121.63321243,36.2808045],[-121.63312223,36.28051996],[-121.63341266,36.28007193],[-121.6337285,36.27964373],[-121.63456552,36.27925907],[-121.63516096,36.27862923],[-121.63594599,36.27829856],[-121.63707615,36.2778556],[-121.63746308,36.27755458],[-121.6378504,36.2772468],[-121.63816289,36.27706131],[-121.63848059,36.27684526],[-121.63889362,36.27676528],[-121.63893721,36.27675685],[-121.63932465,36.2771668],[-121.63980905,36.27742916],[-121.64012588,36.2775012],[-121.64055982,36.27749838],[-121.64114552,36.27741937],[-121.64175671,36.2771847],[-121.64218249,36.2770312],[-121.64236873,36.27696405],[-121.6431853,36.27667921],[-121.64403958,36.27644316],[-121.64407366,36.27643374],[-121.64473114,36.27639409],[-121.64480109,36.27640575],[-121.64508012,36.27645225],[-121.64541511,36.27650807],[-121.64612223,36.27671955],[-121.64715444,36.27723855],[-121.64746486,36.27739837],[-121.64769341,36.27744571],[-121.64776046,36.27743625],[-121.64796893,36.27740686],[-121.64886395,36.27727357],[-121.64921293,36.27730216],[-121.64930954,36.2773066],[-121.64954376,36.27731739],[-121.6499347,36.27717562],[-121.65032899,36.27708995],[-121.65071827,36.27692013],[-121.65138056,36.27666936],[-121.65194307,36.27649277],[-121.65227139,36.27646591],[-121.6524041,36.27648734],[-121.65255191,36.27651121],[-121.65300586,36.27684501],[-121.6533782,36.27726634],[-121.65360361,36.2775528],[-121.65389999,36.27786461],[-121.65425084,36.27821648],[-121.65488056,36.27858558],[-121.65555892,36.27889655],[-121.65636502,36.27901975],[-121.65723708,36.27908414],[-121.6578618,36.27936907],[-121.65825045,36.27948043],[-121.65922752,36.27985001],[-121.65961868,36.28000345],[-121.66002801,36.28017024],[-121.66024496,36.28027225],[-121.66033172,36.28031304],[-121.66067593,36.28055267],[-121.66092933,36.28072554],[-121.66108321,36.28080576],[-121.66118023,36.28085634],[-121.66125007,36.28088335],[-121.66140218,36.2809422],[-121.66155241,36.2809824],[-121.66221971,36.28081573],[-121.66247671,36.28061638],[-121.66261673,36.28052209],[-121.66274172,36.28054226],[-121.66296795,36.28067562],[-121.66339527,36.28072761],[-121.66382193,36.28089371],[-121.66405216,36.28096907],[-121.66423461,36.28111659],[-121.66479426,36.28147432],[-121.66540446,36.28209721],[-121.66560089,36.28218794],[-121.66569567,36.28221823],[-121.66614967,36.28236332],[-121.6675046,36.28266181],[-121.66773485,36.28273716],[-121.66816069,36.28288922],[-121.66868629,36.28296707],[-121.66911214,36.28311912],[-121.66972353,36.28317955],[-121.66986548,36.28323024],[-121.66993872,36.28329004],[-121.67035838,36.28363273],[-121.67052855,36.28386508],[-121.67053901,36.28389009],[-121.67060957,36.28405874],[-121.67087783,36.28418884],[-121.67147392,36.2841655],[-121.67172675,36.2841556],[-121.67232258,36.28423021],[-121.6724966,36.28425199],[-121.67289591,36.28425041],[-121.67322849,36.28426425],[-121.67363446,36.28440426],[-121.67375993,36.28446908],[-121.67406451,36.28462643],[-121.6743121,36.28475233],[-121.67479179,36.28499625],[-121.67483464,36.28501804],[-121.67517053,36.28511736],[-121.67571683,36.28525061],[-121.67615499,36.28531779],[-121.67682258,36.28544628],[-121.67703048,36.28543813],[-121.6771171,36.28543473],[-121.67721183,36.28527637],[-121.67740855,36.28503349],[-121.67747057,36.28495691],[-121.67758694,36.28485889],[-121.67776816,36.28470624],[-121.67794783,36.28451642],[-121.67807032,36.28442889],[-121.67811437,36.28439741],[-121.67830075,36.28431981],[-121.67844354,36.28438451],[-121.6786467,36.28458743],[-121.67879453,36.28473629],[-121.67892624,36.28481202],[-121.67904631,36.28488107],[-121.67931947,36.28501316],[-121.67968848,36.28516519],[-121.67988577,36.28526993],[-121.68010875,36.28540449],[-121.68019205,36.28545475],[-121.68024222,36.2854583],[-121.68039743,36.28540452],[-121.68062685,36.28546582],[-121.68117569,36.28564111],[-121.68133665,36.28571916],[-121.68155043,36.28580919],[-121.68177715,36.28594411],[-121.68183855,36.28598065],[-121.68209034,36.28612543],[-121.68239916,36.28619988],[-121.68262156,36.28625351],[-121.68274229,36.28628261],[-121.68286524,36.28630591],[-121.6829882,36.2863292],[-121.6832548,36.28643121],[-121.68337604,36.28653802],[-121.6835298,36.28667349],[-121.68381793,36.28684495],[-121.68414491,36.28708518],[-121.6847723,36.28741204],[-121.6852108,36.28777442],[-121.6855674,36.28792913],[-121.68560289,36.2879418],[-121.68613526,36.28813178],[-121.68647285,36.28825912],[-121.68715016,36.2884128],[-121.68745822,36.28847348],[-121.68781358,36.28843539],[-121.68787235,36.28842909],[-121.68816857,36.28844557],[-121.68874368,36.2884792],[-121.68893214,36.28852549],[-121.68899044,36.2885398],[-121.68930636,36.28838703],[-121.68949675,36.28829495],[-121.68962249,36.28819522],[-121.68964595,36.28817661],[-121.68987959,36.28830802],[-121.69018759,36.28852087],[-121.69041244,36.288627],[-121.69054504,36.28868959],[-121.69102376,36.28885354],[-121.69144415,36.28883701],[-121.69150888,36.28883446],[-121.6921178,36.2888527],[-121.69215435,36.28886048],[-121.69219864,36.28886992],[-121.69245204,36.28892391],[-121.69323926,36.28901948],[-121.69337955,36.28904208],[-121.6934053,36.28918166],[-121.693734,36.28944992],[-121.6942114,36.28973714],[-121.69423848,36.28975343],[-121.69442241,36.2897871],[-121.69487063,36.28986915],[-121.69591306,36.29016555],[-121.69649492,36.29031136],[-121.69656679,36.29034983],[-121.69676408,36.29045542],[-121.69693086,36.29045473],[-121.69716341,36.29045376],[-121.69737722,36.29054376],[-121.69768272,36.2907145],[-121.69796836,36.29084385],[-121.69818132,36.29091981],[-121.69848766,36.29110458],[-121.69855365,36.29112812],[-121.69877162,36.29120587],[-121.69901064,36.29113741],[-121.69928381,36.29105917],[-121.69971949,36.29108418],[-121.70005037,36.29109927],[-121.70047125,36.29116704],[-121.70059786,36.29116845],[-121.7007493,36.29117015],[-121.7010578,36.29110175],[-121.70147277,36.29107134],[-121.70192409,36.29106761],[-121.70231201,36.2911648],[-121.70255878,36.29122537],[-121.70281924,36.29132943],[-121.70287908,36.29135334],[-121.7031005,36.29156956],[-121.70322399,36.29163253],[-121.70327966,36.29166091],[-121.7033528,36.2916634],[-121.70347109,36.29166742],[-121.7035089,36.29170615],[-121.70356362,36.29176219],[-121.70345584,36.29199139],[-121.70343469,36.29221717],[-121.70341501,36.29228532],[-121.70334845,36.29251582],[-121.70333788,36.29262871],[-121.70343451,36.29274983],[-121.7035445,36.29288769],[-121.7038931,36.29319731],[-121.70406086,36.29338753],[-121.70420071,36.29369132],[-121.70444367,36.29397699],[-121.70444154,36.29423014],[-121.70450618,36.29443848],[-121.70467647,36.29467077],[-121.70513242,36.29503239],[-121.70519791,36.29525476],[-121.70532848,36.29540426],[-121.70547807,36.29558113],[-121.70581994,36.29577854],[-121.70610393,36.29587981],[-121.70634775,36.29617949],[-121.70636177,36.29621964],[-121.70641071,36.29635978],[-121.70675209,36.29667496],[-121.70696304,36.29659106],[-121.70742793,36.29623529],[-121.70759191,36.29607417],[-121.70782012,36.29582615],[-121.7079917,36.29579126],[-121.70826893,36.29578032],[-121.70855037,36.29583951],[-121.709153,36.29604068],[-121.70919428,36.29606172],[-121.70951137,36.29622336],[-121.70992552,36.29617889],[-121.71023655,36.29615255],[-121.71058816,36.29622302],[-121.71087486,36.29627162],[-121.71099175,36.29629144],[-121.71137632,36.29633249],[-121.7117947,36.29635815],[-121.71208062,36.2964332],[-121.71225618,36.29652269],[-121.71253425,36.29652576],[-121.71291375,36.29648265],[-121.7131641,36.29641091],[-121.71325521,36.29638481],[-121.71358273,36.29634375],[-121.71373867,36.29633759],[-121.71399055,36.29648228],[-121.7142533,36.29672309],[-121.71428469,36.29675185],[-121.71436988,36.2968017],[-121.71454264,36.2969028],[-121.71468364,36.29703133],[-121.71469152,36.2970592],[-121.71486033,36.29765701],[-121.71511224,36.29837813],[-121.71530203,36.298933],[-121.71545209,36.29940509],[-121.71546624,36.29950788],[-121.71559819,36.30004269],[-121.71553643,36.30059691],[-121.71543545,36.30093832],[-121.71527994,36.30123971],[-121.71497356,36.30163142],[-121.71455813,36.30194309],[-121.71414862,36.30235293],[-121.71378983,36.30302789],[-121.7134587,36.30346902],[-121.71342005,36.30352052],[-121.71341343,36.30357002],[-121.71338414,36.30378907],[-121.71335117,36.30398323],[-121.7133483,36.30401964],[-121.71344163,36.3041664],[-121.71392137,36.3049207],[-121.71399986,36.30528392],[-121.7140911,36.30570637],[-121.71431032,36.30676115],[-121.71429428,36.30707109],[-121.71443928,36.30745902],[-121.7146033,36.30787431],[-121.71482015,36.30830158],[-121.71475642,36.30866449],[-121.71469468,36.30893143],[-121.71460382,36.3093224],[-121.71462497,36.30967304],[-121.71465291,36.31013589],[-121.71452865,36.31037981],[-121.71440146,36.31086285],[-121.71449532,36.31126686],[-121.71432331,36.31158296],[-121.7138178,36.31184195],[-121.71320156,36.31256927],[-121.71317959,36.31278102],[-121.71348311,36.31320487],[-121.71378409,36.31358663],[-121.71418442,36.31417536],[-121.71461042,36.31447818],[-121.71476525,36.31458824],[-121.7148351,36.3146296],[-121.71514358,36.31481229],[-121.71555997,36.31509107],[-121.71576669,36.31535002],[-121.71582337,36.31571332],[-121.71585933,36.31602121],[-121.71596631,36.3163544],[-121.7160209,36.31697084],[-121.71639683,36.31830567],[-121.71658768,36.31871298],[-121.71663614,36.3188164],[-121.71701196,36.31899836],[-121.7172277,36.31906479],[-121.7172952,36.31908557],[-121.71759922,36.31980463],[-121.71775998,36.32074024],[-121.71782807,36.32100467],[-121.71781854,36.32107068],[-121.71781266,36.32111141],[-121.71775458,36.32151371],[-121.71743843,36.32203235],[-121.71719963,36.32239328],[-121.71695659,36.32268407],[-121.71690154,36.32277081],[-121.71671863,36.32305903],[-121.71667047,36.32341241],[-121.71673907,36.32370234],[-121.71667506,36.32389339],[-121.71663672,36.32400423],[-121.71649513,36.32424884],[-121.7162453,36.32442743],[-121.71592924,36.3245268],[-121.71588724,36.32454001],[-121.71579786,36.32471921],[-121.71566976,36.3250165],[-121.71549235,36.32542824],[-121.7154743,36.32547019],[-121.71552082,36.32566517],[-121.7157225,36.32583997],[-121.71576182,36.32587598],[-121.71594321,36.32604213],[-121.71595337,36.32621044],[-121.71597285,36.32653303],[-121.71588579,36.32681766],[-121.71589691,36.32700166],[-121.71589935,36.32704207],[-121.71604355,36.32741597],[-121.71608282,36.32748851],[-121.71620001,36.32770502],[-121.71632491,36.32799356],[-121.71635694,36.32806758],[-121.71641023,36.3285965],[-121.71642972,36.32891909],[-121.71638072,36.32925845],[-121.71619559,36.32964538],[-121.71610305,36.33012705],[-121.71580883,36.33043393],[-121.7155277,36.33066999],[-121.71526998,36.33087293],[-121.71524573,36.33089203],[-121.7148458,36.33117497],[-121.71466235,36.33158994],[-121.71458291,36.3320008],[-121.71456874,36.33290744],[-121.71446506,36.33321455],[-121.71411543,36.33346738],[-121.71351907,36.33398542],[-121.71348804,36.33401238],[-121.71346292,36.33405706],[-121.71322129,36.33448687],[-121.71295824,36.33473339],[-121.71289237,36.33479512],[-121.71264041,36.33522686],[-121.71252865,36.33548487],[-121.71244214,36.33568458],[-121.71216691,36.33601883],[-121.71192212,36.33628156],[-121.71173441,36.3366264],[-121.7114799,36.33701606],[-121.71096156,36.33764109],[-121.71046562,36.33834959],[-121.7103547,36.33845477],[-121.71020263,36.33859898],[-121.70997177,36.33880493],[-121.70991938,36.33890996],[-121.70978575,36.33917782],[-121.7094162,36.33938924],[-121.70925214,36.33955038],[-121.709042,36.33981174],[-121.7089533,36.33990319],[-121.70882932,36.34003103],[-121.70854898,36.34028111],[-121.70851428,36.34031536],[-121.70823736,36.34058866],[-121.70775152,36.34088903],[-121.70741052,36.34106387],[-121.70838876,36.34137],[-121.7087224,36.34152092],[-121.70881754,36.34156396],[-121.70985508,36.34205306],[-121.70989076,36.34206988],[-121.71030269,36.34248381],[-121.7104515,36.34272258],[-121.71049192,36.34282192],[-121.71061475,36.34312384],[-121.71079998,36.34331336],[-121.71113575,36.34369375],[-121.71168128,36.34409397],[-121.71194811,36.3441959],[-121.71235704,36.34434845],[-121.71351785,36.34486494],[-121.7138236,36.34503562],[-121.71434079,36.34525418],[-121.71483527,36.34556556],[-121.71524411,36.34582301],[-121.71545555,36.34587088],[-121.71548213,36.34588897],[-121.7157093,36.34604361],[-121.71590764,36.3461623],[-121.71627597,36.34621803],[-121.71666842,36.34638528],[-121.71774731,36.3472705],[-121.71914293,36.34793229],[-121.71931787,36.34800722],[-121.71971386,36.34817681],[-121.72012706,36.34839946],[-121.7207682,36.34865526],[-121.72121426,36.34874247],[-121.72166518,36.34883063],[-121.72214943,36.34907858],[-121.72250687,36.34952837],[-121.72286146,36.34984021],[-121.7229658,36.34993197],[-121.72307512,36.34997754],[-121.72364334,36.35021443],[-121.72375954,36.35030861],[-121.72399061,36.35049591],[-121.72423849,36.35069854],[-121.72449137,36.35072914],[-121.72487281,36.35071402],[-121.72518321,36.3506736],[-121.72537528,36.35097529],[-121.72566985,36.35182123],[-121.72588691,36.35224845],[-121.72628281,36.35247177],[-121.72648713,36.35268861],[-121.72646265,36.35285829],[-121.72642083,36.35302866],[-121.72643068,36.35347816],[-121.72630812,36.35375015],[-121.72608492,36.35408235],[-121.72599193,36.35426881],[-121.72594602,36.35494547],[-121.72587037,36.35513124],[-121.72565752,36.35620817],[-121.72562759,36.3565749],[-121.72559172,36.35684344],[-121.72548393,36.35707266],[-121.72539338,36.35709816],[-121.7251934,36.35715447],[-121.72517062,36.3573522],[-121.72524769,36.35795834],[-121.72527022,36.35813557],[-121.72538616,36.3583278],[-121.7255608,36.35882112],[-121.72561684,36.35897944],[-121.72601958,36.35931495],[-121.72637658,36.35946951],[-121.7273388,36.35957195],[-121.72784422,36.35959408],[-121.72816334,36.35971494],[-121.7284491,36.35982316],[-121.72870037,36.35995378],[-121.72904811,36.36049218],[-121.72916076,36.36066659],[-121.7292664,36.36074609],[-121.72970005,36.36107243],[-121.72985288,36.36118744],[-121.73084693,36.36152759],[-121.7310914,36.36154601],[-121.73160024,36.36162423],[-121.73167419,36.36161627],[-121.73180747,36.36160194],[-121.73194077,36.36179348],[-121.73223439,36.36204895],[-121.73258004,36.36230235],[-121.73276639,36.36257606],[-121.7329808,36.36289098],[-121.73327614,36.36317449],[-121.73363371,36.36362425],[-121.73381021,36.36395466],[-121.73387331,36.36413492],[-121.73438812,36.3643113],[-121.73473495,36.36429753],[-121.73499235,36.3642873],[-121.73506443,36.36428444],[-121.73551956,36.36433666],[-121.73617294,36.3645411],[-121.73647643,36.36463606],[-121.73675474,36.36463906],[-121.73736169,36.36461494],[-121.73780915,36.36454092],[-121.73821055,36.36456714],[-121.73867506,36.36477362],[-121.73909637,36.36484123],[-121.7396166,36.36482054],[-121.73984033,36.36478353],[-121.74016362,36.36471773],[-121.74087057,36.36457385],[-121.74140047,36.36442625],[-121.74183059,36.3643529],[-121.74218536,36.36418414],[-121.74275421,36.36410527],[-121.74312947,36.36408188],[-121.74337763,36.36406641],[-121.74398114,36.36398615],[-121.7445406,36.363753],[-121.74496415,36.36328625],[-121.74536155,36.36296114],[-121.74571631,36.36279236],[-121.74627319,36.36251713],[-121.74632734,36.36248731],[-121.74657593,36.36235043],[-121.74673626,36.36241434],[-121.74677433,36.36247293],[-121.74698559,36.36279806],[-121.74732872,36.36300934],[-121.74747351,36.36303036],[-121.7477847,36.36307554],[-121.74788933,36.36313351],[-121.74823444,36.36332474],[-121.74860458,36.36340842],[-121.74903756,36.36333878],[-121.74906936,36.36333366],[-121.74941702,36.36333387],[-121.74976462,36.36336932],[-121.75001173,36.36339453],[-121.750493,36.36330506],[-121.75058079,36.3632631],[-121.75081392,36.36315168],[-121.75087815,36.36313078],[-121.75125709,36.36300748],[-121.75159193,36.36279731],[-121.75192763,36.36260116],[-121.75211837,36.36259356],[-121.75254138,36.36268916],[-121.75301897,36.36282477],[-121.75336579,36.36281094],[-121.75340069,36.36281883],[-121.75352442,36.3628468],[-121.7539489,36.36325164],[-121.75433613,36.36361578],[-121.75459344,36.36384453],[-121.7548278,36.36455219],[-121.75520175,36.36526834],[-121.75544172,36.36549777],[-121.7558793,36.36583178],[-121.75608343,36.36601515],[-121.7561059,36.36603535],[-121.7562839,36.36619523],[-121.75700275,36.36715067],[-121.75722454,36.36736677],[-121.75762573,36.36767411],[-121.75817657,36.36843942],[-121.75856648,36.36881225],[-121.7590674,36.36907869],[-121.75938051,36.36920858],[-121.75953112,36.36927106],[-121.76000911,36.36932396],[-121.76009119,36.36933305],[-121.76046775,36.3694304],[-121.7606564,36.36947918],[-121.76111072,36.36951727],[-121.76159628,36.36949787],[-121.76196646,36.3695815],[-121.76221438,36.36965595],[-121.7625291,36.36968555],[-121.76288022,36.36974182],[-121.76359362,36.36977675],[-121.76362192,36.37002625],[-121.76353506,36.37020799],[-121.76346645,36.37048803],[-121.76347913,36.3706955],[-121.76337085,36.3709276],[-121.76334929,36.37117606],[-121.76336016,36.37135389],[-121.76321644,36.37160722],[-121.76323891,36.37177468],[-121.76322414,36.37193373],[-121.76317304,36.37250028],[-121.76333249,36.373306],[-121.76340067,36.37362019],[-121.76327595,36.37378363],[-121.76283842,36.3740388],[-121.76261958,36.37426542],[-121.76232563,36.37446533],[-121.76206531,36.37461439],[-121.76176713,36.37474514],[-121.76119822,36.37505507],[-121.76088164,36.3752856],[-121.76076053,36.37550831],[-121.76045842,36.37597594],[-121.75992917,36.3763338],[-121.75954968,36.37653713],[-121.75895647,36.37664995],[-121.75824304,36.3765992],[-121.75746159,36.37683837],[-121.75717862,36.37701803],[-121.75689702,36.37701936],[-121.75678164,36.37693484],[-121.75672902,36.37676588],[-121.75672071,36.3767392],[-121.75655585,36.37664674],[-121.7562999,36.37666686],[-121.75604454,36.37669685],[-121.75545132,36.37680966],[-121.75532553,36.37682958],[-121.75469927,36.37692879],[-121.75433534,36.37692837],[-121.75399022,36.3767491],[-121.75362326,36.37655576],[-121.75302823,36.37663891],[-121.7526341,36.37680318],[-121.75255484,36.37690701],[-121.75225984,36.37729348],[-121.75174533,36.37749226],[-121.75101211,36.37771956],[-121.75005457,36.37808455],[-121.74968997,36.37807489],[-121.74956416,36.37801923],[-121.74930887,36.37790629],[-121.74871735,36.37776295],[-121.74812472,36.37756723],[-121.74753527,36.37754119],[-121.74673872,36.3775333],[-121.74573706,36.37737511],[-121.74524494,36.37713721],[-121.74493126,36.37681298],[-121.74475,36.37665183],[-121.74447881,36.37662301],[-121.74443725,36.37662829],[-121.74379823,36.37670952],[-121.7428747,36.37662743],[-121.74219853,36.37658501],[-121.74157363,36.37658016],[-121.74124616,36.3766328],[-121.74088445,36.37672642],[-121.740817,36.37674139],[-121.74034066,36.37684708],[-121.73969977,36.37707309],[-121.73954932,36.37712615],[-121.73873894,36.37749509],[-121.73820257,36.37753623],[-121.73782382,36.37755128],[-121.73726,36.37754398],[-121.73686222,36.37764893],[-121.73627816,36.37771175],[-121.73576502,36.37773214],[-121.73536804,36.37764888],[-121.73523531,36.37756052],[-121.73508725,36.37746196],[-121.73490098,36.37741984],[-121.7346445,36.37749155],[-121.73461195,36.37750065],[-121.73442427,36.37763685],[-121.73414326,36.37764801],[-121.7335556,36.37765154],[-121.73286518,36.377778],[-121.73259197,36.37791759],[-121.7324159,36.37804343],[-121.73201069,36.37822788],[-121.73177713,36.37841542],[-121.73150107,36.37891166],[-121.73125267,36.37925825],[-121.73085284,36.37953162],[-121.73038975,36.3795698],[-121.72989982,36.37956944],[-121.72984725,36.37954754],[-121.72966108,36.37946997],[-121.72924206,36.37942718],[-121.7291389,36.37943127],[-121.7288633,36.37944221],[-121.72782355,36.37946365],[-121.72692493,36.37941977],[-121.72681626,36.37941446],[-121.72599345,36.37937777],[-121.72594769,36.37937443],[-121.72537834,36.37933283],[-121.7247963,36.37922716],[-121.72416478,36.37911354],[-121.72354345,36.37916787],[-121.72296416,36.37930968],[-121.72250609,36.37922879],[-121.72213535,36.37917415],[-121.72174821,36.37905084],[-121.72144479,36.37889449],[-121.72129282,36.37882291],[-121.72119264,36.37877573],[-121.72100694,36.37875596],[-121.72078585,36.37873242],[-121.72033378,36.37875033],[-121.71972227,36.37876464],[-121.71930281,36.37872741],[-121.71856478,36.37866191],[-121.71843161,36.37865377],[-121.7181714,36.37863787],[-121.71813907,36.37862793],[-121.7177692,36.37851294],[-121.71743881,36.37827071],[-121.71721231,36.37817074],[-121.7160861,36.37797761],[-121.7160068,36.37794651],[-121.71528322,36.37766275],[-121.71481919,36.37748303],[-121.71464497,36.37743225],[-121.71451998,36.37739583],[-121.71439227,36.37730945],[-121.71435397,36.37728355],[-121.71408484,36.37708621],[-121.71405231,36.37709234],[-121.71395164,36.37711129],[-121.71362327,36.37735206],[-121.71331902,36.3773839],[-121.71265864,36.37740011],[-121.71235856,36.37750111],[-121.71189161,36.37767803],[-121.71114124,36.37782654],[-121.71086201,36.37786728],[-121.7106056,36.37793553],[-121.71051246,36.37796033],[-121.71047124,36.37797559],[-121.71043341,36.3779896],[-121.71021297,36.3780712],[-121.71010858,36.3781326],[-121.70986999,36.37827293],[-121.70959105,36.37828395],[-121.70951565,36.37828693],[-121.70940204,36.37835488],[-121.70930289,36.37841418],[-121.70890863,36.37857831],[-121.70805724,36.37887935],[-121.70742339,36.37913217],[-121.70709587,36.37918473],[-121.70678595,36.37932571],[-121.70651029,36.37942573],[-121.70625068,36.37943598],[-121.70619232,36.37943792],[-121.70560188,36.37936006],[-121.70463696,36.37923229],[-121.70435026,36.37910699],[-121.70415893,36.37902337],[-121.70400149,36.37902099],[-121.70325178,36.37900965],[-121.70277525,36.37902845],[-121.70242926,36.37918075],[-121.70165657,36.37964909],[-121.70164298,36.37965733],[-121.70130621,36.37384922]]]},"properties":{"OBJECTID":1097699,"COUNTY":"MONTEREY","CITY":"MRY","ZONE_NAME":null,"ZONE_ID":"US-CA-XMY-MRY-D082","STATUS":"Evacuation Order","EVENT_TYPE":null,"CRITICAL_INFO":null,"PUBLIC_INFO":null,"EDIT_DATE":1787515278000,"STATEWIDE_LAST_UPDATED":null,"NOTES":"Timber Fire","SHAPE__Area":67680643.765625,"SHAPE__Length":64047.880592112917,"GlobalID":"da3ce06e-d589-43b2-a73d-3588d03a8d8e","CreationDate":1788335714000,"Creator":"CalOES_Scripts","EditDate":1788335714000,"Editor":"CalOES_Scripts"}},{"type":"Feature","id":1097706,"geometry":{"type":"Polygon","coordinates":[[[-119.03924344,36.0602806],[-119.03849882,36.06017579],[-119.03791805,36.06009404],[-119.03579421,36.0595524],[-119.03512778,36.05938244],[-119.03301385,36.05880857],[-119.02918145,36.05752364],[-119.02613127,36.05670178],[-119.02551765,36.05653644],[-119.01969569,36.05614299],[-119.01779816,36.05601476],[-119.01691895,36.05595534],[-119.01663142,36.05593591],[-119.0166333,36.0558772],[-119.01664,36.0556156],[-119.0166448,36.0554274],[-119.01664842,36.05532994],[-119.01836866,36.05537553],[-119.02227243,36.05566244],[-119.02415334,36.05586328],[-119.02635364,36.05620757],[-119.02798613,36.05649447],[-119.02968959,36.05686745],[-119.03199636,36.05792898],[-119.03341592,36.05835933],[-119.03508389,36.05861754],[-119.0360066,36.05893312],[-119.03778104,36.05962167],[-119.03925238,36.05968215],[-119.03924344,36.0602806]]]},"properties":{"OBJECTID":1097706,"COUNTY":"TULARE","CITY":"PVL","ZONE_NAME":null,"ZONE_ID":"US-CA-XTU-PVL-E034","STATUS":"Evacuation Order","EVENT_TYPE":null,"CRITICAL_INFO":null,"PUBLIC_INFO":null,"EDIT_DATE":1695249188000,"STATEWIDE_LAST_UPDATED":null,"NOTES":"Flooding","SHAPE__Area":217621.41796875,"SHAPE__Length":5393.0078694906724,"GlobalID":"7f617f43-831e-400c-b392-fe1e66343afe","CreationDate":1788335714000,"Creator":"CalOES_Scripts","EditDate":1788335714000,"Editor":"CalOES_Scripts"}},{"type":"Feature","id":1097718,"geometry":{"type":"Polygon","coordinates":[[[-121.78615033,36.37645881],[-121.78568238,36.37632542],[-121.78525915,36.37607936],[-121.78480304,36.37576649],[-121.7836616,36.37522383],[-121.78308242,36.37485982],[-121.78282348,36.37471484],[-121.78268813,36.37459874],[-121.78236683,36.3742381],[-121.78203302,36.37379712],[-121.78166339,36.37316313],[-121.78111935,36.37265801],[-121.78050658,36.37233907],[-121.78010445,36.37210109],[-121.77954307,36.37174771],[-121.7790447,36.3714102],[-121.77823235,36.37103536],[-121.77773926,36.37092499],[-121.77726547,36.370747],[-121.77681513,36.37066916],[-121.7767778,36.37065408],[-121.77650669,36.37043025],[-121.77630565,36.36982319],[-121.77616895,36.36929443],[-121.77615521,36.36907004],[-121.77593868,36.36865695],[-121.775586,36.36829149],[-121.77499743,36.36804795],[-121.77496461,36.36804927],[-121.77445985,36.36806948],[-121.77407835,36.36808477],[-121.77365255,36.36822835],[-121.77322778,36.36810477],[-121.77284544,36.36794952],[-121.77249455,36.36786453],[-121.77225341,36.36780637],[-121.77176922,36.36776344],[-121.7713795,36.36772889],[-121.77044019,36.36745043],[-121.77032808,36.36741818],[-121.76989625,36.36735243],[-121.76965434,36.36726642],[-121.76943423,36.36718815],[-121.7691966,36.36728201],[-121.76904143,36.36739622],[-121.76891381,36.36749015],[-121.76855461,36.36787005],[-121.76824762,36.36796668],[-121.7678522,36.36803874],[-121.76735016,36.36807288],[-121.7671151,36.36820881],[-121.76664412,36.36846664],[-121.7662226,36.36868032],[-121.76582717,36.36875237],[-121.76543689,36.36890857],[-121.76500764,36.36899602],[-121.76452016,36.36926857],[-121.76421487,36.36939324],[-121.76377942,36.36966371],[-121.76359362,36.36977675],[-121.76326717,36.36976076],[-121.77219496,36.28177647],[-121.77249904,36.28162942],[-121.77273556,36.28152155],[-121.77285852,36.28154475],[-121.77290395,36.28156568],[-121.77290817,36.28156762],[-121.77305506,36.2816353],[-121.77331546,36.28183962],[-121.77383928,36.28225063],[-121.77409089,36.28244637],[-121.77440737,36.28269256],[-121.77444978,36.2827235],[-121.7747283,36.28287583],[-121.77486859,36.28289833],[-121.77512414,36.28281781],[-121.77550352,36.28277451],[-121.77578238,36.28279146],[-121.77606468,36.28286452],[-121.77609801,36.28287297],[-121.77639979,36.28294951],[-121.77664316,36.28295383],[-121.77696642,36.28294088],[-121.777153,36.28300087],[-121.77727361,36.28304105],[-121.77760085,36.2831626],[-121.7777178,36.28320603],[-121.777991,36.28343835],[-121.77817571,36.2835954],[-121.77860517,36.28393208],[-121.77870462,36.28401004],[-121.77924657,36.28435386],[-121.77968374,36.28468782],[-121.78030717,36.28494402],[-121.78096439,36.28518481],[-121.78150379,36.28548654],[-121.78171028,36.28566311],[-121.78198685,36.28589959],[-121.78227337,36.28614458],[-121.78289922,36.28672402],[-121.7832541,36.28713156],[-121.78359774,36.28741849],[-121.78408098,36.28759047],[-121.78454492,36.28762527],[-121.78469157,36.28763627],[-121.78528286,36.28777453],[-121.78587196,36.28791228],[-121.7861517,36.28794323],[-121.78646351,36.28793072],[-121.78687239,36.28780185],[-121.78726481,36.28768769],[-121.78758679,36.2877157],[-121.78781243,36.28776938],[-121.78784334,36.28777694],[-121.78808758,36.28779526],[-121.78834742,36.28778483],[-121.78872681,36.28774148],[-121.78913092,36.28769619],[-121.78931321,36.28767576],[-121.78981987,36.28772572],[-121.79065315,36.2879052],[-121.79074272,36.28793128],[-121.7908591,36.28796516],[-121.79129977,36.28835517],[-121.79185003,36.28895653],[-121.79212486,36.28906715],[-121.79249208,36.28910863],[-121.79290956,36.28911998],[-121.79351845,36.28913769],[-121.79400607,36.28916027],[-121.79445819,36.28917022],[-121.7946141,36.28916395],[-121.79496056,36.28915003],[-121.79535039,36.28899377],[-121.79540089,36.28899562],[-121.79571589,36.2890072],[-121.79609672,36.28920266],[-121.79632552,36.2893201],[-121.79711624,36.28947107],[-121.79759429,36.28962055],[-121.79809838,36.28962839],[-121.79874891,36.2894757],[-121.79910925,36.28940497],[-121.79957267,36.28931603],[-121.79979184,36.2892088],[-121.80012937,36.28914587],[-121.80027258,36.28911916],[-121.80035067,36.28911602],[-121.8005151,36.2891094],[-121.80078193,36.28892996],[-121.80099077,36.28865444],[-121.80114763,36.28838101],[-121.80131762,36.28775558],[-121.80145457,36.28744078],[-121.80166513,36.28719331],[-121.80194152,36.28688695],[-121.80217724,36.28648381],[-121.80232376,36.2860421],[-121.80250235,36.28555691],[-121.80257373,36.28543716],[-121.80269126,36.28524001],[-121.80282647,36.2852482],[-121.80297013,36.2852569],[-121.80328796,36.28534252],[-121.80354176,36.28523389],[-121.80388122,36.28538892],[-121.80391886,36.28539667],[-121.80096241,36.35849789],[-121.80059703,36.35877252],[-121.80021787,36.35924643],[-121.80019237,36.35926172],[-121.79991614,36.35942728],[-121.79962476,36.35977642],[-121.79935856,36.35996991],[-121.79907157,36.36010799],[-121.79891381,36.36010555],[-121.79873273,36.36010275],[-121.79856703,36.36010018],[-121.79848707,36.36003266],[-121.79832868,36.3598989],[-121.79787011,36.35979082],[-121.79771239,36.3598192],[-121.79716527,36.3599176],[-121.79616825,36.36009831],[-121.79586995,36.36033525],[-121.79588366,36.36084081],[-121.79587227,36.36122086],[-121.79569275,36.36141084],[-121.79529472,36.36172209],[-121.79508734,36.36230684],[-121.79480541,36.36281024],[-121.79460596,36.36295885],[-121.7944091,36.36314953],[-121.79433534,36.36336338],[-121.79435172,36.36362983],[-121.79454064,36.3638753],[-121.79460559,36.36408356],[-121.79461939,36.36430795],[-121.79470858,36.36462771],[-121.79502224,36.36520556],[-121.79521289,36.36547906],[-121.79543304,36.36566703],[-121.79555951,36.36602747],[-121.79551526,36.36615578],[-121.795235,36.3661774],[-121.79513463,36.36618515],[-121.7949589,36.36622988],[-121.79474099,36.36628534],[-121.79460908,36.36668429],[-121.79453091,36.36710919],[-121.79445996,36.36752955],[-121.79445446,36.36756215],[-121.79437888,36.36802913],[-121.79436748,36.36840917],[-121.79438818,36.36874575],[-121.79438676,36.36884212],[-121.79437325,36.36975569],[-121.79437134,36.36988518],[-121.79411631,36.37026097],[-121.79381797,36.37049791],[-121.79352135,36.37076289],[-121.79331834,36.37113659],[-121.79324802,36.37140653],[-121.79328002,36.37164424],[-121.79340217,36.37193456],[-121.79345324,36.37219962],[-121.79343408,36.37245345],[-121.79327102,36.37262871],[-121.79289726,36.37277027],[-121.79250789,36.37294058],[-121.79211765,36.37309686],[-121.79173517,36.37337935],[-121.79111325,36.37400888],[-121.79080789,36.3744148],[-121.79065085,36.37468822],[-121.79049208,36.37493361],[-121.79030725,36.37532062],[-121.79008697,36.37541383],[-121.78962821,36.37558691],[-121.7892917,36.37576914],[-121.78878177,36.37595833],[-121.78836199,36.37620014],[-121.78795611,36.37638515],[-121.78733609,36.37648035],[-121.78686784,36.37649916],[-121.78656118,36.37648192],[-121.78615033,36.37645881]]]},"properties":{"OBJECTID":1097718,"COUNTY":"MONTEREY","CITY":"MRY","ZONE_NAME":null,"ZONE_ID":"US-CA-XMY-MRY-F015-B","STATUS":"Evacuation Order","EVENT_TYPE":null,"CRITICAL_INFO":null,"PUBLIC_INFO":null,"EDIT_DATE":1787688014000,"STATEWIDE_LAST_UPDATED":null,"NOTES":"Effective immediately, The Monterey County Sheriff’s Office has issued an Evacuation Order for the following Evacuation Zones: MRY-F015-B and MRY-F023-B","SHAPE__Area":44289116.390625,"SHAPE__Length":33518.584440087463,"GlobalID":"145f5a9c-1573-4b57-b97e-cac80c6105a7","CreationDate":1788335714000,"Creator":"CalOES_Scripts","EditDate":1788335714000,"Editor":"CalOES_Scripts"}},{"type":"Feature","id":1097722,"geometry":{"type":"Polygon","coordinates":[[[-119.00793534,36.05620523],[-119.00792992,36.05620403],[-119.00739118,36.05608524],[-119.0040543,36.0542285],[-119.00091118,36.05479994],[-118.99733194,36.05411908],[-118.99197812,36.0543744],[-118.9918863,36.05436356],[-118.9918553,36.05381633],[-118.99356282,36.05387701],[-118.99718383,36.05369404],[-119.00040868,36.05438014],[-119.00227576,36.05383125],[-119.00354877,36.05380838],[-119.00417114,36.05403708],[-119.006604,36.05486042],[-119.00803219,36.05494595],[-119.00793534,36.05620523]]]},"properties":{"OBJECTID":1097722,"COUNTY":"TULARE","CITY":"PVL","ZONE_NAME":null,"ZONE_ID":"US-CA-XTU-PVL-E042","STATUS":"Evacuation Order","EVENT_TYPE":null,"CRITICAL_INFO":null,"PUBLIC_INFO":null,"EDIT_DATE":1695249188000,"STATEWIDE_LAST_UPDATED":null,"NOTES":"Flooding","SHAPE__Area":129003.35546875,"SHAPE__Length":3995.5603295714513,"GlobalID":"391443c9-8ded-45bd-afdd-e51a7623c159","CreationDate":1788335714000,"Creator":"CalOES_Scripts","EditDate":1788335714000,"Editor":"CalOES_Scripts"}},{"type":"Feature","id":1097726,"geometry":{"type":"Polygon","coordinates":[[[-119.02614973,36.05723153],[-119.0261438,36.0570697],[-119.0261346,36.0567991],[-119.02613127,36.05670178],[-119.02918145,36.05752364],[-119.03301385,36.05880857],[-119.03512778,36.05938244],[-119.03579421,36.0595524],[-119.03791805,36.06009404],[-119.03849882,36.06017579],[-119.03924344,36.0602806],[-119.0392347,36.0608653],[-119.03923501,36.06098307],[-119.03700112,36.06058049],[-119.03487695,36.05996994],[-119.03401154,36.05993178],[-119.03283145,36.05941027],[-119.03130519,36.05893963],[-119.03042405,36.05865978],[-119.02925969,36.05820186],[-119.0272142,36.05741321],[-119.02614973,36.05723153]]]},"properties":{"OBJECTID":1097726,"COUNTY":"TULARE","CITY":"PVL","ZONE_NAME":null,"ZONE_ID":"US-CA-XTU-PVL-E032","STATUS":"Evacuation Order","EVENT_TYPE":null,"CRITICAL_INFO":null,"PUBLIC_INFO":null,"EDIT_DATE":1695249188000,"STATEWIDE_LAST_UPDATED":null,"NOTES":"Flooding","SHAPE__Area":131817.57421875,"SHAPE__Length":3269.8649269497946,"GlobalID":"6dd676fe-9b92-44c6-827a-82f47de49b7c","CreationDate":1788335714000,"Creator":"CalOES_Scripts","EditDate":1788335714000,"Editor":"CalOES_Scripts"}},{"type":"Feature","id":1097728,"geometry":{"type":"Polygon","coordinates":[[[-119.05750879,36.05476396],[-119.05751181,36.05514409],[-119.05601222,36.05521834],[-119.0511452,36.05500832],[-119.04711913,36.05624433],[-119.04610482,36.05715066],[-119.0455668,36.05784284],[-119.04478823,36.05861182],[-119.04471489,36.05954423],[-119.04287378,36.06050594],[-119.04001297,36.06100968],[-119.03923504,36.06099434],[-119.0392347,36.0608653],[-119.03924344,36.0602806],[-119.03949898,36.06031657],[-119.03955298,36.06032417],[-119.03974258,36.06030653],[-119.04028598,36.06025597],[-119.04119542,36.06003102],[-119.04333158,36.05950264],[-119.04372658,36.05927397],[-119.04485518,36.05829044],[-119.04521535,36.05780571],[-119.04635125,36.05627697],[-119.04671805,36.05595677],[-119.05091965,36.05463177],[-119.05148358,36.05458624],[-119.05647318,36.05468077],[-119.0574633,36.05474012],[-119.05751088,36.05474297],[-119.05750879,36.05476396]]]},"properties":{"OBJECTID":1097728,"COUNTY":"TULARE","CITY":"PVL","ZONE_NAME":null,"ZONE_ID":"US-CA-XTU-PVL-E030","STATUS":"Evacuation Order","EVENT_TYPE":null,"CRITICAL_INFO":null,"PUBLIC_INFO":null,"EDIT_DATE":1695249188000,"STATEWIDE_LAST_UPDATED":null,"NOTES":"Flooding","SHAPE__Area":160517.91796875,"SHAPE__Length":4876.2344771372282,"GlobalID":"45a63829-f723-41a4-ace4-7f53443f40df","CreationDate":1788335714000,"Creator":"CalOES_Scripts","EditDate":1788335714000,"Editor":"CalOES_Scripts"}},{"type":"Feature","id":1097731,"geometry":{"type":"Polygon","coordinates":[[[-119.00789512,36.05672891],[-119.007915,36.0564319],[-119.00792992,36.05620403],[-119.00843398,36.05631517],[-119.01192945,36.05647877],[-119.01308538,36.05643397],[-119.01418722,36.05609623],[-119.01494685,36.05586337],[-119.01556698,36.05586397],[-119.01663142,36.05593591],[-119.01661169,36.05655299],[-119.01604402,36.05653689],[-119.01478714,36.05651696],[-119.01332078,36.05677597],[-119.01239067,36.05671738],[-119.01047007,36.05665879],[-119.00932254,36.05664902],[-119.00789512,36.05672891]]]},"properties":{"OBJECTID":1097731,"COUNTY":"TULARE","CITY":"PVL","ZONE_NAME":null,"ZONE_ID":"US-CA-XTU-PVL-E038","STATUS":"Evacuation Order","EVENT_TYPE":null,"CRITICAL_INFO":null,"PUBLIC_INFO":null,"EDIT_DATE":1695249188000,"STATEWIDE_LAST_UPDATED":null,"NOTES":"Flooding","SHAPE__Area":54052.03125,"SHAPE__Length":2118.774775087265,"GlobalID":"d6db4803-de97-4a50-97d8-ead1ef1d9948","CreationDate":1788335714000,"Creator":"CalOES_Scripts","EditDate":1788335714000,"Editor":"CalOES_Scripts"}},{"type":"Feature","id":1097987,"geometry":{"type":"Polygon","coordinates":[[[-123.01694006,40.72016999],[-123.03304402,40.72044563],[-123.0339,40.72063],[-123.03456,40.7209],[-123.03522,40.72143],[-123.0363,40.72266],[-123.03696,40.72374],[-123.0375,40.72411],[-123.03798,40.72408],[-123.03853,40.72381],[-123.03928,40.72326],[-123.03949,40.72273],[-123.04051,40.72209],[-123.04054,40.72196],[-123.04113683,40.72205947],[-123.04174,40.72216],[-123.04304,40.72212],[-123.04457,40.72251],[-123.04497585,40.72274894],[-123.04688,40.72387],[-123.04758094,40.72416342],[-123.04826742,40.72447375],[-123.04811464,40.72532247],[-123.04708722,40.72562203],[-123.04678339,40.72572822],[-123.04421178,40.72668265],[-123.04216322,40.72744615],[-123.04176227,40.72759408],[-123.04107626,40.7278446],[-123.0399881,40.72824799],[-123.03826329,40.72888717],[-123.03775894,40.72905896],[-123.03727965,40.72921166],[-123.03679626,40.72936196],[-123.03633357,40.7294956],[-123.0357728,40.72963641],[-123.03529661,40.72975335],[-123.03485174,40.72985597],[-123.03186606,40.73049563],[-123.03060973,40.73075339],[-123.02347245,40.73229118],[-123.02252657,40.73249494],[-123.02202966,40.73260276],[-123.02002303,40.73302962],[-123.01896087,40.73324908],[-123.01867261,40.73330872],[-123.01840316,40.7333755],[-123.01816504,40.73345658],[-123.0179238,40.73355672],[-123.01769509,40.73367355],[-123.01751338,40.73378084],[-123.01732853,40.73389289],[-123.01715623,40.73401448],[-123.01700899,40.73414083],[-123.01686488,40.73428386],[-123.01665187,40.73452463],[-123.01654223,40.73466051],[-123.01645139,40.73477255],[-123.01634488,40.73489413],[-123.0162321,40.73501094],[-123.01611618,40.73509438],[-123.01597206,40.73517305],[-123.01579034,40.73525174],[-123.01561488,40.7353185],[-123.01542688,40.73537096],[-123.01523888,40.73541151],[-123.01496627,40.73546398],[-123.01474694,40.73552121],[-123.01451195,40.73560467],[-123.01432082,40.73570242],[-123.01414193,40.73580904],[-123.01394798,40.73593605],[-123.01376626,40.73603618],[-123.01354066,40.73611725],[-123.01336299,40.73614672],[-123.01322731,40.73615304],[-123.01305183,40.73614114],[-123.01284814,40.73609826],[-123.01266952,40.73604107],[-123.01250343,40.73596243],[-123.0123154,40.7358552],[-123.01192366,40.73560735],[-123.01171369,40.73549296],[-123.0114912,40.73540002],[-123.01128751,40.73534046],[-123.0110995,40.7353071],[-123.01088955,40.73529282],[-123.01069841,40.73530237],[-123.01050727,40.73533099],[-123.01023153,40.73540491],[-123.00999905,40.73549007],[-123.009796,40.73559801],[-123.00958607,40.73573866],[-123.00937615,40.73591268],[-123.00920696,40.73606047],[-123.00899704,40.73624879],[-123.00878398,40.73643234],[-123.00855212,40.73660874],[-123.00832026,40.7367613],[-123.00805706,40.7369234],[-123.00783146,40.73706643],[-123.00763719,40.73721422],[-123.00745546,40.73737393],[-123.00719541,40.73766951],[-123.00693535,40.73795793],[-123.00670348,40.73821775],[-123.00652802,40.73839176],[-123.0063415,40.73855034],[-123.00614574,40.73870164],[-123.00593267,40.73886373],[-123.00563499,40.73909018],[-123.00543131,40.73926181],[-123.00526049,40.73942054],[-123.00503649,40.73963604],[-123.00481715,40.73985772],[-123.00463541,40.74005556],[-123.00442859,40.7402534],[-123.00421238,40.74042026],[-123.00397109,40.74057282],[-123.00370159,40.74069677],[-123.0034603,40.74077782],[-123.00324407,40.74083741],[-123.00299024,40.74089462],[-123.00267373,40.74097806],[-123.00243244,40.74106387],[-123.00220681,40.7411616],[-123.00192164,40.74131415],[-123.00038922,40.74211742],[-123.00017926,40.74222706],[-122.99992542,40.74232479],[-122.99968411,40.74238676],[-122.99938013,40.74244635],[-122.99909495,40.74247018],[-122.99886931,40.74247018],[-122.99866561,40.74245826],[-122.99848072,40.74242489],[-122.99828955,40.74234861],[-122.99815794,40.74225327],[-122.99804199,40.74212694],[-122.99797305,40.74200537],[-122.99793858,40.7418719],[-122.99793545,40.74174319],[-122.99796052,40.74162162],[-122.9980232,40.74148576],[-122.99813602,40.74137136],[-122.99827391,40.74127602],[-122.99846194,40.74115684],[-122.99864057,40.74103767],[-122.99878159,40.74090181],[-122.99889128,40.74077071],[-122.99897902,40.74064915],[-122.99902603,40.74053951],[-122.99905737,40.74043225],[-122.99907617,40.74032499],[-122.99910125,40.74021058],[-122.99913572,40.74006042],[-122.99920466,40.73990072],[-122.99931517,40.73974171],[-122.99947103,40.73959086],[-122.99960265,40.73949076],[-122.99981574,40.73937396],[-123.0000445,40.73925002],[-123.00023879,40.73913799],[-123.00036727,40.73904027],[-123.00050515,40.73891632],[-123.00064616,40.73878761],[-123.00074957,40.7386732],[-123.00082791,40.73853734],[-123.00086238,40.73839194],[-123.00086551,40.73824654],[-123.00084358,40.73811307],[-123.00080284,40.73799389],[-123.00073703,40.73787471],[-123.00063988,40.73776269],[-123.00051454,40.73765543],[-123.00035159,40.73756009],[-123.00014164,40.73747905],[-122.99993482,40.73743614],[-122.99974994,40.73742661],[-122.99955252,40.73744806],[-122.99933317,40.7375005],[-122.99909188,40.73759107],[-122.99758772,40.73822269],[-122.99698605,40.73847056],[-122.99634991,40.73872797],[-122.99589496,40.73890383],[-122.99553867,40.73901914],[-122.99516849,40.73911882],[-122.99480811,40.73919985],[-122.99444706,40.73926126],[-122.99406803,40.73931313],[-122.99368624,40.73934757],[-122.99325112,40.73936314],[-122.99290062,40.73936496],[-122.99256751,40.73935227],[-122.992135,40.73931302],[-122.99168017,40.73924956],[-122.99130465,40.73918057],[-122.99100069,40.73911619],[-122.99048052,40.73899697],[-122.98983059,40.73884003],[-122.98743527,40.73827474],[-122.98644767,40.73803362],[-122.98614059,40.73795969],[-122.98587111,40.73792152],[-122.98560789,40.7379048],[-122.98531646,40.73790477],[-122.98505636,40.73792619],[-122.98477746,40.73797382],[-122.98449855,40.73804529],[-122.98419456,40.73815012],[-122.98388117,40.73828356],[-122.98261546,40.73886653],[-122.98242479,40.73895627],[-122.98113261,40.73952973],[-122.98091009,40.73964172],[-122.98073143,40.73975134],[-122.98059352,40.73986096],[-122.980465,40.73998488],[-122.98036468,40.74011357],[-122.98027063,40.74024465],[-122.98019224,40.74040195],[-122.98010132,40.74056164],[-122.97999471,40.7407523],[-122.97986304,40.74091436],[-122.97972198,40.74105258],[-122.97957466,40.74115743],[-122.97941168,40.74125036],[-122.97922676,40.74132898],[-122.97901051,40.74140283],[-122.97845891,40.7415672],[-122.97754375,40.74184113],[-122.97735569,40.74191021],[-122.97715823,40.74201028],[-122.97697016,40.74213657],[-122.97678834,40.74228908],[-122.9766504,40.74244399],[-122.97655006,40.7425989],[-122.97646538,40.74278003],[-122.97642457,40.74298977],[-122.97639942,40.74320667],[-122.97639309,40.7434045],[-122.97638049,40.74356896],[-122.97635536,40.74374057],[-122.97631143,40.74390503],[-122.97623616,40.74405756],[-122.97614209,40.74421009],[-122.9760165,40.74435164],[-122.97587561,40.7444746],[-122.97574395,40.74456754],[-122.97410759,40.74569936],[-122.97361855,40.74604963],[-122.97344614,40.746164],[-122.97327059,40.74626169],[-122.97310446,40.74632839],[-122.97291327,40.7463784],[-122.97270954,40.74640933],[-122.9725215,40.74641644],[-122.97230839,40.74640685],[-122.97207649,40.74636866],[-122.97185087,40.74629233],[-122.97165973,40.74620171],[-122.97149054,40.74609203],[-122.97131511,40.74593705],[-122.97121801,40.74580355],[-122.97113972,40.74566052],[-122.97108652,40.74548413],[-122.97106779,40.74531966],[-122.97109302,40.74495736],[-122.97109939,40.74471186],[-122.97109319,40.74455216],[-122.97107131,40.74441868],[-122.97100871,40.74424467],[-122.9709085,40.74405872],[-122.97079862,40.74391813],[-122.97066292,40.74378341],[-122.97052722,40.74367114],[-122.97036789,40.74357234],[-122.97014953,40.74347188],[-122.96976496,40.74332907],[-122.96952995,40.7432432],[-122.96931375,40.7431621],[-122.96907563,40.74305001],[-122.96883438,40.74291885],[-122.96859002,40.74275909],[-122.9684939,40.742704],[-122.96815315,40.74116804],[-122.96811866,40.74100917],[-122.96808783,40.74086623],[-122.96747079,40.73802427],[-122.96343675,40.73269126],[-122.96348,40.73264],[-122.96341184,40.73250969],[-122.96280902,40.73232565],[-122.96276286,40.73230607],[-122.962597,40.73220266],[-122.96230394,40.73194462],[-122.96214027,40.73182163],[-122.96191657,40.73169146],[-122.96154426,40.73154779],[-122.96131035,40.73156104],[-122.96102,40.73134],[-122.96066,40.731],[-122.96009,40.73061],[-122.95981,40.73042],[-122.95981,40.73026],[-122.96008,40.72987],[-122.96002,40.7296],[-122.95898,40.72896],[-122.95858,40.72871],[-122.95828,40.72843],[-122.95795,40.72713],[-122.95719,40.72701],[-122.95695,40.72667],[-122.95635,40.7266],[-122.95611,40.72642],[-122.95605,40.72599],[-122.95647,40.72546],[-122.95647,40.72507],[-122.95626,40.72475],[-122.95607729,40.72403945],[-122.95612959,40.72399346],[-122.9562359,40.72398066],[-122.95634901,40.7240174],[-122.95647311,40.72410549],[-122.95658321,40.72419892],[-122.95669647,40.72428518],[-122.95682861,40.72438101],[-122.95692299,40.72446486],[-122.95702679,40.72458224],[-122.95713004,40.72467859],[-122.95723898,40.72476155],[-122.95729707,40.72482238],[-122.95735391,40.72494636],[-122.95739476,40.72505893],[-122.95743877,40.72514995],[-122.95749537,40.72523378],[-122.95757402,40.72530565],[-122.95766842,40.72535119],[-122.95777543,40.72537038],[-122.95790448,40.72537762],[-122.95803036,40.72542077],[-122.95810272,40.72548545],[-122.95814988,40.72558126],[-122.95821278,40.72566509],[-122.95830402,40.72572979],[-122.95844249,40.72578491],[-122.95858096,40.72582567],[-122.95873519,40.72584489],[-122.95887369,40.72583775],[-122.95896667,40.72581975],[-122.95900403,40.72581252],[-122.95912758,40.72576834],[-122.95922932,40.7257518],[-122.95932378,40.72575183],[-122.95945456,40.72577952],[-122.95963618,40.72584039],[-122.95981778,40.72593443],[-122.95992807,40.72601294],[-122.96006339,40.72606806],[-122.96019873,40.72609445],[-122.96034352,40.72610648],[-122.96046628,40.72610173],[-122.96059848,40.72610657],[-122.96071809,40.72612576],[-122.96082509,40.72616172],[-122.96092893,40.72621444],[-122.96100759,40.72627194],[-122.96111458,40.72632945],[-122.96126251,40.72636781],[-122.96139469,40.72640378],[-122.96160767,40.726333],[-122.96161947,40.72628286],[-122.96163138,40.72623986],[-122.96166184,40.72618003],[-122.96169557,40.72612971],[-122.96172328,40.72609612],[-122.96176947,40.72604092],[-122.96187172,40.72596381],[-122.96191832,40.72593721],[-122.96196774,40.72588914],[-122.96201407,40.72584348],[-122.9620881,40.72576422],[-122.96212816,40.72571861],[-122.96216506,40.72567064],[-122.96220192,40.72562029],[-122.96221999,40.72557009],[-122.96224436,40.72552223],[-122.96227795,40.72546238],[-122.96230872,40.72542399],[-122.96235491,40.7253688],[-122.96241059,40.72532067],[-122.96245726,40.72529883],[-122.9625071,40.72527935],[-122.9625601,40.72526223],[-122.96268155,40.72521356],[-122.96272148,40.72515841],[-122.96273962,40.72511299],[-122.96275397,40.72502231],[-122.96274671,40.72495327],[-122.96274223,40.72486037],[-122.9627316,40.72477467],[-122.96273318,40.72466742],[-122.96272898,40.72459358],[-122.9627496,40.72450286],[-122.96276739,40.7244336],[-122.96280367,40.72434275],[-122.96282504,40.72430444],[-122.96284651,40.72427328],[-122.96289301,40.72423953],[-122.96294904,40.72421523],[-122.96300493,40.7241814],[-122.96303126,40.72416093],[-122.96305207,40.72412402],[-122.96305575,40.72407679],[-122.96303714,40.72402624],[-122.96300813,40.72396929],[-122.96297494,40.7238984],[-122.96319866,40.72393148],[-122.96354327,40.72397966],[-122.96388662,40.72406085],[-122.96418263,40.72409697],[-122.9643484,40.72410603],[-122.96462074,40.72412413],[-122.96486942,40.72409718],[-122.96511812,40.72402519],[-122.96531944,40.72398021],[-122.9655208,40.72386315],[-122.96575954,40.72377337],[-122.96622122,40.72376761],[-122.96625849,40.72367494],[-122.9662914,40.72358327],[-122.9663462,40.72353327],[-122.96639372,40.72343883],[-122.96643028,40.72336105],[-122.96642301,40.72328604],[-122.96639382,40.7232388],[-122.96633175,40.72322489],[-122.96626712,40.72322376],[-122.96639745,40.72305263],[-122.96648041,40.72290851],[-122.96657523,40.72272837],[-122.96674107,40.72260229],[-122.96690688,40.72252126],[-122.96712004,40.72247628],[-122.96738055,40.72244933],[-122.9676411,40.72235031],[-122.96785428,40.72225127],[-122.96805561,40.72217025],[-122.96820625,40.72206568],[-122.96832804,40.72198114],[-122.96851756,40.72184606],[-122.96870708,40.72170197],[-122.9688966,40.72153987],[-122.96900324,40.72137774],[-122.96912279,40.72131471],[-122.96916906,40.7212877],[-122.96932302,40.72120666],[-122.96954803,40.72113465],[-122.96982038,40.72108968],[-122.97010456,40.72108074],[-122.97032952,40.72110783],[-122.97059,40.72113492],[-122.97079129,40.72114398],[-122.97100443,40.72111701],[-122.97125311,40.72105401],[-122.97148997,40.72095497],[-122.97172682,40.72084693],[-122.97195183,40.7207659],[-122.97220051,40.72069389],[-122.97238998,40.72063989],[-122.97261497,40.7205949],[-122.97280443,40.72055891],[-122.97301756,40.72055896],[-122.97326622,40.72055001],[-122.97343201,40.72047798],[-122.97362148,40.72044199],[-122.97382278,40.72039699],[-122.97409517,40.72025291],[-122.97432623,40.72009551],[-122.97753274,40.71998064],[-122.98086875,40.7196256],[-122.98087993,40.71965967],[-122.98093911,40.71974075],[-122.98104566,40.71980383],[-122.9811759,40.71981286],[-122.98130614,40.71980388],[-122.98144824,40.71976787],[-122.98154299,40.71966879],[-122.9816259,40.7195697],[-122.98174432,40.71950666],[-122.98189826,40.71946164],[-122.98215875,40.71944366],[-122.98249029,40.71940768],[-122.98275078,40.71939871],[-122.98305862,40.71940777],[-122.98329542,40.71945284],[-122.98348487,40.71943485],[-122.98366247,40.71944389],[-122.98380457,40.71937184],[-122.98397036,40.71928178],[-122.98424271,40.7191647],[-122.98451506,40.71907465],[-122.98469266,40.71907467],[-122.9850597,40.71911977],[-122.98532019,40.71912881],[-122.98547412,40.71907478],[-122.98565175,40.71896669],[-122.98585305,40.71888564],[-122.9860425,40.71887665],[-122.98618458,40.71888568],[-122.9863977,40.71886769],[-122.98652797,40.71876861],[-122.98668191,40.7186425],[-122.98687139,40.71848037],[-122.98710822,40.71831824],[-122.98738057,40.71820116],[-122.98771211,40.71812912],[-122.98810284,40.71809313],[-122.98837516,40.71809316],[-122.98875403,40.71814725],[-122.98900266,40.71820132],[-122.98928682,40.71826441],[-122.98936966,40.71849865],[-122.98940516,40.71860675],[-122.98948801,40.71880495],[-122.98958271,40.71895811],[-122.98967742,40.71906623],[-122.9897366,40.71920136],[-122.98976026,40.7193455],[-122.98970104,40.71946261],[-122.98958261,40.71957971],[-122.98942868,40.71962474],[-122.98927475,40.71965176],[-122.98909713,40.71974183],[-122.98991401,40.72043557],[-122.99004426,40.7204536],[-122.99012713,40.7205437],[-122.99017448,40.72061577],[-122.99022184,40.72066082],[-122.99031656,40.72062479],[-122.99039946,40.72053471],[-122.99047052,40.72043562],[-122.9905771,40.72032753],[-122.99069551,40.72027348],[-122.99087312,40.72025548],[-122.99134444,40.72029166],[-122.9916587,40.72032314],[-122.99198123,40.7203735],[-122.9922624,40.72042386],[-122.99239473,40.72041758],[-122.99250224,40.72039241],[-122.9926263,40.72029804],[-122.99275577,40.7201385],[-122.99276692,40.72003377],[-122.99284137,40.71985131],[-122.99291582,40.71967513],[-122.99299854,40.71953041],[-122.9931474,40.71944233],[-122.99333762,40.71936055],[-122.99356919,40.71929764],[-122.99379781,40.71927373],[-122.9939991,40.71924671],[-122.9942359,40.71922871],[-122.99443754,40.71917184],[-122.99458641,40.71911522],[-122.99480143,40.7190586],[-122.99514877,40.71903973],[-122.99542168,40.71902716],[-122.99572767,40.719002],[-122.99593442,40.71894538],[-122.99606674,40.71883213],[-122.99613291,40.71872516],[-122.99614945,40.71859303],[-122.99618254,40.71841685],[-122.9962239,40.71826584],[-122.99630661,40.71812741],[-122.99633969,40.71800786],[-122.99632316,40.71790718],[-122.99620739,40.71780021],[-122.99614123,40.717731],[-122.99610816,40.71762403],[-122.99605855,40.7174856],[-122.99605029,40.71734717],[-122.99609164,40.71728425],[-122.99621569,40.71722762],[-122.9963232,40.71715841],[-122.99633974,40.71709549],[-122.99632321,40.7170074],[-122.99625706,40.71691931],[-122.99618264,40.71681863],[-122.99607513,40.7167557],[-122.99590974,40.71669278],[-122.99584359,40.71662985],[-122.99581879,40.71653547],[-122.99585187,40.71645996],[-122.99595111,40.71637188],[-122.99602554,40.7162775],[-122.99609171,40.71610132],[-122.99611653,40.71600694],[-122.99611653,40.71586221],[-122.99608346,40.71570491],[-122.99609174,40.71557906],[-122.99614963,40.71550356],[-122.99621579,40.71540289],[-122.9962158,40.71529592],[-122.99620754,40.7151512],[-122.99614966,40.71507569],[-122.99606697,40.71500647],[-122.99597601,40.71497501],[-122.99591812,40.71491838],[-122.99588505,40.71482399],[-122.99589332,40.71475478],[-122.99595121,40.71469815],[-122.9960918,40.71466041],[-122.99633988,40.71459749],[-122.99650527,40.7145157],[-122.99684432,40.71440245],[-122.99699317,40.71435841],[-122.99721986,40.71435509],[-122.99738562,40.71419294],[-122.99751586,40.7140488],[-122.99759874,40.71389566],[-122.99763426,40.71377854],[-122.99759875,40.71359837],[-122.99765795,40.71343621],[-122.99771715,40.71335513],[-122.99780003,40.71331009],[-122.99795481,40.71330074],[-122.99810278,40.71332576],[-122.99820143,40.71337581],[-122.99832473,40.71347589],[-122.99840694,40.71355721],[-122.99853025,40.71361976],[-122.99861245,40.71363853],[-122.99879331,40.71363853],[-122.99897416,40.71363228],[-122.99908103,40.71361352],[-122.99919612,40.71356973],[-122.99931943,40.71350092],[-122.99943452,40.71343837],[-122.99951673,40.71339459],[-122.99963182,40.71336331],[-122.99973046,40.71335705],[-122.99991954,40.71336331],[-123.00001819,40.71335705],[-123.0001826,40.71333203],[-123.0002648,40.7132945],[-123.00040455,40.71325697],[-123.00058541,40.71322569],[-123.00073338,40.71324446],[-123.00081559,40.71331327],[-123.00091424,40.7134196],[-123.00094712,40.71355096],[-123.00102933,40.7136573],[-123.00108688,40.71373862],[-123.00119374,40.71378866],[-123.00130883,40.71381368],[-123.0014157,40.71381368],[-123.00154928,40.71377858],[-123.00173631,40.71371359],[-123.00188428,40.71365729],[-123.00207335,40.71355095],[-123.00218022,40.71347588],[-123.00231997,40.71339456],[-123.00243505,40.71335703],[-123.00259124,40.71332575],[-123.00270633,40.71331949],[-123.00287896,40.71326319],[-123.00301871,40.71318187],[-123.00314202,40.7131068],[-123.00319916,40.71303648],[-123.00323595,40.71271445],[-123.00334633,40.71226173],[-123.00350578,40.71188369],[-123.00367749,40.71151965],[-123.00386147,40.71111827],[-123.00406385,40.71085224],[-123.0042601,40.71067022],[-123.00447717,40.71055336],[-123.00462808,40.71049752],[-123.0047262,40.71032483],[-123.00488566,40.71025015],[-123.00501445,40.71018481],[-123.00513711,40.71016147],[-123.00529045,40.71021747],[-123.00539472,40.71032014],[-123.00549286,40.71041347],[-123.00562166,40.71046014],[-123.00577499,40.71046947],[-123.00594672,40.71045079],[-123.00617365,40.71047878],[-123.00631472,40.71054878],[-123.00640673,40.71065145],[-123.00649873,40.71071212],[-123.0065846,40.71074478],[-123.0066766,40.71078212],[-123.00675635,40.71093146],[-123.00686062,40.71102013],[-123.00697717,40.71109946],[-123.00708757,40.71110879],[-123.00721023,40.71108545],[-123.00728383,40.71107144],[-123.00735743,40.71109944],[-123.0074065,40.71117411],[-123.00746784,40.71121144],[-123.00755984,40.71120677],[-123.00767023,40.71115076],[-123.00793396,40.7110994],[-123.00824675,40.71108538],[-123.00861475,40.71107602],[-123.00887849,40.71115067],[-123.0090809,40.711258],[-123.00924039,40.71146801],[-123.00939375,40.71163601],[-123.00960507,40.71172885],[-123.01006844,40.71182731],[-123.01036899,40.71188795],[-123.01057753,40.7119206],[-123.0108106,40.71196259],[-123.01097008,40.71202324],[-123.01110503,40.71215858],[-123.01117253,40.71232192],[-123.01119097,40.71255527],[-123.01124007,40.71278863],[-123.01131983,40.71295197],[-123.01143025,40.7130593],[-123.01159587,40.71314329],[-123.01179216,40.71322261],[-123.01197004,40.71331593],[-123.01211113,40.7134046],[-123.01224607,40.71344192],[-123.01233195,40.71349792],[-123.01242396,40.71353524],[-123.01249144,40.71356324],[-123.01258344,40.71357256],[-123.01266317,40.71356322],[-123.01276744,40.71354454],[-123.01284104,40.71353053],[-123.01298824,40.71351651],[-123.01309864,40.71350717],[-123.01320904,40.71349782],[-123.01333784,40.71348847],[-123.01349732,40.71348845],[-123.01363839,40.71348843],[-123.01379172,40.71349308],[-123.013896,40.71350241],[-123.01405547,40.71351172],[-123.01418427,40.71352104],[-123.01430081,40.71353503],[-123.01442962,40.71355368],[-123.01454617,40.71360034],[-123.01466885,40.71367966],[-123.01477928,40.71377299],[-123.0148529,40.71387566],[-123.01492653,40.71397832],[-123.01500628,40.71407166],[-123.01509831,40.71418832],[-123.01522102,40.71432365],[-123.01536212,40.71444498],[-123.01551547,40.7145243],[-123.01567497,40.71463162],[-123.0157854,40.71472495],[-123.0158529,40.71484162],[-123.01595719,40.71491628],[-123.01665337,40.71498852],[-123.01680816,40.71493539],[-123.01694006,40.72016999]]]},"properties":{"OBJECTID":1097987,"COUNTY":"TRINITY","CITY":"WVR","ZONE_NAME":null,"ZONE_ID":"US-CA-XTR-WVR-212","STATUS":"Evacuation Warning","EVENT_TYPE":null,"CRITICAL_INFO":null,"PUBLIC_INFO":null,"EDIT_DATE":1790964748000,"STATEWIDE_LAST_UPDATED":null,"NOTES":"ReadyTrinity Alert: The Trinity County Sheriff's Office has downgraded the evacuation from an Order to a Warning for zone(s) WVR-212, WVR-221, WVR-222, WVR-223, WVR-224. Be prepared to evacuate if conditions worsen. Continue to monitor updates at ReadyTrinity.org/events.  Road closures will remain for now.","SHAPE__Area":24103553.01171875,"SHAPE__Length":29701.161177320257,"GlobalID":"40357d58-4881-43b5-a88c-c3f7ea96f585","CreationDate":1790964931000,"Creator":"CalOES_Scripts","EditDate":1790964931000,"Editor":"CalOES_Scripts"}},{"type":"Feature","id":1097988,"geometry":{"type":"Polygon","coordinates":[[[-122.96131035,40.73156104],[-122.96106149,40.73162349],[-122.96082052,40.73170477],[-122.960647,40.73176443],[-122.96058795,40.73178261],[-122.96053088,40.73180252],[-122.96047413,40.7318286],[-122.96041871,40.73185367],[-122.96034876,40.73188977],[-122.96028176,40.73193047],[-122.96007953,40.73205126],[-122.95993767,40.73214304],[-122.95981484,40.73222142],[-122.9596592,40.73230906],[-122.95961842,40.73232866],[-122.95957061,40.73234789],[-122.95952849,40.7323607],[-122.95948433,40.7323702],[-122.95939725,40.7323802],[-122.95930226,40.73238619],[-122.95922442,40.73238516],[-122.95913735,40.73237409],[-122.95903841,40.73234997],[-122.95893421,40.73230979],[-122.95881683,40.73225756],[-122.95866384,40.73217019],[-122.95854778,40.73210291],[-122.95843964,40.73204466],[-122.95833017,40.73199143],[-122.95822993,40.73194423],[-122.95811946,40.73189502],[-122.95786721,40.73181062],[-122.95768386,40.73175535],[-122.95746873,40.73169979],[-122.95734131,40.73165642],[-122.95722747,40.73161769],[-122.9571756,40.7315986],[-122.95706919,40.73155942],[-122.95696236,40.7315072],[-122.95679488,40.73140376],[-122.95667224,40.7313164],[-122.95654098,40.73119788],[-122.95645996,40.73112162],[-122.95639008,40.73105636],[-122.95633075,40.73100114],[-122.95627932,40.73096198],[-122.95621998,40.73093085],[-122.95611974,40.73088966],[-122.95599047,40.73085349],[-122.95585329,40.73081831],[-122.95565806,40.73077809],[-122.95550769,40.7307419],[-122.9553837,40.73070572],[-122.95527687,40.73066052],[-122.95517928,40.7306093],[-122.95507905,40.73055506],[-122.95493378,40.73046492],[-122.95481015,40.7303871],[-122.95472114,40.73033563],[-122.95478715,40.73025536],[-122.95481192,40.73021774],[-122.95485647,40.73018263],[-122.9549076,40.73015505],[-122.95494886,40.7301212],[-122.95498846,40.73007605],[-122.95502313,40.73002588],[-122.95504302,40.72996304],[-122.95514396,40.72985938],[-122.95520322,40.72977832],[-122.95526111,40.7296802],[-122.95520665,40.72963598],[-122.95512691,40.72951969],[-122.9550854,40.72943667],[-122.95501525,40.72925196],[-122.95498337,40.72915961],[-122.95496425,40.72909642],[-122.95496428,40.72905268],[-122.95502818,40.72901869],[-122.95516237,40.728975],[-122.95527099,40.72896046],[-122.9553221,40.72895076],[-122.95534129,40.72891189],[-122.95534133,40.72886329],[-122.95530304,40.72880009],[-122.95530307,40.72875635],[-122.95532864,40.72872234],[-122.95537978,40.72867862],[-122.95540536,40.72863975],[-122.95540539,40.72859601],[-122.95537988,40.72853282],[-122.95536714,40.72848422],[-122.95537994,40.72843562],[-122.95539915,40.72838217],[-122.95541837,40.7282947],[-122.95541204,40.72820235],[-122.95538015,40.72811972],[-122.95532269,40.72807596],[-122.95524604,40.72806135],[-122.95519495,40.72803217],[-122.95516304,40.7279787],[-122.95513115,40.72791064],[-122.95506091,40.72786202],[-122.95498427,40.72782311],[-122.95491405,40.72775018],[-122.95485661,40.72766754],[-122.95481835,40.72756546],[-122.95479924,40.72747797],[-122.9547482,40.72738561],[-122.95464602,40.72733697],[-122.95448633,40.72730775],[-122.95434579,40.72729797],[-122.9541861,40.72726875],[-122.95409031,40.72721525],[-122.95399454,40.72714717],[-122.95387957,40.72711797],[-122.95371985,40.72712276],[-122.95356015,40.72711298],[-122.95345157,40.72708863],[-122.95339411,40.72703029],[-122.95336222,40.72695738],[-122.95329198,40.72690875],[-122.95316425,40.72686496],[-122.95294067,40.72684543],[-122.9528129,40.72685023],[-122.95271071,40.72682589],[-122.95262131,40.72676753],[-122.95254471,40.72668002],[-122.95252551,40.72654176],[-122.95251291,40.72649047],[-122.95247461,40.72644185],[-122.95239797,40.72641266],[-122.95226384,40.72638831],[-122.95207858,40.72638823],[-122.95193806,40.72635415],[-122.95181033,40.72630064],[-122.9517018,40.72620339],[-122.95152942,40.72606724],[-122.95137617,40.72596997],[-122.95126764,40.72588245],[-122.95122937,40.72579981],[-122.95117835,40.72568315],[-122.95108899,40.72558105],[-122.95100599,40.72551783],[-122.95091019,40.72548863],[-122.95076325,40.72549343],[-122.95066745,40.72546909],[-122.95055889,40.72541558],[-122.95052061,40.72535239],[-122.9504823,40.72532321],[-122.95043759,40.72531347],[-122.95038648,40.72531831],[-122.95032897,40.72533772],[-122.95023312,40.72537656],[-122.95014368,40.7253911],[-122.9500798,40.72538622],[-122.95000316,40.72536674],[-122.9499457,40.72531812],[-122.94992878,40.7252875],[-122.94989466,40.72522576],[-122.94982443,40.72517712],[-122.94970309,40.72512847],[-122.94959451,40.72510898],[-122.9495562,40.72507495],[-122.94953708,40.72502634],[-122.94946683,40.72499715],[-122.94937741,40.72497767],[-122.94933911,40.72494363],[-122.94931361,40.72487072],[-122.94926255,40.72481238],[-122.94916039,40.72474429],[-122.94903905,40.7247005],[-122.94891771,40.72466156],[-122.94885385,40.72462266],[-122.9487964,40.72456917],[-122.94875175,40.72448167],[-122.94868792,40.72441846],[-122.94863044,40.72440386],[-122.94855379,40.72438924],[-122.9485091,40.72436492],[-122.94847081,40.72431144],[-122.94842614,40.7242531],[-122.94835535,40.72422507],[-122.94828565,40.72419472],[-122.94825374,40.72415097],[-122.94820907,40.72409262],[-122.94813243,40.72407315],[-122.94803021,40.72408282],[-122.94791521,40.72410221],[-122.947813,40.72410217],[-122.94773636,40.72408269],[-122.9476789,40.72403893],[-122.94761507,40.72397572],[-122.94757042,40.72389793],[-122.94749379,40.72385902],[-122.94738522,40.72382981],[-122.9473086,40.72378118],[-122.94727333,40.72373341],[-122.94725117,40.72370339],[-122.94722569,40.72360618],[-122.94718741,40.72354784],[-122.94712356,40.72350893],[-122.94700221,40.72347971],[-122.94679143,40.72345532],[-122.94664454,40.72341151],[-122.94651044,40.72335313],[-122.94642745,40.72328991],[-122.94633171,40.7231878],[-122.94628068,40.7231003],[-122.94620408,40.7230225],[-122.94607638,40.72294954],[-122.94587841,40.72288141],[-122.94575963,40.72287441],[-122.94556303,40.72288295],[-122.94548522,40.72289849],[-122.94534599,40.72289842],[-122.94523953,40.72288591],[-122.94516585,40.72284849],[-122.94511676,40.72279239],[-122.94501619,40.72270604],[-122.94490762,40.72267197],[-122.94475652,40.7226489],[-122.94465005,40.72264885],[-122.9444781,40.72261138],[-122.94431438,40.72251784],[-122.94414254,40.72234329],[-122.94406918,40.72223719],[-122.94398361,40.72219616],[-122.94391337,40.72216248],[-122.94379875,40.72211881],[-122.94362678,40.72210003],[-122.94332377,40.72208742],[-122.9432091,40.72210605],[-122.94315993,40.72213718],[-122.94307797,40.72221192],[-122.94298785,40.72225549],[-122.94288955,40.72227413],[-122.94279127,40.72227408],[-122.94269301,40.72225534],[-122.94254565,40.72219296],[-122.94226729,40.72208689],[-122.94204623,40.72201201],[-122.94182016,40.72196209],[-122.94165728,40.72193102],[-122.94155706,40.7218976],[-122.94146126,40.72185466],[-122.94135976,40.72181169],[-122.94128149,40.72177588],[-122.94123763,40.72175442],[-122.94119378,40.72174248],[-122.94114679,40.72174008],[-122.94109667,40.72173052],[-122.94106223,40.7217162],[-122.94102597,40.72169151],[-122.94098397,40.72163988],[-122.94094329,40.72159219],[-122.94092141,40.72153498],[-122.94090892,40.72148015],[-122.94090271,40.72142294],[-122.94089966,40.72137786],[-122.94084634,40.7213135],[-122.94088331,40.72127177],[-122.94091692,40.72121192],[-122.94093497,40.72115935],[-122.94094056,40.72111164],[-122.94095144,40.72099479],[-122.94095171,40.72079223],[-122.94094949,40.72063497],[-122.94096067,40.72053956],[-122.94097239,40.72048228],[-122.94098725,40.72042496],[-122.94100846,40.72037475],[-122.94103594,40.72032448],[-122.94106648,40.72026942],[-122.94110012,40.72021195],[-122.94095375,40.72018661],[-122.9407525,40.72014147],[-122.94076444,40.72002436],[-122.94078827,40.71986222],[-122.94080024,40.71971808],[-122.94077704,40.71958294],[-122.94076772,40.71944967],[-122.94062511,40.71933168],[-122.94045149,40.71910531],[-122.94030369,40.71888001],[-122.94024459,40.71876287],[-122.94023291,40.71858269],[-122.94023909,40.71829441],[-122.94019645,40.71808461],[-122.94011421,40.71780528],[-122.93998512,40.71763664],[-122.93988331,40.71753313],[-122.93970114,40.7174383],[-122.9396135,40.71738815],[-122.93952365,40.71731209],[-122.93939351,40.71720391],[-122.9392752,40.71710476],[-122.93919237,40.71705967],[-122.93906214,40.71704158],[-122.93884905,40.71701444],[-122.93871882,40.71700536],[-122.93858864,40.71694223],[-122.93842302,40.716789],[-122.93830477,40.71662678],[-122.93825755,40.71648261],[-122.93816291,40.71639247],[-122.93808009,40.71632937],[-122.93796177,40.71624823],[-122.93794059,40.71621998],[-122.93847097,40.7161494],[-122.93870435,40.71610398],[-122.93888803,40.71592815],[-122.93921315,40.71622846],[-122.94021312,40.71618225],[-122.94467633,40.71623223],[-122.94502794,40.71626074],[-122.94968876,40.7163244],[-122.95022972,40.71587718],[-122.95031,40.71608],[-122.95067,40.71663],[-122.95142,40.71711],[-122.95151,40.71827],[-122.95211,40.71875],[-122.95214,40.71935],[-122.95229,40.71953],[-122.95277,40.71965],[-122.95289,40.72004],[-122.95346,40.72045],[-122.95361,40.72088],[-122.95364,40.72155],[-122.95406,40.72184],[-122.95452,40.72203],[-122.95482,40.72226],[-122.95488,40.7228],[-122.95501713,40.72292951],[-122.95505989,40.7229699],[-122.95542,40.72331],[-122.95584,40.72351],[-122.95599,40.7237],[-122.95602636,40.7238414],[-122.95607729,40.72403945],[-122.95626,40.72475],[-122.95647,40.72507],[-122.95647,40.72546],[-122.95605,40.72599],[-122.95611,40.72642],[-122.95635,40.7266],[-122.95695,40.72667],[-122.95719,40.72701],[-122.95795,40.72713],[-122.95828,40.72843],[-122.95858,40.72871],[-122.95898,40.72896],[-122.96002,40.7296],[-122.96008,40.72987],[-122.95981,40.73026],[-122.95981,40.73042],[-122.96009,40.73061],[-122.96066,40.731],[-122.96102,40.73134],[-122.96131035,40.73156104]]]},"properties":{"OBJECTID":1097988,"COUNTY":"TRINITY","CITY":"WVR","ZONE_NAME":null,"ZONE_ID":"US-CA-XTR-WVR-223","STATUS":"Evacuation Warning","EVENT_TYPE":null,"CRITICAL_INFO":null,"PUBLIC_INFO":null,"EDIT_DATE":1790964748000,"STATEWIDE_LAST_UPDATED":null,"NOTES":"ReadyTrinity Alert: The Trinity County Sheriff's Office has downgraded the evacuation from an Order to a Warning for zone(s) WVR-212, WVR-221, WVR-222, WVR-223, WVR-224. Be prepared to evacuate if conditions worsen. Continue to monitor updates at ReadyTrinity.org/events.  Road closures will remain for now.","SHAPE__Area":2070055.5625,"SHAPE__Length":8622.54484480934,"GlobalID":"bd50c912-10a4-4e21-bc5d-aff770659c88","CreationDate":1790964931000,"Creator":"CalOES_Scripts","EditDate":1790964931000,"Editor":"CalOES_Scripts"}},{"type":"Feature","id":1097989,"geometry":{"type":"Polygon","coordinates":[[[-122.94072133,40.69416959],[-122.95615829,40.6998831],[-122.95621047,40.69989427],[-122.95629302,40.7000762],[-122.9564709,40.70016622],[-122.95663661,40.70032356],[-122.95666826,40.70043482],[-122.95665574,40.70060935],[-122.95664296,40.70076674],[-122.95625244,40.70086969],[-122.95620501,40.70098679],[-122.95621674,40.70114895],[-122.95632317,40.70131115],[-122.95645329,40.70144633],[-122.95658344,40.70153646],[-122.95672545,40.70159057],[-122.95697398,40.70168075],[-122.95718698,40.70178894],[-122.95731712,40.70188808],[-122.95739991,40.70199622],[-122.95748269,40.70213138],[-122.95760101,40.70220349],[-122.95774306,40.70220354],[-122.95796796,40.70222164],[-122.95813369,40.70221269],[-122.95834673,40.70225782],[-122.95845324,40.70229389],[-122.95864259,40.70237504],[-122.95877275,40.70244715],[-122.95886739,40.70254628],[-122.95893833,40.70268144],[-122.95904476,40.70286165],[-122.95917489,40.70298782],[-122.9592932,40.70309597],[-122.95939967,40.70321312],[-122.95952975,40.70342938],[-122.95962439,40.70352851],[-122.95970719,40.70361862],[-122.95986104,40.70368174],[-122.95996755,40.70373583],[-122.96003851,40.70385297],[-122.96013312,40.70399714],[-122.96023953,40.70421339],[-122.9603578,40.70438459],[-122.96046427,40.70451075],[-122.96053525,40.70459185],[-122.96061808,40.70463693],[-122.96067725,40.70467298],[-122.96072462,40.70464597],[-122.96074832,40.70460094],[-122.96074839,40.70448382],[-122.96073663,40.7043577],[-122.96064202,40.70419551],[-122.9605829,40.70407837],[-122.96057112,40.70397927],[-122.96060671,40.70385316],[-122.96063046,40.70372705],[-122.96053583,40.7036099],[-122.96044123,40.70342969],[-122.96038216,40.70324049],[-122.96037042,40.70306932],[-122.960335,40.70291616],[-122.96035874,40.70281707],[-122.96042982,40.702718],[-122.96052454,40.70267299],[-122.9606548,40.70260096],[-122.96091523,40.70257402],[-122.96113101,40.70258537],[-122.96125562,40.70264319],[-122.96134886,40.70265268],[-122.96154365,40.70264801],[-122.96170323,40.70261337],[-122.96184415,40.70259607],[-122.96194571,40.70255037],[-122.96206567,40.70244343],[-122.9622049,40.70225082],[-122.96230031,40.70209631],[-122.96242262,40.70200646],[-122.96261541,40.7018567],[-122.96269215,40.70174476],[-122.96272034,40.70162569],[-122.96272046,40.70141231],[-122.96265054,40.70109222],[-122.96260398,40.7008077],[-122.96262432,40.70075594],[-122.96266578,40.7007118],[-122.96279015,40.70064087],[-122.96288966,40.70056047],[-122.96295469,40.70034549],[-122.96302488,40.7001677],[-122.96311845,40.69995435],[-122.96318427,40.69987929],[-122.96330032,40.69986514],[-122.9633832,40.6998762],[-122.96347229,40.69989673],[-122.96361729,40.69996932],[-122.9637492,40.7000968],[-122.96402948,40.70025693],[-122.96426305,40.70038147],[-122.96447327,40.70048822],[-122.96470684,40.70061277],[-122.96487256,40.70078188],[-122.96508792,40.70105319],[-122.96519977,40.70114627],[-122.96538401,40.70134202],[-122.96564711,40.70161794],[-122.96580432,40.70182224],[-122.96589147,40.70191922],[-122.96594737,40.7020044],[-122.96596775,40.70207124],[-122.96597211,40.70224569],[-122.96591607,40.70243334],[-122.96578054,40.70264019],[-122.96558635,40.70290004],[-122.96535825,40.7032138],[-122.96530845,40.70334626],[-122.96529595,40.70346926],[-122.96533186,40.7035788],[-122.96538905,40.70376577],[-122.96541582,40.70408118],[-122.96543225,40.70436663],[-122.96547363,40.70450227],[-122.96552252,40.70459608],[-122.96557509,40.70464738],[-122.9656476,40.70468525],[-122.96573274,40.70472062],[-122.96601308,40.70480961],[-122.96620701,40.70488413],[-122.96635408,40.70499298],[-122.96659708,40.70509428],[-122.9668306,40.70536107],[-122.96699825,40.70560663],[-122.96707485,40.70575963],[-122.96711622,40.70591419],[-122.96720102,40.70624223],[-122.96724435,40.70663335],[-122.96734785,40.7068652],[-122.96743273,40.7070387],[-122.96762742,40.70727057],[-122.9678109,40.70754848],[-122.96815762,40.70793307],[-122.9682757,40.70801826],[-122.96847876,40.70809402],[-122.96861135,40.7081666],[-122.96866934,40.70824704],[-122.96878533,40.70838585],[-122.96891784,40.70863821],[-122.96902535,40.70884687],[-122.96914209,40.7090425],[-122.96930556,40.70925592],[-122.96954322,40.70969183],[-122.96958876,40.70980381],[-122.96967914,40.70989615],[-122.97019313,40.71009188],[-122.97034153,40.71014326],[-122.97043413,40.71018725],[-122.97052528,40.71027085],[-122.9706081,40.7104412],[-122.97069922,40.71059892],[-122.97091724,40.7107322],[-122.97114053,40.7108829],[-122.97129096,40.71110571],[-122.97138076,40.71128352],[-122.97145436,40.71149695],[-122.97145422,40.71183479],[-122.97146286,40.71216951],[-122.97153731,40.7125518],[-122.97164075,40.71279504],[-122.97177747,40.71308141],[-122.97184261,40.71331378],[-122.97177322,40.71335822],[-122.97172573,40.71341655],[-122.9716965,40.713486],[-122.9716782,40.71359156],[-122.97164528,40.71372491],[-122.97158315,40.71385825],[-122.97150641,40.71401103],[-122.97143335,40.71411103],[-122.97132742,40.71422213],[-122.97118132,40.71435544],[-122.97107174,40.71443876],[-122.97089277,40.71458041],[-122.97075033,40.71468872],[-122.96961449,40.71539686],[-122.96951222,40.71547463],[-122.96939534,40.71557183],[-122.96926384,40.71567737],[-122.96913968,40.71572734],[-122.96899361,40.71578009],[-122.96887309,40.71583562],[-122.96882925,40.71588839],[-122.96876714,40.71596339],[-122.96866487,40.71604671],[-122.96851879,40.71611334],[-122.96833254,40.71618275],[-122.96820107,40.71622716],[-122.96803309,40.7162799],[-122.96779937,40.71635207],[-122.96767521,40.71638815],[-122.96750724,40.71641867],[-122.96737943,40.7164603],[-122.96726986,40.7165075],[-122.9671311,40.71652969],[-122.96695583,40.71654908],[-122.96683168,40.71657405],[-122.96676593,40.71661293],[-122.96673304,40.71667404],[-122.96672936,40.71673516],[-122.96676218,40.71681296],[-122.96683151,40.71690188],[-122.96688624,40.71699913],[-122.96692271,40.71707971],[-122.96693362,40.71717139],[-122.96690803,40.71723806],[-122.96688244,40.71728806],[-122.96683129,40.71735194],[-122.96677285,40.71739916],[-122.96670346,40.71742136],[-122.96664503,40.71742968],[-122.96657567,40.71740744],[-122.96645885,40.71736573],[-122.9662763,40.71732122],[-122.96611202,40.7172795],[-122.96599153,40.71726558],[-122.965882,40.71725443],[-122.9656812,40.71720992],[-122.96553151,40.7171682],[-122.96529054,40.71712924],[-122.96500941,40.71709303],[-122.96481955,40.7170902],[-122.9646954,40.71710127],[-122.96461871,40.71711792],[-122.96455297,40.71714568],[-122.96452009,40.71718734],[-122.9645091,40.71725124],[-122.96452002,40.71731792],[-122.96454919,40.71738183],[-122.96458933,40.71744018],[-122.96461849,40.71752354],[-122.96462942,40.71757632],[-122.9646221,40.717618],[-122.9645673,40.71765965],[-122.96449791,40.71769297],[-122.9643847,40.71772349],[-122.96426785,40.71773735],[-122.964151,40.71775954],[-122.9640962,40.71780675],[-122.96406697,40.71784564],[-122.96405597,40.71792064],[-122.96407052,40.71803733],[-122.96409967,40.71815125],[-122.96415072,40.71826795],[-122.96421274,40.71837632],[-122.96428937,40.71846524],[-122.96436237,40.71852638],[-122.96444631,40.71859031],[-122.96449375,40.71865422],[-122.96449372,40.71870978],[-122.96447542,40.71878757],[-122.96445347,40.71885979],[-122.96446074,40.71892092],[-122.96451548,40.71898205],[-122.96458849,40.71902375],[-122.96465783,40.71909878],[-122.9646943,40.71917658],[-122.96470157,40.71924326],[-122.96467598,40.71930437],[-122.96462117,40.71937103],[-122.96454446,40.71942935],[-122.96443487,40.71951266],[-122.96436543,40.71962933],[-122.9643179,40.71974877],[-122.96429229,40.71983489],[-122.96430322,40.71987934],[-122.9642959,40.71992101],[-122.96424841,40.71995156],[-122.96419361,40.72000433],[-122.96414977,40.72005154],[-122.96411687,40.72012099],[-122.96408756,40.72029601],[-122.96404365,40.72047657],[-122.96399611,40.72060991],[-122.96399241,40.72069326],[-122.96399602,40.72075993],[-122.96403615,40.72084051],[-122.96409086,40.7209461],[-122.96413461,40.72107391],[-122.96417839,40.72116005],[-122.9641893,40.72122395],[-122.96418928,40.72127118],[-122.96424039,40.72129342],[-122.96426957,40.72135177],[-122.96427318,40.72142123],[-122.96425121,40.72154068],[-122.9642183,40.72162958],[-122.96418905,40.7217018],[-122.96413422,40.72180735],[-122.96409037,40.72187124],[-122.96405747,40.72193513],[-122.96405743,40.72199903],[-122.96407931,40.72205737],[-122.96414501,40.72211574],[-122.96423992,40.72217689],[-122.964291,40.72224636],[-122.96429826,40.72232693],[-122.9642763,40.72242138],[-122.96426893,40.72254917],[-122.96430176,40.72261864],[-122.96431268,40.7226881],[-122.96431262,40.72279089],[-122.96431623,40.72286868],[-122.96433809,40.72296036],[-122.96434532,40.72310761],[-122.96462074,40.72412413],[-122.9643484,40.72410603],[-122.96418263,40.72409697],[-122.96388662,40.72406085],[-122.96354327,40.72397966],[-122.96319866,40.72393148],[-122.96297494,40.7238984],[-122.96300813,40.72396929],[-122.96303714,40.72402624],[-122.96305575,40.72407679],[-122.96305207,40.72412402],[-122.96303126,40.72416093],[-122.96300493,40.7241814],[-122.96294904,40.72421523],[-122.96289301,40.72423953],[-122.96284651,40.72427328],[-122.96282504,40.72430444],[-122.96280367,40.72434275],[-122.96276739,40.7244336],[-122.9627496,40.72450286],[-122.96272898,40.72459358],[-122.96273318,40.72466742],[-122.9627316,40.72477467],[-122.96274223,40.72486037],[-122.96274671,40.72495327],[-122.96275397,40.72502231],[-122.96273962,40.72511299],[-122.96272148,40.72515841],[-122.96268155,40.72521356],[-122.9625601,40.72526223],[-122.9625071,40.72527935],[-122.96245726,40.72529883],[-122.96241059,40.72532067],[-122.96235491,40.7253688],[-122.96230872,40.72542399],[-122.96227795,40.72546238],[-122.96224436,40.72552223],[-122.96221999,40.72557009],[-122.96220192,40.72562029],[-122.96216506,40.72567064],[-122.96212816,40.72571861],[-122.9620881,40.72576422],[-122.96201407,40.72584348],[-122.96196774,40.72588914],[-122.96191832,40.72593721],[-122.96187172,40.72596381],[-122.96176947,40.72604092],[-122.96172328,40.72609612],[-122.96169557,40.72612971],[-122.96166184,40.72618003],[-122.96163138,40.72623986],[-122.96161947,40.72628286],[-122.96160767,40.726333],[-122.96139469,40.72640378],[-122.96126251,40.72636781],[-122.96111458,40.72632945],[-122.96100759,40.72627194],[-122.96092893,40.72621444],[-122.96082509,40.72616172],[-122.96071809,40.72612576],[-122.96059848,40.72610657],[-122.96046628,40.72610173],[-122.96034352,40.72610648],[-122.96019873,40.72609445],[-122.96006339,40.72606806],[-122.95992807,40.72601294],[-122.95981778,40.72593443],[-122.95963618,40.72584039],[-122.95945456,40.72577952],[-122.95932378,40.72575183],[-122.95922932,40.7257518],[-122.95912758,40.72576834],[-122.95900403,40.72581252],[-122.95896667,40.72581975],[-122.95887369,40.72583775],[-122.95873519,40.72584489],[-122.95858096,40.72582567],[-122.95844249,40.72578491],[-122.95830402,40.72572979],[-122.95821278,40.72566509],[-122.95814988,40.72558126],[-122.95810272,40.72548545],[-122.95803036,40.72542077],[-122.95790448,40.72537762],[-122.95777543,40.72537038],[-122.95766842,40.72535119],[-122.95757402,40.72530565],[-122.95749537,40.72523378],[-122.95743877,40.72514995],[-122.95739476,40.72505893],[-122.95735391,40.72494636],[-122.95729707,40.72482238],[-122.95723898,40.72476155],[-122.95713004,40.72467859],[-122.95702679,40.72458224],[-122.95692299,40.72446486],[-122.95682861,40.72438101],[-122.95669647,40.72428518],[-122.95658321,40.72419892],[-122.95647311,40.72410549],[-122.95634901,40.7240174],[-122.9562359,40.72398066],[-122.95612959,40.72399346],[-122.95607729,40.72403945],[-122.95602636,40.7238414],[-122.95599,40.7237],[-122.95584,40.72351],[-122.95542,40.72331],[-122.95505989,40.7229699],[-122.95501713,40.72292951],[-122.95488,40.7228],[-122.95482,40.72226],[-122.95452,40.72203],[-122.95406,40.72184],[-122.95364,40.72155],[-122.95361,40.72088],[-122.95346,40.72045],[-122.95289,40.72004],[-122.95277,40.71965],[-122.95229,40.71953],[-122.95214,40.71935],[-122.95211,40.71875],[-122.95151,40.71827],[-122.95142,40.71711],[-122.95067,40.71663],[-122.95031,40.71608],[-122.95022972,40.71587718],[-122.95012,40.7156],[-122.95006,40.71452],[-122.94962,40.71396],[-122.94943,40.71372],[-122.94874,40.71313],[-122.94658,40.71233],[-122.94646,40.71157],[-122.94655,40.7113],[-122.94657,40.70985],[-122.94634,40.70946],[-122.94627,40.70896],[-122.94614466,40.70887644],[-122.94517796,40.70887323],[-122.94048131,40.70865356],[-122.94061208,40.69414447],[-122.94072133,40.69416959]]]},"properties":{"OBJECTID":1097989,"COUNTY":"TRINITY","CITY":"WVR","ZONE_NAME":null,"ZONE_ID":"US-CA-XTR-WVR-222","STATUS":"Evacuation Warning","EVENT_TYPE":null,"CRITICAL_INFO":null,"PUBLIC_INFO":null,"EDIT_DATE":1790964748000,"STATEWIDE_LAST_UPDATED":null,"NOTES":"ReadyTrinity Alert: The Trinity County Sheriff's Office has downgraded the evacuation from an Order to a Warning for zone(s) WVR-212, WVR-221, WVR-222, WVR-223, WVR-224. Be prepared to evacuate if conditions worsen. Continue to monitor updates at ReadyTrinity.org/events.  Road closures will remain for now.","SHAPE__Area":8597716.328125,"SHAPE__Length":15408.73216153833,"GlobalID":"b55ce1c3-e3c8-44e0-a659-9ac8c94c646c","CreationDate":1790964931000,"Creator":"CalOES_Scripts","EditDate":1790964931000,"Editor":"CalOES_Scripts"}},{"type":"Feature","id":1097990,"geometry":{"type":"Polygon","coordinates":[[[-122.99701704,40.6797525],[-122.99705683,40.67975297],[-123.01585917,40.68101739],[-123.01606367,40.6853754],[-123.01610319,40.68621757],[-123.01651032,40.69489204],[-123.01651764,40.6953227],[-123.01653372,40.69567485],[-123.01658594,40.69933972],[-123.01680816,40.71493539],[-123.01665337,40.71498852],[-123.01595719,40.71491628],[-123.0158529,40.71484162],[-123.0157854,40.71472495],[-123.01567497,40.71463162],[-123.01551547,40.7145243],[-123.01536212,40.71444498],[-123.01522102,40.71432365],[-123.01509831,40.71418832],[-123.01500628,40.71407166],[-123.01492653,40.71397832],[-123.0148529,40.71387566],[-123.01477928,40.71377299],[-123.01466885,40.71367966],[-123.01454617,40.71360034],[-123.01442962,40.71355368],[-123.01430081,40.71353503],[-123.01418427,40.71352104],[-123.01405547,40.71351172],[-123.013896,40.71350241],[-123.01379172,40.71349308],[-123.01363839,40.71348843],[-123.01349732,40.71348845],[-123.01333784,40.71348847],[-123.01320904,40.71349782],[-123.01309864,40.71350717],[-123.01298824,40.71351651],[-123.01284104,40.71353053],[-123.01276744,40.71354454],[-123.01266317,40.71356322],[-123.01258344,40.71357256],[-123.01249144,40.71356324],[-123.01242396,40.71353524],[-123.01233195,40.71349792],[-123.01224607,40.71344192],[-123.01211113,40.7134046],[-123.01197004,40.71331593],[-123.01179216,40.71322261],[-123.01159587,40.71314329],[-123.01143025,40.7130593],[-123.01131983,40.71295197],[-123.01124007,40.71278863],[-123.01119097,40.71255527],[-123.01117253,40.71232192],[-123.01110503,40.71215858],[-123.01097008,40.71202324],[-123.0108106,40.71196259],[-123.01057753,40.7119206],[-123.01036899,40.71188795],[-123.01006844,40.71182731],[-123.00960507,40.71172885],[-123.00939375,40.71163601],[-123.00924039,40.71146801],[-123.0090809,40.711258],[-123.00887849,40.71115067],[-123.00861475,40.71107602],[-123.00824675,40.71108538],[-123.00793396,40.7110994],[-123.00767023,40.71115076],[-123.00755984,40.71120677],[-123.00746784,40.71121144],[-123.0074065,40.71117411],[-123.00735743,40.71109944],[-123.00728383,40.71107144],[-123.00721023,40.71108545],[-123.00708757,40.71110879],[-123.00697717,40.71109946],[-123.00686062,40.71102013],[-123.00675635,40.71093146],[-123.0066766,40.71078212],[-123.0065846,40.71074478],[-123.00649873,40.71071212],[-123.00640673,40.71065145],[-123.00631472,40.71054878],[-123.00617365,40.71047878],[-123.00594672,40.71045079],[-123.00577499,40.71046947],[-123.00562166,40.71046014],[-123.00549286,40.71041347],[-123.00539472,40.71032014],[-123.00529045,40.71021747],[-123.00513711,40.71016147],[-123.00501445,40.71018481],[-123.00488566,40.71025015],[-123.0047262,40.71032483],[-123.00462808,40.71049752],[-123.00447717,40.71055336],[-123.0042601,40.71067022],[-123.00406385,40.71085224],[-123.00386147,40.71111827],[-123.00367749,40.71151965],[-123.00350578,40.71188369],[-123.00334633,40.71226173],[-123.00323595,40.71271445],[-123.00319916,40.71303648],[-123.00314202,40.7131068],[-123.00301871,40.71318187],[-123.00287896,40.71326319],[-123.00270633,40.71331949],[-123.00259124,40.71332575],[-123.00243505,40.71335703],[-123.00231997,40.71339456],[-123.00218022,40.71347588],[-123.00207335,40.71355095],[-123.00188428,40.71365729],[-123.00173631,40.71371359],[-123.00154928,40.71377858],[-123.0014157,40.71381368],[-123.00130883,40.71381368],[-123.00119374,40.71378866],[-123.00108688,40.71373862],[-123.00102933,40.7136573],[-123.00094712,40.71355096],[-123.00091424,40.7134196],[-123.00081559,40.71331327],[-123.00073338,40.71324446],[-123.00058541,40.71322569],[-123.00040455,40.71325697],[-123.0002648,40.7132945],[-123.0001826,40.71333203],[-123.00001819,40.71335705],[-122.99991954,40.71336331],[-122.99973046,40.71335705],[-122.99963182,40.71336331],[-122.99951673,40.71339459],[-122.99943452,40.71343837],[-122.99931943,40.71350092],[-122.99919612,40.71356973],[-122.99908103,40.71361352],[-122.99897416,40.71363228],[-122.99879331,40.71363853],[-122.99861245,40.71363853],[-122.99853025,40.71361976],[-122.99840694,40.71355721],[-122.99832473,40.71347589],[-122.99820143,40.71337581],[-122.99810278,40.71332576],[-122.99795481,40.71330074],[-122.99780003,40.71331009],[-122.99771715,40.71335513],[-122.99765795,40.71343621],[-122.99759875,40.71359837],[-122.99763426,40.71377854],[-122.99759874,40.71389566],[-122.99751586,40.7140488],[-122.99738562,40.71419294],[-122.99721986,40.71435509],[-122.99699317,40.71435841],[-122.99684432,40.71440245],[-122.99650527,40.7145157],[-122.99633988,40.71459749],[-122.9960918,40.71466041],[-122.99595121,40.71469815],[-122.99589332,40.71475478],[-122.99588505,40.71482399],[-122.99591812,40.71491838],[-122.99597601,40.71497501],[-122.99606697,40.71500647],[-122.99614966,40.71507569],[-122.99620754,40.7151512],[-122.9962158,40.71529592],[-122.99621579,40.71540289],[-122.99614963,40.71550356],[-122.99609174,40.71557906],[-122.99608346,40.71570491],[-122.99611653,40.71586221],[-122.99611653,40.71600694],[-122.99609171,40.71610132],[-122.99602554,40.7162775],[-122.99595111,40.71637188],[-122.99585187,40.71645996],[-122.99581879,40.71653547],[-122.99584359,40.71662985],[-122.99590974,40.71669278],[-122.99607513,40.7167557],[-122.99618264,40.71681863],[-122.99625706,40.71691931],[-122.99632321,40.7170074],[-122.99633974,40.71709549],[-122.9963232,40.71715841],[-122.99621569,40.71722762],[-122.99609164,40.71728425],[-122.99605029,40.71734717],[-122.99605855,40.7174856],[-122.99610816,40.71762403],[-122.99614123,40.717731],[-122.99620739,40.71780021],[-122.99632316,40.71790718],[-122.99633969,40.71800786],[-122.99630661,40.71812741],[-122.9962239,40.71826584],[-122.99618254,40.71841685],[-122.99614945,40.71859303],[-122.99613291,40.71872516],[-122.99606674,40.71883213],[-122.99593442,40.71894538],[-122.99572767,40.719002],[-122.99542168,40.71902716],[-122.99514877,40.71903973],[-122.99480143,40.7190586],[-122.99458641,40.71911522],[-122.99443754,40.71917184],[-122.9942359,40.71922871],[-122.9939991,40.71924671],[-122.99379781,40.71927373],[-122.99356919,40.71929764],[-122.99333762,40.71936055],[-122.9931474,40.71944233],[-122.99299854,40.71953041],[-122.99291582,40.71967513],[-122.99284137,40.71985131],[-122.99276692,40.72003377],[-122.99275577,40.7201385],[-122.9926263,40.72029804],[-122.99250224,40.72039241],[-122.99239473,40.72041758],[-122.9922624,40.72042386],[-122.99198123,40.7203735],[-122.9916587,40.72032314],[-122.99134444,40.72029166],[-122.99087312,40.72025548],[-122.99069551,40.72027348],[-122.9905771,40.72032753],[-122.99047052,40.72043562],[-122.99039946,40.72053471],[-122.99031656,40.72062479],[-122.99022184,40.72066082],[-122.99017448,40.72061577],[-122.99012713,40.7205437],[-122.99004426,40.7204536],[-122.98991401,40.72043557],[-122.98909713,40.71974183],[-122.98927475,40.71965176],[-122.98942868,40.71962474],[-122.98958261,40.71957971],[-122.98970104,40.71946261],[-122.98976026,40.7193455],[-122.9897366,40.71920136],[-122.98967742,40.71906623],[-122.98958271,40.71895811],[-122.98948801,40.71880495],[-122.98940516,40.71860675],[-122.98936966,40.71849865],[-122.98928682,40.71826441],[-122.98900266,40.71820132],[-122.98875403,40.71814725],[-122.98837516,40.71809316],[-122.98810284,40.71809313],[-122.98771211,40.71812912],[-122.98738057,40.71820116],[-122.98710822,40.71831824],[-122.98687139,40.71848037],[-122.98668191,40.7186425],[-122.98652797,40.71876861],[-122.9863977,40.71886769],[-122.98618458,40.71888568],[-122.9860425,40.71887665],[-122.98585305,40.71888564],[-122.98565175,40.71896669],[-122.98547412,40.71907478],[-122.98532019,40.71912881],[-122.9850597,40.71911977],[-122.98469266,40.71907467],[-122.98451506,40.71907465],[-122.98424271,40.7191647],[-122.98397036,40.71928178],[-122.98380457,40.71937184],[-122.98366247,40.71944389],[-122.98348487,40.71943485],[-122.98329542,40.71945284],[-122.98305862,40.71940777],[-122.98275078,40.71939871],[-122.98249029,40.71940768],[-122.98215875,40.71944366],[-122.98189826,40.71946164],[-122.98174432,40.71950666],[-122.9816259,40.7195697],[-122.98154299,40.71966879],[-122.98144824,40.71976787],[-122.98130614,40.71980388],[-122.9811759,40.71981286],[-122.98104566,40.71980383],[-122.98093911,40.71974075],[-122.98087993,40.71965967],[-122.98086875,40.7196256],[-122.97753274,40.71998064],[-122.97432623,40.72009551],[-122.97409517,40.72025291],[-122.97382278,40.72039699],[-122.97362148,40.72044199],[-122.97343201,40.72047798],[-122.97326622,40.72055001],[-122.97301756,40.72055896],[-122.97280443,40.72055891],[-122.97261497,40.7205949],[-122.97238998,40.72063989],[-122.97220051,40.72069389],[-122.97195183,40.7207659],[-122.97172682,40.72084693],[-122.97148997,40.72095497],[-122.97125311,40.72105401],[-122.97100443,40.72111701],[-122.97079129,40.72114398],[-122.97059,40.72113492],[-122.97032952,40.72110783],[-122.97010456,40.72108074],[-122.96982038,40.72108968],[-122.96954803,40.72113465],[-122.96932302,40.72120666],[-122.96916906,40.7212877],[-122.96912279,40.72131471],[-122.96900324,40.72137774],[-122.9688966,40.72153987],[-122.96870708,40.72170197],[-122.96851756,40.72184606],[-122.96832804,40.72198114],[-122.96820625,40.72206568],[-122.96805561,40.72217025],[-122.96785428,40.72225127],[-122.9676411,40.72235031],[-122.96738055,40.72244933],[-122.96712004,40.72247628],[-122.96690688,40.72252126],[-122.96674107,40.72260229],[-122.96657523,40.72272837],[-122.96648041,40.72290851],[-122.96639745,40.72305263],[-122.96626712,40.72322376],[-122.96633175,40.72322489],[-122.96639382,40.7232388],[-122.96642301,40.72328604],[-122.96643028,40.72336105],[-122.96639372,40.72343883],[-122.9663462,40.72353327],[-122.9662914,40.72358327],[-122.96625849,40.72367494],[-122.96622122,40.72376761],[-122.96575954,40.72377337],[-122.9655208,40.72386315],[-122.96531944,40.72398021],[-122.96511812,40.72402519],[-122.96486942,40.72409718],[-122.96462074,40.72412413],[-122.96434532,40.72310761],[-122.96433809,40.72296036],[-122.96431623,40.72286868],[-122.96431262,40.72279089],[-122.96431268,40.7226881],[-122.96430176,40.72261864],[-122.96426893,40.72254917],[-122.9642763,40.72242138],[-122.96429826,40.72232693],[-122.964291,40.72224636],[-122.96423992,40.72217689],[-122.96414501,40.72211574],[-122.96407931,40.72205737],[-122.96405743,40.72199903],[-122.96405747,40.72193513],[-122.96409037,40.72187124],[-122.96413422,40.72180735],[-122.96418905,40.7217018],[-122.9642183,40.72162958],[-122.96425121,40.72154068],[-122.96427318,40.72142123],[-122.96426957,40.72135177],[-122.96424039,40.72129342],[-122.96418928,40.72127118],[-122.9641893,40.72122395],[-122.96417839,40.72116005],[-122.96413461,40.72107391],[-122.96409086,40.7209461],[-122.96403615,40.72084051],[-122.96399602,40.72075993],[-122.96399241,40.72069326],[-122.96399611,40.72060991],[-122.96404365,40.72047657],[-122.96408756,40.72029601],[-122.96411687,40.72012099],[-122.96414977,40.72005154],[-122.96419361,40.72000433],[-122.96424841,40.71995156],[-122.9642959,40.71992101],[-122.96430322,40.71987934],[-122.96429229,40.71983489],[-122.9643179,40.71974877],[-122.96436543,40.71962933],[-122.96443487,40.71951266],[-122.96454446,40.71942935],[-122.96462117,40.71937103],[-122.96467598,40.71930437],[-122.96470157,40.71924326],[-122.9646943,40.71917658],[-122.96465783,40.71909878],[-122.96458849,40.71902375],[-122.96451548,40.71898205],[-122.96446074,40.71892092],[-122.96445347,40.71885979],[-122.96447542,40.71878757],[-122.96449372,40.71870978],[-122.96449375,40.71865422],[-122.96444631,40.71859031],[-122.96436237,40.71852638],[-122.96428937,40.71846524],[-122.96421274,40.71837632],[-122.96415072,40.71826795],[-122.96409967,40.71815125],[-122.96407052,40.71803733],[-122.96405597,40.71792064],[-122.96406697,40.71784564],[-122.9640962,40.71780675],[-122.964151,40.71775954],[-122.96426785,40.71773735],[-122.9643847,40.71772349],[-122.96449791,40.71769297],[-122.9645673,40.71765965],[-122.9646221,40.717618],[-122.96462942,40.71757632],[-122.96461849,40.71752354],[-122.96458933,40.71744018],[-122.96454919,40.71738183],[-122.96452002,40.71731792],[-122.9645091,40.71725124],[-122.96452009,40.71718734],[-122.96455297,40.71714568],[-122.96461871,40.71711792],[-122.9646954,40.71710127],[-122.96481955,40.7170902],[-122.96500941,40.71709303],[-122.96529054,40.71712924],[-122.96553151,40.7171682],[-122.9656812,40.71720992],[-122.965882,40.71725443],[-122.96599153,40.71726558],[-122.96611202,40.7172795],[-122.9662763,40.71732122],[-122.96645885,40.71736573],[-122.96657567,40.71740744],[-122.96664503,40.71742968],[-122.96670346,40.71742136],[-122.96677285,40.71739916],[-122.96683129,40.71735194],[-122.96688244,40.71728806],[-122.96690803,40.71723806],[-122.96693362,40.71717139],[-122.96692271,40.71707971],[-122.96688624,40.71699913],[-122.96683151,40.71690188],[-122.96676218,40.71681296],[-122.96672936,40.71673516],[-122.96673304,40.71667404],[-122.96676593,40.71661293],[-122.96683168,40.71657405],[-122.96695583,40.71654908],[-122.9671311,40.71652969],[-122.96726986,40.7165075],[-122.96737943,40.7164603],[-122.96750724,40.71641867],[-122.96767521,40.71638815],[-122.96779937,40.71635207],[-122.96803309,40.7162799],[-122.96820107,40.71622716],[-122.96833254,40.71618275],[-122.96851879,40.71611334],[-122.96866487,40.71604671],[-122.96876714,40.71596339],[-122.96882925,40.71588839],[-122.96887309,40.71583562],[-122.96899361,40.71578009],[-122.96913968,40.71572734],[-122.96926384,40.71567737],[-122.96939534,40.71557183],[-122.96951222,40.71547463],[-122.96961449,40.71539686],[-122.97075033,40.71468872],[-122.97089277,40.71458041],[-122.97107174,40.71443876],[-122.97118132,40.71435544],[-122.97132742,40.71422213],[-122.97143335,40.71411103],[-122.97150641,40.71401103],[-122.97158315,40.71385825],[-122.97164528,40.71372491],[-122.9716782,40.71359156],[-122.9716965,40.713486],[-122.97172573,40.71341655],[-122.97177322,40.71335822],[-122.97184261,40.71331378],[-122.97177747,40.71308141],[-122.97164075,40.71279504],[-122.97153731,40.7125518],[-122.97146286,40.71216951],[-122.97145422,40.71183479],[-122.97145436,40.71149695],[-122.97138076,40.71128352],[-122.97129096,40.71110571],[-122.97114053,40.7108829],[-122.97091724,40.7107322],[-122.97069922,40.71059892],[-122.9706081,40.7104412],[-122.97052528,40.71027085],[-122.97043413,40.71018725],[-122.97034153,40.71014326],[-122.97019313,40.71009188],[-122.96967914,40.70989615],[-122.96958876,40.70980381],[-122.96954322,40.70969183],[-122.96930556,40.70925592],[-122.96914209,40.7090425],[-122.96902535,40.70884687],[-122.96891784,40.70863821],[-122.96878533,40.70838585],[-122.96866934,40.70824704],[-122.96861135,40.7081666],[-122.96847876,40.70809402],[-122.9682757,40.70801826],[-122.96815762,40.70793307],[-122.9678109,40.70754848],[-122.96762742,40.70727057],[-122.96743273,40.7070387],[-122.96734785,40.7068652],[-122.96724435,40.70663335],[-122.96720102,40.70624223],[-122.96711622,40.70591419],[-122.96707485,40.70575963],[-122.96699825,40.70560663],[-122.9668306,40.70536107],[-122.96659708,40.70509428],[-122.96635408,40.70499298],[-122.96620701,40.70488413],[-122.96601308,40.70480961],[-122.96573274,40.70472062],[-122.9656476,40.70468525],[-122.96557509,40.70464738],[-122.96552252,40.70459608],[-122.96547363,40.70450227],[-122.96543225,40.70436663],[-122.96541582,40.70408118],[-122.96538905,40.70376577],[-122.96533186,40.7035788],[-122.96529595,40.70346926],[-122.96530845,40.70334626],[-122.96535825,40.7032138],[-122.96558635,40.70290004],[-122.96578054,40.70264019],[-122.96591607,40.70243334],[-122.96597211,40.70224569],[-122.96596775,40.70207124],[-122.96594737,40.7020044],[-122.96589147,40.70191922],[-122.96580432,40.70182224],[-122.96564711,40.70161794],[-122.96538401,40.70134202],[-122.96519977,40.70114627],[-122.96508792,40.70105319],[-122.96487256,40.70078188],[-122.96470684,40.70061277],[-122.96447327,40.70048822],[-122.96426305,40.70038147],[-122.96402948,40.70025693],[-122.9637492,40.7000968],[-122.96361729,40.69996932],[-122.96347229,40.69989673],[-122.9633832,40.6998762],[-122.96330032,40.69986514],[-122.96318427,40.69987929],[-122.96311845,40.69995435],[-122.96302488,40.7001677],[-122.96295469,40.70034549],[-122.96288966,40.70056047],[-122.96279015,40.70064087],[-122.96266578,40.7007118],[-122.96262432,40.70075594],[-122.96260398,40.7008077],[-122.96265054,40.70109222],[-122.96272046,40.70141231],[-122.96272034,40.70162569],[-122.96269215,40.70174476],[-122.96261541,40.7018567],[-122.96242262,40.70200646],[-122.96230031,40.70209631],[-122.9622049,40.70225082],[-122.96206567,40.70244343],[-122.96194571,40.70255037],[-122.96184415,40.70259607],[-122.96170323,40.70261337],[-122.96154365,40.70264801],[-122.96134886,40.70265268],[-122.96125562,40.70264319],[-122.96113101,40.70258537],[-122.96091523,40.70257402],[-122.9606548,40.70260096],[-122.96052454,40.70267299],[-122.96042982,40.702718],[-122.96035874,40.70281707],[-122.960335,40.70291616],[-122.96037042,40.70306932],[-122.96038216,40.70324049],[-122.96044123,40.70342969],[-122.96053583,40.7036099],[-122.96063046,40.70372705],[-122.96060671,40.70385316],[-122.96057112,40.70397927],[-122.9605829,40.70407837],[-122.96064202,40.70419551],[-122.96073663,40.7043577],[-122.96074839,40.70448382],[-122.96074832,40.70460094],[-122.96072462,40.70464597],[-122.96067725,40.70467298],[-122.96061808,40.70463693],[-122.96053525,40.70459185],[-122.96046427,40.70451075],[-122.9603578,40.70438459],[-122.96023953,40.70421339],[-122.96013312,40.70399714],[-122.96003851,40.70385297],[-122.95996755,40.70373583],[-122.95986104,40.70368174],[-122.95970719,40.70361862],[-122.95962439,40.70352851],[-122.95952975,40.70342938],[-122.95939967,40.70321312],[-122.9592932,40.70309597],[-122.95917489,40.70298782],[-122.95904476,40.70286165],[-122.95893833,40.70268144],[-122.95886739,40.70254628],[-122.95877275,40.70244715],[-122.95864259,40.70237504],[-122.95845324,40.70229389],[-122.95834673,40.70225782],[-122.95813369,40.70221269],[-122.95796796,40.70222164],[-122.95774306,40.70220354],[-122.95760101,40.70220349],[-122.95748269,40.70213138],[-122.95739991,40.70199622],[-122.95731712,40.70188808],[-122.95718698,40.70178894],[-122.95697398,40.70168075],[-122.95672545,40.70159057],[-122.95658344,40.70153646],[-122.95645329,40.70144633],[-122.95632317,40.70131115],[-122.95621674,40.70114895],[-122.95620501,40.70098679],[-122.95625244,40.70086969],[-122.95664296,40.70076674],[-122.95665574,40.70060935],[-122.95666826,40.70043482],[-122.95663661,40.70032356],[-122.9564709,40.70016622],[-122.95629302,40.7000762],[-122.95621047,40.69989427],[-122.95647636,40.69999251],[-122.95819297,40.69673887],[-122.96145454,40.69348508],[-122.96174,40.69345],[-122.96257,40.69283],[-122.96283,40.69253],[-122.96294,40.69236],[-122.96327,40.69208],[-122.96346,40.69194],[-122.96368,40.69156],[-122.96381,40.69139],[-122.96418,40.69104],[-122.96436,40.69084],[-122.96455,40.69049],[-122.96502,40.69008],[-122.96526,40.68991],[-122.96545,40.68981],[-122.9659,40.68974],[-122.96645,40.68953],[-122.96676,40.68945],[-122.96705145,40.68928458],[-122.9671286,40.68923804],[-122.96709532,40.68919145],[-122.96706294,40.68914611],[-122.96703,40.6891],[-122.96689384,40.6887233],[-122.96684192,40.68848966],[-122.96718,40.68843],[-122.96764,40.68846],[-122.96858,40.68844],[-122.96883,40.68841],[-122.96901,40.68833],[-122.96914,40.68822],[-122.9691716,40.68817576],[-122.96924,40.68808],[-122.96947,40.68792],[-122.97015,40.6876],[-122.97034,40.68755],[-122.97142,40.68735],[-122.97185,40.68719],[-122.97237,40.68709],[-122.97297,40.68688],[-122.97356599,40.68673977],[-122.97839416,40.68645369],[-122.97836077,40.67951234],[-122.99701704,40.6797525]]]},"properties":{"OBJECTID":1097990,"COUNTY":"TRINITY","CITY":"WVR","ZONE_NAME":null,"ZONE_ID":"US-CA-XTR-WVR-221","STATUS":"Evacuation Warning","EVENT_TYPE":null,"CRITICAL_INFO":null,"PUBLIC_INFO":null,"EDIT_DATE":1790964748000,"STATEWIDE_LAST_UPDATED":null,"NOTES":"ReadyTrinity Alert: The Trinity County Sheriff's Office has downgraded the evacuation from an Order to a Warning for zone(s) WVR-212, WVR-221, WVR-222, WVR-223, WVR-224. Be prepared to evacuate if conditions worsen. Continue to monitor updates at ReadyTrinity.org/events.  Road closures will remain for now.","SHAPE__Area":29821799.76953125,"SHAPE__Length":28609.413477902031,"GlobalID":"5fe9ad02-0239-4368-94d1-ade685bd179e","CreationDate":1790964931000,"Creator":"CalOES_Scripts","EditDate":1790964931000,"Editor":"CalOES_Scripts"}},{"type":"Feature","id":1097991,"geometry":{"type":"Polygon","coordinates":[[[-122.95022972,40.71587718],[-122.94968876,40.7163244],[-122.94502794,40.71626074],[-122.94467633,40.71623223],[-122.94021312,40.71618225],[-122.93921315,40.71622846],[-122.93888803,40.71592815],[-122.93703457,40.71421598],[-122.93561568,40.71364116],[-122.93561416,40.71360206],[-122.93542916,40.70882813],[-122.94048131,40.70865356],[-122.94517796,40.70887323],[-122.94614466,40.70887644],[-122.94627,40.70896],[-122.94634,40.70946],[-122.94657,40.70985],[-122.94655,40.7113],[-122.94646,40.71157],[-122.94658,40.71233],[-122.94874,40.71313],[-122.94943,40.71372],[-122.94962,40.71396],[-122.95006,40.71452],[-122.95012,40.7156],[-122.95022972,40.71587718]]]},"properties":{"OBJECTID":1097991,"COUNTY":"TRINITY","CITY":"WVR","ZONE_NAME":null,"ZONE_ID":"US-CA-XTR-WVR-224","STATUS":"Evacuation Warning","EVENT_TYPE":null,"CRITICAL_INFO":null,"PUBLIC_INFO":null,"EDIT_DATE":1790964748000,"STATEWIDE_LAST_UPDATED":null,"NOTES":"ReadyTrinity Alert: The Trinity County Sheriff's Office has downgraded the evacuation from an Order to a Warning for zone(s) WVR-212, WVR-221, WVR-222, WVR-223, WVR-224. Be prepared to evacuate if conditions worsen. Continue to monitor updates at ReadyTrinity.org/events.  Road closures will remain for now.","SHAPE__Area":1431501.33984375,"SHAPE__Length":4961.7219723542021,"GlobalID":"95b138e7-5490-471b-8f06-304abcf60ef2","CreationDate":1790964931000,"Creator":"CalOES_Scripts","EditDate":1790964931000,"Editor":"CalOES_Scripts"}}]}