{"type":"FeatureCollection","features":[{"type":"Feature","id":1097674,"geometry":{"type":"Polygon","coordinates":[[[-117.16912262,32.92499243],[-117.16965827,32.92469327],[-117.17023573,32.92535856],[-117.17177765,32.92470634],[-117.1713022,32.92377513],[-117.17133891,32.92375463],[-117.17135696,32.92311718],[-117.17138597,32.92209309],[-117.17140185,32.92153257],[-117.1714122,32.92116714],[-117.171429,32.92096879],[-117.17143107,32.92044843],[-117.17143379,32.91975956],[-117.17180857,32.91976781],[-117.17179986,32.91916317],[-117.1720892,32.9189649],[-117.1724493,32.9187634],[-117.172799,32.9186188],[-117.17302438,32.91853399],[-117.1731017,32.9185049],[-117.1734097,32.9184173],[-117.1739452,32.91831295],[-117.1739685,32.91981536],[-117.17831726,32.91985292],[-117.17859766,32.91970151],[-117.17983635,32.92020133],[-117.18009951,32.92043297],[-117.18144363,32.92057402],[-117.18160889,32.92079266],[-117.18108726,32.92138752],[-117.18160293,32.92176843],[-117.18201605,32.9216966],[-117.18257326,32.92106581],[-117.18350698,32.92000875],[-117.18389494,32.91971722],[-117.18353344,32.91943136],[-117.18344803,32.91906095],[-117.18441337,32.9185177],[-117.18481427,32.91883075],[-117.18580411,32.91875454],[-117.18657207,32.91851294],[-117.18689114,32.91831381],[-117.18699145,32.91825081],[-117.18772197,32.9179979],[-117.18887271,32.91742572],[-117.18980786,32.91657935],[-117.1909424,32.916021],[-117.19239058,32.91576358],[-117.19298218,32.91471462],[-117.1939616,32.9148858],[-117.19458349,32.91514216],[-117.19503996,32.91516615],[-117.19545013,32.91483717],[-117.19604147,32.91436142],[-117.1966986,32.91421739],[-117.19704889,32.91410634],[-117.19742004,32.91377367],[-117.19840792,32.91392999],[-117.19996323,32.91391356],[-117.20023165,32.9137246],[-117.2004772,32.91322797],[-117.20184716,32.91335486],[-117.20193901,32.91331642],[-117.2023824,32.91313085],[-117.20250353,32.91288255],[-117.20243908,32.91234708],[-117.20260003,32.91203157],[-117.20267838,32.91187799],[-117.20249739,32.91171447],[-117.2027672,32.91105275],[-117.20269002,32.9108472],[-117.20310126,32.91030807],[-117.20365306,32.91006936],[-117.20397524,32.91004715],[-117.2055326,32.90945772],[-117.20663009,32.90850525],[-117.20644286,32.90806694],[-117.20646683,32.90727517],[-117.20648488,32.90707655],[-117.20651553,32.90706759],[-117.2065685,32.9070521],[-117.2067178,32.9070234],[-117.207016,32.906966],[-117.2072511,32.9069438],[-117.2073815,32.9069315],[-117.2078126,32.9069418],[-117.2084285,32.907028],[-117.2089704,32.9071762],[-117.2095247,32.9073107],[-117.2099477,32.9073693],[-117.21035,32.9073762],[-117.2106785,32.9073727],[-117.2113601,32.9072865],[-117.2118897,32.9071314],[-117.2120037,32.9070876],[-117.2123291,32.9069625],[-117.2125508,32.906866],[-117.2127889,32.9067074],[-117.2131585,32.9064351],[-117.2134582,32.9061766],[-117.2136881,32.9059008],[-117.2138524,32.9056629],[-117.2144111,32.90584153],[-117.21541146,32.90585751],[-117.21604443,32.90578296],[-117.21773757,32.90575838],[-117.21827336,32.90569182],[-117.21951532,32.9053547],[-117.22003613,32.90526518],[-117.22169009,32.90523657],[-117.22193702,32.90519364],[-117.22222721,32.90505253],[-117.22265584,32.90473971],[-117.22315902,32.90449877],[-117.22378181,32.90440691],[-117.22381676,32.9044478],[-117.2241764,32.9048685],[-117.2244253,32.9052288],[-117.2249666,32.9061073],[-117.22579113,32.90749447],[-117.22445726,32.90821915],[-117.22430032,32.90832723],[-117.22359332,32.90881409],[-117.22343859,32.90892064],[-117.22329671,32.90901835],[-117.22318894,32.90893421],[-117.22315406,32.9089068],[-117.22256297,32.9084418],[-117.22250187,32.90839378],[-117.2224505,32.90844018],[-117.22158517,32.90922122],[-117.21721508,32.90920848],[-117.21719735,32.91070538],[-117.21718821,32.91147696],[-117.21718654,32.91161759],[-117.2171848,32.91176446],[-117.21718302,32.91191408],[-117.2171812,32.9120682],[-117.21717935,32.91222369],[-117.21717806,32.91233196],[-117.21717223,32.91282416],[-117.21684221,32.9127585],[-117.21674488,32.91273935],[-117.21624135,32.9126403],[-117.21583947,32.91256122],[-117.21568241,32.91319207],[-117.21559536,32.91354174],[-117.21579214,32.91408831],[-117.21583567,32.91420922],[-117.21548474,32.91484644],[-117.21529354,32.91477198],[-117.21357153,32.91410603],[-117.2133973,32.9144247],[-117.21307252,32.91501872],[-117.21317526,32.91533673],[-117.21327729,32.91543072],[-117.21427743,32.91635193],[-117.21413208,32.91651363],[-117.21407097,32.91652852],[-117.21430597,32.91663102],[-117.21448621,32.9169793],[-117.21442172,32.91703185],[-117.21437606,32.91705811],[-117.21432438,32.91707463],[-117.2142698,32.9170805],[-117.21420444,32.91708101],[-117.21413536,32.91707326],[-117.21408224,32.91706019],[-117.21398836,32.91702267],[-117.21392224,32.91699228],[-117.21379224,32.91694471],[-117.21370031,32.91692246],[-117.21361615,32.91690543],[-117.21356163,32.91689728],[-117.21350637,32.91689439],[-117.21345108,32.91689679],[-117.21339646,32.91690444],[-117.21334322,32.91691726],[-117.21329205,32.91693508],[-117.21324358,32.91695766],[-117.21319846,32.91698472],[-117.21312939,32.91708232],[-117.21310981,32.91714974],[-117.2131058,32.91722181],[-117.21310642,32.91730191],[-117.21309451,32.91734731],[-117.21302836,32.91744049],[-117.21291934,32.91755904],[-117.21278698,32.9176645],[-117.21257947,32.9178139],[-117.21247848,32.91786119],[-117.21230717,32.91791641],[-117.21220494,32.9179599],[-117.21207027,32.91799891],[-117.21201627,32.9180055],[-117.21196269,32.9179948],[-117.21191755,32.91796819],[-117.21183279,32.91786443],[-117.21164022,32.91771353],[-117.21140222,32.91766673],[-117.21043461,32.91789141],[-117.21026031,32.9181105],[-117.21041734,32.9183355],[-117.20992725,32.91906384],[-117.20995873,32.91920363],[-117.21005201,32.91961675],[-117.21014478,32.9200286],[-117.21003543,32.92002816],[-117.20982043,32.92002729],[-117.20966196,32.92002665],[-117.20915606,32.9200246],[-117.20904908,32.92002417],[-117.20898205,32.9200249],[-117.20895075,32.92002524],[-117.208789,32.920027],[-117.20449156,32.92000713],[-117.204248,32.920006],[-117.19103402,32.92733135],[-117.18574,32.930266],[-117.17816408,32.93447023],[-117.17467582,32.93640487],[-117.17414481,32.93679759],[-117.17185028,32.93803582],[-117.16918367,32.93948056],[-117.16918348,32.93944228],[-117.16917743,32.93837261],[-117.16917703,32.93830035],[-117.16917947,32.93759946],[-117.16918075,32.93714257],[-117.16918818,32.93447109],[-117.16919856,32.93128872],[-117.16912262,32.92499243]]]},"properties":{"OBJECTID":1097674,"COUNTY":"SAN DIEGO","CITY":"SDC","ZONE_NAME":null,"ZONE_ID":"US-CA-XSD-SDC-1444-A","STATUS":"Evacuation Order","EVENT_TYPE":null,"CRITICAL_INFO":null,"PUBLIC_INFO":null,"EDIT_DATE":1786933088000,"STATEWIDE_LAST_UPDATED":null,"NOTES":"SDPD - Sorrento Fire Update. Evacuation order remains in place for Los Penasquitos Canyon Preserve. All surrounding residential areas are open. Please stay clear of the Preserve and be cautious of First Responders working in the general area. 8/16/26 717pm.   ","SHAPE__Area":8776250.6796875,"SHAPE__Length":20179.565579245358,"GlobalID":"0f87b4d7-b9b4-46ce-92f3-f45eaafc28dc","CreationDate":1788335714107,"Creator":"CalOES_Scripts","EditDate":1788335714107,"Editor":"CalOES_Scripts"}},{"type":"Feature","id":1097675,"geometry":{"type":"Polygon","coordinates":[[[-121.59919854,36.12484345],[-121.59887372,36.12503777],[-121.59818369,36.12509244],[-121.59796883,36.12515612],[-121.59763855,36.12525401],[-121.59747758,36.125321],[-121.59726633,36.12540892],[-121.59681174,36.12563731],[-121.59665169,36.12567861],[-121.59655564,36.1257034],[-121.59650581,36.12574186],[-121.59594206,36.12617692],[-121.59570898,36.12634054],[-121.59558418,36.12648592],[-121.59554613,36.12653063],[-121.59534322,36.12690295],[-121.59514487,36.12716065],[-121.59505327,36.12727966],[-121.5950719,36.12740915],[-121.59511162,36.12768516],[-121.59502744,36.1283211],[-121.59504711,36.12865779],[-121.59513103,36.12890764],[-121.59531625,36.12911142],[-121.59553024,36.12951094],[-121.59594585,36.13039481],[-121.59618951,36.13070882],[-121.59616968,36.13096267],[-121.59615633,36.131624],[-121.59602118,36.1319807],[-121.59569502,36.13224383],[-121.59570154,36.13244292],[-121.59574917,36.13296131],[-121.5959771,36.13359931],[-121.59595602,36.13369361],[-121.59594637,36.13373676],[-121.59593588,36.13378368],[-121.59574722,36.13391264],[-121.59565254,36.13397736],[-121.59557944,36.134061],[-121.5953601,36.13431198],[-121.59506521,36.13460452],[-121.59500906,36.1346624],[-121.59485268,36.1348236],[-121.59479722,36.13499372],[-121.59476449,36.13509413],[-121.59450655,36.13572269],[-121.59391591,36.13629374],[-121.59361436,36.13676931],[-121.59325956,36.13707399],[-121.59316871,36.137152],[-121.5927379,36.13749194],[-121.59254675,36.13778049],[-121.59236664,36.13825038],[-121.59213271,36.1385535],[-121.59198148,36.13878642],[-121.59170464,36.1390475],[-121.590332,36.14018012],[-121.59033102,36.14016313],[-121.59037459,36.14005805],[-121.59027925,36.14002195],[-121.59015791,36.13984758],[-121.59005389,36.1398082],[-121.58988977,36.13989163],[-121.58946389,36.14008663],[-121.58925999,36.14012756],[-121.5891005,36.14009286],[-121.58857407,36.13996206],[-121.58840464,36.13988593],[-121.58835046,36.13981592],[-121.58820761,36.13962296],[-121.58819999,36.13952247],[-121.58829536,36.1393017],[-121.58828699,36.13912963],[-121.58851822,36.13892542],[-121.58859013,36.13864269],[-121.5884674,36.13855512],[-121.5877734,36.13840368],[-121.5874511,36.13810527],[-121.58719492,36.13805638],[-121.58650664,36.1382374],[-121.58529926,36.13833996],[-121.58432174,36.1382228],[-121.5837239,36.13807701],[-121.58356149,36.13800803],[-121.58349293,36.13795941],[-121.58342231,36.13790932],[-121.5830321,36.13773749],[-121.58243678,36.13766324],[-121.58219221,36.13759232],[-121.5819543,36.13739223],[-121.58175946,36.13732359],[-121.58153614,36.13730266],[-121.58124864,36.13727572],[-121.58108937,36.13717945],[-121.58088651,36.13693651],[-121.58091649,36.13667899],[-121.58089237,36.13646778],[-121.58057263,36.13624566],[-121.58040619,36.13620254],[-121.5803454,36.1361707],[-121.58031349,36.13616066],[-121.58029899,36.13614359],[-121.58028255,36.13611728],[-121.58027501,36.13609321],[-121.58020023,36.1358546],[-121.5799444,36.13574243],[-121.57985789,36.13567076],[-121.57895189,36.13492009],[-121.57892818,36.13490044],[-121.57772045,36.13410309],[-121.57712382,36.1336865],[-121.57670871,36.13339665],[-121.57658161,36.13327667],[-121.57612183,36.13284265],[-121.57574901,36.13239293],[-121.57521337,36.13152764],[-121.57470455,36.13123287],[-121.5746503,36.13120144],[-121.57462146,36.13118473],[-121.57405256,36.13093936],[-121.57375792,36.13064131],[-121.57344226,36.13031982],[-121.57327892,36.13015346],[-121.57292587,36.12974517],[-121.57260455,36.12951792],[-121.57249208,36.12943838],[-121.57208741,36.1292688],[-121.57169267,36.12910338],[-121.57127944,36.12885204],[-121.57105121,36.12870553],[-121.57072133,36.12849376],[-121.57013599,36.12826306],[-121.56989004,36.12820253],[-121.56968119,36.12815114],[-121.56934475,36.12806834],[-121.56918558,36.12807961],[-121.56891324,36.1280989],[-121.56846851,36.12820026],[-121.56803536,36.12820275],[-121.56799562,36.12820427],[-121.56792515,36.12820696],[-121.56746468,36.12822456],[-121.56666431,36.12817077],[-121.56633227,36.12814604],[-121.56583931,36.12799139],[-121.56535265,36.12796779],[-121.56449827,36.12804688],[-121.56431831,36.12806354],[-121.56375923,36.12798646],[-121.56309069,36.12781514],[-121.5625662,36.12773674],[-121.56200956,36.12770174],[-121.56181315,36.127662],[-121.5616564,36.12763028],[-121.56148344,36.12759528],[-121.56145799,36.12757432],[-121.56101023,36.12720558],[-121.56056244,36.12695552],[-121.56016145,36.12691458],[-121.5593684,36.12698701],[-121.55886816,36.12722692],[-121.5585084,36.12739944],[-121.55821685,36.12745274],[-121.5580077,36.12743259],[-121.55788206,36.12743188],[-121.55672475,36.12742527],[-121.55617867,36.12757263],[-121.55583443,36.12761387],[-121.55538138,36.1276701],[-121.55518053,36.12769503],[-121.55468146,36.12775623],[-121.5541124,36.12780603],[-121.55357816,36.12755924],[-121.55326793,36.12728984],[-121.55326627,36.12726105],[-121.55325332,36.12703732],[-121.55333678,36.12668263],[-121.55331323,36.12627577],[-121.55312244,36.12597371],[-121.55263092,36.12586589],[-121.55205432,36.12608469],[-121.55181011,36.12615441],[-121.55154283,36.12623071],[-121.55085841,36.12638331],[-121.55005212,36.12652649],[-121.54947981,36.12652016],[-121.54890102,36.12640158],[-121.54858325,36.12630119],[-121.54799716,36.12605634],[-121.5475832,36.12579088],[-121.54723968,36.12552838],[-121.54705737,36.12538907],[-121.54674722,36.12522799],[-121.54662856,36.12516635],[-121.54623838,36.12501247],[-121.54619965,36.12499273],[-121.54582767,36.12480312],[-121.54532806,36.12455497],[-121.54492249,36.12413452],[-121.54435211,36.12386093],[-121.54367391,36.12352114],[-121.54304436,36.12312326],[-121.54232998,36.12275671],[-121.54188823,36.1223095],[-121.54164561,36.12200939],[-121.54126222,36.12167244],[-121.54100475,36.12141507],[-121.54068811,36.12103341],[-121.53999023,36.12065216],[-121.53935344,36.12012798],[-121.53911974,36.11998219],[-121.53876095,36.11977085],[-121.5382433,36.11950929],[-121.53780857,36.11948361],[-121.53721417,36.11939369],[-121.5369648,36.11927661],[-121.53657305,36.11909463],[-121.53632642,36.11872435],[-121.53568612,36.11843931],[-121.53484188,36.11792299],[-121.53437774,36.1176875],[-121.53383038,36.11751141],[-121.53313063,36.11739734],[-121.53214452,36.1171254],[-121.53143589,36.11685699],[-121.53105372,36.11678175],[-121.53071724,36.1167155],[-121.53031064,36.11657625],[-121.52999051,36.11643371],[-121.52972822,36.11631532],[-121.52961689,36.11626508],[-121.52913192,36.11626939],[-121.52873502,36.11629849],[-121.5279456,36.11613154],[-121.52760072,36.11617194],[-121.52777787,36.11592699],[-121.52795436,36.11568127],[-121.52836876,36.11475164],[-121.52852425,36.11414115],[-121.52842407,36.11390591],[-121.52829173,36.11371408],[-121.52800378,36.11352814],[-121.52752678,36.11306814],[-121.5269782,36.11256868],[-121.52685982,36.11237497],[-121.52663388,36.11200523],[-121.52665394,36.11175138],[-121.52678132,36.11125444],[-121.5270635,36.11073758],[-121.52750971,36.11005983],[-121.52782692,36.10985097],[-121.52810587,36.10927799],[-121.52832695,36.10890404],[-121.52852474,36.10872782],[-121.52881867,36.10871669],[-121.52907072,36.10873327],[-121.52949701,36.1087613],[-121.52972388,36.10851599],[-121.52980695,36.10842616],[-121.53051052,36.10800581],[-121.53073781,36.10784802],[-121.53096038,36.10769349],[-121.53132575,36.10711722],[-121.53148605,36.10659091],[-121.53146378,36.10590279],[-121.53146813,36.10575941],[-121.53147575,36.10550864],[-121.53154545,36.10536828],[-121.53164655,36.10516471],[-121.5316943,36.10498635],[-121.53176063,36.10473857],[-121.53175592,36.1046566],[-121.53174529,36.104472],[-121.53144619,36.10405115],[-121.53112826,36.10338461],[-121.53072275,36.10235949],[-121.53073995,36.10187767],[-121.53075592,36.10143024],[-121.53076839,36.10104663],[-121.53079346,36.10027586],[-121.53083355,36.09976816],[-121.53081499,36.09944547],[-121.53090853,36.09908043],[-121.53094232,36.09894852],[-121.53088918,36.09862714],[-121.53074799,36.09828098],[-121.53057546,36.09799225],[-121.53012471,36.09768593],[-121.52966232,36.09747848],[-121.52937282,36.09726448],[-121.52891804,36.09688801],[-121.52818829,36.09655007],[-121.52716969,36.09623537],[-121.52684011,36.09615294],[-121.52624551,36.09620708],[-121.52601421,36.09619457],[-121.52567201,36.09617606],[-121.52517388,36.0961],[-121.5242702,36.09597601],[-121.52418934,36.09595509],[-121.52345245,36.0957644],[-121.52311127,36.09573142],[-121.52282527,36.09570376],[-121.52205548,36.09564851],[-121.52160257,36.09545473],[-121.52102876,36.0951917],[-121.52063013,36.09503804],[-121.5200928,36.09473144],[-121.52006199,36.09470522],[-121.519642,36.09434776],[-121.51942369,36.09416619],[-121.51907814,36.09403161],[-121.51859179,36.09393399],[-121.51772704,36.09380848],[-121.5170646,36.09381241],[-121.51664791,36.09379652],[-121.51610728,36.09365875],[-121.51586969,36.09359391],[-121.51547048,36.09342971],[-121.51521931,36.09335483],[-121.51483428,36.09321118],[-121.51405185,36.0929349],[-121.51364058,36.09256024],[-121.51316571,36.09220907],[-121.51269867,36.0919947],[-121.51220209,36.09171816],[-121.51193074,36.09151749],[-121.51141638,36.09115726],[-121.51114684,36.09098815],[-121.51107418,36.0908538],[-121.51078565,36.09057996],[-121.5103729,36.0904057],[-121.51014103,36.0903283],[-121.50997552,36.09027306],[-121.50980509,36.09020887],[-121.50936469,36.090043],[-121.50899746,36.08998303],[-121.50833838,36.08981805],[-121.50817859,36.08975026],[-121.50753762,36.08944751],[-121.50733593,36.08932857],[-121.50695907,36.08910022],[-121.50671126,36.08885647],[-121.5065913,36.08857626],[-121.50647013,36.08827501],[-121.50627451,36.08780783],[-121.5060406,36.08735264],[-121.50553569,36.08647529],[-121.50529605,36.08614686],[-121.5050802,36.08600736],[-121.50429366,36.08565734],[-121.5035783,36.08518864],[-121.50331093,36.08482962],[-121.5029845,36.08434627],[-121.50264417,36.08407435],[-121.50223842,36.08379435],[-121.50146762,36.08326445],[-121.50102118,36.08295434],[-121.50065914,36.08275706],[-121.49995825,36.08254088],[-121.49978505,36.08246515],[-121.49969176,36.08242436],[-121.49931857,36.08225913],[-121.49894237,36.08204128],[-121.49871941,36.0818812],[-121.49848178,36.0817106],[-121.49828708,36.08148592],[-121.49797183,36.08142792],[-121.49790634,36.08141587],[-121.49773541,36.08138012],[-121.49753495,36.0812822],[-121.49733329,36.08116324],[-121.49727423,36.08103891],[-121.49713895,36.08071709],[-121.49711397,36.08050711],[-121.49713676,36.07976807],[-121.49714296,36.07971555],[-121.4971718,36.07947147],[-121.49714396,36.07935665],[-121.49689471,36.07832852],[-121.49688298,36.07828014],[-121.49675862,36.07769426],[-121.49668059,36.07746519],[-121.49655132,36.0772486],[-121.4964673,36.0769143],[-121.49636851,36.07654892],[-121.49630408,36.07637445],[-121.49629169,36.07634089],[-121.4961335,36.07607265],[-121.49611969,36.07583063],[-121.49605703,36.07564316],[-121.49593533,36.07533137],[-121.49592814,36.07520536],[-121.49591852,36.07503672],[-121.49592254,36.07472085],[-121.49606063,36.07456738],[-121.49633956,36.07421943],[-121.49643305,36.07403498],[-121.49650302,36.07389692],[-121.49664081,36.07380738],[-121.49706376,36.07370711],[-121.49741289,36.07363044],[-121.49773239,36.07358706],[-121.49798503,36.07346156],[-121.49810716,36.07338862],[-121.49821114,36.07332651],[-121.49873358,36.07314868],[-121.49883433,36.07310498],[-121.49899978,36.07303321],[-121.49902906,36.07286338],[-121.4990089,36.07273759],[-121.4989592,36.07254964],[-121.49888718,36.0724258],[-121.49871422,36.07212649],[-121.4985911,36.07199063],[-121.49852014,36.07191233],[-121.49839628,36.07179044],[-121.4981998,36.07153419],[-121.49804882,36.07139223],[-121.49793372,36.07119619],[-121.49766198,36.07053149],[-121.49749959,36.07018959],[-121.49748279,36.06989495],[-121.49742014,36.06970749],[-121.49735252,36.06957801],[-121.49729694,36.06947156],[-121.49727431,36.06942824],[-121.49727105,36.06937111],[-121.49726411,36.06924935],[-121.49742216,36.06883213],[-121.49749908,36.06858669],[-121.49749044,36.06820737],[-121.49758032,36.06796145],[-121.49758788,36.06786625],[-121.49747098,36.06763864],[-121.49758584,36.06760269],[-121.49767416,36.06755718],[-121.49837838,36.06715106],[-121.49847657,36.06705682],[-121.49850455,36.06702996],[-121.49853847,36.06699741],[-121.49851811,36.06689713],[-121.49850234,36.06681949],[-121.49848158,36.06668318],[-121.49848889,36.06635599],[-121.49838171,36.06584329],[-121.49824225,36.0654478],[-121.49816519,36.06500779],[-121.49813302,36.06467154],[-121.49797905,36.06447696],[-121.49795528,36.06428803],[-121.49826223,36.06395192],[-121.49833426,36.06387305],[-121.49841118,36.06362761],[-121.49844514,36.06346721],[-121.49852373,36.0630961],[-121.4985494,36.06286313],[-121.49862627,36.0627382],[-121.49877524,36.06249609],[-121.49882984,36.06231476],[-121.49881783,36.0621043],[-121.49873922,36.06186471],[-121.49864826,36.06163613],[-121.49863265,36.06136253],[-121.4986318,36.06112001],[-121.49870092,36.06073777],[-121.49878023,36.06053443],[-121.49869827,36.06046369],[-121.49836227,36.06026541],[-121.49799494,36.0599734],[-121.49774486,36.05968753],[-121.49760753,36.05955042],[-121.49751074,36.05945378],[-121.49725646,36.05909425],[-121.4970329,36.05881792],[-121.4970004,36.0586097],[-121.49699198,36.05855582],[-121.49694266,36.0581464],[-121.49691838,36.05803911],[-121.49689059,36.05791635],[-121.49682583,36.05783814],[-121.49665347,36.05762998],[-121.49657368,36.05736935],[-121.49638423,36.05693179],[-121.49636344,36.05656699],[-121.4962964,36.05630236],[-121.49626633,36.05607852],[-121.49625833,36.05593821],[-121.49639097,36.0558348],[-121.49655336,36.05564591],[-121.49659971,36.05545902],[-121.49660968,36.05541882],[-121.49663144,36.05519303],[-121.49648889,36.05481874],[-121.49645114,36.05468876],[-121.49642426,36.0545962],[-121.49633915,36.05431818],[-121.49633299,36.05421008],[-121.49631836,36.05395338],[-121.49629068,36.05377163],[-121.49624265,36.05369538],[-121.49619549,36.05362054],[-121.49604607,36.05342931],[-121.4960176,36.05323353],[-121.49606992,36.05293628],[-121.49618976,36.05260838],[-121.4962978,36.05203949],[-121.49662208,36.05187961],[-121.49702508,36.05176594],[-121.49734288,36.051754],[-121.49758501,36.0517449],[-121.49791724,36.05172009],[-121.49812911,36.05171213],[-121.49835751,36.05172817],[-121.49856124,36.05184366],[-121.49876708,36.05199602],[-121.49897083,36.05211151],[-121.49918479,36.05214041],[-121.49952053,36.05217705],[-121.5000048,36.05215883],[-121.5002346,36.05219945],[-121.50061924,36.05229582],[-121.50095778,36.0523816],[-121.5012393,36.05253111],[-121.50156901,36.05272806],[-121.50198954,36.0529216],[-121.50220772,36.05302423],[-121.50248096,36.0530689],[-121.50257513,36.05308429],[-121.50290338,36.05307935],[-121.50312063,36.05307608],[-121.5033779,36.05306639],[-121.50342546,36.05306305],[-121.50375553,36.05303986],[-121.5039674,36.05303188],[-121.50428379,36.05299534],[-121.50461673,36.05298281],[-121.50492751,36.05284796],[-121.50524789,36.05258629],[-121.50527527,36.05256393],[-121.50575743,36.05250882],[-121.50628709,36.05248887],[-121.50716622,36.05248039],[-121.50777787,36.05256818],[-121.50809637,36.0525685],[-121.50872315,36.05265571],[-121.50880935,36.05283719],[-121.508847,36.05285853],[-121.50921686,36.05306814],[-121.50948148,36.05315604],[-121.50964972,36.05321192],[-121.50989282,36.05334569],[-121.51009172,36.05351545],[-121.51030991,36.05361806],[-121.51091135,36.05379243],[-121.51157544,36.05400138],[-121.51225185,36.05416059],[-121.51272942,36.05429036],[-121.51331152,36.05439156],[-121.51363425,36.05446559],[-121.5138792,36.05450561],[-121.51461052,36.05456422],[-121.51577262,36.05472972],[-121.5162055,36.05487347],[-121.51686609,36.05502095],[-121.51735767,36.05517962],[-121.51751507,36.05523043],[-121.51847446,36.05556365],[-121.51913049,36.05589601],[-121.5192648,36.05597863],[-121.51941345,36.05607005],[-121.51983544,36.0562881],[-121.52039011,36.05643955],[-121.52078569,36.05646155],[-121.52109595,36.05646846],[-121.52119571,36.05647068],[-121.52154379,36.05645753],[-121.52194078,36.0565041],[-121.52212238,36.05649723],[-121.52253663,36.0565801],[-121.52287732,36.05670268],[-121.52298432,36.0567392],[-121.52320218,36.05681355],[-121.52376565,36.05685382],[-121.52444737,36.05684036],[-121.52549608,36.05682123],[-121.52570487,36.05681742],[-121.52578241,36.05683058],[-121.52665443,36.05697854],[-121.52682673,36.05698471],[-121.52732314,36.05700249],[-121.5278296,36.05710648],[-121.52792305,36.05720622],[-121.52815273,36.05745138],[-121.52841251,36.05774943],[-121.52900312,36.057998],[-121.52937691,36.05816857],[-121.53001575,36.05846458],[-121.53087312,36.05860452],[-121.53148554,36.05870447],[-121.53183432,36.05870358],[-121.53202866,36.05870229],[-121.53222851,36.05870096],[-121.53271491,36.05871947],[-121.5330982,36.05879115],[-121.53364373,36.0587828],[-121.53404215,36.0588539],[-121.53419914,36.05894647],[-121.53418017,36.05914423],[-121.53424748,36.05952345],[-121.53453614,36.05979575],[-121.53506906,36.06009574],[-121.53579209,36.0605363],[-121.53629405,36.06082514],[-121.53656547,36.06106115],[-121.53732048,36.0612665],[-121.53775131,36.06137331],[-121.53838242,36.06153409],[-121.53880731,36.06180122],[-121.53890108,36.06188276],[-121.53907874,36.06203722],[-121.53933362,36.06224922],[-121.539824,36.06260006],[-121.54020661,36.06265943],[-121.54073915,36.06268848],[-121.54080933,36.06268792],[-121.59919854,36.12484345]]]},"properties":{"OBJECTID":1097675,"COUNTY":"MONTEREY","CITY":"MRY","ZONE_NAME":null,"ZONE_ID":"US-CA-XMY-MRY-F032-B","STATUS":"Evacuation Warning","EVENT_TYPE":null,"CRITICAL_INFO":null,"PUBLIC_INFO":null,"EDIT_DATE":1787515218000,"STATEWIDE_LAST_UPDATED":null,"NOTES":"Timber Fire","SHAPE__Area":60757425.96484375,"SHAPE__Length":39524.077687551835,"GlobalID":"6b49e15e-0cf4-4287-8131-fc54741c8d00","CreationDate":1788335714107,"Creator":"CalOES_Scripts","EditDate":1788335714107,"Editor":"CalOES_Scripts"}},{"type":"Feature","id":1097678,"geometry":{"type":"Polygon","coordinates":[[[-118.9918863,36.05436356],[-118.99063967,36.05421634],[-118.98971854,36.05384855],[-118.98881621,36.05365402],[-118.98748903,36.05304306],[-118.98704539,36.05264183],[-118.98395491,36.05241385],[-118.98276684,36.05264791],[-118.98181188,36.05225883],[-118.9810073,36.05232874],[-118.97980419,36.05234698],[-118.97879659,36.05217068],[-118.97823264,36.05196399],[-118.97663852,36.05215245],[-118.97508952,36.05263879],[-118.97451053,36.05279077],[-118.97415711,36.05291843],[-118.97339013,36.05274821],[-118.97272504,36.05271211],[-118.97273788,36.05132672],[-118.9728059,36.0513302],[-118.97303997,36.05132919],[-118.98169016,36.0512862],[-118.98223393,36.05128267],[-118.98629251,36.05218455],[-118.98770696,36.05259624],[-118.98881024,36.05303079],[-118.99098851,36.05378552],[-118.9918553,36.05381633],[-118.9918863,36.05436356]]]},"properties":{"OBJECTID":1097678,"COUNTY":"TULARE","CITY":"PVL","ZONE_NAME":null,"ZONE_ID":"US-CA-XTU-PVL-E044","STATUS":"Evacuation Order","EVENT_TYPE":null,"CRITICAL_INFO":null,"PUBLIC_INFO":null,"EDIT_DATE":1695249188000,"STATEWIDE_LAST_UPDATED":null,"NOTES":"Flooding","SHAPE__Area":247872.7890625,"SHAPE__Length":4705.1899556937969,"GlobalID":"67c10798-70df-43b5-921f-3603c81609ff","CreationDate":1788335714107,"Creator":"CalOES_Scripts","EditDate":1788335714107,"Editor":"CalOES_Scripts"}},{"type":"Feature","id":1097680,"geometry":{"type":"Polygon","coordinates":[[[-121.83796763,36.30193608],[-121.83722784,36.30176927],[-121.83599861,36.301552],[-121.83542079,36.30119585],[-121.83534221,36.30111237],[-121.83497463,36.30072189],[-121.83471039,36.30039856],[-121.83446922,36.30010345],[-121.83442972,36.30005511],[-121.83394719,36.2995545],[-121.83377132,36.29923828],[-121.83372797,36.29881828],[-121.83340571,36.29838146],[-121.8330029,36.29804632],[-121.83258537,36.29775395],[-121.83221635,36.29740338],[-121.8318837,36.29679828],[-121.83175636,36.29670502],[-121.83143934,36.29663351],[-121.83107293,36.29660618],[-121.83102534,36.29660811],[-121.83058787,36.29662582],[-121.83022407,36.29664056],[-121.82956576,36.29666721],[-121.82908155,36.29656171],[-121.82896722,36.2965368],[-121.82877233,36.2964744],[-121.82846656,36.29630401],[-121.82810536,36.29607964],[-121.82780653,36.29602144],[-121.82773368,36.2960329],[-121.82756573,36.2960593],[-121.82733359,36.29595623],[-121.82728627,36.29591297],[-121.82718634,36.2958216],[-121.8270798,36.29550257],[-121.82692736,36.2952838],[-121.82630458,36.29504188],[-121.82614207,36.29499082],[-121.82571634,36.29485705],[-121.82547219,36.29478033],[-121.82502561,36.29476142],[-121.82479311,36.29475157],[-121.82419892,36.29469125],[-121.82391655,36.29461831],[-121.82374072,36.29458325],[-121.82329204,36.29462951],[-121.82280698,36.29464912],[-121.82246084,36.29457305],[-121.82224051,36.2944752],[-121.82198241,36.29423258],[-121.82176242,36.29404465],[-121.8214896,36.2938448],[-121.82107732,36.29363653],[-121.82076466,36.29335393],[-121.82067893,36.29309028],[-121.82042171,36.29286168],[-121.82003022,36.2927088],[-121.81973313,36.29267862],[-121.81952266,36.29264495],[-121.81901683,36.29260915],[-121.81875698,36.29261965],[-121.81869017,36.29262819],[-121.81827453,36.29268131],[-121.81811404,36.29261664],[-121.8179169,36.29195065],[-121.81784678,36.29165825],[-121.81788579,36.2914458],[-121.81789447,36.29130486],[-121.81773973,36.29095457],[-121.81763211,36.29071093],[-121.81747671,36.29053625],[-121.81742687,36.29048022],[-121.81723805,36.29047611],[-121.81720081,36.29047529],[-121.81693315,36.29064075],[-121.81655718,36.29102146],[-121.81619336,36.29131732],[-121.81568317,36.29149256],[-121.81542505,36.2915311],[-121.81513056,36.29154298],[-121.81482047,36.29158362],[-121.81451125,36.29163827],[-121.81420462,36.291735],[-121.81396986,36.291871],[-121.81375416,36.29203435],[-121.81355492,36.29218298],[-121.81314455,36.29227017],[-121.81284374,36.29247879],[-121.81277824,36.29240724],[-121.81254585,36.2921534],[-121.81214834,36.29190232],[-121.81194091,36.29186912],[-121.81186771,36.29185741],[-121.81129173,36.29181034],[-121.81101456,36.29182152],[-121.81088831,36.29177517],[-121.81079984,36.29143654],[-121.8106795,36.29117428],[-121.81050375,36.29085801],[-121.81000842,36.29042811],[-121.80963953,36.29007746],[-121.80959626,36.28993862],[-121.80954177,36.28961746],[-121.80944049,36.28938255],[-121.80922655,36.28928265],[-121.80888623,36.28912372],[-121.80852598,36.2889133],[-121.80848737,36.28882147],[-121.80854165,36.28860338],[-121.80852268,36.28829485],[-121.80842492,36.28783485],[-121.80825091,36.28754663],[-121.8080015,36.28744422],[-121.80784646,36.28746452],[-121.80774572,36.28754562],[-121.807681,36.28759772],[-121.80739648,36.28746018],[-121.80735885,36.287442],[-121.80724457,36.2872779],[-121.80710176,36.28693218],[-121.80690518,36.2868417],[-121.80673566,36.28677487],[-121.80654925,36.28670139],[-121.80608785,36.28645593],[-121.80572398,36.2862707],[-121.80546769,36.28605608],[-121.80515511,36.28577344],[-121.80483291,36.28574933],[-121.80478876,36.28574602],[-121.80469677,36.285704],[-121.80410985,36.28543595],[-121.80395163,36.28540341],[-121.80902103,36.27724138],[-121.80995511,36.27573721],[-121.81034507,36.27511052],[-121.81164038,36.27546308],[-121.81218122,36.27614659],[-121.81256914,36.27628399],[-121.81342333,36.27598405],[-121.81375458,36.27605513],[-121.81377319,36.27605961],[-121.81379189,36.27606383],[-121.81381068,36.27606778],[-121.81382955,36.27607147],[-121.8138485,36.27607489],[-121.81386751,36.27607805],[-121.8138866,36.27608093],[-121.81390574,36.27608354],[-121.81392494,36.27608589],[-121.81394418,36.27608795],[-121.81396347,36.27608975],[-121.81398279,36.27609128],[-121.81400214,36.27609253],[-121.81402152,36.27609351],[-121.81404091,36.27609422],[-121.81406032,36.27609465],[-121.81407973,36.2760948],[-121.81409914,36.27609469],[-121.81411855,36.2760943],[-121.81413795,36.27609363],[-121.81415733,36.27609269],[-121.81417668,36.27609147],[-121.81419601,36.27608999],[-121.8142153,36.27608822],[-121.81423455,36.27608619],[-121.81425375,36.27608389],[-121.8142729,36.27608131],[-121.814292,36.27607847],[-121.81431102,36.27607536],[-121.81432999,36.27607197],[-121.81434887,36.27606832],[-121.81436767,36.2760644],[-121.81438638,36.27606022],[-121.814405,36.27605577],[-121.81442353,36.27605107],[-121.81444194,36.2760461],[-121.81446025,36.27604087],[-121.81447844,36.27603538],[-121.81449651,36.27602964],[-121.81451446,36.27602364],[-121.81453227,36.27601739],[-121.81454994,36.27601089],[-121.81456748,36.27600414],[-121.81458486,36.27599714],[-121.81460209,36.2759899],[-121.81461917,36.27598242],[-121.81463607,36.27597469],[-121.81465281,36.27596673],[-121.81466938,36.27595853],[-121.81468576,36.27595011],[-121.81470916,36.2759375],[-121.81522902,36.27570355],[-121.81523468,36.27570095],[-121.81524028,36.27569828],[-121.81524582,36.27569554],[-121.8152513,36.27569271],[-121.81525672,36.27568981],[-121.81526208,36.27568683],[-121.81526737,36.27568377],[-121.8152726,36.27568064],[-121.81527775,36.27567744],[-121.81528284,36.27567416],[-121.81528786,36.27567082],[-121.8152928,36.2756674],[-121.81529767,36.27566392],[-121.81530246,36.27566036],[-121.81530718,36.27565674],[-121.81531181,36.27565306],[-121.81531637,36.2756493],[-121.81532085,36.27564549],[-121.81532524,36.27564161],[-121.81532954,36.27563767],[-121.81533377,36.27563367],[-121.8153379,36.27562961],[-121.81534195,36.27562549],[-121.81534591,36.27562132],[-121.81534977,36.27561709],[-121.81535355,36.2756128],[-121.81535723,36.27560847],[-121.81536082,36.27560408],[-121.81536431,36.27559964],[-121.81536771,36.27559516],[-121.81537101,36.27559063],[-121.81537421,36.27558604],[-121.81537731,36.27558142],[-121.81538031,36.27557675],[-121.81538322,36.27557205],[-121.81538601,36.2755673],[-121.81538871,36.27556251],[-121.8153913,36.27555768],[-121.81539379,36.27555282],[-121.81539618,36.27554793],[-121.81539846,36.275543],[-121.81540062,36.27553804],[-121.81540269,36.27553305],[-121.81540465,36.27552803],[-121.81540649,36.27552298],[-121.81540823,36.27551791],[-121.81540986,36.27551282],[-121.81541138,36.27550771],[-121.81541279,36.27550257],[-121.81541409,36.27549741],[-121.81541527,36.27549224],[-121.81541634,36.27548705],[-121.81541731,36.27548184],[-121.81541816,36.27547663],[-121.81541889,36.27547139],[-121.81541952,36.27546616],[-121.81542003,36.27546091],[-121.81542043,36.27545566],[-121.81542071,36.27545041],[-121.81542089,36.27544514],[-121.81542094,36.27543988],[-121.81542089,36.27543462],[-121.81542072,36.27542936],[-121.81542044,36.2754241],[-121.81542004,36.27541885],[-121.81541953,36.2754136],[-121.81541891,36.27540837],[-121.81541818,36.27540314],[-121.81541733,36.27539792],[-121.81541637,36.27539272],[-121.8154153,36.27538752],[-121.81541412,36.27538235],[-121.81541282,36.27537719],[-121.81541142,36.27537206],[-121.8154099,36.27536694],[-121.81540828,36.27536184],[-121.81540655,36.27535677],[-121.8154047,36.27535173],[-121.81540275,36.27534671],[-121.81540069,36.27534172],[-121.81539852,36.27533676],[-121.81539624,36.27533183],[-121.81539386,36.27532693],[-121.81539138,36.27532207],[-121.81538879,36.27531724],[-121.8153861,36.27531245],[-121.8153833,36.2753077],[-121.8153804,36.27530299],[-121.8153774,36.27529832],[-121.8153743,36.2752937],[-121.8153711,36.27528912],[-121.81536781,36.27528458],[-121.81536441,36.2752801],[-121.81536092,36.27527566],[-121.81535734,36.27527127],[-121.81535366,36.27526693],[-121.81534988,36.27526264],[-121.81534602,36.27525841],[-121.81534206,36.27525424],[-121.81533802,36.27525012],[-121.81532972,36.27524211],[-121.81498304,36.2748546],[-121.81498012,36.27484975],[-121.81497731,36.27484485],[-121.81497461,36.27483992],[-121.81497201,36.27483495],[-121.81496952,36.27482994],[-121.81496714,36.2748249],[-121.81496487,36.27481983],[-121.81496271,36.27481472],[-121.81496066,36.27480958],[-121.81495872,36.27480442],[-121.81495689,36.27479923],[-121.81495517,36.27479401],[-121.81495357,36.27478877],[-121.81495208,36.27478351],[-121.8149507,36.27477823],[-121.81494943,36.27477293],[-121.81494829,36.27476761],[-121.81494726,36.27476228],[-121.81494633,36.27475693],[-121.81494553,36.27475158],[-121.81494484,36.27474621],[-121.81494427,36.27474083],[-121.81494382,36.27473544],[-121.81494347,36.27473005],[-121.81494325,36.27472466],[-121.81494314,36.27471926],[-121.81494315,36.27471386],[-121.81494328,36.27470846],[-121.81494352,36.27470307],[-121.81494388,36.27469768],[-121.81494435,36.2746923],[-121.81494494,36.27468692],[-121.81494565,36.27468155],[-121.81494647,36.27467619],[-121.8149474,36.27467085],[-121.81494845,36.27466552],[-121.81494962,36.2746602],[-121.8149509,36.27465491],[-121.8149523,36.27464963],[-121.81495381,36.27464437],[-121.81495543,36.27463914],[-121.81495716,36.27463392],[-121.81495901,36.27462874],[-121.81496097,36.27462357],[-121.81496304,36.27461844],[-121.81496522,36.27461334],[-121.8149675,36.27460828],[-121.8149699,36.27460324],[-121.8149724,36.27459824],[-121.81497502,36.27459327],[-121.81497774,36.27458834],[-121.81498056,36.27458345],[-121.8149835,36.2745786],[-121.81498653,36.2745738],[-121.81498967,36.27456904],[-121.81499291,36.27456432],[-121.81499625,36.27455965],[-121.81499969,36.27455502],[-121.81500323,36.27455045],[-121.81500686,36.27454593],[-121.8150106,36.27454146],[-121.81501443,36.27453704],[-121.81501835,36.27453267],[-121.81502238,36.27452837],[-121.81502649,36.27452412],[-121.81503069,36.27451993],[-121.81503498,36.2745158],[-121.81503936,36.27451173],[-121.81504383,36.27450772],[-121.81504839,36.27450378],[-121.81505302,36.2744999],[-121.81505774,36.27449609],[-121.81506254,36.27449235],[-121.81506743,36.27448867],[-121.81507239,36.27448506],[-121.81507742,36.27448153],[-121.81508254,36.27447806],[-121.81508772,36.27447467],[-121.81509298,36.27447135],[-121.81509831,36.27446811],[-121.81510371,36.27446494],[-121.81510917,36.27446185],[-121.81511471,36.27445884],[-121.8151203,36.27445591],[-121.81512596,36.27445305],[-121.81513168,36.27445028],[-121.81513745,36.27444759],[-121.81514329,36.27444498],[-121.81514918,36.27444245],[-121.81515512,36.27444],[-121.81516112,36.27443764],[-121.81516716,36.27443537],[-121.81517326,36.27443318],[-121.8151794,36.27443108],[-121.81518558,36.27442906],[-121.81519181,36.27442714],[-121.81519808,36.2744253],[-121.81520438,36.27442354],[-121.81521073,36.27442188],[-121.81521711,36.27442031],[-121.81522352,36.27441883],[-121.81522996,36.27441744],[-121.81523643,36.27441614],[-121.81524292,36.27441494],[-121.81524945,36.27441382],[-121.81525599,36.2744128],[-121.81526256,36.27441187],[-121.81526914,36.27441103],[-121.81527575,36.27441029],[-121.81528236,36.27440964],[-121.815289,36.27440908],[-121.81529564,36.27440862],[-121.81530229,36.27440825],[-121.81530895,36.27440797],[-121.81531561,36.27440779],[-121.81532228,36.2744077],[-121.81532894,36.27440771],[-121.8153356,36.27440781],[-121.81534227,36.27440801],[-121.81534893,36.2744083],[-121.81535557,36.27440868],[-121.81536222,36.27440916],[-121.81536884,36.27440973],[-121.81537546,36.2744104],[-121.81538206,36.27441116],[-121.81538864,36.274412],[-121.8153952,36.27441295],[-121.81540175,36.27441399],[-121.81540827,36.27441512],[-121.81541476,36.27441634],[-121.81542123,36.27441765],[-121.81542766,36.27441905],[-121.81543407,36.27442055],[-121.81544044,36.27442214],[-121.81544678,36.27442381],[-121.81545308,36.27442557],[-121.81545934,36.27442743],[-121.81546556,36.27442937],[-121.81547174,36.2744314],[-121.81547787,36.27443351],[-121.81548396,36.27443572],[-121.81549,36.27443801],[-121.81549599,36.27444038],[-121.81550192,36.27444283],[-121.8155078,36.27444538],[-121.81551363,36.274448],[-121.8155194,36.2744507],[-121.8155251,36.27445349],[-121.81553075,36.27445635],[-121.81553634,36.27445931],[-121.81554186,36.27446232],[-121.81554732,36.27446543],[-121.8155527,36.27446861],[-121.81555802,36.27447186],[-121.81556327,36.27447519],[-121.81556844,36.27447859],[-121.81557355,36.27448207],[-121.81557857,36.27448561],[-121.81558352,36.27448923],[-121.81558839,36.27449292],[-121.81559318,36.27449667],[-121.81559789,36.2745005],[-121.81560251,36.27450438],[-121.81560705,36.27450833],[-121.8156115,36.27451235],[-121.81561587,36.27451643],[-121.81562015,36.27452057],[-121.81562434,36.27452477],[-121.81562844,36.27452903],[-121.81563244,36.27453334],[-121.81563688,36.27453833],[-121.81600312,36.27492536],[-121.81600621,36.27492928],[-121.81600939,36.27493315],[-121.81601265,36.27493697],[-121.81601599,36.27494075],[-121.81601941,36.27494448],[-121.81602292,36.27494816],[-121.8160265,36.2749518],[-121.81603016,36.27495538],[-121.81603389,36.27495891],[-121.8160377,36.27496239],[-121.81604159,36.27496581],[-121.81604555,36.27496917],[-121.81604958,36.27497248],[-121.81605368,36.27497573],[-121.81605785,36.27497893],[-121.81606209,36.27498206],[-121.81606639,36.27498513],[-121.81607077,36.27498814],[-121.8160752,36.2749911],[-121.8160797,36.27499398],[-121.81608426,36.27499681],[-121.81608888,36.27499956],[-121.81609356,36.27500225],[-121.8160983,36.27500488],[-121.81610309,36.27500744],[-121.81610794,36.27500993],[-121.81611283,36.27501235],[-121.81611779,36.2750147],[-121.81612279,36.27501698],[-121.81612784,36.2750192],[-121.81613294,36.27502133],[-121.81613808,36.2750234],[-121.81614326,36.27502539],[-121.81614849,36.27502731],[-121.81615376,36.27502916],[-121.81615906,36.27503093],[-121.81616441,36.27503263],[-121.81616979,36.27503425],[-121.81617521,36.27503579],[-121.81618065,36.27503726],[-121.81618613,36.27503865],[-121.81619164,36.27503996],[-121.81619717,36.27504119],[-121.81620273,36.27504235],[-121.81620832,36.27504342],[-121.81621392,36.27504442],[-121.81621955,36.27504534],[-121.81622519,36.27504618],[-121.81623086,36.27504694],[-121.81623653,36.27504762],[-121.81624223,36.27504822],[-121.81624793,36.27504874],[-121.81625365,36.27504917],[-121.81625937,36.27504953],[-121.8162651,36.2750498],[-121.81627084,36.27505],[-121.81627658,36.27505011],[-121.81628231,36.27505014],[-121.81628805,36.27505009],[-121.81629379,36.27504996],[-121.81629953,36.27504975],[-121.81630525,36.27504946],[-121.81631098,36.27504909],[-121.81631669,36.27504864],[-121.81632239,36.2750481],[-121.81632808,36.27504749],[-121.81633375,36.27504679],[-121.81633942,36.27504602],[-121.81634506,36.27504516],[-121.81635068,36.27504423],[-121.81635629,36.27504321],[-121.81636187,36.27504212],[-121.81636742,36.27504094],[-121.81637295,36.2750397],[-121.81637845,36.27503837],[-121.81638391,36.27503696],[-121.81638936,36.27503548],[-121.81639477,36.27503392],[-121.81640014,36.27503228],[-121.81640548,36.27503057],[-121.81641078,36.27502879],[-121.8164177,36.27502632],[-121.81642619,36.27502202],[-121.81643477,36.27501784],[-121.81644344,36.27501378],[-121.8164522,36.27500985],[-121.81646104,36.27500605],[-121.81646996,36.27500236],[-121.81647896,36.27499881],[-121.81648804,36.27499537],[-121.81649718,36.27499208],[-121.8165064,36.27498891],[-121.81651568,36.27498587],[-121.81652503,36.27498296],[-121.81653444,36.27498018],[-121.8165439,36.27497754],[-121.81655343,36.27497503],[-121.816563,36.27497266],[-121.81657263,36.27497043],[-121.8165823,36.27496832],[-121.81659202,36.27496636],[-121.81660177,36.27496453],[-121.81661157,36.27496285],[-121.8166214,36.2749613],[-121.81663126,36.27495989],[-121.81664115,36.27495862],[-121.81665106,36.27495749],[-121.816661,36.2749565],[-121.81667096,36.27495564],[-121.81668094,36.27495493],[-121.81669092,36.27495437],[-121.81670092,36.27495394],[-121.81671093,36.27495366],[-121.81672094,36.27495351],[-121.81673096,36.27495351],[-121.81674097,36.27495365],[-121.81675098,36.27495393],[-121.81676098,36.27495435],[-121.81677096,36.27495491],[-121.81678094,36.27495562],[-121.8167909,36.27495646],[-121.81680084,36.27495745],[-121.81681075,36.27495858],[-121.81682065,36.27495985],[-121.81683051,36.27496125],[-121.81684034,36.2749628],[-121.81685013,36.27496448],[-121.81685989,36.2749663],[-121.81686961,36.27496826],[-121.81687928,36.27497036],[-121.81688891,36.27497259],[-121.81689848,36.27497496],[-121.81690801,36.27497746],[-121.81691748,36.2749801],[-121.81692689,36.27498287],[-121.81693624,36.27498577],[-121.81694552,36.27498881],[-121.81695474,36.27499197],[-121.81696389,36.27499527],[-121.81697296,36.2749987],[-121.81698197,36.27500225],[-121.81699089,36.27500593],[-121.81699974,36.27500973],[-121.81700849,36.27501366],[-121.81701717,36.27501772],[-121.81702575,36.27502189],[-121.81703425,36.27502618],[-121.81704265,36.2750306],[-121.81705095,36.27503513],[-121.81706403,36.27504262],[-121.81707386,36.27504999],[-121.81708384,36.27505723],[-121.81709398,36.27506432],[-121.81710428,36.27507126],[-121.81711471,36.27507806],[-121.8171253,36.27508471],[-121.81713603,36.27509121],[-121.81714689,36.27509756],[-121.81715789,36.27510375],[-121.81716903,36.27510979],[-121.81718029,36.27511567],[-121.81719167,36.27512138],[-121.81720318,36.27512694],[-121.81721481,36.27513234],[-121.81722655,36.27513756],[-121.81723839,36.27514262],[-121.81725035,36.27514752],[-121.81726242,36.27515224],[-121.81727458,36.27515679],[-121.81728683,36.27516117],[-121.81729919,36.27516538],[-121.81731162,36.27516941],[-121.81732415,36.27517326],[-121.81733676,36.27517694],[-121.81734944,36.27518044],[-121.81736219,36.27518376],[-121.81737502,36.27518689],[-121.81738791,36.27518985],[-121.81740086,36.27519262],[-121.81741387,36.27519521],[-121.81742694,36.27519762],[-121.81744006,36.27519984],[-121.81745321,36.27520187],[-121.81746642,36.27520372],[-121.81747966,36.27520538],[-121.81749293,36.27520685],[-121.81750623,36.27520814],[-121.81751956,36.27520924],[-121.81753291,36.27521015],[-121.81754628,36.27521087],[-121.81755966,36.2752114],[-121.81757305,36.27521174],[-121.81758645,36.2752119],[-121.81759985,36.27521186],[-121.81761325,36.27521164],[-121.81762663,36.27521122],[-121.81764001,36.27521062],[-121.81765337,36.27520982],[-121.81766672,36.27520884],[-121.81768004,36.27520767],[-121.81769333,36.27520631],[-121.81770659,36.27520477],[-121.81771982,36.27520304],[-121.81773507,36.2752008],[-121.81774761,36.27519706],[-121.81776023,36.27519351],[-121.81777292,36.27519013],[-121.81778569,36.27518693],[-121.81779852,36.27518391],[-121.81781142,36.27518107],[-121.81782437,36.27517842],[-121.81783738,36.27517595],[-121.81785044,36.27517366],[-121.81786355,36.27517156],[-121.81787671,36.27516965],[-121.8178899,36.27516792],[-121.81790312,36.27516637],[-121.81791639,36.27516502],[-121.81792967,36.27516385],[-121.81794297,36.27516287],[-121.8179563,36.27516208],[-121.81796964,36.27516148],[-121.817983,36.27516106],[-121.81799636,36.27516084],[-121.81800972,36.2751608],[-121.81802308,36.27516095],[-121.81803644,36.27516129],[-121.81804979,36.27516182],[-121.81806312,36.27516254],[-121.81807643,36.27516344],[-121.81808973,36.27516454],[-121.818103,36.27516582],[-121.81811624,36.27516729],[-121.81812944,36.27516894],[-121.81814261,36.27517078],[-121.81815574,36.27517281],[-121.81816881,36.27517503],[-121.81818185,36.27517743],[-121.81819483,36.27518001],[-121.81820774,36.27518277],[-121.81822389,36.2751865],[-121.81873155,36.27532428],[-121.81874006,36.27532646],[-121.81874862,36.27532853],[-121.81875722,36.27533047],[-121.81876586,36.27533229],[-121.81877454,36.27533398],[-121.81878325,36.27533556],[-121.818792,36.27533701],[-121.81880078,36.27533833],[-121.81880958,36.27533953],[-121.81881842,36.27534061],[-121.81882726,36.27534157],[-121.81883614,36.27534239],[-121.81884502,36.27534309],[-121.81885392,36.27534367],[-121.81886283,36.27534412],[-121.81887176,36.27534445],[-121.81888068,36.27534464],[-121.81888961,36.27534471],[-121.81889854,36.27534467],[-121.81890746,36.27534448],[-121.81891639,36.27534417],[-121.8189253,36.27534374],[-121.8189342,36.27534318],[-121.81894309,36.2753425],[-121.81895196,36.27534169],[-121.81896081,36.27534076],[-121.81896965,36.2753397],[-121.81897846,36.27533851],[-121.81898724,36.2753372],[-121.81899599,36.27533577],[-121.81900471,36.27533421],[-121.81901339,36.27533253],[-121.81902204,36.27533073],[-121.81903065,36.27532881],[-121.81903921,36.27532677],[-121.81904774,36.2753246],[-121.81905621,36.27532232],[-121.81906462,36.27531991],[-121.81907299,36.27531738],[-121.8190813,36.27531475],[-121.81908956,36.27531199],[-121.81909775,36.27530911],[-121.81910588,36.27530612],[-121.81911394,36.27530302],[-121.81912194,36.2752998],[-121.81912986,36.27529647],[-121.81913772,36.27529303],[-121.81914549,36.27528947],[-121.81915319,36.27528581],[-121.81916081,36.27528204],[-121.81916835,36.27527817],[-121.8191758,36.27527418],[-121.81918316,36.27527009],[-121.81919044,36.2752659],[-121.81919762,36.27526161],[-121.81920471,36.27525722],[-121.81921171,36.27525272],[-121.81922381,36.27524456],[-121.8194165,36.2751179],[-121.81962501,36.27520396],[-121.81987493,36.27529108],[-121.8203775,36.27544305],[-121.82082315,36.2755258],[-121.82115829,36.27553972],[-121.82254568,36.27547424],[-121.82294603,36.27548212],[-121.82338801,36.27553835],[-121.82385989,36.27563143],[-121.82426088,36.27574222],[-121.82463598,36.27587296],[-121.8251201,36.27608417],[-121.82570377,36.276455],[-121.82716719,36.27757245],[-121.82767926,36.27795271],[-121.82929075,36.27912851],[-121.83269016,36.28166574],[-121.83319748,36.28202269],[-121.83352816,36.28221425],[-121.833849,36.28236841],[-121.83424567,36.28252962],[-121.83500679,36.2828074],[-121.83555021,36.28296957],[-121.83903331,36.28406296],[-121.83948166,36.28425696],[-121.8398755,36.28449177],[-121.84021832,36.28476146],[-121.84050882,36.28505646],[-121.84074812,36.28540566],[-121.84095348,36.28579205],[-121.84111053,36.28607165],[-121.84128378,36.28633846],[-121.84138785,36.28649062],[-121.84153554,36.28667921],[-121.84170142,36.28686081],[-121.84203088,36.28717999],[-121.84228024,36.28738887],[-121.84256721,36.28760037],[-121.84291677,36.2878307],[-121.84313663,36.2879481],[-121.84380059,36.28829366],[-121.84439261,36.28848094],[-121.84498164,36.28864061],[-121.8456578,36.28875576],[-121.84641736,36.28886344],[-121.84694193,36.28890148],[-121.84761394,36.2889264],[-121.84862983,36.28890201],[-121.84890657,36.28888779],[-121.85090312,36.28880085],[-121.85144412,36.28877963],[-121.85202556,36.28878996],[-121.85268535,36.28886993],[-121.85321004,36.28899444],[-121.85360492,36.28911053],[-121.85397851,36.28925239],[-121.85515934,36.28982129],[-121.85590047,36.2901942],[-121.85668334,36.29057231],[-121.8565669,36.29100193],[-121.85639998,36.29166947],[-121.85611499,36.29223657],[-121.85607541,36.29231531],[-121.85575597,36.29276412],[-121.85556828,36.2929245],[-121.85539317,36.29307412],[-121.85489431,36.29315066],[-121.85456518,36.29316406],[-121.85404494,36.29318523],[-121.8539589,36.29318873],[-121.85371725,36.29321262],[-121.85369997,36.29323479],[-121.85341163,36.29360463],[-121.85316224,36.29378348],[-121.85275608,36.29395465],[-121.85242442,36.29420713],[-121.85216632,36.29424575],[-121.85192381,36.29425561],[-121.85141631,36.29447307],[-121.85071739,36.29468426],[-121.85056931,36.29481681],[-121.850404,36.29523122],[-121.85011307,36.29558045],[-121.84995289,36.29579784],[-121.84951641,36.29604053],[-121.84855088,36.29699358],[-121.84805387,36.29766047],[-121.84738266,36.29803921],[-121.84686041,36.29829942],[-121.84629395,36.29840679],[-121.84591282,36.29842228],[-121.8456036,36.29847701],[-121.84530395,36.29868601],[-121.84500696,36.29921823],[-121.84484601,36.29998393],[-121.84475424,36.30018447],[-121.84461825,36.30023217],[-121.84426308,36.30010601],[-121.84386483,36.29993903],[-121.84383513,36.29992658],[-121.84324518,36.2996553],[-121.8430312,36.29956558],[-121.84294438,36.29958032],[-121.84270465,36.29962102],[-121.84243789,36.29980055],[-121.84212003,36.29999621],[-121.84179608,36.30009372],[-121.84146866,36.30013512],[-121.84120711,36.30039879],[-121.84105987,36.30054535],[-121.84083639,36.30058254],[-121.84056441,36.30067793],[-121.84026299,36.30085886],[-121.84006205,36.30097949],[-121.83981087,36.30113026],[-121.83955447,36.3011969],[-121.83920281,36.30140799],[-121.8389482,36.30178384],[-121.83860919,36.30202809],[-121.83796763,36.30193608]]]},"properties":{"OBJECTID":1097680,"COUNTY":"MONTEREY","CITY":"MRY","ZONE_NAME":null,"ZONE_ID":"US-CA-XMY-MRY-F020","STATUS":"Evacuation Order","EVENT_TYPE":null,"CRITICAL_INFO":null,"PUBLIC_INFO":null,"EDIT_DATE":1787947097000,"STATEWIDE_LAST_UPDATED":null,"NOTES":"Timber Fire","SHAPE__Area":10708614.21484375,"SHAPE__Length":16114.255584461655,"GlobalID":"7526e415-37a5-47e6-a02d-494991f4aff3","CreationDate":1788335714107,"Creator":"CalOES_Scripts","EditDate":1788335714107,"Editor":"CalOES_Scripts"}},{"type":"Feature","id":1097681,"geometry":{"type":"Polygon","coordinates":[[[-121.68618354,36.37469629],[-121.68616827,36.37449789],[-121.68613767,36.37433009],[-121.68608434,36.37414315],[-121.68603854,36.37399815],[-121.68595447,36.37381129],[-121.68586307,36.37364335],[-121.68579427,36.37348695],[-121.68578104,36.37336356],[-121.68458141,36.37332475],[-121.68311762,36.37327739],[-121.6786232,36.37320052],[-121.67412878,36.37312362],[-121.67193061,36.37308603],[-121.6719082,36.37308564],[-121.66963433,36.37304675],[-121.66513991,36.37296991],[-121.66241747,36.37307055],[-121.66264727,36.37257509],[-121.66304734,36.37235895],[-121.66327887,36.37169155],[-121.66327907,36.37130029],[-121.66303727,36.37100449],[-121.66237827,36.37063895],[-121.66217514,36.37039889],[-121.66212687,36.36994695],[-121.66211927,36.36968749],[-121.66189445,36.36919049],[-121.66172234,36.36894749],[-121.66163087,36.36885595],[-121.66137907,36.36875689],[-121.66091367,36.36865749],[-121.66070767,36.36864615],[-121.66053987,36.36866515],[-121.66033373,36.36871855],[-121.66006673,36.36877589],[-121.65996298,36.36877847],[-121.65989574,36.36877398],[-121.65972744,36.36872159],[-121.65954415,36.36869188],[-121.65924267,36.36873389],[-121.65905967,36.36878349],[-121.65889947,36.36880635],[-121.65872393,36.36881775],[-121.65842633,36.36877195],[-121.65831187,36.36872235],[-121.65773194,36.36851255],[-121.65744214,36.36837149],[-121.65734294,36.36798249],[-121.65750314,36.36733769],[-121.65773213,36.36696755],[-121.65841874,36.36636115],[-121.65879253,36.36609029],[-121.65899867,36.36588429],[-121.65931147,36.36535789],[-121.65941451,36.3649425],[-121.65939224,36.36472099],[-121.65932836,36.36444624],[-121.65927327,36.36429735],[-121.65920751,36.36421928],[-121.65905974,36.36414869],[-121.65900561,36.36413514],[-121.65881561,36.36409697],[-121.65861714,36.36406475],[-121.65826575,36.36406971],[-121.65789466,36.36410926],[-121.65767107,36.36413715],[-121.65742687,36.36415995],[-121.65721333,36.36419435],[-121.65693087,36.36423249],[-121.65605353,36.36405329],[-121.65592387,36.36396789],[-121.65564153,36.36375949],[-121.65545847,36.36357635],[-121.65538973,36.36338949],[-121.65538967,36.36315295],[-121.65542027,36.36301189],[-121.65567193,36.36280575],[-121.65571225,36.36279045],[-121.65607633,36.36266089],[-121.65638647,36.36264467],[-121.65672155,36.36262911],[-121.65692347,36.36263795],[-121.65697687,36.36261135],[-121.65697673,36.36255029],[-121.65692333,36.36226035],[-121.65679367,36.36212675],[-121.65661813,36.36206195],[-121.65644267,36.36196655],[-121.65629767,36.36188269],[-121.65612213,36.36175295],[-121.65605353,36.36152795],[-121.65605347,36.36141349],[-121.65606887,36.36129515],[-121.65614553,36.36112817],[-121.65635374,36.36086048],[-121.65629425,36.36068202],[-121.65598387,36.36033644],[-121.65562627,36.35994095],[-121.65519292,36.35949159],[-121.65489969,36.35923731],[-121.65475653,36.35913609],[-121.65462687,36.35891489],[-121.65461726,36.35862396],[-121.65463432,36.35817694],[-121.65462994,36.35804088],[-121.65485595,36.35753688],[-121.65536695,36.35689588],[-121.65539594,36.35657588],[-121.65519795,36.35650688],[-121.65395095,36.35678088],[-121.65380994,36.35668988],[-121.65380994,36.35650588],[-121.65412094,36.35584188],[-121.65412195,36.35545288],[-121.65349894,36.35506388],[-121.65256495,36.35485688],[-121.65242394,36.35474288],[-121.65208394,36.35394088],[-121.65171694,36.35343788],[-121.65168894,36.35270488],[-121.65129294,36.35176588],[-121.65140594,36.35151388],[-121.65200094,36.35085088],[-121.65202994,36.35043788],[-121.65183194,36.35009487],[-121.65095494,36.34943088],[-121.65084194,36.34920188],[-121.65092694,36.34894987],[-121.65137994,36.34833188],[-121.65186094,36.34833188],[-121.65409794,36.34808087],[-121.65545594,36.34803488],[-121.65630495,36.34826487],[-121.65728394,36.34823588],[-121.65859794,36.34776188],[-121.65941894,36.34760187],[-121.65992794,36.34757888],[-121.66086195,36.34776187],[-121.66165394,36.34778487],[-121.66388994,36.34725887],[-121.66418795,36.34689687],[-121.66456995,36.34643487],[-121.66459794,36.34599987],[-121.66397595,36.34526687],[-121.66406094,36.34503787],[-121.66451395,36.34503887],[-121.66513595,36.34512988],[-121.66604195,36.34512987],[-121.66717395,36.34467287],[-121.66756995,36.34435187],[-121.66759895,36.34423788],[-121.66697595,36.34361987],[-121.66672194,36.34318387],[-121.66675594,36.34269248],[-121.66675618,36.342689],[-121.67281239,36.34275925],[-121.69952079,36.3430537],[-121.70051175,36.36014583],[-121.70130621,36.37384922],[-121.7008437,36.3738403],[-121.69641406,36.37370229],[-121.69605727,36.37370674],[-121.69461427,36.37393335],[-121.69460447,36.3739325],[-121.69350807,36.37444449],[-121.69285947,36.37470775],[-121.69239414,36.37470009],[-121.69203547,36.37462375],[-121.69178729,36.37459111],[-121.69160827,36.37458189],[-121.69156037,36.37457958],[-121.6914077,36.37457849],[-121.69123447,36.37459715],[-121.69100554,36.37464669],[-121.69082994,36.37470009],[-121.69060874,36.37480695],[-121.68999834,36.37496709],[-121.68973887,36.37518455],[-121.68959394,36.37526469],[-121.68934214,36.37548589],[-121.68925814,36.37582155],[-121.68925814,36.37616109],[-121.68905994,36.37656169],[-121.68870887,36.37696215],[-121.68835787,36.37716815],[-121.68790767,36.37721775],[-121.68721347,36.37718349],[-121.68677087,36.37707655],[-121.68632827,36.37703089],[-121.68587054,36.37700415],[-121.68541287,36.37685535],[-121.68519167,36.37667609],[-121.68518387,36.37646635],[-121.68512294,36.37618015],[-121.68563407,36.37612295],[-121.68595454,36.37594369],[-121.68616814,36.37568815],[-121.68625214,36.37540969],[-121.68609947,36.37496709],[-121.68618354,36.37469629]]]},"properties":{"OBJECTID":1097681,"COUNTY":"MONTEREY","CITY":"MRY","ZONE_NAME":null,"ZONE_ID":"US-CA-XMY-MRY-D084","STATUS":"Evacuation Warning","EVENT_TYPE":null,"CRITICAL_INFO":null,"PUBLIC_INFO":null,"EDIT_DATE":1787515218000,"STATEWIDE_LAST_UPDATED":null,"NOTES":"Timber Fire","SHAPE__Area":20293312.859375,"SHAPE__Length":20676.539302104509,"GlobalID":"fc91b951-9fda-42b2-8af2-2f9e865a4c10","CreationDate":1788335714107,"Creator":"CalOES_Scripts","EditDate":1788335714107,"Editor":"CalOES_Scripts"}},{"type":"Feature","id":1097685,"geometry":{"type":"Polygon","coordinates":[[[-119.01663142,36.05593591],[-119.01691895,36.05595534],[-119.01779816,36.05601476],[-119.01969569,36.05614299],[-119.02551765,36.05653644],[-119.02613127,36.05670178],[-119.0261346,36.0567991],[-119.0261438,36.0570697],[-119.02615105,36.05726749],[-119.01661235,36.05653253],[-119.01663142,36.05593591]]]},"properties":{"OBJECTID":1097685,"COUNTY":"TULARE","CITY":"PVL","ZONE_NAME":null,"ZONE_ID":"US-CA-XTU-PVL-E036","STATUS":"Evacuation Order","EVENT_TYPE":null,"CRITICAL_INFO":null,"PUBLIC_INFO":null,"EDIT_DATE":1695249188000,"STATEWIDE_LAST_UPDATED":null,"NOTES":"Flooding","SHAPE__Area":93231.91796875,"SHAPE__Length":2291.4262048653245,"GlobalID":"85bd69e6-a089-4f50-a6a5-735da1e05308","CreationDate":1788335714107,"Creator":"CalOES_Scripts","EditDate":1788335714107,"Editor":"CalOES_Scripts"}},{"type":"Feature","id":1097688,"geometry":{"type":"Polygon","coordinates":[[[-121.76326717,36.36976076],[-121.76288022,36.36974182],[-121.7625291,36.36968555],[-121.76221438,36.36965595],[-121.76196646,36.3695815],[-121.76159628,36.36949787],[-121.76111072,36.36951727],[-121.7606564,36.36947918],[-121.76046775,36.3694304],[-121.76009119,36.36933305],[-121.76000911,36.36932396],[-121.75953112,36.36927106],[-121.75938051,36.36920858],[-121.7590674,36.36907869],[-121.75856648,36.36881225],[-121.75817657,36.36843942],[-121.75762573,36.36767411],[-121.75722454,36.36736677],[-121.75700275,36.36715067],[-121.7562839,36.36619523],[-121.7561059,36.36603535],[-121.75608343,36.36601515],[-121.7558793,36.36583178],[-121.75544172,36.36549777],[-121.75520175,36.36526834],[-121.7548278,36.36455219],[-121.75459344,36.36384453],[-121.75433613,36.36361578],[-121.7539489,36.36325164],[-121.75352442,36.3628468],[-121.75340069,36.36281883],[-121.75336579,36.36281094],[-121.75301897,36.36282477],[-121.75254138,36.36268916],[-121.75211837,36.36259356],[-121.75192763,36.36260116],[-121.75159193,36.36279731],[-121.75125709,36.36300748],[-121.75087815,36.36313078],[-121.75081392,36.36315168],[-121.75058079,36.3632631],[-121.750493,36.36330506],[-121.75001173,36.36339453],[-121.74976462,36.36336932],[-121.74941702,36.36333387],[-121.74906936,36.36333366],[-121.74903756,36.36333878],[-121.74860458,36.36340842],[-121.74823444,36.36332474],[-121.74788933,36.36313351],[-121.7477847,36.36307554],[-121.74747351,36.36303036],[-121.74732872,36.36300934],[-121.74698559,36.36279806],[-121.74677433,36.36247293],[-121.74673626,36.36241434],[-121.74657593,36.36235043],[-121.74632734,36.36248731],[-121.74627319,36.36251713],[-121.74571631,36.36279236],[-121.74536155,36.36296114],[-121.74496415,36.36328625],[-121.7445406,36.363753],[-121.74398114,36.36398615],[-121.74337763,36.36406641],[-121.74312947,36.36408188],[-121.74275421,36.36410527],[-121.74218536,36.36418414],[-121.74183059,36.3643529],[-121.74140047,36.36442625],[-121.74087057,36.36457385],[-121.74016362,36.36471773],[-121.73984033,36.36478353],[-121.7396166,36.36482054],[-121.73909637,36.36484123],[-121.73867506,36.36477362],[-121.73821055,36.36456714],[-121.73780915,36.36454092],[-121.73736169,36.36461494],[-121.73675474,36.36463906],[-121.73647643,36.36463606],[-121.73617294,36.3645411],[-121.73551956,36.36433666],[-121.73506443,36.36428444],[-121.73499235,36.3642873],[-121.73473495,36.36429753],[-121.73438812,36.3643113],[-121.73387331,36.36413492],[-121.73381021,36.36395466],[-121.73363371,36.36362425],[-121.73327614,36.36317449],[-121.7329808,36.36289098],[-121.73276639,36.36257606],[-121.73258004,36.36230235],[-121.73223439,36.36204895],[-121.73194077,36.36179348],[-121.73180747,36.36160194],[-121.73167419,36.36161627],[-121.73160024,36.36162423],[-121.7310914,36.36154601],[-121.73084693,36.36152759],[-121.72985288,36.36118744],[-121.72970005,36.36107243],[-121.7292664,36.36074609],[-121.72916076,36.36066659],[-121.72904811,36.36049218],[-121.72870037,36.35995378],[-121.7284491,36.35982316],[-121.72816334,36.35971494],[-121.72784422,36.35959408],[-121.7273388,36.35957195],[-121.72637658,36.35946951],[-121.72601958,36.35931495],[-121.72561684,36.35897944],[-121.7255608,36.35882112],[-121.72538616,36.3583278],[-121.72527022,36.35813557],[-121.72524769,36.35795834],[-121.72517062,36.3573522],[-121.7251934,36.35715447],[-121.72539338,36.35709816],[-121.72548393,36.35707266],[-121.72559172,36.35684344],[-121.72562759,36.3565749],[-121.72565752,36.35620817],[-121.72587037,36.35513124],[-121.72594602,36.35494547],[-121.72599193,36.35426881],[-121.72608492,36.35408235],[-121.72630812,36.35375015],[-121.72643068,36.35347816],[-121.72642083,36.35302866],[-121.72646265,36.35285829],[-121.72648713,36.35268861],[-121.72628281,36.35247177],[-121.72588691,36.35224845],[-121.72566985,36.35182123],[-121.72537528,36.35097529],[-121.72518321,36.3506736],[-121.72487281,36.35071402],[-121.72449137,36.35072914],[-121.72423849,36.35069854],[-121.72399061,36.35049591],[-121.72375954,36.35030861],[-121.72364334,36.35021443],[-121.72307512,36.34997754],[-121.7229658,36.34993197],[-121.72286146,36.34984021],[-121.72250687,36.34952837],[-121.72214943,36.34907858],[-121.72166518,36.34883063],[-121.72121426,36.34874247],[-121.7207682,36.34865526],[-121.72012706,36.34839946],[-121.71971386,36.34817681],[-121.71931787,36.34800722],[-121.71914293,36.34793229],[-121.71774731,36.3472705],[-121.71666842,36.34638528],[-121.71627597,36.34621803],[-121.71590764,36.3461623],[-121.7157093,36.34604361],[-121.71548213,36.34588897],[-121.71545555,36.34587088],[-121.71524411,36.34582301],[-121.71483527,36.34556556],[-121.71434079,36.34525418],[-121.7138236,36.34503562],[-121.71351785,36.34486494],[-121.71235704,36.34434845],[-121.71194811,36.3441959],[-121.71168128,36.34409397],[-121.71113575,36.34369375],[-121.71079998,36.34331336],[-121.71061475,36.34312384],[-121.71049192,36.34282192],[-121.7104515,36.34272258],[-121.71030269,36.34248381],[-121.70989076,36.34206988],[-121.70985508,36.34205306],[-121.70881754,36.34156396],[-121.7087224,36.34152092],[-121.70838876,36.34137],[-121.70741052,36.34106387],[-121.70775152,36.34088903],[-121.70823736,36.34058866],[-121.70851428,36.34031536],[-121.70854898,36.34028111],[-121.70882932,36.34003103],[-121.7089533,36.33990319],[-121.709042,36.33981174],[-121.70925214,36.33955038],[-121.7094162,36.33938924],[-121.70978575,36.33917782],[-121.70991938,36.33890996],[-121.70997177,36.33880493],[-121.71020263,36.33859898],[-121.7103547,36.33845477],[-121.71046562,36.33834959],[-121.71096156,36.33764109],[-121.7114799,36.33701606],[-121.71173441,36.3366264],[-121.71192212,36.33628156],[-121.71216691,36.33601883],[-121.71244214,36.33568458],[-121.71252865,36.33548487],[-121.71264041,36.33522686],[-121.71289237,36.33479512],[-121.71295824,36.33473339],[-121.71322129,36.33448687],[-121.71346292,36.33405706],[-121.71348804,36.33401238],[-121.71351907,36.33398542],[-121.71411543,36.33346738],[-121.71446506,36.33321455],[-121.71456874,36.33290744],[-121.71458291,36.3320008],[-121.71466235,36.33158994],[-121.7148458,36.33117497],[-121.71524573,36.33089203],[-121.71526998,36.33087293],[-121.7155277,36.33066999],[-121.71580883,36.33043393],[-121.71610305,36.33012705],[-121.71619559,36.32964538],[-121.71638072,36.32925845],[-121.71642972,36.32891909],[-121.71641023,36.3285965],[-121.71635694,36.32806758],[-121.71632491,36.32799356],[-121.71620001,36.32770502],[-121.71608282,36.32748851],[-121.71604355,36.32741597],[-121.71589935,36.32704207],[-121.71589691,36.32700166],[-121.71588579,36.32681766],[-121.71597285,36.32653303],[-121.71595337,36.32621044],[-121.71594321,36.32604213],[-121.71576182,36.32587598],[-121.7157225,36.32583997],[-121.71552082,36.32566517],[-121.7154743,36.32547019],[-121.71549235,36.32542824],[-121.71566976,36.3250165],[-121.71579786,36.32471921],[-121.71588724,36.32454001],[-121.71592924,36.3245268],[-121.7162453,36.32442743],[-121.71649513,36.32424884],[-121.71663672,36.32400423],[-121.71667506,36.32389339],[-121.71673907,36.32370234],[-121.71667047,36.32341241],[-121.71671863,36.32305903],[-121.71690154,36.32277081],[-121.71695659,36.32268407],[-121.71719963,36.32239328],[-121.71743843,36.32203235],[-121.71775458,36.32151371],[-121.71781266,36.32111141],[-121.71781854,36.32107068],[-121.71782807,36.32100467],[-121.71775998,36.32074024],[-121.71759922,36.31980463],[-121.7172952,36.31908557],[-121.7172277,36.31906479],[-121.71701196,36.31899836],[-121.71663614,36.3188164],[-121.71658768,36.31871298],[-121.71639683,36.31830567],[-121.7160209,36.31697084],[-121.71596631,36.3163544],[-121.71585933,36.31602121],[-121.71582337,36.31571332],[-121.71576669,36.31535002],[-121.71555997,36.31509107],[-121.71514358,36.31481229],[-121.7148351,36.3146296],[-121.71476525,36.31458824],[-121.71461042,36.31447818],[-121.71418442,36.31417536],[-121.71378409,36.31358663],[-121.71348311,36.31320487],[-121.71317959,36.31278102],[-121.71320156,36.31256927],[-121.7138178,36.31184195],[-121.71432331,36.31158296],[-121.71449532,36.31126686],[-121.71440146,36.31086285],[-121.71452865,36.31037981],[-121.71465291,36.31013589],[-121.71462497,36.30967304],[-121.71460382,36.3093224],[-121.71469468,36.30893143],[-121.71475642,36.30866449],[-121.71482015,36.30830158],[-121.7146033,36.30787431],[-121.71443928,36.30745902],[-121.71429428,36.30707109],[-121.71431032,36.30676115],[-121.7140911,36.30570637],[-121.71399986,36.30528392],[-121.71392137,36.3049207],[-121.71344163,36.3041664],[-121.7133483,36.30401964],[-121.71335117,36.30398323],[-121.71338414,36.30378907],[-121.71341343,36.30357002],[-121.71342005,36.30352052],[-121.7134587,36.30346902],[-121.71378983,36.30302789],[-121.71414862,36.30235293],[-121.71455813,36.30194309],[-121.71497356,36.30163142],[-121.71527994,36.30123971],[-121.71543545,36.30093832],[-121.71553643,36.30059691],[-121.71559819,36.30004269],[-121.71587814,36.30013339],[-121.71609199,36.30022334],[-121.71628514,36.30025789],[-121.71642714,36.30030851],[-121.7166989,36.3004946],[-121.71688065,36.300628],[-121.71723397,36.3007265],[-121.7175032,36.30087051],[-121.71771959,36.30100255],[-121.71781554,36.3011534],[-121.71793221,36.30135968],[-121.71817017,36.30156115],[-121.71849673,36.30175669],[-121.71856662,36.30179854],[-121.71888614,36.30191243],[-121.71893589,36.30191679],[-121.71921791,36.30194148],[-121.71936246,36.30203418],[-121.71945314,36.30206211],[-121.71964564,36.30212139],[-121.7200987,36.30214564],[-121.72072758,36.30220511],[-121.72145479,36.30230896],[-121.72149848,36.30231519],[-121.721771,36.30234096],[-121.72202255,36.30236475],[-121.72243842,36.30234828],[-121.72269579,36.30229592],[-121.72308791,36.30212401],[-121.72311881,36.30211046],[-121.72330603,36.30204681],[-121.72343116,36.30204185],[-121.7236006,36.30203514],[-121.72388658,36.30200659],[-121.72395233,36.30198222],[-121.72413183,36.30191569],[-121.72463979,36.30169875],[-121.72511769,36.3012721],[-121.72519258,36.30121855],[-121.7253049,36.30120845],[-121.7253973,36.30121201],[-121.7258446,36.30122924],[-121.72599049,36.30121313],[-121.72624144,36.3011854],[-121.72673339,36.30127839],[-121.72681884,36.30129132],[-121.72710151,36.30133409],[-121.72751652,36.30130359],[-121.72796703,36.30128573],[-121.72827893,36.30127337],[-121.72858968,36.30127603],[-121.72873453,36.30133966],[-121.72885752,36.30136291],[-121.72926744,36.30124824],[-121.72937077,36.30101879],[-121.72938993,36.30097626],[-121.72956101,36.30064612],[-121.72963237,36.30039022],[-121.72982839,36.30025861],[-121.73035537,36.29999602],[-121.73068748,36.29974384],[-121.73107446,36.29925048],[-121.73159886,36.2990188],[-121.73229022,36.29869728],[-121.73235904,36.29866528],[-121.73239859,36.29865622],[-121.73302714,36.29851224],[-121.73346829,36.29834009],[-121.73403072,36.29816312],[-121.73432102,36.2980813],[-121.73446932,36.29794888],[-121.73442056,36.29743063],[-121.73458023,36.29719935],[-121.73487512,36.29690646],[-121.73500523,36.2967607],[-121.73507827,36.29653286],[-121.73509423,36.29622292],[-121.73513007,36.29595438],[-121.73508471,36.29549222],[-121.73511545,36.29513953],[-121.73514533,36.2947728],[-121.73517522,36.29440608],[-121.73528018,36.29355836],[-121.73555466,36.29292886],[-121.73597708,36.29244814],[-121.73620265,36.29215801],[-121.73632256,36.29184394],[-121.73646404,36.29159932],[-121.73655524,36.29138482],[-121.73666377,36.29116962],[-121.73672915,36.29081554],[-121.73688201,36.29047206],[-121.73724956,36.29023251],[-121.73765345,36.29001965],[-121.73807681,36.28980085],[-121.73812495,36.28977598],[-121.73865694,36.28957056],[-121.7390946,36.28944222],[-121.73914379,36.2894198],[-121.73922541,36.28938261],[-121.73966918,36.28918039],[-121.74059279,36.28894687],[-121.74127726,36.28877908],[-121.74146591,36.28877158],[-121.74162375,36.2887653],[-121.74171527,36.2887527],[-121.74205431,36.28870601],[-121.74243034,36.28860671],[-121.74273788,36.2885055],[-121.74276035,36.28837562],[-121.7427885,36.28821288],[-121.74298448,36.28800826],[-121.74298649,36.28775512],[-121.74309106,36.2871886],[-121.74320296,36.28702949],[-121.74347875,36.28670923],[-121.74363072,36.28635171],[-121.74386305,36.28617376],[-121.74400449,36.28592913],[-121.74417813,36.28562297],[-121.74420843,36.28556955],[-121.74431783,36.28553511],[-121.74453473,36.28546683],[-121.74456627,36.2854569],[-121.7446164,36.28546826],[-121.74477133,36.28550333],[-121.74483037,36.2855167],[-121.74532905,36.28572181],[-121.74593507,36.28597888],[-121.74674286,36.28616944],[-121.74690405,36.28620746],[-121.74755268,36.28630818],[-121.74793301,36.28639427],[-121.7487676,36.28658319],[-121.74907295,36.28675028],[-121.74941425,36.28693704],[-121.74995043,36.28690163],[-121.75035314,36.2869559],[-121.75052638,36.286949],[-121.75062467,36.28689309],[-121.7508453,36.28676759],[-121.75125766,36.28669493],[-121.75196963,36.28669469],[-121.75224851,36.2867117],[-121.75254643,36.28675607],[-121.75277163,36.2867471],[-121.75314508,36.28660569],[-121.75372299,36.2863999],[-121.75399097,36.28637175],[-121.75415437,36.28635459],[-121.7544912,36.2864677],[-121.75480081,36.28676106],[-121.7550044,36.28691119],[-121.75507204,36.28692739],[-121.75549607,36.28702889],[-121.75570928,36.28707993],[-121.75640478,36.28709438],[-121.75708381,36.28712354],[-121.75775602,36.2870405],[-121.75867161,36.2869618],[-121.75948666,36.28694335],[-121.76043347,36.28680716],[-121.76101991,36.28674158],[-121.76156035,36.28677625],[-121.76197013,36.28666148],[-121.7629811,36.28643836],[-121.76352263,36.28620585],[-121.76424431,36.28578903],[-121.76442269,36.28568988],[-121.76509694,36.28553845],[-121.76590878,36.28518266],[-121.76604644,36.28510582],[-121.76626145,36.28498581],[-121.76663828,36.28490046],[-121.76687567,36.28480662],[-121.76707485,36.28479866],[-121.7672048,36.28479347],[-121.76751234,36.28471088],[-121.76799053,36.2845793],[-121.76821595,36.28428911],[-121.76842597,36.28374648],[-121.76852072,36.28330687],[-121.76871234,36.28303208],[-121.76879233,36.28263524],[-121.76900298,36.28238782],[-121.76933412,36.28224764],[-121.76944309,36.28220151],[-121.7698199,36.28211615],[-121.76996141,36.28212044],[-121.77022002,36.28212828],[-121.7706704,36.28211027],[-121.771081,36.2820095],[-121.77151405,36.28199218],[-121.77174243,36.28191566],[-121.7720806,36.28183177],[-121.77219496,36.28177647],[-121.76326717,36.36976076]]]},"properties":{"OBJECTID":1097688,"COUNTY":"MONTEREY","CITY":"MRY","ZONE_NAME":null,"ZONE_ID":"US-CA-XMY-MRY-F015-C","STATUS":"Evacuation Order","EVENT_TYPE":null,"CRITICAL_INFO":null,"PUBLIC_INFO":null,"EDIT_DATE":1787515278000,"STATEWIDE_LAST_UPDATED":null,"NOTES":"Timber Fire","SHAPE__Area":56493131.97265625,"SHAPE__Length":35824.241907840507,"GlobalID":"0d2fa04e-1ecb-49ae-bc6a-3f3045caa037","CreationDate":1788335714107,"Creator":"CalOES_Scripts","EditDate":1788335714107,"Editor":"CalOES_Scripts"}},{"type":"Feature","id":1097689,"geometry":{"type":"Polygon","coordinates":[[[-121.80391886,36.28539667],[-121.80392722,36.28539838],[-121.80395163,36.28540341],[-121.80410985,36.28543595],[-121.80469677,36.285704],[-121.80478876,36.28574602],[-121.80483291,36.28574933],[-121.80515511,36.28577344],[-121.80546769,36.28605608],[-121.80572398,36.2862707],[-121.80608785,36.28645593],[-121.80654925,36.28670139],[-121.80673566,36.28677487],[-121.80690518,36.2868417],[-121.80710176,36.28693218],[-121.80724457,36.2872779],[-121.80735885,36.287442],[-121.80739648,36.28746018],[-121.807681,36.28759772],[-121.80774572,36.28754562],[-121.80784646,36.28746452],[-121.8080015,36.28744422],[-121.80825091,36.28754663],[-121.80842492,36.28783485],[-121.80852268,36.28829485],[-121.80854165,36.28860338],[-121.80848737,36.28882147],[-121.80852598,36.2889133],[-121.80888623,36.28912372],[-121.80922655,36.28928265],[-121.80944049,36.28938255],[-121.80954177,36.28961746],[-121.80959626,36.28993862],[-121.80963953,36.29007746],[-121.81000842,36.29042811],[-121.81050375,36.29085801],[-121.8106795,36.29117428],[-121.81079984,36.29143654],[-121.81088831,36.29177517],[-121.81101456,36.29182152],[-121.81129173,36.29181034],[-121.81186771,36.29185741],[-121.81194091,36.29186912],[-121.81214834,36.29190232],[-121.81254585,36.2921534],[-121.81277824,36.29240724],[-121.81284374,36.29247879],[-121.81314455,36.29227017],[-121.81355492,36.29218298],[-121.81375416,36.29203435],[-121.81396986,36.291871],[-121.81420462,36.291735],[-121.81451125,36.29163827],[-121.81482047,36.29158362],[-121.81513056,36.29154298],[-121.81542505,36.2915311],[-121.81568317,36.29149256],[-121.81619336,36.29131732],[-121.81655718,36.29102146],[-121.81693315,36.29064075],[-121.81720081,36.29047529],[-121.81723805,36.29047611],[-121.81742687,36.29048022],[-121.81747671,36.29053625],[-121.81763211,36.29071093],[-121.81773973,36.29095457],[-121.81789447,36.29130486],[-121.81788579,36.2914458],[-121.81784678,36.29165825],[-121.8179169,36.29195065],[-121.81811404,36.29261664],[-121.81827453,36.29268131],[-121.81869017,36.29262819],[-121.81875698,36.29261965],[-121.81901683,36.29260915],[-121.81952266,36.29264495],[-121.81973313,36.29267862],[-121.82003022,36.2927088],[-121.82042171,36.29286168],[-121.82067893,36.29309028],[-121.82076466,36.29335393],[-121.82107732,36.29363653],[-121.8214896,36.2938448],[-121.82176242,36.29404465],[-121.82198241,36.29423258],[-121.82224051,36.2944752],[-121.82246084,36.29457305],[-121.82280698,36.29464912],[-121.82329204,36.29462951],[-121.82374072,36.29458325],[-121.82391655,36.29461831],[-121.82419892,36.29469125],[-121.82479311,36.29475157],[-121.82502561,36.29476142],[-121.82547219,36.29478033],[-121.82571634,36.29485705],[-121.82614207,36.29499082],[-121.82630458,36.29504188],[-121.82692736,36.2952838],[-121.8270798,36.29550257],[-121.82718634,36.2958216],[-121.82728627,36.29591297],[-121.82733359,36.29595623],[-121.82756573,36.2960593],[-121.82773368,36.2960329],[-121.82780653,36.29602144],[-121.82810536,36.29607964],[-121.82846656,36.29630401],[-121.82877233,36.2964744],[-121.82896722,36.2965368],[-121.82908155,36.29656171],[-121.82956576,36.29666721],[-121.83022407,36.29664056],[-121.83058787,36.29662582],[-121.83102534,36.29660811],[-121.83107293,36.29660618],[-121.83143934,36.29663351],[-121.83175636,36.29670502],[-121.8318837,36.29679828],[-121.83221635,36.29740338],[-121.83258537,36.29775395],[-121.8330029,36.29804632],[-121.83340571,36.29838146],[-121.83372797,36.29881828],[-121.83377132,36.29923828],[-121.83394719,36.2995545],[-121.83442972,36.30005511],[-121.83446922,36.30010345],[-121.83471039,36.30039856],[-121.83497463,36.30072189],[-121.83534221,36.30111237],[-121.83542079,36.30119585],[-121.83599861,36.301552],[-121.83722784,36.30176927],[-121.83796763,36.30193608],[-121.83860919,36.30202809],[-121.838898,36.30209516],[-121.83955209,36.30256067],[-121.83998512,36.30310167],[-121.84017332,36.3033368],[-121.84073303,36.30396077],[-121.84142798,36.30465794],[-121.84147382,36.30470392],[-121.84197294,36.30547094],[-121.84325961,36.30661367],[-121.84375087,36.30697329],[-121.84408928,36.30739823],[-121.84410875,36.30742269],[-121.84462523,36.30765019],[-121.84475161,36.30770586],[-121.84548813,36.30837887],[-121.84648891,36.30911142],[-121.8470514,36.31005859],[-121.84736857,36.31041122],[-121.8476389,36.31056893],[-121.84795339,36.31059832],[-121.8480535,36.31063387],[-121.84841519,36.31076231],[-121.84897312,36.31079586],[-121.84953627,36.31091355],[-121.84990709,36.31101094],[-121.85005955,36.3109485],[-121.85021391,36.31075361],[-121.85076114,36.31049822],[-121.85079492,36.31048278],[-121.85126977,36.31025932],[-121.8513181,36.31023657],[-121.85215228,36.30996364],[-121.85268417,36.30985765],[-121.85288408,36.30983901],[-121.85321954,36.30980774],[-121.85341797,36.3099262],[-121.85361117,36.30996051],[-121.85394918,36.3103685],[-121.8541962,36.31070991],[-121.85446315,36.31096716],[-121.85465812,36.31115504],[-121.85484733,36.31124384],[-121.85567797,36.31163368],[-121.85591222,36.31174048],[-121.85601763,36.31178855],[-121.8562446,36.31177432],[-121.85666006,36.31174837],[-121.85747306,36.31172928],[-121.85842514,36.31167644],[-121.85876207,36.31150807],[-121.85891714,36.3113458],[-121.85895778,36.31130328],[-121.8593918,36.31129965],[-121.86013247,36.31119918],[-121.86040051,36.31125196],[-121.86078314,36.3113273],[-121.86129646,36.31136002],[-121.86172487,36.31138732],[-121.862006,36.31144328],[-121.86207663,36.31145733],[-121.86232914,36.31131896],[-121.86263094,36.31115357],[-121.86289943,36.31100203],[-121.86299999,36.31097728],[-121.86310473,36.31095149],[-121.86321567,36.31105943],[-121.86350611,36.31153963],[-121.86381812,36.31180807],[-121.86437357,36.31208064],[-121.8648009,36.31252714],[-121.86491123,36.31260786],[-121.8652013,36.31282009],[-121.86527001,36.31336556],[-121.86536022,36.31393668],[-121.86538474,36.31409191],[-121.8656656,36.31441785],[-121.86578972,36.31450408],[-121.86632634,36.31487691],[-121.86639187,36.31492243],[-121.86676447,36.31504781],[-121.86728516,36.31504062],[-121.86768368,36.31502435],[-121.86831007,36.31504096],[-121.86876162,36.31517879],[-121.86900068,36.31525176],[-121.86931693,36.31530914],[-121.86981854,36.3152746],[-121.87028287,36.3151994],[-121.87070203,36.31515496],[-121.87079899,36.31517403],[-121.87091162,36.31520112],[-121.87101409,36.31522577],[-121.87116572,36.31538304],[-121.87118593,36.315404],[-121.87162699,36.31586147],[-121.87179692,36.31607946],[-121.87203723,36.31596278],[-121.87245676,36.31551829],[-121.87263827,36.31480796],[-121.87268221,36.31439847],[-121.87267854,36.31433956],[-121.87266647,36.31414606],[-121.87277181,36.31405849],[-121.87289767,36.31395386],[-121.87358601,36.31329311],[-121.8741429,36.31303136],[-121.87459251,36.31299892],[-121.87514288,36.31300898],[-121.87530551,36.31301195],[-121.87575862,36.3130356],[-121.87704697,36.31294596],[-121.87722873,36.31293331],[-121.87821807,36.31292097],[-121.87847278,36.31287428],[-121.87861307,36.31284857],[-121.87889467,36.31290734],[-121.87902227,36.31328169],[-121.8792661,36.31384811],[-121.87960513,36.31427004],[-121.87996918,36.31453631],[-121.88100235,36.31522506],[-121.88142891,36.31565746],[-121.88198301,36.31610428],[-121.88214234,36.31623276],[-121.88265327,36.3163064],[-121.88328173,36.31639698],[-121.88413864,36.31648841],[-121.88481898,36.316812],[-121.88525763,36.31715954],[-121.88534242,36.31730484],[-121.88537589,36.31736221],[-121.88539383,36.31739295],[-121.88516441,36.31761322],[-121.88506536,36.31767534],[-121.88461279,36.31795916],[-121.88458077,36.31799457],[-121.88440157,36.31819274],[-121.88407344,36.3185014],[-121.88394819,36.31899857],[-121.8839666,36.31929304],[-121.88404314,36.31968354],[-121.88421926,36.31999966],[-121.88457129,36.32035075],[-121.88521548,36.32092887],[-121.88611477,36.3219745],[-121.88669493,36.32263958],[-121.8870108,36.3232452],[-121.88805953,36.32473455],[-121.88841687,36.32516976],[-121.88878299,36.3257452],[-121.88900152,36.32646588],[-121.88907375,36.32681397],[-121.88940039,36.32839094],[-121.88958597,36.32858014],[-121.88982355,36.32876721],[-121.88967461,36.32888579],[-121.88963377,36.32892647],[-121.88952743,36.3290324],[-121.88954644,36.32910554],[-121.88959611,36.32929669],[-121.88957726,36.32955051],[-121.88972819,36.32974114],[-121.88972843,36.33002229],[-121.8896723,36.33008277],[-121.88964705,36.33010998],[-121.88949723,36.33021453],[-121.88947487,36.33041226],[-121.88957557,36.33063306],[-121.88980117,36.33093081],[-121.89019065,36.33158021],[-121.89028793,36.33174256],[-121.8905598,36.33192795],[-121.89061423,36.33196506],[-121.89083243,36.33211385],[-121.89114022,36.3323121],[-121.89151821,36.33252152],[-121.89192081,36.33312356],[-121.89330577,36.3346715],[-121.89331345,36.33468102],[-121.89331403,36.33470436],[-121.89332701,36.33475178],[-121.89333362,36.33478025],[-121.89326365,36.33480259],[-121.8931979,36.33483054],[-121.8930009,36.33503927],[-121.8929939,36.33524807],[-121.8929191,36.33539647],[-121.89287837,36.33543487],[-121.8927289,36.33548427],[-121.89262017,36.33547327],[-121.8923691,36.33522587],[-121.8920841,36.33484107],[-121.89194837,36.33460474],[-121.89167017,36.33431333],[-121.89146657,36.33402207],[-121.8913173,36.33385167],[-121.89102023,36.33375142],[-121.89084177,36.33381091],[-121.89066331,36.3338704],[-121.89024691,36.33398937],[-121.88986024,36.33401911],[-121.88947358,36.33401911],[-121.88926538,36.33392988],[-121.8891577,36.33366934],[-121.88909657,36.33364727],[-121.88877717,36.33363614],[-121.8884513,36.33355353],[-121.88819997,36.33352053],[-121.8881525,36.33349307],[-121.8880167,36.33349294],[-121.8875617,36.33341033],[-121.8870931,36.33337714],[-121.88650897,36.33338794],[-121.88641397,36.33336587],[-121.88604737,36.33317333],[-121.88574177,36.33296447],[-121.88516081,36.33262118],[-121.88468491,36.33238323],[-121.88420902,36.33214529],[-121.8836439,36.33199657],[-121.88334647,36.33196683],[-121.88295981,36.33202631],[-121.88266237,36.33217503],[-121.88230545,36.33238323],[-121.88188905,36.33250221],[-121.8816673,36.33246247],[-121.88068216,36.33280267],[-121.8801321,36.33284634],[-121.87956156,36.33284054],[-121.87935116,36.33277447],[-121.8791203,36.33276334],[-121.87900476,36.33271934],[-121.8788079,36.33258734],[-121.8785975,36.33237827],[-121.87768116,36.33167994],[-121.8773485,36.33161934],[-121.87677796,36.33164094],[-121.87641136,36.33157487],[-121.87607956,36.33159127],[-121.87588876,36.33158354],[-121.87566756,36.33154154],[-121.8754463,36.33152254],[-121.8752709,36.33152254],[-121.87507236,36.33152634],[-121.8748207,36.33149974],[-121.87452316,36.33146914],[-121.87423316,36.33143094],[-121.8739281,36.33140047],[-121.87366856,36.33140054],[-121.8733863,36.33137374],[-121.8731727,36.33141567],[-121.8729667,36.33144614],[-121.8727683,36.33147674],[-121.8725013,36.33158727],[-121.8721961,36.33172087],[-121.87187556,36.33183147],[-121.8714865,36.33200314],[-121.87112796,36.33210994],[-121.8709525,36.33213667],[-121.8707617,36.33212147],[-121.8705481,36.33207174],[-121.87034196,36.33201454],[-121.8700903,36.33195734],[-121.86979276,36.33190774],[-121.86947996,36.33187347],[-121.86913656,36.33182007],[-121.86883136,36.33181634],[-121.8681067,36.33182767],[-121.86773276,36.33180094],[-121.86743539,36.33181003],[-121.86686296,36.33182754],[-121.86662636,36.33182014],[-121.86635936,36.33181627],[-121.8661305,36.33177807],[-121.8660161,36.33174374],[-121.86583296,36.33169034],[-121.86561936,36.33160634],[-121.8652913,36.33147667],[-121.86500136,36.33135467],[-121.86469616,36.33118674],[-121.8643605,36.33096554],[-121.86397896,36.33069847],[-121.8637577,36.33052314],[-121.8635975,36.33041247],[-121.8632313,36.33024087],[-121.86304056,36.33029027],[-121.86287276,36.33032087],[-121.86268196,36.33034754],[-121.86258276,36.33033987],[-121.8624683,36.33035514],[-121.8623921,36.33037814],[-121.8623157,36.33043907],[-121.8622929,36.33048874],[-121.8622775,36.33052687],[-121.8622623,36.33064127],[-121.8622623,36.33078247],[-121.8622623,36.33092354],[-121.8622471,36.33108754],[-121.86221656,36.33127827],[-121.86218596,36.33139654],[-121.8621097,36.33152627],[-121.86198756,36.33177427],[-121.86194189,36.33189627],[-121.86184256,36.33203747],[-121.86169769,36.33215947],[-121.8615681,36.33224727],[-121.86140789,36.33233114],[-121.86136818,36.33235718],[-121.8612857,36.33241127],[-121.8611255,36.33251047],[-121.8609499,36.33254474],[-121.86067529,36.33252187],[-121.8603855,36.33249134],[-121.86009549,36.33243794],[-121.8599123,36.33238454],[-121.85953096,36.33222047],[-121.8593401,36.33212134],[-121.85917989,36.33202214],[-121.85898156,36.33194207],[-121.85872216,36.33186194],[-121.85801249,36.33177427],[-121.8577303,36.33175907],[-121.85744036,36.33175887],[-121.85724189,36.33173227],[-121.85703596,36.33169407],[-121.85684516,36.33166747],[-121.85664689,36.33163307],[-121.85647136,36.33162154],[-121.85628069,36.33162927],[-121.85605169,36.33165974],[-121.85581529,36.33172074],[-121.85551769,36.33181994],[-121.85518196,36.33193054],[-121.85486156,36.33206414],[-121.85436556,36.33235394],[-121.85423589,36.33244934],[-121.85409096,36.33251807],[-121.85393829,36.33253334],[-121.85374769,36.33250287],[-121.85358749,36.33243414],[-121.85345009,36.33231967],[-121.85329749,36.33214807],[-121.85312189,36.33194194],[-121.85280916,36.33158347],[-121.85246589,36.33127067],[-121.85230569,36.33115627],[-121.85213789,36.33107987],[-121.85190889,36.33099214],[-121.85175636,36.33092734],[-121.85158089,36.33089294],[-121.85143589,36.33091587],[-121.85135956,36.33094267],[-121.85129089,36.33099607],[-121.85120696,36.33111807],[-121.85110776,36.33129354],[-121.85106196,36.33143467],[-121.85097809,36.33169027],[-121.85085609,36.33184274],[-121.85071109,36.33198027],[-121.85061176,36.33210227],[-121.85055849,36.33222047],[-121.85050496,36.33234267],[-121.85046689,36.33247234],[-121.85036756,36.33259434],[-121.85023796,36.33271267],[-121.85010069,36.33276987],[-121.84995556,36.33281174],[-121.84976496,36.33281567],[-121.84961996,36.33278887],[-121.84953609,36.33273927],[-121.84932236,36.33253334],[-121.84921569,36.33243794],[-121.84910889,36.33235787],[-121.84898676,36.33231594],[-121.84888749,36.33230054],[-121.84878836,36.33230434],[-121.84871976,36.33234254],[-121.84865109,36.33240354],[-121.84858236,36.33247607],[-121.84850609,36.33259814],[-121.84844509,36.33275834],[-121.84834576,36.33292234],[-121.84826196,36.33304827],[-121.84814736,36.33310154],[-121.84802529,36.33310167],[-121.84794149,36.33306354],[-121.84781176,36.33302547],[-121.84765156,36.33293767],[-121.84755996,36.33281554],[-121.84739216,36.33197634],[-121.84723196,36.33118674],[-121.84714036,36.33098454],[-121.84704889,36.33082427],[-121.84696489,36.33071367],[-121.84679709,36.33056107],[-121.84662169,36.33044287],[-121.84634689,36.33042754],[-121.84620196,36.33042754],[-121.84599589,36.33048854],[-121.84578989,36.33057254],[-121.84553829,36.33083574],[-121.84551516,36.33091587],[-121.84544669,36.33101127],[-121.84535509,36.33110274],[-121.84527116,36.33118667],[-121.84512609,36.33130107],[-121.84496589,36.33138134],[-121.84480556,36.33139267],[-121.84469876,36.33137354],[-121.84459976,36.33133534],[-121.84448516,36.33130114],[-121.84437836,36.33125147],[-121.84424116,36.33117514],[-121.84405029,36.33105314],[-121.84396649,36.33099214],[-121.84382149,36.33095014],[-121.84363849,36.33093874],[-121.84350096,36.33094634],[-121.84327216,36.33095014],[-121.84303569,36.33097687],[-121.84282956,36.33100354],[-121.84257796,36.33101887],[-121.84231849,36.33106087],[-121.84209709,36.33107594],[-121.84179969,36.33109887],[-121.84106716,36.33123254],[-121.84089169,36.33127447],[-121.84073149,36.33129727],[-121.84060176,36.33131647],[-121.84049496,36.33137747],[-121.84042629,36.33148414],[-121.84038049,36.33156047],[-121.84031936,36.33165967],[-121.84031189,36.33176267],[-121.84031176,36.33187327],[-121.84033469,36.33203734],[-121.84033469,36.33215174],[-121.84031189,36.33221287],[-121.84025076,36.33227767],[-121.84018209,36.33233114],[-121.84010576,36.33235394],[-121.84002189,36.33235774],[-121.83994556,36.33232347],[-121.83970149,36.33209834],[-121.83948029,36.33189614],[-121.83935816,36.33180454],[-121.83928189,36.33178934],[-121.83913676,36.33179707],[-121.83901476,36.33183134],[-121.83890809,36.33188854],[-121.83880116,36.33198387],[-121.83872489,36.33206027],[-121.83859509,36.33213647],[-121.83848069,36.33219374],[-121.83835096,36.33221287],[-121.83819849,36.33221274],[-121.83806869,36.33219754],[-121.83791616,36.33212507],[-121.83780176,36.33203734],[-121.83765676,36.33190007],[-121.83758036,36.33177794],[-121.83754989,36.33162534],[-121.83751936,36.33106847],[-121.83749649,36.33087387],[-121.83748129,36.33066027],[-121.83743549,36.33050767],[-121.83740496,36.33037027],[-121.83732096,36.33025974],[-121.83716076,36.33013754],[-121.83703869,36.33004607],[-121.83684796,36.32998127],[-121.83671829,36.32997354],[-121.83662676,36.32998494],[-121.83648189,36.33005367],[-121.83639016,36.33011094],[-121.83635209,36.33019474],[-121.83629096,36.33029014],[-121.83621476,36.33039327],[-121.83611556,36.33042374],[-121.83600116,36.33042754],[-121.83575696,36.33041607],[-121.83563489,36.33032067],[-121.83552809,36.33028254],[-121.83539076,36.33021387],[-121.83507029,36.33007274],[-121.83487189,36.32994687],[-121.83453616,36.32978274],[-121.83427689,36.32964554],[-121.83410129,36.32958447],[-121.83389529,36.32953874],[-121.83368176,36.32951574],[-121.83352909,36.32952347],[-121.83336129,36.32955014],[-121.83328496,36.32957687],[-121.83320109,36.32964554],[-121.83312476,36.32972174],[-121.83310176,36.32980954],[-121.83304849,36.32992774],[-121.83302556,36.33008794],[-121.83302556,36.33026727],[-121.83304836,36.33038547],[-121.83302556,36.33046187],[-121.83294169,36.33049627],[-121.83288829,36.33049994],[-121.83281956,36.33048087],[-121.83268989,36.33043514],[-121.83238476,36.33028634],[-121.83220916,36.33019487],[-121.83199549,36.33014147],[-121.83186589,36.33011074],[-121.83167516,36.33012994],[-121.83159116,36.33021774],[-121.83156076,36.33027107],[-121.83151489,36.33034354],[-121.83148429,36.33043514],[-121.83149969,36.33053427],[-121.83148436,36.33063354],[-121.83150729,36.33070974],[-121.83156829,36.33082047],[-121.83180489,36.33113694],[-121.83188869,36.33128194],[-121.83193456,36.33139647],[-121.83198029,36.33149174],[-121.83196496,36.33158334],[-121.83193456,36.33166347],[-121.83188889,36.33172067],[-121.83178189,36.33179694],[-121.83166749,36.33188094],[-121.83149969,36.33196107],[-121.83112569,36.33212507],[-121.83028649,36.33231574],[-121.82995849,36.33240347],[-121.82976769,36.33243014],[-121.82958469,36.33244167],[-121.82938616,36.33244547],[-121.82918776,36.33246454],[-121.82901996,36.33247594],[-121.82884456,36.33250654],[-121.82863089,36.33252934],[-121.82841729,36.33256747],[-121.82826456,36.33262854],[-121.82821116,36.33267434],[-121.82813496,36.33276587],[-121.82813489,36.33288794],[-121.82810436,36.33299854],[-121.82802049,36.33313587],[-121.82792116,36.33323887],[-121.82779156,36.33331514],[-121.82757036,36.33340287],[-121.82721169,36.33355174],[-121.82695989,36.33364694],[-121.82679969,36.33370427],[-121.82654029,36.33381107],[-121.82641056,36.33387974],[-121.82629616,36.33397507],[-121.82626569,36.33400947],[-121.82621989,36.33415434],[-121.82618936,36.33426507],[-121.82615129,36.33445574],[-121.82613589,36.33465407],[-121.82612829,36.33478754],[-121.82612836,36.33496307],[-121.82618169,36.33510807],[-121.82633436,36.33546287],[-121.82639536,36.33557727],[-121.82641816,36.33567647],[-121.82644109,36.33579094],[-121.82641816,36.33590527],[-121.82636476,36.33601214],[-121.82629616,36.33605407],[-121.82623509,36.33605034],[-121.82607489,36.33602734],[-121.82588409,36.33603494],[-121.82570109,36.33601207],[-121.82557136,36.33598927],[-121.82549496,36.33593967],[-121.82538056,36.33584427],[-121.82529669,36.33579474],[-121.82517449,36.33574894],[-121.82503716,36.33571834],[-121.82483129,36.33569174],[-121.82467856,36.33568034],[-121.82454136,36.33567267],[-121.82444976,36.33562307],[-121.82443449,36.33559634],[-121.82442689,36.33552767],[-121.82439636,36.33536367],[-121.82432769,36.33508514],[-121.82430489,36.33495547],[-121.82419796,36.33482954],[-121.82406069,36.33481427],[-121.82396149,36.33482194],[-121.82385476,36.33482954],[-121.82374016,36.33484487],[-121.82355709,36.33492494],[-121.82339689,36.33498227],[-121.82319856,36.33507767],[-121.82303069,36.33515387],[-121.82283989,36.33523767],[-121.82261096,36.33533314],[-121.82242036,36.33543994],[-121.82227529,36.33553147],[-121.82216089,36.33563827],[-121.82207689,36.33576414],[-121.82205409,36.33589767],[-121.82208449,36.33600454],[-121.82216856,36.33606174],[-121.82232109,36.33606554],[-121.82240509,36.33604254],[-121.82253469,36.33598154],[-121.82262616,36.33595494],[-121.82274829,36.33598534],[-121.82298496,36.33622574],[-121.82311456,36.33645847],[-121.82313749,36.33659574],[-121.82311449,36.33670634],[-121.82306869,36.33679034],[-121.82295436,36.33687427],[-121.82281696,36.33693907],[-121.82268729,36.33700774],[-121.82255756,36.33702674],[-121.82245076,36.33702307],[-121.82235169,36.33704207],[-121.82222949,36.33708787],[-121.82214556,36.33716034],[-121.82208456,36.33722907],[-121.82204649,36.33732814],[-121.82203876,36.33743887],[-121.82204649,36.33762954],[-121.82211509,36.33777447],[-121.82223716,36.33786987],[-121.82248136,36.33799194],[-121.82279409,36.33815594],[-121.82293136,36.33822467],[-121.82304589,36.33831627],[-121.82308396,36.33840774],[-121.82310696,36.33849554],[-121.82309929,36.33863274],[-121.82306109,36.33873967],[-121.82301529,36.33881587],[-121.82298476,36.33891514],[-121.82293896,36.33903334],[-121.82287036,36.33917834],[-121.82282469,36.33927367],[-121.82278636,36.33938427],[-121.82271769,36.33948727],[-121.82261869,36.33964754],[-121.82258036,36.33979254],[-121.82255756,36.33992594],[-121.82253469,36.34010147],[-121.82249649,36.34025014],[-121.82253469,36.34043327],[-121.82259569,36.34053627],[-121.82259569,36.34065454],[-121.82253469,36.34072327],[-121.82245829,36.34078427],[-121.82230569,36.34078814],[-121.82216076,36.34079194],[-121.82201589,36.34076134],[-121.82181736,36.34068134],[-121.82168009,36.34048294],[-121.82164956,36.34040287],[-121.82158856,36.34029214],[-121.82155036,36.34015107],[-121.82155036,36.34000227],[-121.82153516,36.33987254],[-121.82149696,36.33974667],[-121.82142836,36.33960174],[-121.82137496,36.33944147],[-121.82129109,36.33934234],[-121.82118416,36.33924694],[-121.82103929,36.33918587],[-121.82087136,36.33914774],[-121.82061969,36.33908674],[-121.82039069,36.33904094],[-121.82020009,36.33904094],[-121.82000929,36.33906394],[-121.81981096,36.33909434],[-121.81962776,36.33916307],[-121.81949036,36.33925454],[-121.81940656,36.33933847],[-121.81936069,36.33941094],[-121.81936076,36.33951014],[-121.81939129,36.33956354],[-121.81950569,36.33962834],[-121.8195451,36.33964808],[-121.81957436,36.33966274],[-121.81958956,36.33971234],[-121.81956676,36.33973907],[-121.81955828,36.33974145],[-121.81944469,36.33977334],[-121.81923869,36.33979247],[-121.81878089,36.33987254],[-121.81859009,36.33988787],[-121.81833836,36.33987254],[-121.81817056,36.33981534],[-121.81801789,36.33973527],[-121.81783476,36.33967034],[-121.81764409,36.33963607],[-121.81746096,36.33963987],[-121.81730069,36.33969327],[-121.81722449,36.33973894],[-121.81719389,36.33985734],[-121.81722436,36.33997174],[-121.81728536,36.34006714],[-121.81738456,36.34020447],[-121.81749909,36.34033407],[-121.81765929,36.34049434],[-121.81775076,36.34064687],[-121.81778136,36.34075747],[-121.81776609,36.34083387],[-121.81772029,36.34093294],[-121.81762116,36.34103607],[-121.81744569,36.34112374],[-121.81680476,36.34126107],[-121.81649956,36.34131067],[-121.81630116,36.34135647],[-121.81611049,36.34141367],[-121.81595029,36.34148234],[-121.81572896,36.34158527],[-121.81548476,36.34169214],[-121.81524829,36.34182187],[-121.81503469,36.34193247],[-121.81489729,36.34198967],[-121.81468376,36.34203167],[-121.81457676,36.34202787],[-121.81437089,36.34197827],[-121.81422596,36.34189427],[-121.81405036,36.34179507],[-121.81376809,36.34163487],[-121.81357736,36.34151667],[-121.81347056,36.34140227],[-121.81326469,36.34116567],[-121.81297469,36.34077287],[-121.81290609,36.34063927],[-121.81281449,36.34052487],[-121.81265416,36.34038754],[-121.81247876,36.34029607],[-121.81228796,36.34023494],[-121.81212776,36.34023114],[-121.81191416,36.34023874],[-121.81173109,36.34026547],[-121.81159369,36.34033027],[-121.81148689,36.34042187],[-121.81146409,36.34053627],[-121.81144876,36.34068507],[-121.81146396,36.34080714],[-121.81152509,36.34088347],[-121.81163956,36.34092534],[-121.81175389,36.34099027],[-121.81190649,36.34108934],[-121.81202109,36.34120767],[-121.81205909,36.34135634],[-121.81203629,36.34147474],[-121.81194476,36.34155867],[-121.81183029,36.34161194],[-121.81164709,36.34164634],[-121.81141056,36.34167307],[-121.81122736,36.34168827],[-121.81101376,36.34171887],[-121.81075436,36.34174554],[-121.81060956,36.34169974],[-121.81054089,36.34165787],[-121.81051029,36.34158914],[-121.81041116,36.34128394],[-121.81022049,36.34088714],[-121.80993049,36.34046374],[-121.80988469,36.34034547],[-121.80980076,36.34026927],[-121.80972456,36.34025027],[-121.80961009,36.34025774],[-121.80946509,36.34025774],[-121.80935069,36.34024254],[-121.80919036,36.34023874],[-121.80899955,36.34024634],[-121.80879369,36.34025394],[-121.80861049,36.34026154],[-121.80842749,36.34025394],[-121.80824435,36.34021587],[-121.80811469,36.34014707],[-121.80800015,36.34005567],[-121.80785509,36.33997547],[-121.80769509,36.33997934],[-121.80756536,36.34000987],[-121.80734409,36.34009754],[-121.80697015,36.34027307],[-121.80644375,36.34048667],[-121.80613089,36.34057054],[-121.80569609,36.34063547],[-121.80565789,36.34070407],[-121.80562991,36.34075413],[-121.80560455,36.34079947],[-121.80557389,36.34090247],[-121.80556629,36.34103974],[-121.80563495,36.34123814],[-121.80574949,36.34159667],[-121.80587916,36.34192094],[-121.80601649,36.34214594],[-121.80618429,36.34240547],[-121.80649709,36.34283654],[-121.80692436,36.34335907],[-121.80700069,36.34347747],[-121.80700816,36.34361854],[-121.80694729,36.34377867],[-121.80684036,36.34384354],[-121.80662675,36.34397327],[-121.80647415,36.34403048],[-121.80631389,36.34414114],[-121.80620715,36.34426707],[-121.80610035,36.34443107],[-121.80602409,36.34456447],[-121.80602395,36.34473627],[-121.80603935,36.34490787],[-121.80614595,36.34511767],[-121.80669535,36.34587687],[-121.80687095,36.34615914],[-121.80697009,36.34639934],[-121.80702349,36.34659774],[-121.80700816,36.34675414],[-121.80692429,36.34685727],[-121.80678696,36.34698307],[-121.80666489,36.34707074],[-121.80652755,36.34715467],[-121.80639789,36.34723867],[-121.80624516,36.34733014],[-121.80606976,36.34743314],[-121.80589429,36.34753248],[-121.80574929,36.34762774],[-121.80562716,36.34774214],[-121.80556616,36.34783374],[-121.80554315,36.34792148],[-121.80557376,36.34805887],[-121.80558896,36.34823048],[-121.80556615,36.34850508],[-121.80552029,36.34869208],[-121.80547456,36.34880268],[-121.80543649,36.34893614],[-121.80541356,36.34906214],[-121.80541349,36.34919174],[-121.80540589,36.34934434],[-121.80536016,36.34948934],[-121.80528375,36.34964194],[-121.80520756,36.34979448],[-121.80511596,36.34992788],[-121.80494816,36.35014154],[-121.80483376,36.35025214],[-121.80474969,36.35040107],[-121.80467335,36.35057648],[-121.80449036,36.35089688],[-121.80438349,36.35107994],[-121.80426909,36.35129368],[-121.80414696,36.35147288],[-121.80404789,36.35162174],[-121.80395629,36.35178194],[-121.80384949,36.35200694],[-121.80373496,36.35219008],[-121.80365869,36.35237694],[-121.80364349,36.35255248],[-121.80366636,36.35271654],[-121.80376549,36.35286148],[-121.80384936,36.35307508],[-121.80391809,36.35337648],[-121.80397909,36.35366634],[-121.80396389,36.35380368],[-121.80394856,36.35395248],[-121.80391036,36.35413548],[-121.80384936,36.35429574],[-121.80376549,36.35442168],[-121.80365869,36.35457428],[-121.80354416,36.35470014],[-121.80346029,36.35486414],[-121.80343736,36.35500908],[-121.80340676,36.35515408],[-121.80336875,36.35531048],[-121.80330769,36.35541348],[-121.80321609,36.35556608],[-121.80306349,36.35574914],[-121.80294909,36.35582548],[-121.80277349,36.35592848],[-121.80261336,36.35605048],[-121.80232336,36.35624128],[-121.80206409,36.35638614],[-121.80188849,36.35651588],[-121.80171296,36.35682868],[-121.80158334,36.35708798],[-121.80145105,36.3573526],[-121.80120311,36.35795163],[-121.80101026,36.35846191],[-121.80096241,36.35849789],[-121.80391886,36.28539667]]]},"properties":{"OBJECTID":1097689,"COUNTY":"MONTEREY","CITY":"MRY","ZONE_NAME":null,"ZONE_ID":"US-CA-XMY-MRY-F015-A","STATUS":"Evacuation Order","EVENT_TYPE":null,"CRITICAL_INFO":null,"PUBLIC_INFO":null,"EDIT_DATE":1787947097000,"STATEWIDE_LAST_UPDATED":null,"NOTES":"Timber Fire","SHAPE__Area":39897130.36328125,"SHAPE__Length":42697.9984415833,"GlobalID":"aa03aa75-3ff9-4b1e-b6b5-eef5f7b8d173","CreationDate":1788335714107,"Creator":"CalOES_Scripts","EditDate":1788335714107,"Editor":"CalOES_Scripts"}},{"type":"Feature","id":1097691,"geometry":{"type":"Polygon","coordinates":[[[-121.64811411,36.17226977],[-121.64807889,36.17229198],[-121.64763701,36.17245335],[-121.64730033,36.17265718],[-121.64694261,36.17291197],[-121.64664802,36.17314128],[-121.64630083,36.1734895],[-121.64606936,36.17369333],[-121.64573269,36.17393113],[-121.64555383,36.17419441],[-121.64560643,36.17463604],[-121.6454907,36.17489932],[-121.64559591,36.17517109],[-121.64534341,36.17535793],[-121.64501725,36.1757486],[-121.64477527,36.17618173],[-121.64467006,36.17659787],[-121.64444911,36.17686114],[-121.64389149,36.17733673],[-121.64380733,36.1777019],[-121.64362847,36.17803311],[-121.6435443,36.17849171],[-121.64355482,36.17879743],[-121.64348117,36.17902673],[-121.64328127,36.17931547],[-121.64295512,36.17955325],[-121.64283671,36.17969746],[-121.64288791,36.17985277],[-121.64276337,36.17991832],[-121.64249103,36.18016469],[-121.64241294,36.18023081],[-121.64231955,36.18028156],[-121.64228626,36.18029014],[-121.64219671,36.18031324],[-121.64204932,36.18035462],[-121.64187434,36.18039027],[-121.64174217,36.18041861],[-121.64154698,36.18043567],[-121.64150345,36.18044321],[-121.64133269,36.18032377],[-121.6409651,36.18005302],[-121.64082929,36.17995299],[-121.64073729,36.17993144],[-121.6403671,36.17980519],[-121.63973517,36.179545],[-121.63905432,36.17923101],[-121.63887979,36.17918835],[-121.63885409,36.17917032],[-121.63871828,36.17915097],[-121.63867667,36.17913985],[-121.6386733,36.17914027],[-121.63846049,36.17907878],[-121.63814357,36.17902715],[-121.63729457,36.17898491],[-121.63719087,36.1789983],[-121.63711074,36.17893611],[-121.63686051,36.17890402],[-121.63625795,36.17848088],[-121.63616425,36.17839976],[-121.63607254,36.17836363],[-121.63575475,36.17838642],[-121.63566634,36.17836593],[-121.63545672,36.17824773],[-121.63535271,36.17824099],[-121.63479626,36.17810301],[-121.63471058,36.17808176],[-121.63457567,36.17800566],[-121.6344924,36.17795869],[-121.63445168,36.17795095],[-121.6342054,36.1779041],[-121.63387384,36.17797612],[-121.63357583,36.17795579],[-121.6333749,36.17788465],[-121.63331848,36.17777915],[-121.63325471,36.17768895],[-121.6329489,36.17748538],[-121.63256333,36.17735164],[-121.63233347,36.17713806],[-121.63232861,36.17713137],[-121.63230952,36.17710501],[-121.63223943,36.17700829],[-121.63214996,36.17688481],[-121.63199727,36.17676544],[-121.63189657,36.17670929],[-121.6317761,36.17664031],[-121.63171587,36.1765808],[-121.63163312,36.17645463],[-121.63154122,36.17633091],[-121.63133689,36.17621343],[-121.63131211,36.17619343],[-121.63120979,36.17594201],[-121.63119997,36.17592783],[-121.63118483,36.17580805],[-121.63117455,36.17572671],[-121.63115311,36.17552955],[-121.6310942,36.17539836],[-121.63096103,36.17525535],[-121.63090137,36.17512941],[-121.63086902,36.17495083],[-121.63086161,36.17482711],[-121.63077903,36.17473313],[-121.63051283,36.17456087],[-121.63032997,36.17444426],[-121.63022082,36.17436225],[-121.63009117,36.17424161],[-121.63002565,36.17416072],[-121.62995641,36.17395781],[-121.62988728,36.17380063],[-121.6297851,36.17379101],[-121.629639,36.17383917],[-121.62952758,36.17386251],[-121.62947926,36.17383898],[-121.62944953,36.17380595],[-121.62939106,36.17371517],[-121.62930414,36.17343788],[-121.62927263,36.17335249],[-121.62928228,36.17328266],[-121.62930826,36.17323192],[-121.62933424,36.17309885],[-121.62933611,36.17293561],[-121.62926253,36.17273835],[-121.62915517,36.17258105],[-121.62898733,36.17250551],[-121.62871421,36.1724007],[-121.62843014,36.17232765],[-121.62820202,36.17205199],[-121.62807427,36.17193281],[-121.62797436,36.17176285],[-121.62788889,36.17166518],[-121.62780184,36.17160274],[-121.627728,36.17157593],[-121.62760187,36.17155926],[-121.62734238,36.17158523],[-121.6272502,36.17158952],[-121.62712041,36.17157369],[-121.62679969,36.17150894],[-121.62662556,36.17149259],[-121.62640975,36.17149962],[-121.62624657,36.17147928],[-121.62615392,36.17144241],[-121.62599614,36.17139052],[-121.62561981,36.17129551],[-121.62551497,36.17127692],[-121.62542334,36.17126997],[-121.62516727,36.17128726],[-121.62503465,36.17127035],[-121.62494795,36.17120203],[-121.62481628,36.17107421],[-121.6246798,36.17093237],[-121.62455371,36.17077804],[-121.62436755,36.17043399],[-121.62429051,36.17033609],[-121.62413279,36.17018017],[-121.62402565,36.17009898],[-121.62385937,36.17001181],[-121.62363683,36.16992841],[-121.62338396,36.16984942],[-121.62319327,36.16979655],[-121.62301984,36.16970178],[-121.62274585,36.16951621],[-121.62263571,36.16945352],[-121.62237265,36.16935063],[-121.62224785,36.16930182],[-121.6221562,36.16922384],[-121.62205363,36.16911158],[-121.62188479,36.16896836],[-121.62157875,36.16871785],[-121.62139832,36.16856913],[-121.62121107,36.16843704],[-121.62112545,36.16836183],[-121.62107559,36.16830679],[-121.620969,36.16810253],[-121.62064465,36.16776461],[-121.62054039,36.16765688],[-121.6204484,36.16756845],[-121.62036113,36.16746022],[-121.62034152,36.16742622],[-121.62029809,36.16737029],[-121.62018051,36.16725118],[-121.61994351,36.16701111],[-121.61978843,36.16688296],[-121.61958761,36.16666886],[-121.61953431,36.16645669],[-121.61948683,36.16636267],[-121.61930083,36.16621257],[-121.6192335,36.16615941],[-121.61919026,36.16608177],[-121.61912754,36.16594616],[-121.61905017,36.16578693],[-121.61898772,36.16565955],[-121.61896414,36.1655897],[-121.61892612,36.16541987],[-121.61887522,36.16522411],[-121.61883164,36.16508135],[-121.61882419,36.1649835],[-121.61881203,36.16463562],[-121.61877765,36.16446421],[-121.61874332,36.16432198],[-121.61871431,36.16425525],[-121.6186245,36.16411052],[-121.61848081,36.16401039],[-121.61820872,36.16390786],[-121.61813628,36.16386754],[-121.617741,36.1635343],[-121.61761294,36.16348443],[-121.6175759,36.16342164],[-121.61738745,36.16333958],[-121.61731133,36.16324723],[-121.61721346,36.1631094],[-121.61713997,36.16306537],[-121.61674285,36.16289507],[-121.61664125,36.1628515],[-121.61627264,36.16258447],[-121.61604408,36.16237618],[-121.61573577,36.16210227],[-121.61564888,36.1619889],[-121.61546037,36.16172171],[-121.61519068,36.16121001],[-121.61500918,36.16084839],[-121.61492498,36.16079195],[-121.61466821,36.16060621],[-121.61458006,36.16057063],[-121.61456857,36.16057673],[-121.6145662,36.16056504],[-121.61444604,36.16054215],[-121.61431984,36.16051811],[-121.61405991,36.16055301],[-121.61381392,36.16056743],[-121.6136372,36.16055561],[-121.61343525,36.16053461],[-121.61320023,36.16057349],[-121.61300014,36.16080299],[-121.6128455,36.16086877],[-121.61258525,36.16092617],[-121.61240782,36.16097575],[-121.61213942,36.16101012],[-121.61188321,36.1610502],[-121.61182925,36.16105614],[-121.61175884,36.16104193],[-121.61170554,36.16100793],[-121.61150607,36.16088069],[-121.61129492,36.16059947],[-121.61109687,36.16026512],[-121.61100026,36.16018501],[-121.61082407,36.16003889],[-121.61075508,36.15999794],[-121.61038712,36.15977953],[-121.61017553,36.15960519],[-121.61009737,36.15954079],[-121.60976448,36.15884335],[-121.60935529,36.15850399],[-121.60903628,36.15804277],[-121.60875987,36.1576667],[-121.60851246,36.15728621],[-121.60834547,36.15702871],[-121.60825494,36.1568891],[-121.60780111,36.15606478],[-121.60733881,36.15537232],[-121.60704834,36.15484423],[-121.60654524,36.15373243],[-121.60638132,36.15344103],[-121.60629177,36.15328183],[-121.60585875,36.15281185],[-121.60536331,36.15238372],[-121.60502813,36.15219934],[-121.6047875,36.15192974],[-121.60473304,36.15186872],[-121.60425995,36.15154496],[-121.60333534,36.15098868],[-121.60273873,36.15066304],[-121.6016807,36.15002367],[-121.6006902,36.14975382],[-121.60042052,36.14968035],[-121.59928944,36.14919775],[-121.59861216,36.14898705],[-121.59764185,36.14885094],[-121.59758197,36.14884254],[-121.59736011,36.14876577],[-121.59706882,36.14866498],[-121.59613885,36.14829299],[-121.59580535,36.14823883],[-121.59554941,36.14819728],[-121.59521416,36.14806181],[-121.59509244,36.14801263],[-121.59498466,36.14796908],[-121.59496761,36.14793601],[-121.59483833,36.14768533],[-121.59459805,36.14718158],[-121.59455801,36.14705874],[-121.59447949,36.14681784],[-121.59449908,36.14658282],[-121.59450809,36.14647475],[-121.59451783,36.14609318],[-121.59452288,36.14589542],[-121.59447364,36.14560794],[-121.59447028,36.14558109],[-121.59442565,36.14522525],[-121.59437169,36.14520148],[-121.59427911,36.14512021],[-121.59418776,36.14493589],[-121.59409404,36.14483764],[-121.59393977,36.14480584],[-121.59378603,36.14473434],[-121.59356503,36.14447269],[-121.5935103,36.14432567],[-121.59343844,36.14405251],[-121.59332209,36.14385669],[-121.5932175,36.14370926],[-121.59303183,36.14359355],[-121.59288302,36.14355938],[-121.5927144,36.14353987],[-121.59263053,36.14351551],[-121.59246253,36.1434039],[-121.59240857,36.14333547],[-121.59216014,36.14305345],[-121.59206814,36.14295141],[-121.59204234,36.1428505],[-121.59201261,36.14272506],[-121.59200431,36.14228133],[-121.59195083,36.14215828],[-121.59172142,36.14195156],[-121.59150496,36.14169081],[-121.59140283,36.14159607],[-121.59120483,36.14158094],[-121.59089691,36.14160862],[-121.5907862,36.14159235],[-121.59075647,36.14153086],[-121.59077544,36.14143078],[-121.59093632,36.14127765],[-121.59092328,36.14124357],[-121.59083614,36.14119689],[-121.59070172,36.14114429],[-121.59055333,36.14105729],[-121.59056177,36.1409252],[-121.59063289,36.1407065],[-121.59056538,36.140519],[-121.59049373,36.14042338],[-121.59034106,36.14033647],[-121.590332,36.14018012],[-121.59170464,36.1390475],[-121.59198148,36.13878642],[-121.59213271,36.1385535],[-121.59236664,36.13825038],[-121.59254675,36.13778049],[-121.5927379,36.13749194],[-121.59316871,36.137152],[-121.59325956,36.13707399],[-121.59361436,36.13676931],[-121.59391591,36.13629374],[-121.59450655,36.13572269],[-121.59476449,36.13509413],[-121.59479722,36.13499372],[-121.59485268,36.1348236],[-121.59500906,36.1346624],[-121.59506521,36.13460452],[-121.5953601,36.13431198],[-121.59557944,36.134061],[-121.59565254,36.13397736],[-121.59574722,36.13391264],[-121.59593588,36.13378368],[-121.59594637,36.13373676],[-121.59595602,36.13369361],[-121.5959771,36.13359931],[-121.59574917,36.13296131],[-121.59570154,36.13244292],[-121.59569502,36.13224383],[-121.59602118,36.1319807],[-121.59615633,36.131624],[-121.59616968,36.13096267],[-121.59618951,36.13070882],[-121.59594585,36.13039481],[-121.59553024,36.12951094],[-121.59531625,36.12911142],[-121.59513103,36.12890764],[-121.59504711,36.12865779],[-121.59502744,36.1283211],[-121.59511162,36.12768516],[-121.5950719,36.12740915],[-121.59505327,36.12727966],[-121.59514487,36.12716065],[-121.59534322,36.12690295],[-121.59554613,36.12653063],[-121.59558418,36.12648592],[-121.59570898,36.12634054],[-121.59594206,36.12617692],[-121.59650581,36.12574186],[-121.59655564,36.1257034],[-121.59665169,36.12567861],[-121.59681174,36.12563731],[-121.59726633,36.12540892],[-121.59747758,36.125321],[-121.59763855,36.12525401],[-121.59796883,36.12515612],[-121.59818369,36.12509244],[-121.59887372,36.12503777],[-121.59914926,36.12487293],[-121.64811411,36.17226977]]]},"properties":{"OBJECTID":1097691,"COUNTY":"MONTEREY","CITY":"MRY","ZONE_NAME":null,"ZONE_ID":"US-CA-XMY-MRY-F030-B","STATUS":"Evacuation Warning","EVENT_TYPE":null,"CRITICAL_INFO":null,"PUBLIC_INFO":null,"EDIT_DATE":1787515218000,"STATEWIDE_LAST_UPDATED":null,"NOTES":"Timber Fire","SHAPE__Area":15990423.19921875,"SHAPE__Length":21471.069178762198,"GlobalID":"69ef5f7f-985b-4f47-986d-d12e6971f4a6","CreationDate":1788335714107,"Creator":"CalOES_Scripts","EditDate":1788335714107,"Editor":"CalOES_Scripts"}},{"type":"Feature","id":1097693,"geometry":{"type":"Polygon","coordinates":[[[-119.01663989,36.05561998],[-119.0166333,36.0558772],[-119.01663142,36.05593591],[-119.01556698,36.05586397],[-119.01494685,36.05586337],[-119.01418722,36.05609623],[-119.01308538,36.05643397],[-119.01192945,36.05647877],[-119.00843398,36.05631517],[-119.00793534,36.05620523],[-119.00803219,36.05494595],[-119.00889542,36.05499765],[-119.01047961,36.05559228],[-119.01243157,36.05524922],[-119.01378944,36.05536357],[-119.01458154,36.05547792],[-119.01663989,36.05561998]]]},"properties":{"OBJECTID":1097693,"COUNTY":"TULARE","CITY":"PVL","ZONE_NAME":null,"ZONE_ID":"US-CA-XTU-PVL-E039","STATUS":"Evacuation Order","EVENT_TYPE":null,"CRITICAL_INFO":null,"PUBLIC_INFO":null,"EDIT_DATE":1695249188000,"STATEWIDE_LAST_UPDATED":null,"NOTES":"Flooding","SHAPE__Area":117016.9921875,"SHAPE__Length":2187.5932811268758,"GlobalID":"f5e1b2e3-04f1-4063-91db-1b28d6492ad8","CreationDate":1788335714107,"Creator":"CalOES_Scripts","EditDate":1788335714107,"Editor":"CalOES_Scripts"}},{"type":"Feature","id":1097697,"geometry":{"type":"Polygon","coordinates":[[[-121.80718461,36.28019811],[-121.80395163,36.28540341],[-121.80392722,36.28539838],[-121.80388122,36.28538892],[-121.80354176,36.28523389],[-121.80328796,36.28534252],[-121.80297013,36.2852569],[-121.80282647,36.2852482],[-121.80269126,36.28524001],[-121.80257373,36.28543716],[-121.80250235,36.28555691],[-121.80232376,36.2860421],[-121.80217724,36.28648381],[-121.80194152,36.28688695],[-121.80166513,36.28719331],[-121.80145457,36.28744078],[-121.80131762,36.28775558],[-121.80114763,36.28838101],[-121.80099077,36.28865444],[-121.80078193,36.28892996],[-121.8005151,36.2891094],[-121.80035067,36.28911602],[-121.80027258,36.28911916],[-121.80012937,36.28914587],[-121.79979184,36.2892088],[-121.79957267,36.28931603],[-121.79910925,36.28940497],[-121.79874891,36.2894757],[-121.79809838,36.28962839],[-121.79759429,36.28962055],[-121.79711624,36.28947107],[-121.79632552,36.2893201],[-121.79609672,36.28920266],[-121.79571589,36.2890072],[-121.79540089,36.28899562],[-121.79535039,36.28899377],[-121.79496056,36.28915003],[-121.7946141,36.28916395],[-121.79445819,36.28917022],[-121.79400607,36.28916027],[-121.79351845,36.28913769],[-121.79290956,36.28911998],[-121.79249208,36.28910863],[-121.79212486,36.28906715],[-121.79185003,36.28895653],[-121.79129977,36.28835517],[-121.7908591,36.28796516],[-121.79074272,36.28793128],[-121.79065315,36.2879052],[-121.78981987,36.28772572],[-121.78931321,36.28767576],[-121.78913092,36.28769619],[-121.78872681,36.28774148],[-121.78834742,36.28778483],[-121.78808758,36.28779526],[-121.78784334,36.28777694],[-121.78781243,36.28776938],[-121.78758679,36.2877157],[-121.78726481,36.28768769],[-121.78687239,36.28780185],[-121.78646351,36.28793072],[-121.7861517,36.28794323],[-121.78587196,36.28791228],[-121.78528286,36.28777453],[-121.78469157,36.28763627],[-121.78454492,36.28762527],[-121.78408098,36.28759047],[-121.78359774,36.28741849],[-121.7832541,36.28713156],[-121.78289922,36.28672402],[-121.78227337,36.28614458],[-121.78198685,36.28589959],[-121.78171028,36.28566311],[-121.78150379,36.28548654],[-121.78096439,36.28518481],[-121.78030717,36.28494402],[-121.77968374,36.28468782],[-121.77924657,36.28435386],[-121.77870462,36.28401004],[-121.77860517,36.28393208],[-121.77817571,36.2835954],[-121.777991,36.28343835],[-121.7777178,36.28320603],[-121.77760085,36.2831626],[-121.77727361,36.28304105],[-121.777153,36.28300087],[-121.77696642,36.28294088],[-121.77664316,36.28295383],[-121.77639979,36.28294951],[-121.77609801,36.28287297],[-121.77606468,36.28286452],[-121.77578238,36.28279146],[-121.77550352,36.28277451],[-121.77512414,36.28281781],[-121.77486859,36.28289833],[-121.7747283,36.28287583],[-121.77444978,36.2827235],[-121.77440737,36.28269256],[-121.77409089,36.28244637],[-121.77383928,36.28225063],[-121.77331546,36.28183962],[-121.77305506,36.2816353],[-121.77290817,36.28156762],[-121.77295137,36.28116717],[-121.77285709,36.28090866],[-121.77278793,36.2806182],[-121.77267897,36.28033274],[-121.77238502,36.28011296],[-121.77228399,36.27994846],[-121.77214779,36.27978376],[-121.77210607,36.27943835],[-121.77201159,36.27924576],[-121.77184858,36.27895401],[-121.77179367,36.2786309],[-121.77195711,36.27842228],[-121.77171983,36.2781237],[-121.771634,36.27803721],[-121.77156213,36.27780742],[-121.77172557,36.27767566],[-121.77187539,36.27755488],[-121.77203883,36.27728038],[-121.77212753,36.2770512],[-121.77220227,36.27679726],[-121.77217044,36.27658414],[-121.77201159,36.27630316],[-121.77191295,36.27606518],[-121.77201159,36.27587494],[-121.77210607,36.27556352],[-121.77216141,36.27540279],[-121.77198435,36.27523809],[-121.77149403,36.27499653],[-121.77137145,36.27471104],[-121.77126249,36.27448045],[-121.77103319,36.2742488],[-121.77082665,36.2740083],[-121.77051339,36.27397536],[-121.77007755,36.27384359],[-121.76980516,36.27364595],[-121.76957406,36.27347034],[-121.76976429,36.27327261],[-121.76990049,36.2729981],[-121.76990049,36.27278947],[-121.76969801,36.27263349],[-121.76950489,36.2722875],[-121.76961448,36.27203181],[-121.7696962,36.27159258],[-121.76958724,36.27130708],[-121.76924674,36.27115335],[-121.7689148,36.27091218],[-121.76893348,36.27070314],[-121.76893348,36.27029684],[-121.76897434,36.26986859],[-121.76885176,36.26952818],[-121.7685385,36.26926463],[-121.7682661,36.26903403],[-121.76798008,36.26878147],[-121.76776216,36.2685289],[-121.76735356,36.26815554],[-121.76720374,36.26787003],[-121.76699944,36.2675955],[-121.76682238,36.26721115],[-121.76646826,36.26658521],[-121.76626396,36.26615694],[-121.76580088,36.26523449],[-121.76554211,36.26472933],[-121.76521335,36.26412172],[-121.76495645,36.26407043],[-121.76432993,36.26391668],[-121.76362169,36.26382883],[-121.76319633,36.26381029],[-121.76262743,36.26355428],[-121.76216636,36.26334315],[-121.76136077,36.26309304],[-121.76079307,36.26291062],[-121.76009412,36.26286242],[-121.75933395,36.2627203],[-121.75903176,36.26265377],[-121.75854144,36.26245609],[-121.75804649,36.26221855],[-121.75787483,36.26185521],[-121.7576289,36.26189601],[-121.75734288,36.26195092],[-121.75708089,36.26190712],[-121.75709772,36.26179717],[-121.75705944,36.26147457],[-121.75683895,36.26118217],[-121.75663465,36.26088565],[-121.75664827,36.26065502],[-121.75658017,36.26050127],[-121.75637587,36.26019377],[-121.75625329,36.25997412],[-121.75623967,36.25960072],[-121.75629415,36.25931518],[-121.75667551,36.2591724],[-121.75716673,36.25915609],[-121.75761734,36.25908688],[-121.75783191,36.25860241],[-121.75787483,36.25820445],[-121.75774608,36.25797951],[-121.75833714,36.25822791],[-121.7589228,36.25848051],[-121.75909986,36.25872212],[-121.75954853,36.25900036],[-121.75968552,36.25887588],[-121.75989185,36.25877543],[-121.76008497,36.25870622],[-121.76047548,36.25886489],[-121.76049266,36.25867162],[-121.7603529,36.25832675],[-121.76027118,36.25806317],[-121.760321,36.2578757],[-121.76077161,36.2579103],[-121.76127905,36.25797531],[-121.76157869,36.25792039],[-121.76193281,36.25776664],[-121.76236865,36.25775565],[-121.76269553,36.25774467],[-121.76308904,36.25773728],[-121.76334598,36.25766807],[-121.76313137,36.25743716],[-121.76225163,36.25682023],[-121.76126543,36.25584465],[-121.7605572,36.25524058],[-121.76047548,36.25484519],[-121.76033928,36.25433997],[-121.760421,36.25403244],[-121.76036652,36.25374688],[-121.7603529,36.25330755],[-121.76025756,36.2529451],[-121.76025756,36.25256068],[-121.76020308,36.25216528],[-121.76006688,36.25190168],[-121.7601917,36.25168109],[-121.75995792,36.25077037],[-121.75986258,36.25026512],[-121.75978086,36.25000151],[-121.75942674,36.24959511],[-121.7591952,36.24921068],[-121.7587866,36.24872738],[-121.75854144,36.24835393],[-121.75832352,36.24794752],[-121.75819592,36.24779712],[-121.80718461,36.28019811]]]},"properties":{"OBJECTID":1097697,"COUNTY":"MONTEREY","CITY":"MRY","ZONE_NAME":null,"ZONE_ID":"US-CA-XMY-MRY-F023-B","STATUS":"Evacuation Order","EVENT_TYPE":null,"CRITICAL_INFO":null,"PUBLIC_INFO":null,"EDIT_DATE":1787688014000,"STATEWIDE_LAST_UPDATED":null,"NOTES":"Effective immediately, The Monterey County Sheriff’s Office has issued an Evacuation Order for the following Evacuation Zones: MRY-F015-B and MRY-F023-B","SHAPE__Area":12307321.31640625,"SHAPE__Length":19041.124103352209,"GlobalID":"403c9f73-3971-455f-a734-95a8ef70c6f1","CreationDate":1788335714107,"Creator":"CalOES_Scripts","EditDate":1788335714107,"Editor":"CalOES_Scripts"}},{"type":"Feature","id":1097698,"geometry":{"type":"Polygon","coordinates":[[[-121.62606846,36.36427829],[-121.62577093,36.36416755],[-121.62559533,36.36404176],[-121.62506893,36.36415989],[-121.62465693,36.36405309],[-121.62419913,36.36385096],[-121.62363446,36.36369849],[-121.62340566,36.36362969],[-121.62271126,36.36316809],[-121.62246713,36.36287829],[-121.62200166,36.36253869],[-121.62134566,36.36229836],[-121.62075813,36.36210009],[-121.62027753,36.36182169],[-121.61991113,36.36151249],[-121.61963653,36.36096329],[-121.61947626,36.36077629],[-121.61877433,36.36026136],[-121.61796553,36.35957856],[-121.61729426,36.35888429],[-121.61674486,36.35846076],[-121.61619546,36.35801449],[-121.61595133,36.35774369],[-121.61582173,36.35750709],[-121.61558506,36.35735836],[-121.61518846,36.35735069],[-121.61449406,36.35721716],[-121.61377693,36.35692729],[-121.61319706,36.35659929],[-121.61271633,36.35627109],[-121.61228146,36.35619869],[-121.61187713,36.35612236],[-121.61138126,36.35572189],[-121.61113693,36.35533276],[-121.61105371,36.35526339],[-121.61104084,36.35383449],[-121.6105168,36.35352175],[-121.61017135,36.3531305],[-121.60935631,36.35231323],[-121.60918898,36.35199588],[-121.6091234,36.35179254],[-121.6091296,36.35179156],[-121.60979352,36.35134814],[-121.61060317,36.35063954],[-121.60956681,36.35006569],[-121.60816342,36.34893537],[-121.60666152,36.34583127],[-121.60612175,36.34444547],[-121.60564946,36.34341289],[-121.60474944,36.34241505],[-121.60475997,36.3424152],[-121.60652855,36.34244084],[-121.61093881,36.34250475],[-121.61128473,36.34226752],[-121.61154782,36.34211598],[-121.62997962,36.34227552],[-121.63803315,36.34237581],[-121.66233091,36.34264369],[-121.6661775,36.34268228],[-121.66675618,36.342689],[-121.66675594,36.34269248],[-121.66672194,36.34318387],[-121.66697595,36.34361987],[-121.66759895,36.34423788],[-121.66756995,36.34435187],[-121.66717395,36.34467287],[-121.66604195,36.34512987],[-121.66513595,36.34512988],[-121.66451395,36.34503887],[-121.66406094,36.34503787],[-121.66397595,36.34526687],[-121.66459794,36.34599987],[-121.66456995,36.34643487],[-121.66418795,36.34689687],[-121.66388994,36.34725887],[-121.66165394,36.34778487],[-121.66086195,36.34776187],[-121.65992794,36.34757888],[-121.65941894,36.34760187],[-121.65859794,36.34776188],[-121.65728394,36.34823588],[-121.65630495,36.34826487],[-121.65545594,36.34803488],[-121.65409794,36.34808087],[-121.65186094,36.34833188],[-121.65137994,36.34833188],[-121.65092694,36.34894987],[-121.65084194,36.34920188],[-121.65095494,36.34943088],[-121.65183194,36.35009487],[-121.65202994,36.35043788],[-121.65200094,36.35085088],[-121.65140594,36.35151388],[-121.65129294,36.35176588],[-121.65168894,36.35270488],[-121.65171694,36.35343788],[-121.65208394,36.35394088],[-121.65242394,36.35474288],[-121.65256495,36.35485688],[-121.65349894,36.35506388],[-121.65412195,36.35545288],[-121.65412094,36.35584188],[-121.65380994,36.35650588],[-121.65380994,36.35668988],[-121.65395095,36.35678088],[-121.65519795,36.35650688],[-121.65539594,36.35657588],[-121.65536695,36.35689588],[-121.65485595,36.35753688],[-121.65462994,36.35804088],[-121.65463432,36.35817694],[-121.65461726,36.35862396],[-121.65462687,36.35891489],[-121.65475653,36.35913609],[-121.65489969,36.35923731],[-121.65519292,36.35949159],[-121.65562627,36.35994095],[-121.65598387,36.36033644],[-121.65629425,36.36068202],[-121.65635374,36.36086048],[-121.65614553,36.36112817],[-121.65606887,36.36129515],[-121.65605347,36.36141349],[-121.65605353,36.36152795],[-121.65612213,36.36175295],[-121.65629767,36.36188269],[-121.65644267,36.36196655],[-121.65661813,36.36206195],[-121.65679367,36.36212675],[-121.65692333,36.36226035],[-121.65697673,36.36255029],[-121.65697687,36.36261135],[-121.65692347,36.36263795],[-121.65672155,36.36262911],[-121.65638647,36.36264467],[-121.65607633,36.36266089],[-121.65571225,36.36279045],[-121.65567193,36.36280575],[-121.65542027,36.36301189],[-121.65538967,36.36315295],[-121.65538973,36.36338949],[-121.65545847,36.36357635],[-121.65564153,36.36375949],[-121.65592387,36.36396789],[-121.65605353,36.36405329],[-121.65693087,36.36423249],[-121.65721333,36.36419435],[-121.65742687,36.36415995],[-121.65767107,36.36413715],[-121.65789466,36.36410926],[-121.65826575,36.36406971],[-121.65861714,36.36406475],[-121.65881561,36.36409697],[-121.65900561,36.36413514],[-121.65905974,36.36414869],[-121.65920751,36.36421928],[-121.65927327,36.36429735],[-121.65932836,36.36444624],[-121.65939224,36.36472099],[-121.65941451,36.3649425],[-121.65931147,36.36535789],[-121.65899867,36.36588429],[-121.65879253,36.36609029],[-121.65841874,36.36636115],[-121.65773213,36.36696755],[-121.65750314,36.36733769],[-121.65734294,36.36798249],[-121.65741518,36.36826577],[-121.65738107,36.36827229],[-121.65702619,36.36857187],[-121.65635374,36.36906962],[-121.65613545,36.36930775],[-121.65575887,36.36969423],[-121.65543799,36.36992954],[-121.65477734,36.37037832],[-121.65424197,36.37052704],[-121.65358761,36.37067576],[-121.65308198,36.37085422],[-121.65272035,36.37092118],[-121.65208406,36.37105706],[-121.65126764,36.37133011],[-121.65073226,36.37162754],[-121.65017508,36.37180483],[-121.6500397,36.37185867],[-121.64966443,36.37208383],[-121.64946945,36.37215212],[-121.64908726,36.37226678],[-121.64873512,36.37244284],[-121.64849008,36.37258179],[-121.64820408,36.37275779],[-121.64713333,36.3731147],[-121.64570958,36.37346823],[-121.64493232,36.37331178],[-121.64413346,36.37279025],[-121.64386324,36.37255784],[-121.6426733,36.37255094],[-121.63809537,36.37252441],[-121.63358006,36.37249859],[-121.63230954,36.37249133],[-121.63230953,36.37249129],[-121.63223918,36.37237182],[-121.63219506,36.37232336],[-121.63211407,36.37224238],[-121.63128713,36.37129349],[-121.63119553,36.37119429],[-121.63116513,36.37109889],[-121.63115746,36.37102256],[-121.63114987,36.37092349],[-121.63114213,36.37079376],[-121.63111173,36.37065636],[-121.63105073,36.37049236],[-121.63098193,36.37035129],[-121.63085986,36.37021389],[-121.63073786,36.37009569],[-121.63060806,36.36992029],[-121.63051653,36.36984376],[-121.63032586,36.36975229],[-121.63018846,36.36966836],[-121.63003593,36.36958829],[-121.62987566,36.36950436],[-121.62976893,36.36942049],[-121.62966966,36.36932889],[-121.62957826,36.36924116],[-121.62951706,36.36913816],[-121.62947893,36.36903516],[-121.62947893,36.36895889],[-121.62947893,36.36887869],[-121.62951706,36.36878716],[-121.62950186,36.36861176],[-121.62944853,36.36848196],[-121.62934166,36.36831416],[-121.62923473,36.36814629],[-121.62908226,36.36797849],[-121.62893726,36.36781449],[-121.62871593,36.36749789],[-121.62847186,36.36713549],[-121.62832686,36.36697149],[-121.62809793,36.36674636],[-121.62800633,36.36664336],[-121.62791486,36.36653649],[-121.62781573,36.36637249],[-121.62776226,36.36613595],[-121.62765546,36.36590709],[-121.62755633,36.36573929],[-121.62744953,36.36561329],[-121.62736553,36.36551416],[-121.62722813,36.36543029],[-121.62712133,36.36534256],[-121.62699166,36.36522429],[-121.62690013,36.36512896],[-121.62675513,36.36492675],[-121.62651853,36.36467489],[-121.62639653,36.36456435],[-121.62625926,36.36442696],[-121.62606846,36.36427829]]]},"properties":{"OBJECTID":1097698,"COUNTY":"MONTEREY","CITY":"MRY","ZONE_NAME":null,"ZONE_ID":"US-CA-XMY-MRY-D085","STATUS":"Evacuation Warning","EVENT_TYPE":null,"CRITICAL_INFO":null,"PUBLIC_INFO":null,"EDIT_DATE":1787515218000,"STATEWIDE_LAST_UPDATED":null,"NOTES":"Timber Fire","SHAPE__Area":18384077.4375,"SHAPE__Length":22051.561690516661,"GlobalID":"a65aa5d0-4293-4a09-966d-de4ccdab3685","CreationDate":1788335714107,"Creator":"CalOES_Scripts","EditDate":1788335714107,"Editor":"CalOES_Scripts"}},{"type":"Feature","id":1097699,"geometry":{"type":"Polygon","coordinates":[[[-121.70130621,36.37384922],[-121.70051175,36.36014583],[-121.69952079,36.3430537],[-121.67281239,36.34275925],[-121.66675618,36.342689],[-121.66677894,36.34235987],[-121.66703295,36.34215387],[-121.66810895,36.34185687],[-121.66839195,36.34169687],[-121.66844895,36.34155887],[-121.66836395,36.34112387],[-121.66811595,36.34082187],[-121.66779795,36.34043687],[-121.66791095,36.34016187],[-121.66932695,36.33810187],[-121.66952494,36.33736887],[-121.66915695,36.33659087],[-121.66935694,36.33617887],[-121.66980995,36.33572087],[-121.67060194,36.33526287],[-121.67113994,36.33517187],[-121.67220595,36.33513087],[-121.67306395,36.33537787],[-121.67334695,36.33537787],[-121.67377095,36.33508087],[-121.67419595,36.33450787],[-121.67405495,36.33205787],[-121.67413995,36.33180687],[-121.67436595,36.33162287],[-121.67464894,36.33157787],[-121.67515795,36.33221887],[-121.67595095,36.33283687],[-121.67640295,36.33297487],[-121.67696895,36.33299787],[-121.67716695,36.33290587],[-121.67716695,36.33267687],[-121.67631895,36.33182987],[-121.67620495,36.33160087],[-121.67629295,36.33132487],[-121.67679995,36.33107387],[-121.67821495,36.33066187],[-121.67920495,36.33011287],[-121.68022395,36.32972387],[-121.68044995,36.32951787],[-121.68064795,36.32743387],[-121.68073295,36.32731987],[-121.68078995,36.32695287],[-121.68107295,36.32672387],[-121.68268595,36.32665587],[-121.68279895,36.32656387],[-121.68282695,36.32578587],[-121.68293995,36.32560287],[-121.68393095,36.32530487],[-121.68415695,36.32505287],[-121.68415695,36.32443487],[-121.68395895,36.32411487],[-121.68333195,36.32369787],[-121.68268595,36.32326687],[-121.68274295,36.32251187],[-121.68285595,36.32235087],[-121.68407395,36.32196187],[-121.68412995,36.32180187],[-121.68463895,36.32118387],[-121.68483795,36.32106887],[-121.68526195,36.32100087],[-121.68543195,36.32109187],[-121.68591295,36.32171087],[-121.68608195,36.32177887],[-121.68656295,36.32175587],[-121.68676095,36.32159587],[-121.68678995,36.32129787],[-121.68557295,36.31962687],[-121.68458295,36.31880287],[-121.68379095,36.31793287],[-121.68268695,36.31694787],[-121.68265794,36.31667287],[-121.68297094,36.31623787],[-121.68297094,36.31545987],[-121.68277294,36.31477287],[-121.68130094,36.31433787],[-121.68045195,36.31438287],[-121.67968794,36.31424587],[-121.67895294,36.31358187],[-121.67858494,36.31289487],[-121.67844395,36.31250587],[-121.67810494,36.30996387],[-121.67753894,36.30849887],[-121.67567194,36.30831587],[-121.67394694,36.30923087],[-121.67363494,36.30923087],[-121.67329594,36.30895587],[-121.67301294,36.30838387],[-121.67210794,36.30733087],[-121.67185394,36.30723887],[-121.66990194,36.30751287],[-121.66973194,36.30730687],[-121.66978894,36.30556687],[-121.66959094,36.30542987],[-121.66868594,36.30520087],[-121.66837494,36.30492587],[-121.66812094,36.30421587],[-121.66792294,36.30394087],[-121.66761194,36.30371187],[-121.66718794,36.30357487],[-121.66679194,36.30357487],[-121.66631094,36.30339087],[-121.66498094,36.30307087],[-121.66268994,36.30279487],[-121.66206694,36.30231387],[-121.66175594,36.30229087],[-121.66152994,36.30254287],[-121.66121894,36.30265787],[-121.66104894,36.30256587],[-121.66079494,36.30226787],[-121.66068194,36.30153587],[-121.66031394,36.30084887],[-121.66005994,36.30064287],[-121.65935294,36.30071087],[-121.65912594,36.30052787],[-121.65912694,36.30036787],[-121.65887194,36.30009287],[-121.65833494,36.29993187],[-121.65618594,36.29883287],[-121.65508294,36.29880987],[-121.65485594,36.29874087],[-121.65417794,36.29823687],[-121.65236794,36.29738887],[-121.65188694,36.29734287],[-121.65129294,36.29759487],[-121.65067094,36.29766287],[-121.64999194,36.29754887],[-121.64877594,36.29766287],[-121.64837994,36.29802887],[-121.64826594,36.29837187],[-121.64829494,36.29869287],[-121.64854894,36.29917387],[-121.64849194,36.29951687],[-121.64812394,36.29988287],[-121.64778494,36.30008887],[-121.64696394,36.30011187],[-121.64588994,36.29999687],[-121.64554994,36.30008787],[-121.64529594,36.30027187],[-121.64523894,36.30054587],[-121.64535194,36.30098087],[-121.64537994,36.30143887],[-121.64520894,36.30159887],[-121.64492594,36.30166787],[-121.64467194,36.30162187],[-121.64379494,36.30111787],[-121.64277694,36.30093487],[-121.64170194,36.30056787],[-121.64127794,36.30054487],[-121.64099494,36.30061287],[-121.64079694,36.30054487],[-121.64014694,36.30001787],[-121.63912894,36.29997087],[-121.63861994,36.29983387],[-121.63796994,36.29953587],[-121.63760194,36.29955887],[-121.63723394,36.29997087],[-121.63709194,36.30001587],[-121.63678094,36.30031387],[-121.63641294,36.30127487],[-121.63627094,36.30134387],[-121.63477194,36.30127487],[-121.63214194,36.30127287],[-121.62976594,36.30053887],[-121.62883293,36.30010387],[-121.62860694,36.30003487],[-121.62753193,36.29932487],[-121.62606793,36.29861587],[-121.62545193,36.29847887],[-121.62378293,36.29831987],[-121.62330193,36.29809087],[-121.62154793,36.29664987],[-121.62050093,36.29612387],[-121.61908593,36.29573487],[-121.61874693,36.29550587],[-121.61874693,36.29534587],[-121.62086593,36.29330687],[-121.62202493,36.29252787],[-121.62227993,36.29220787],[-121.62329593,36.29005487],[-121.62343593,36.28852087],[-121.62284193,36.28787987],[-121.62261593,36.28739887],[-121.62170993,36.28597987],[-121.62074793,36.28520187],[-121.62040793,36.28462987],[-121.62035093,36.28371387],[-121.61913809,36.28224255],[-121.61961717,36.28214346],[-121.62018825,36.2820616],[-121.62094415,36.28205118],[-121.6210897,36.28216081],[-121.62161938,36.28255979],[-121.62215562,36.28299634],[-121.62268147,36.28309478],[-121.62298377,36.28315138],[-121.62365158,36.28330864],[-121.62438159,36.28363509],[-121.62497041,36.28380815],[-121.62533552,36.28384029],[-121.62581498,36.28375967],[-121.62614034,36.28370452],[-121.62641482,36.28368054],[-121.62676642,36.28375639],[-121.6274442,36.28388829],[-121.62797675,36.28424418],[-121.62861526,36.28475217],[-121.62915632,36.28509375],[-121.62961742,36.28528078],[-121.62987413,36.28534514],[-121.63006411,36.28540306],[-121.63041085,36.28541887],[-121.63081701,36.28538064],[-121.63117019,36.28520026],[-121.6316876,36.28475781],[-121.63204701,36.28402629],[-121.63233702,36.2835581],[-121.63265169,36.28305543],[-121.63289334,36.28268256],[-121.63312869,36.28214275],[-121.63320318,36.2819719],[-121.63318374,36.28154641],[-121.63318497,36.28108476],[-121.63321243,36.2808045],[-121.63312223,36.28051996],[-121.63341266,36.28007193],[-121.6337285,36.27964373],[-121.63456552,36.27925907],[-121.63516096,36.27862923],[-121.63594599,36.27829856],[-121.63707615,36.2778556],[-121.63746308,36.27755458],[-121.6378504,36.2772468],[-121.63816289,36.27706131],[-121.63848059,36.27684526],[-121.63889362,36.27676528],[-121.63893721,36.27675685],[-121.63932465,36.2771668],[-121.63980905,36.27742916],[-121.64012588,36.2775012],[-121.64055982,36.27749838],[-121.64114552,36.27741937],[-121.64175671,36.2771847],[-121.64218249,36.2770312],[-121.64236873,36.27696405],[-121.6431853,36.27667921],[-121.64403958,36.27644316],[-121.64407366,36.27643374],[-121.64473114,36.27639409],[-121.64480109,36.27640575],[-121.64508012,36.27645225],[-121.64541511,36.27650807],[-121.64612223,36.27671955],[-121.64715444,36.27723855],[-121.64746486,36.27739837],[-121.64769341,36.27744571],[-121.64776046,36.27743625],[-121.64796893,36.27740686],[-121.64886395,36.27727357],[-121.64921293,36.27730216],[-121.64930954,36.2773066],[-121.64954376,36.27731739],[-121.6499347,36.27717562],[-121.65032899,36.27708995],[-121.65071827,36.27692013],[-121.65138056,36.27666936],[-121.65194307,36.27649277],[-121.65227139,36.27646591],[-121.6524041,36.27648734],[-121.65255191,36.27651121],[-121.65300586,36.27684501],[-121.6533782,36.27726634],[-121.65360361,36.2775528],[-121.65389999,36.27786461],[-121.65425084,36.27821648],[-121.65488056,36.27858558],[-121.65555892,36.27889655],[-121.65636502,36.27901975],[-121.65723708,36.27908414],[-121.6578618,36.27936907],[-121.65825045,36.27948043],[-121.65922752,36.27985001],[-121.65961868,36.28000345],[-121.66002801,36.28017024],[-121.66024496,36.28027225],[-121.66033172,36.28031304],[-121.66067593,36.28055267],[-121.66092933,36.28072554],[-121.66108321,36.28080576],[-121.66118023,36.28085634],[-121.66125007,36.28088335],[-121.66140218,36.2809422],[-121.66155241,36.2809824],[-121.66221971,36.28081573],[-121.66247671,36.28061638],[-121.66261673,36.28052209],[-121.66274172,36.28054226],[-121.66296795,36.28067562],[-121.66339527,36.28072761],[-121.66382193,36.28089371],[-121.66405216,36.28096907],[-121.66423461,36.28111659],[-121.66479426,36.28147432],[-121.66540446,36.28209721],[-121.66560089,36.28218794],[-121.66569567,36.28221823],[-121.66614967,36.28236332],[-121.6675046,36.28266181],[-121.66773485,36.28273716],[-121.66816069,36.28288922],[-121.66868629,36.28296707],[-121.66911214,36.28311912],[-121.66972353,36.28317955],[-121.66986548,36.28323024],[-121.66993872,36.28329004],[-121.67035838,36.28363273],[-121.67052855,36.28386508],[-121.67053901,36.28389009],[-121.67060957,36.28405874],[-121.67087783,36.28418884],[-121.67147392,36.2841655],[-121.67172675,36.2841556],[-121.67232258,36.28423021],[-121.6724966,36.28425199],[-121.67289591,36.28425041],[-121.67322849,36.28426425],[-121.67363446,36.28440426],[-121.67375993,36.28446908],[-121.67406451,36.28462643],[-121.6743121,36.28475233],[-121.67479179,36.28499625],[-121.67483464,36.28501804],[-121.67517053,36.28511736],[-121.67571683,36.28525061],[-121.67615499,36.28531779],[-121.67682258,36.28544628],[-121.67703048,36.28543813],[-121.6771171,36.28543473],[-121.67721183,36.28527637],[-121.67740855,36.28503349],[-121.67747057,36.28495691],[-121.67758694,36.28485889],[-121.67776816,36.28470624],[-121.67794783,36.28451642],[-121.67807032,36.28442889],[-121.67811437,36.28439741],[-121.67830075,36.28431981],[-121.67844354,36.28438451],[-121.6786467,36.28458743],[-121.67879453,36.28473629],[-121.67892624,36.28481202],[-121.67904631,36.28488107],[-121.67931947,36.28501316],[-121.67968848,36.28516519],[-121.67988577,36.28526993],[-121.68010875,36.28540449],[-121.68019205,36.28545475],[-121.68024222,36.2854583],[-121.68039743,36.28540452],[-121.68062685,36.28546582],[-121.68117569,36.28564111],[-121.68133665,36.28571916],[-121.68155043,36.28580919],[-121.68177715,36.28594411],[-121.68183855,36.28598065],[-121.68209034,36.28612543],[-121.68239916,36.28619988],[-121.68262156,36.28625351],[-121.68274229,36.28628261],[-121.68286524,36.28630591],[-121.6829882,36.2863292],[-121.6832548,36.28643121],[-121.68337604,36.28653802],[-121.6835298,36.28667349],[-121.68381793,36.28684495],[-121.68414491,36.28708518],[-121.6847723,36.28741204],[-121.6852108,36.28777442],[-121.6855674,36.28792913],[-121.68560289,36.2879418],[-121.68613526,36.28813178],[-121.68647285,36.28825912],[-121.68715016,36.2884128],[-121.68745822,36.28847348],[-121.68781358,36.28843539],[-121.68787235,36.28842909],[-121.68816857,36.28844557],[-121.68874368,36.2884792],[-121.68893214,36.28852549],[-121.68899044,36.2885398],[-121.68930636,36.28838703],[-121.68949675,36.28829495],[-121.68962249,36.28819522],[-121.68964595,36.28817661],[-121.68987959,36.28830802],[-121.69018759,36.28852087],[-121.69041244,36.288627],[-121.69054504,36.28868959],[-121.69102376,36.28885354],[-121.69144415,36.28883701],[-121.69150888,36.28883446],[-121.6921178,36.2888527],[-121.69215435,36.28886048],[-121.69219864,36.28886992],[-121.69245204,36.28892391],[-121.69323926,36.28901948],[-121.69337955,36.28904208],[-121.6934053,36.28918166],[-121.693734,36.28944992],[-121.6942114,36.28973714],[-121.69423848,36.28975343],[-121.69442241,36.2897871],[-121.69487063,36.28986915],[-121.69591306,36.29016555],[-121.69649492,36.29031136],[-121.69656679,36.29034983],[-121.69676408,36.29045542],[-121.69693086,36.29045473],[-121.69716341,36.29045376],[-121.69737722,36.29054376],[-121.69768272,36.2907145],[-121.69796836,36.29084385],[-121.69818132,36.29091981],[-121.69848766,36.29110458],[-121.69855365,36.29112812],[-121.69877162,36.29120587],[-121.69901064,36.29113741],[-121.69928381,36.29105917],[-121.69971949,36.29108418],[-121.70005037,36.29109927],[-121.70047125,36.29116704],[-121.70059786,36.29116845],[-121.7007493,36.29117015],[-121.7010578,36.29110175],[-121.70147277,36.29107134],[-121.70192409,36.29106761],[-121.70231201,36.2911648],[-121.70255878,36.29122537],[-121.70281924,36.29132943],[-121.70287908,36.29135334],[-121.7031005,36.29156956],[-121.70322399,36.29163253],[-121.70327966,36.29166091],[-121.7033528,36.2916634],[-121.70347109,36.29166742],[-121.7035089,36.29170615],[-121.70356362,36.29176219],[-121.70345584,36.29199139],[-121.70343469,36.29221717],[-121.70341501,36.29228532],[-121.70334845,36.29251582],[-121.70333788,36.29262871],[-121.70343451,36.29274983],[-121.7035445,36.29288769],[-121.7038931,36.29319731],[-121.70406086,36.29338753],[-121.70420071,36.29369132],[-121.70444367,36.29397699],[-121.70444154,36.29423014],[-121.70450618,36.29443848],[-121.70467647,36.29467077],[-121.70513242,36.29503239],[-121.70519791,36.29525476],[-121.70532848,36.29540426],[-121.70547807,36.29558113],[-121.70581994,36.29577854],[-121.70610393,36.29587981],[-121.70634775,36.29617949],[-121.70636177,36.29621964],[-121.70641071,36.29635978],[-121.70675209,36.29667496],[-121.70696304,36.29659106],[-121.70742793,36.29623529],[-121.70759191,36.29607417],[-121.70782012,36.29582615],[-121.7079917,36.29579126],[-121.70826893,36.29578032],[-121.70855037,36.29583951],[-121.709153,36.29604068],[-121.70919428,36.29606172],[-121.70951137,36.29622336],[-121.70992552,36.29617889],[-121.71023655,36.29615255],[-121.71058816,36.29622302],[-121.71087486,36.29627162],[-121.71099175,36.29629144],[-121.71137632,36.29633249],[-121.7117947,36.29635815],[-121.71208062,36.2964332],[-121.71225618,36.29652269],[-121.71253425,36.29652576],[-121.71291375,36.29648265],[-121.7131641,36.29641091],[-121.71325521,36.29638481],[-121.71358273,36.29634375],[-121.71373867,36.29633759],[-121.71399055,36.29648228],[-121.7142533,36.29672309],[-121.71428469,36.29675185],[-121.71436988,36.2968017],[-121.71454264,36.2969028],[-121.71468364,36.29703133],[-121.71469152,36.2970592],[-121.71486033,36.29765701],[-121.71511224,36.29837813],[-121.71530203,36.298933],[-121.71545209,36.29940509],[-121.71546624,36.29950788],[-121.71559819,36.30004269],[-121.71553643,36.30059691],[-121.71543545,36.30093832],[-121.71527994,36.30123971],[-121.71497356,36.30163142],[-121.71455813,36.30194309],[-121.71414862,36.30235293],[-121.71378983,36.30302789],[-121.7134587,36.30346902],[-121.71342005,36.30352052],[-121.71341343,36.30357002],[-121.71338414,36.30378907],[-121.71335117,36.30398323],[-121.7133483,36.30401964],[-121.71344163,36.3041664],[-121.71392137,36.3049207],[-121.71399986,36.30528392],[-121.7140911,36.30570637],[-121.71431032,36.30676115],[-121.71429428,36.30707109],[-121.71443928,36.30745902],[-121.7146033,36.30787431],[-121.71482015,36.30830158],[-121.71475642,36.30866449],[-121.71469468,36.30893143],[-121.71460382,36.3093224],[-121.71462497,36.30967304],[-121.71465291,36.31013589],[-121.71452865,36.31037981],[-121.71440146,36.31086285],[-121.71449532,36.31126686],[-121.71432331,36.31158296],[-121.7138178,36.31184195],[-121.71320156,36.31256927],[-121.71317959,36.31278102],[-121.71348311,36.31320487],[-121.71378409,36.31358663],[-121.71418442,36.31417536],[-121.71461042,36.31447818],[-121.71476525,36.31458824],[-121.7148351,36.3146296],[-121.71514358,36.31481229],[-121.71555997,36.31509107],[-121.71576669,36.31535002],[-121.71582337,36.31571332],[-121.71585933,36.31602121],[-121.71596631,36.3163544],[-121.7160209,36.31697084],[-121.71639683,36.31830567],[-121.71658768,36.31871298],[-121.71663614,36.3188164],[-121.71701196,36.31899836],[-121.7172277,36.31906479],[-121.7172952,36.31908557],[-121.71759922,36.31980463],[-121.71775998,36.32074024],[-121.71782807,36.32100467],[-121.71781854,36.32107068],[-121.71781266,36.32111141],[-121.71775458,36.32151371],[-121.71743843,36.32203235],[-121.71719963,36.32239328],[-121.71695659,36.32268407],[-121.71690154,36.32277081],[-121.71671863,36.32305903],[-121.71667047,36.32341241],[-121.71673907,36.32370234],[-121.71667506,36.32389339],[-121.71663672,36.32400423],[-121.71649513,36.32424884],[-121.7162453,36.32442743],[-121.71592924,36.3245268],[-121.71588724,36.32454001],[-121.71579786,36.32471921],[-121.71566976,36.3250165],[-121.71549235,36.32542824],[-121.7154743,36.32547019],[-121.71552082,36.32566517],[-121.7157225,36.32583997],[-121.71576182,36.32587598],[-121.71594321,36.32604213],[-121.71595337,36.32621044],[-121.71597285,36.32653303],[-121.71588579,36.32681766],[-121.71589691,36.32700166],[-121.71589935,36.32704207],[-121.71604355,36.32741597],[-121.71608282,36.32748851],[-121.71620001,36.32770502],[-121.71632491,36.32799356],[-121.71635694,36.32806758],[-121.71641023,36.3285965],[-121.71642972,36.32891909],[-121.71638072,36.32925845],[-121.71619559,36.32964538],[-121.71610305,36.33012705],[-121.71580883,36.33043393],[-121.7155277,36.33066999],[-121.71526998,36.33087293],[-121.71524573,36.33089203],[-121.7148458,36.33117497],[-121.71466235,36.33158994],[-121.71458291,36.3320008],[-121.71456874,36.33290744],[-121.71446506,36.33321455],[-121.71411543,36.33346738],[-121.71351907,36.33398542],[-121.71348804,36.33401238],[-121.71346292,36.33405706],[-121.71322129,36.33448687],[-121.71295824,36.33473339],[-121.71289237,36.33479512],[-121.71264041,36.33522686],[-121.71252865,36.33548487],[-121.71244214,36.33568458],[-121.71216691,36.33601883],[-121.71192212,36.33628156],[-121.71173441,36.3366264],[-121.7114799,36.33701606],[-121.71096156,36.33764109],[-121.71046562,36.33834959],[-121.7103547,36.33845477],[-121.71020263,36.33859898],[-121.70997177,36.33880493],[-121.70991938,36.33890996],[-121.70978575,36.33917782],[-121.7094162,36.33938924],[-121.70925214,36.33955038],[-121.709042,36.33981174],[-121.7089533,36.33990319],[-121.70882932,36.34003103],[-121.70854898,36.34028111],[-121.70851428,36.34031536],[-121.70823736,36.34058866],[-121.70775152,36.34088903],[-121.70741052,36.34106387],[-121.70838876,36.34137],[-121.7087224,36.34152092],[-121.70881754,36.34156396],[-121.70985508,36.34205306],[-121.70989076,36.34206988],[-121.71030269,36.34248381],[-121.7104515,36.34272258],[-121.71049192,36.34282192],[-121.71061475,36.34312384],[-121.71079998,36.34331336],[-121.71113575,36.34369375],[-121.71168128,36.34409397],[-121.71194811,36.3441959],[-121.71235704,36.34434845],[-121.71351785,36.34486494],[-121.7138236,36.34503562],[-121.71434079,36.34525418],[-121.71483527,36.34556556],[-121.71524411,36.34582301],[-121.71545555,36.34587088],[-121.71548213,36.34588897],[-121.7157093,36.34604361],[-121.71590764,36.3461623],[-121.71627597,36.34621803],[-121.71666842,36.34638528],[-121.71774731,36.3472705],[-121.71914293,36.34793229],[-121.71931787,36.34800722],[-121.71971386,36.34817681],[-121.72012706,36.34839946],[-121.7207682,36.34865526],[-121.72121426,36.34874247],[-121.72166518,36.34883063],[-121.72214943,36.34907858],[-121.72250687,36.34952837],[-121.72286146,36.34984021],[-121.7229658,36.34993197],[-121.72307512,36.34997754],[-121.72364334,36.35021443],[-121.72375954,36.35030861],[-121.72399061,36.35049591],[-121.72423849,36.35069854],[-121.72449137,36.35072914],[-121.72487281,36.35071402],[-121.72518321,36.3506736],[-121.72537528,36.35097529],[-121.72566985,36.35182123],[-121.72588691,36.35224845],[-121.72628281,36.35247177],[-121.72648713,36.35268861],[-121.72646265,36.35285829],[-121.72642083,36.35302866],[-121.72643068,36.35347816],[-121.72630812,36.35375015],[-121.72608492,36.35408235],[-121.72599193,36.35426881],[-121.72594602,36.35494547],[-121.72587037,36.35513124],[-121.72565752,36.35620817],[-121.72562759,36.3565749],[-121.72559172,36.35684344],[-121.72548393,36.35707266],[-121.72539338,36.35709816],[-121.7251934,36.35715447],[-121.72517062,36.3573522],[-121.72524769,36.35795834],[-121.72527022,36.35813557],[-121.72538616,36.3583278],[-121.7255608,36.35882112],[-121.72561684,36.35897944],[-121.72601958,36.35931495],[-121.72637658,36.35946951],[-121.7273388,36.35957195],[-121.72784422,36.35959408],[-121.72816334,36.35971494],[-121.7284491,36.35982316],[-121.72870037,36.35995378],[-121.72904811,36.36049218],[-121.72916076,36.36066659],[-121.7292664,36.36074609],[-121.72970005,36.36107243],[-121.72985288,36.36118744],[-121.73084693,36.36152759],[-121.7310914,36.36154601],[-121.73160024,36.36162423],[-121.73167419,36.36161627],[-121.73180747,36.36160194],[-121.73194077,36.36179348],[-121.73223439,36.36204895],[-121.73258004,36.36230235],[-121.73276639,36.36257606],[-121.7329808,36.36289098],[-121.73327614,36.36317449],[-121.73363371,36.36362425],[-121.73381021,36.36395466],[-121.73387331,36.36413492],[-121.73438812,36.3643113],[-121.73473495,36.36429753],[-121.73499235,36.3642873],[-121.73506443,36.36428444],[-121.73551956,36.36433666],[-121.73617294,36.3645411],[-121.73647643,36.36463606],[-121.73675474,36.36463906],[-121.73736169,36.36461494],[-121.73780915,36.36454092],[-121.73821055,36.36456714],[-121.73867506,36.36477362],[-121.73909637,36.36484123],[-121.7396166,36.36482054],[-121.73984033,36.36478353],[-121.74016362,36.36471773],[-121.74087057,36.36457385],[-121.74140047,36.36442625],[-121.74183059,36.3643529],[-121.74218536,36.36418414],[-121.74275421,36.36410527],[-121.74312947,36.36408188],[-121.74337763,36.36406641],[-121.74398114,36.36398615],[-121.7445406,36.363753],[-121.74496415,36.36328625],[-121.74536155,36.36296114],[-121.74571631,36.36279236],[-121.74627319,36.36251713],[-121.74632734,36.36248731],[-121.74657593,36.36235043],[-121.74673626,36.36241434],[-121.74677433,36.36247293],[-121.74698559,36.36279806],[-121.74732872,36.36300934],[-121.74747351,36.36303036],[-121.7477847,36.36307554],[-121.74788933,36.36313351],[-121.74823444,36.36332474],[-121.74860458,36.36340842],[-121.74903756,36.36333878],[-121.74906936,36.36333366],[-121.74941702,36.36333387],[-121.74976462,36.36336932],[-121.75001173,36.36339453],[-121.750493,36.36330506],[-121.75058079,36.3632631],[-121.75081392,36.36315168],[-121.75087815,36.36313078],[-121.75125709,36.36300748],[-121.75159193,36.36279731],[-121.75192763,36.36260116],[-121.75211837,36.36259356],[-121.75254138,36.36268916],[-121.75301897,36.36282477],[-121.75336579,36.36281094],[-121.75340069,36.36281883],[-121.75352442,36.3628468],[-121.7539489,36.36325164],[-121.75433613,36.36361578],[-121.75459344,36.36384453],[-121.7548278,36.36455219],[-121.75520175,36.36526834],[-121.75544172,36.36549777],[-121.7558793,36.36583178],[-121.75608343,36.36601515],[-121.7561059,36.36603535],[-121.7562839,36.36619523],[-121.75700275,36.36715067],[-121.75722454,36.36736677],[-121.75762573,36.36767411],[-121.75817657,36.36843942],[-121.75856648,36.36881225],[-121.7590674,36.36907869],[-121.75938051,36.36920858],[-121.75953112,36.36927106],[-121.76000911,36.36932396],[-121.76009119,36.36933305],[-121.76046775,36.3694304],[-121.7606564,36.36947918],[-121.76111072,36.36951727],[-121.76159628,36.36949787],[-121.76196646,36.3695815],[-121.76221438,36.36965595],[-121.7625291,36.36968555],[-121.76288022,36.36974182],[-121.76359362,36.36977675],[-121.76362192,36.37002625],[-121.76353506,36.37020799],[-121.76346645,36.37048803],[-121.76347913,36.3706955],[-121.76337085,36.3709276],[-121.76334929,36.37117606],[-121.76336016,36.37135389],[-121.76321644,36.37160722],[-121.76323891,36.37177468],[-121.76322414,36.37193373],[-121.76317304,36.37250028],[-121.76333249,36.373306],[-121.76340067,36.37362019],[-121.76327595,36.37378363],[-121.76283842,36.3740388],[-121.76261958,36.37426542],[-121.76232563,36.37446533],[-121.76206531,36.37461439],[-121.76176713,36.37474514],[-121.76119822,36.37505507],[-121.76088164,36.3752856],[-121.76076053,36.37550831],[-121.76045842,36.37597594],[-121.75992917,36.3763338],[-121.75954968,36.37653713],[-121.75895647,36.37664995],[-121.75824304,36.3765992],[-121.75746159,36.37683837],[-121.75717862,36.37701803],[-121.75689702,36.37701936],[-121.75678164,36.37693484],[-121.75672902,36.37676588],[-121.75672071,36.3767392],[-121.75655585,36.37664674],[-121.7562999,36.37666686],[-121.75604454,36.37669685],[-121.75545132,36.37680966],[-121.75532553,36.37682958],[-121.75469927,36.37692879],[-121.75433534,36.37692837],[-121.75399022,36.3767491],[-121.75362326,36.37655576],[-121.75302823,36.37663891],[-121.7526341,36.37680318],[-121.75255484,36.37690701],[-121.75225984,36.37729348],[-121.75174533,36.37749226],[-121.75101211,36.37771956],[-121.75005457,36.37808455],[-121.74968997,36.37807489],[-121.74956416,36.37801923],[-121.74930887,36.37790629],[-121.74871735,36.37776295],[-121.74812472,36.37756723],[-121.74753527,36.37754119],[-121.74673872,36.3775333],[-121.74573706,36.37737511],[-121.74524494,36.37713721],[-121.74493126,36.37681298],[-121.74475,36.37665183],[-121.74447881,36.37662301],[-121.74443725,36.37662829],[-121.74379823,36.37670952],[-121.7428747,36.37662743],[-121.74219853,36.37658501],[-121.74157363,36.37658016],[-121.74124616,36.3766328],[-121.74088445,36.37672642],[-121.740817,36.37674139],[-121.74034066,36.37684708],[-121.73969977,36.37707309],[-121.73954932,36.37712615],[-121.73873894,36.37749509],[-121.73820257,36.37753623],[-121.73782382,36.37755128],[-121.73726,36.37754398],[-121.73686222,36.37764893],[-121.73627816,36.37771175],[-121.73576502,36.37773214],[-121.73536804,36.37764888],[-121.73523531,36.37756052],[-121.73508725,36.37746196],[-121.73490098,36.37741984],[-121.7346445,36.37749155],[-121.73461195,36.37750065],[-121.73442427,36.37763685],[-121.73414326,36.37764801],[-121.7335556,36.37765154],[-121.73286518,36.377778],[-121.73259197,36.37791759],[-121.7324159,36.37804343],[-121.73201069,36.37822788],[-121.73177713,36.37841542],[-121.73150107,36.37891166],[-121.73125267,36.37925825],[-121.73085284,36.37953162],[-121.73038975,36.3795698],[-121.72989982,36.37956944],[-121.72984725,36.37954754],[-121.72966108,36.37946997],[-121.72924206,36.37942718],[-121.7291389,36.37943127],[-121.7288633,36.37944221],[-121.72782355,36.37946365],[-121.72692493,36.37941977],[-121.72681626,36.37941446],[-121.72599345,36.37937777],[-121.72594769,36.37937443],[-121.72537834,36.37933283],[-121.7247963,36.37922716],[-121.72416478,36.37911354],[-121.72354345,36.37916787],[-121.72296416,36.37930968],[-121.72250609,36.37922879],[-121.72213535,36.37917415],[-121.72174821,36.37905084],[-121.72144479,36.37889449],[-121.72129282,36.37882291],[-121.72119264,36.37877573],[-121.72100694,36.37875596],[-121.72078585,36.37873242],[-121.72033378,36.37875033],[-121.71972227,36.37876464],[-121.71930281,36.37872741],[-121.71856478,36.37866191],[-121.71843161,36.37865377],[-121.7181714,36.37863787],[-121.71813907,36.37862793],[-121.7177692,36.37851294],[-121.71743881,36.37827071],[-121.71721231,36.37817074],[-121.7160861,36.37797761],[-121.7160068,36.37794651],[-121.71528322,36.37766275],[-121.71481919,36.37748303],[-121.71464497,36.37743225],[-121.71451998,36.37739583],[-121.71439227,36.37730945],[-121.71435397,36.37728355],[-121.71408484,36.37708621],[-121.71405231,36.37709234],[-121.71395164,36.37711129],[-121.71362327,36.37735206],[-121.71331902,36.3773839],[-121.71265864,36.37740011],[-121.71235856,36.37750111],[-121.71189161,36.37767803],[-121.71114124,36.37782654],[-121.71086201,36.37786728],[-121.7106056,36.37793553],[-121.71051246,36.37796033],[-121.71047124,36.37797559],[-121.71043341,36.3779896],[-121.71021297,36.3780712],[-121.71010858,36.3781326],[-121.70986999,36.37827293],[-121.70959105,36.37828395],[-121.70951565,36.37828693],[-121.70940204,36.37835488],[-121.70930289,36.37841418],[-121.70890863,36.37857831],[-121.70805724,36.37887935],[-121.70742339,36.37913217],[-121.70709587,36.37918473],[-121.70678595,36.37932571],[-121.70651029,36.37942573],[-121.70625068,36.37943598],[-121.70619232,36.37943792],[-121.70560188,36.37936006],[-121.70463696,36.37923229],[-121.70435026,36.37910699],[-121.70415893,36.37902337],[-121.70400149,36.37902099],[-121.70325178,36.37900965],[-121.70277525,36.37902845],[-121.70242926,36.37918075],[-121.70165657,36.37964909],[-121.70164298,36.37965733],[-121.70130621,36.37384922]]]},"properties":{"OBJECTID":1097699,"COUNTY":"MONTEREY","CITY":"MRY","ZONE_NAME":null,"ZONE_ID":"US-CA-XMY-MRY-D082","STATUS":"Evacuation Order","EVENT_TYPE":null,"CRITICAL_INFO":null,"PUBLIC_INFO":null,"EDIT_DATE":1787515278000,"STATEWIDE_LAST_UPDATED":null,"NOTES":"Timber Fire","SHAPE__Area":67680643.765625,"SHAPE__Length":64047.880592112917,"GlobalID":"da3ce06e-d589-43b2-a73d-3588d03a8d8e","CreationDate":1788335714107,"Creator":"CalOES_Scripts","EditDate":1788335714107,"Editor":"CalOES_Scripts"}},{"type":"Feature","id":1097700,"geometry":{"type":"Polygon","coordinates":[[[-121.64765176,36.17244796],[-121.64807889,36.17229198],[-121.64841557,36.17207965],[-121.64876276,36.1718928],[-121.64888902,36.17173143],[-121.6488785,36.17149362],[-121.64889954,36.17122184],[-121.64903631,36.17092457],[-121.64905735,36.17071224],[-121.64921517,36.17044895],[-121.64938351,36.17021114],[-121.64955185,36.16995634],[-121.64966758,36.169744],[-121.64978331,36.16943824],[-121.64993061,36.16927686],[-121.65006738,36.16914097],[-121.65018311,36.1688437],[-121.65026728,36.16866533],[-121.65035145,36.16845299],[-121.65054083,36.16819819],[-121.65053031,36.16784146],[-121.65055135,36.16768008],[-121.65059344,36.16749322],[-121.65073021,36.16717046],[-121.65090907,36.1668477],[-121.65105636,36.16661837],[-121.6511721,36.16623615],[-121.65121418,36.16587941],[-121.65149825,36.16559062],[-121.6515719,36.16536978],[-121.65150877,36.16517442],[-121.65139304,36.16497906],[-121.65129835,36.16476672],[-121.65145617,36.16468178],[-121.65168763,36.16476672],[-121.65196118,36.16486015],[-121.65225577,36.16490262],[-121.65260297,36.16489412],[-121.65298173,36.16469876],[-121.65348674,36.16455437],[-121.65377081,36.16440997],[-121.6540654,36.16415515],[-121.65431791,36.16373045],[-121.65445468,36.16330575],[-121.65463354,36.16290652],[-121.65489657,36.16272815],[-121.65523324,36.16249031],[-121.65567513,36.16219301],[-121.65607493,36.16204012],[-121.65650629,36.16181077],[-121.65686401,36.16158992],[-121.65708496,36.16140305],[-121.65722173,36.16112274],[-121.65737955,36.1608764],[-121.6575058,36.16059609],[-121.65821071,36.16051114],[-121.65866312,36.16046867],[-121.65897875,36.16029878],[-121.65944168,36.16023932],[-121.66026233,36.16000148],[-121.6607989,36.1599675],[-121.66115662,36.16001846],[-121.66207196,36.15986556],[-121.66237707,36.15974664],[-121.66282948,36.15946632],[-121.66332397,36.15926246],[-121.6640394,36.15921149],[-121.66442868,36.1590331],[-121.66471275,36.15875278],[-121.66532298,36.15848945],[-121.66600685,36.15835354],[-121.66680645,36.15823461],[-121.6676271,36.15803923],[-121.66874234,36.15791181],[-121.66935256,36.15786934],[-121.67031714,36.15779249],[-121.67031478,36.15792482],[-121.67034891,36.15814244],[-121.67035847,36.15833318],[-121.67037826,36.15850639],[-121.67042095,36.15859138],[-121.67060492,36.15854847],[-121.67080332,36.15849887],[-121.67116185,36.15850267],[-121.67154332,36.15854087],[-121.67157198,36.1585471],[-121.6717989,36.15862055],[-121.67184188,36.15870091],[-121.67188163,36.15874223],[-121.67189612,36.15875729],[-121.67196192,36.15880399],[-121.67205655,36.15882169],[-121.67208421,36.15881755],[-121.67209177,36.15881642],[-121.67212731,36.15882544],[-121.67216264,36.15882494],[-121.67219797,36.15882443],[-121.67222772,36.1588383],[-121.67226326,36.15884732],[-121.67229869,36.15885157],[-121.67232855,36.1588702],[-121.6723583,36.15888406],[-121.67239383,36.15889308],[-121.67242937,36.1589021],[-121.67245912,36.15891597],[-121.67249456,36.15892023],[-121.67252988,36.15891972],[-121.67255964,36.15893359],[-121.67259528,36.15894737],[-121.67263092,36.15896115],[-121.67266645,36.15897017],[-121.67270199,36.15897918],[-121.67273732,36.15897868],[-121.67276717,36.15899731],[-121.67278536,36.15902086],[-121.67278598,36.15904943],[-121.67281005,36.1590729],[-121.67284559,36.15908192],[-121.67288092,36.15908142],[-121.67291067,36.15909528],[-121.6729461,36.15909954],[-121.67297596,36.15911816],[-121.67299414,36.15914172],[-121.67301822,36.15916519],[-121.67304797,36.15917905],[-121.67308351,36.15918807],[-121.67311326,36.15920194],[-121.67314879,36.15921096],[-121.67318412,36.15921045],[-121.67320716,36.15918631],[-121.6732243,36.15916225],[-121.67322368,36.15913368],[-121.67322894,36.15910503],[-121.6732401,36.15907629],[-121.67326313,36.15905215],[-121.67328027,36.15902809],[-121.67326209,36.15900453],[-121.67325558,36.15897605],[-121.67325495,36.15894748],[-121.6732721,36.15892342],[-121.67330112,36.15890395],[-121.67327705,36.15888048],[-121.6732472,36.15886186],[-121.67325246,36.1588332],[-121.6732632,36.15878542],[-121.67327435,36.15875668],[-121.67329149,36.15873262],[-121.67332693,36.15873688],[-121.67336215,36.15873161],[-121.67339128,36.15871691],[-121.67342671,36.15872117],[-121.67345646,36.15873503],[-121.67347465,36.15875859],[-121.67351008,36.15876284],[-121.67354531,36.15875758],[-121.67358074,36.15876183],[-121.67359314,36.15879023],[-121.67360554,36.15881864],[-121.67360616,36.1588472],[-121.67359501,36.15887594],[-121.67357786,36.1589],[-121.67357849,36.15892857],[-121.67361392,36.15893283],[-121.67364378,36.15895145],[-121.6736444,36.15898002],[-121.67364336,36.15898571],[-121.67363914,36.15900867],[-121.67361011,36.15902814],[-121.67357478,36.15902865],[-121.67358129,36.15905713],[-121.67360537,36.1590806],[-121.67361777,36.159109],[-121.67360661,36.15913774],[-121.6736248,36.1591613],[-121.67364298,36.15918485],[-121.67366117,36.15920841],[-121.67367935,36.15923196],[-121.67369175,36.15926036],[-121.67369238,36.15928893],[-121.67368711,36.15931758],[-121.67368773,36.15934615],[-121.67369425,36.15937464],[-121.67370076,36.15940312],[-121.67371894,36.15942668],[-121.6737488,36.1594453],[-121.67378413,36.1594448],[-121.6738082,36.15946827],[-121.67384353,36.15946777],[-121.67387896,36.15947202],[-121.6739145,36.15948104],[-121.67394436,36.15949967],[-121.67397411,36.15951353],[-121.67400397,36.15953216],[-121.67402804,36.15955563],[-121.67405789,36.15957425],[-121.67405852,36.15960282],[-121.6740767,36.15962638],[-121.67407419,36.15965356],[-121.67404197,36.15966117],[-121.67401836,36.15965912],[-121.67398861,36.15964526],[-121.67395896,36.15963616],[-121.67394466,36.15965541],[-121.6739569,36.15967667],[-121.67398118,36.15970966],[-121.67401739,36.15974963],[-121.67405056,36.15978488],[-121.67408925,36.15980338],[-121.67411554,36.15979348],[-121.67414459,36.1597683],[-121.67414986,36.15973964],[-121.67417899,36.15972494],[-121.67419014,36.1596962],[-121.67420129,36.15966746],[-121.67423652,36.1596622],[-121.67421244,36.15963873],[-121.67419426,36.15961517],[-121.67418186,36.15958677],[-121.67421719,36.15958627],[-121.67424502,36.15958961],[-121.67425262,36.15959052],[-121.67428795,36.15959002],[-121.67430509,36.15956596],[-121.67433422,36.15955125],[-121.67436325,36.15953179],[-121.67439868,36.15953605],[-121.67440457,36.15953596],[-121.67443443,36.15955459],[-121.67446975,36.15955408],[-121.67450498,36.15954882],[-121.67454031,36.15954831],[-121.67457574,36.15955257],[-121.67460549,36.15956643],[-121.67464103,36.15957545],[-121.6746651,36.15959892],[-121.67466573,36.15962749],[-121.67467224,36.15965598],[-121.67467238,36.15966254],[-121.67467286,36.15968454],[-121.67463764,36.15968981],[-121.6746021,36.15968079],[-121.67456667,36.15967653],[-121.67453124,36.15967228],[-121.6744957,36.15966326],[-121.67446027,36.159659],[-121.67442483,36.15965475],[-121.6743894,36.15965049],[-121.67440758,36.15967404],[-121.67443744,36.15969267],[-121.67447298,36.15970169],[-121.67450852,36.15971071],[-121.67454374,36.15970544],[-121.67457928,36.15971446],[-121.67460903,36.15972832],[-121.67464457,36.15973734],[-121.67464519,36.15976591],[-121.67466926,36.15978938],[-121.67468167,36.15981778],[-121.67471163,36.15984117],[-121.67471225,36.15986974],[-121.67468922,36.15989388],[-121.67466019,36.15991335],[-121.67468995,36.15992721],[-121.67469646,36.1599557],[-121.67469708,36.15998427],[-121.67470948,36.16001267],[-121.67474502,36.16002168],[-121.67473387,36.16005042],[-121.67472272,36.16007916],[-121.67470557,36.16010322],[-121.67467655,36.16012269],[-121.67465351,36.16014683],[-121.67463048,36.16017097],[-121.67460745,36.16019512],[-121.6745963,36.16022385],[-121.67458514,36.16025259],[-121.674568,36.16027665],[-121.67453887,36.16029136],[-121.67452772,36.16032009],[-121.67451057,36.16034415],[-121.67448754,36.1603683],[-121.67445242,36.16037832],[-121.6744173,36.16038835],[-121.67438197,36.16038886],[-121.67434664,36.16038936],[-121.6743111,36.16038034],[-121.67427567,36.16037609],[-121.67421658,36.1603674],[-121.67419943,36.16039146],[-121.6741764,36.16041561],[-121.67414128,36.16042563],[-121.67410564,36.16041185],[-121.67410501,36.16038329],[-121.6740985,36.1603548],[-121.67409788,36.16032623],[-121.67407969,36.16030268],[-121.67405056,36.16031738],[-121.67401534,36.16032265],[-121.6739799,36.16031839],[-121.67395583,36.16029492],[-121.67394343,36.16026652],[-121.67391368,36.16025265],[-121.67389549,36.1602291],[-121.67386574,36.16021523],[-121.67383051,36.1602205],[-121.67381337,36.16024456],[-121.67378424,36.16025927],[-121.67377309,36.160288],[-121.67376194,36.16031674],[-121.67375078,36.16034548],[-121.67373364,36.16036954],[-121.67374015,36.16039802],[-121.673729,36.16042676],[-121.6737414,36.16045516],[-121.67377126,36.16047378],[-121.67379533,36.16049726],[-121.67377229,36.1605214],[-121.67377292,36.16054997],[-121.67378532,36.16057837],[-121.67377417,36.16060711],[-121.67376301,36.16063584],[-121.67378709,36.16065931],[-121.67381116,36.16068279],[-121.67383523,36.16070626],[-121.67385047,36.16071576],[-121.67386509,36.16072488],[-121.6738716,36.16075337],[-121.67386045,36.1607821],[-121.67389041,36.16080549],[-121.67389692,36.16083398],[-121.67392099,36.16085745],[-121.67393339,36.16088585],[-121.67395747,36.16090932],[-121.67398722,36.16092318],[-121.67401708,36.16094181],[-121.67403485,36.16094632],[-121.67409972,36.16095015],[-121.67415355,36.16098749],[-121.67418877,36.16098222],[-121.674224,36.16097696],[-121.67425912,36.16096693],[-121.67429424,36.1609569],[-121.67432947,36.16095164],[-121.67433598,36.16098012],[-121.67430685,36.16099483],[-121.67431925,36.16102323],[-121.67433744,36.16104678],[-121.67437266,36.16104152],[-121.67440799,36.16104101],[-121.67444332,36.16104051],[-121.67447886,36.16104953],[-121.67450293,36.161073],[-121.67453269,36.16108686],[-121.67456791,36.16108159],[-121.67459199,36.16110506],[-121.67462752,36.16111408],[-121.67465738,36.16113271],[-121.67468145,36.16115618],[-121.67469964,36.16117973],[-121.67470615,36.16120822],[-121.674695,36.16123696],[-121.67466608,36.16126119],[-121.67463075,36.16126169],[-121.67462423,36.16123321],[-121.67458891,36.16123371],[-121.67455998,36.16125794],[-121.67453695,36.16128208],[-121.67453431,36.16128176],[-121.67450152,36.16127782],[-121.67446608,36.16127357],[-121.67443096,36.16128359],[-121.67440793,36.16130774],[-121.67441444,36.16133622],[-121.67441506,36.16136479],[-121.6744506,36.16137381],[-121.67446215,36.16137051],[-121.67448572,36.16136378],[-121.67451485,36.16134908],[-121.67455008,36.16134381],[-121.67456826,36.16136737],[-121.674563,36.16139602],[-121.67455774,36.16142467],[-121.67457592,36.16144823],[-121.67457066,36.16147688],[-121.67454762,36.16150103],[-121.67454217,36.16150867],[-121.67453048,36.16152509],[-121.67449504,36.16152083],[-121.67445982,36.16152609],[-121.67446044,36.16155466],[-121.67447863,36.16157822],[-121.67450838,36.16159208],[-121.67454465,36.16163443],[-121.67456283,36.16165799],[-121.67459795,36.16164796],[-121.67463318,36.16164269],[-121.67464072,36.16164054],[-121.6746683,36.16163267],[-121.67470342,36.16162264],[-121.67472161,36.16164619],[-121.67474568,36.16166966],[-121.67476387,36.16169322],[-121.67477038,36.1617217],[-121.67478278,36.1617501],[-121.67480097,36.16177366],[-121.67478981,36.1618024],[-121.67477866,36.16183113],[-121.6747734,36.16185979],[-121.67477262,36.1618618],[-121.67476224,36.16188852],[-121.67475109,36.16191726],[-121.67473994,36.161946],[-121.67475292,36.16196281],[-121.67475812,36.16196955],[-121.67474697,36.16199829],[-121.67477105,36.16202176],[-121.67478923,36.16204532],[-121.67480163,36.16207372],[-121.67478449,36.16209778],[-121.67475473,36.16208391],[-121.67474999,36.1620817],[-121.67472498,36.16207005],[-121.6747256,36.16209862],[-121.67472623,36.16212719],[-121.67474441,36.16215074],[-121.67477427,36.16216937],[-121.6747849,36.16217432],[-121.67480402,36.16218323],[-121.67482428,36.16219267],[-121.67483378,36.16219709],[-121.67486932,36.16220611],[-121.67489907,36.16221998],[-121.67491726,36.16224353],[-121.67492377,36.16227202],[-121.67494784,36.16229549],[-121.6749776,36.16230935],[-121.67501261,36.16229456],[-121.67501626,36.16229568],[-121.67507191,36.16231277],[-121.67510693,36.16229798],[-121.67514216,36.16229271],[-121.67517749,36.16229221],[-121.67521303,36.16230122],[-121.67524846,36.16230548],[-121.67527842,36.16232887],[-121.67529083,36.16235727],[-121.67530323,36.16238567],[-121.67530974,36.16241415],[-121.67532792,36.16243771],[-121.67533444,36.16246619],[-121.67532917,36.16249485],[-121.67530015,36.16251431],[-121.675283,36.16253837],[-121.6752954,36.16256677],[-121.67527826,36.16259083],[-121.67529066,36.16261923],[-121.67530885,36.16264279],[-121.6753387,36.16266141],[-121.67536856,36.16268004],[-121.67538675,36.16270359],[-121.67538737,36.16273216],[-121.67539977,36.16276056],[-121.67542963,36.16277919],[-121.67544782,36.16280274],[-121.67545433,36.16283123],[-121.67547251,36.16285478],[-121.67550227,36.16286865],[-121.67553202,36.16288251],[-121.6755561,36.16290598],[-121.6755685,36.16293438],[-121.67557501,36.16296287],[-121.67558741,36.16299127],[-121.6756056,36.16301482],[-121.67562378,36.16303838],[-121.67564197,36.16306193],[-121.6756773,36.16306143],[-121.67571263,36.16306092],[-121.67574786,36.16305566],[-121.67578319,36.16305515],[-121.67581862,36.16305941],[-121.67585416,36.16306842],[-121.67586656,36.16309682],[-121.67588475,36.16312038],[-121.67590294,36.16314393],[-121.67593269,36.1631578],[-121.67596255,36.16317642],[-121.6759923,36.16319029],[-121.67602206,36.16320415],[-121.67605181,36.16321801],[-121.67608714,36.16321751],[-121.67612258,36.16322177],[-121.67614665,36.16324524],[-121.67618198,36.16324473],[-121.67621711,36.1632347],[-121.67625233,36.16322944],[-121.67628777,36.16323369],[-121.6763232,36.16323795],[-121.67635296,36.16325181],[-121.67638281,36.16327044],[-121.67641267,36.16328906],[-121.67644243,36.16330293],[-121.67647229,36.16332155],[-121.67649636,36.16334502],[-121.67652612,36.16335888],[-121.67656165,36.1633679],[-121.67659141,36.16338177],[-121.67662127,36.16340039],[-121.67665123,36.16342378],[-121.67666942,36.16344733],[-121.67669928,36.16346596],[-121.67673461,36.16346545],[-121.67677004,36.16346971],[-121.6767998,36.16348357],[-121.67682966,36.1635022],[-121.6768652,36.16351121],[-121.67689495,36.16352508],[-121.67695415,36.16353852],[-121.67698948,36.16353801],[-121.67701355,36.16356148],[-121.67703174,36.16358504],[-121.67706149,36.1635989],[-121.67709682,36.1635984],[-121.67712658,36.16361226],[-121.67715644,36.16363088],[-121.67719177,36.16363038],[-121.6772271,36.16362987],[-121.67721595,36.16365861],[-121.6772457,36.16367247],[-121.67728124,36.16368149],[-121.67731121,36.16370488],[-121.67732939,36.16372843],[-121.67735915,36.16374229],[-121.67739469,36.16375131],[-121.67743023,36.16376033],[-121.67745998,36.16377419],[-121.67748406,36.16379766],[-121.67751381,36.16381153],[-121.67754367,36.16383015],[-121.67757342,36.16384401],[-121.67760318,36.16385788],[-121.67763872,36.16386689],[-121.67764565,36.16391443],[-121.67764628,36.16394299],[-121.67766457,36.16397131],[-121.67766519,36.16399988],[-121.67764815,36.1640287],[-121.67766055,36.1640571],[-121.67767874,36.16408066],[-121.67769693,36.16410421],[-121.67772668,36.16411807],[-121.67776191,36.16411281],[-121.67779166,36.16412667],[-121.677827,36.16412616],[-121.67786222,36.1641209],[-121.67789208,36.16413952],[-121.67786905,36.16416367],[-121.67783372,36.16416417],[-121.67781657,36.16418823],[-121.6778172,36.1642168],[-121.67780265,36.16423721],[-121.67780005,36.16424086],[-121.67778291,36.16426492],[-121.6778011,36.16428848],[-121.67778395,36.16431254],[-121.67774883,36.16432256],[-121.67774357,36.16435122],[-121.67775597,36.16437962],[-121.67776837,36.16440802],[-121.67777786,36.16442974],[-121.67778077,36.16443642],[-121.67778729,36.1644649],[-121.67780547,36.16448846],[-121.67781788,36.16451686],[-121.67782439,36.16454534],[-121.6778309,36.16457383],[-121.67784331,36.16460223],[-121.67784982,36.16463071],[-121.67786801,36.16465427],[-121.67788041,36.16468267],[-121.67789281,36.16471107],[-121.67792814,36.16471056],[-121.6779579,36.16472442],[-121.67797608,36.16474798],[-121.67795305,36.16477212],[-121.67795368,36.16480069],[-121.6779543,36.16482926],[-121.67797838,36.16485273],[-121.67800245,36.1648762],[-121.67799172,36.16492398],[-121.67800412,36.16495238],[-121.67802231,36.16497594],[-121.67804049,36.16499949],[-121.67804112,36.16502806],[-121.67804914,36.16504643],[-121.67805352,36.16505646],[-121.67806447,36.16505924],[-121.67808906,36.16506548],[-121.67810725,36.16508903],[-121.67813701,36.1651029],[-121.67813738,36.16512016],[-121.67813763,36.16513147],[-121.67816759,36.16515485],[-121.67819167,36.16517832],[-121.67820986,36.16520188],[-121.67823961,36.16521574],[-121.67825156,36.16521557],[-121.67827495,36.16521523],[-121.67829902,36.1652387],[-121.67829905,36.16523883],[-121.67830553,36.16526719],[-121.67832372,36.16529074],[-121.6783478,36.16531421],[-121.67837755,36.16532808],[-121.67840741,36.1653467],[-121.67844295,36.16535572],[-121.67846703,36.16537919],[-121.67850236,36.16537868],[-121.67850887,36.16540717],[-121.67853863,36.16542103],[-121.67856839,36.16543489],[-121.67859814,36.16544876],[-121.6786279,36.16546262],[-121.67866302,36.16545259],[-121.67869215,36.16543788],[-121.67872759,36.16544214],[-121.67874577,36.16546569],[-121.67876985,36.16548916],[-121.67879393,36.16551263],[-121.67882947,36.16552165],[-121.67886501,36.16553067],[-121.67890034,36.16553016],[-121.67893588,36.16553918],[-121.67897142,36.1655482],[-121.67900118,36.16556206],[-121.6790548,36.16558987],[-121.67907887,36.16561334],[-121.67910295,36.16563681],[-121.67913828,36.1656363],[-121.67916804,36.16565016],[-121.6791978,36.16566403],[-121.67922776,36.16568741],[-121.67926309,36.16568691],[-121.67929842,36.1656864],[-121.67933396,36.16569542],[-121.67936372,36.16570928],[-121.67939348,36.16572314],[-121.67942323,36.16573701],[-121.67945309,36.16575563],[-121.67948295,36.16577425],[-121.67951839,36.16577851],[-121.67955382,36.16578277],[-121.67958937,36.16579178],[-121.67961912,36.16580564],[-121.67965456,36.1658099],[-121.67967863,36.16583337],[-121.67970839,36.16584723],[-121.67974351,36.1658372],[-121.67977337,36.16585583],[-121.67980313,36.16586969],[-121.67983289,36.16588355],[-121.67986275,36.16590218],[-121.67988094,36.16592573],[-121.67991616,36.16592046],[-121.67995139,36.16591519],[-121.67998115,36.16592906],[-121.67999355,36.16595746],[-121.68001763,36.16598093],[-121.68005296,36.16598042],[-121.6800885,36.16598944],[-121.68011826,36.1660033],[-121.68014801,36.16601716],[-121.68018334,36.16601666],[-121.6802131,36.16603052],[-121.68024286,36.16604438],[-121.68026104,36.16606794],[-121.68029617,36.16605791],[-121.6803315,36.1660574],[-121.68036126,36.16607126],[-121.68039659,36.16607076],[-121.68042645,36.16608938],[-121.68045631,36.166108],[-121.68051551,36.16612144],[-121.68054527,36.16613531],[-121.68057513,36.16615393],[-121.68061035,36.16614866],[-121.6806275,36.1661246],[-121.68065642,36.16610037],[-121.68069175,36.16609987],[-121.68070994,36.16612342],[-121.68071645,36.1661519],[-121.68074053,36.16617537],[-121.68077597,36.16617963],[-121.68081151,36.16618864],[-121.68084694,36.1661929],[-121.68088228,36.16619239],[-121.68091761,36.16619189],[-121.68095305,36.16619614],[-121.68098838,36.16619563],[-121.6810236,36.16619037],[-121.68104819,36.16619001],[-121.68105894,36.16618986],[-121.68109437,36.16619411],[-121.68112413,36.16620798],[-121.68115389,36.16622184],[-121.68118364,36.1662357],[-121.68121908,36.16623996],[-121.68125473,36.16625373],[-121.6812788,36.1662772],[-121.68131413,36.1662767],[-121.68134389,36.16629056],[-121.68137365,36.16630442],[-121.68140908,36.16630868],[-121.68144462,36.16631769],[-121.68147438,36.16633155],[-121.68150982,36.16633581],[-121.68154515,36.1663353],[-121.68157428,36.1663206],[-121.68160341,36.16630589],[-121.68163874,36.16630538],[-121.68167418,36.16630964],[-121.68169826,36.16633311],[-121.68173369,36.16633736],[-121.68176282,36.16632265],[-121.68176861,36.16631781],[-121.68180695,36.16627585],[-121.68182999,36.16625171],[-121.68184713,36.16622765],[-121.68185828,36.16619891],[-121.68186354,36.16617026],[-121.68189898,36.16617451],[-121.68191717,36.16619806],[-121.68191779,36.16622663],[-121.68192431,36.16625512],[-121.6819425,36.16627867],[-121.6819549,36.16630707],[-121.68198466,36.16632093],[-121.68200769,36.16629679],[-121.68203072,36.16627264],[-121.68206595,36.16626737],[-121.68208064,36.16626518],[-121.68210118,36.16626211],[-121.6821302,36.16624264],[-121.68213576,36.16623483],[-121.68214735,36.16621858],[-121.6821585,36.16618984],[-121.68216965,36.1661611],[-121.68218679,36.16613704],[-121.68220983,36.16611289],[-121.68224526,36.16611715],[-121.68228059,36.16611664],[-121.68231613,36.16612566],[-121.68233432,36.16614921],[-121.68232317,36.16617795],[-121.6823238,36.16620652],[-121.6823007,36.16621818],[-121.68229467,36.16622123],[-121.68226554,36.16623593],[-121.68225439,36.16626467],[-121.68223725,36.16628873],[-121.6822261,36.16631747],[-121.68225017,36.16634094],[-121.68228571,36.16634995],[-121.68231557,36.16636858],[-121.68234533,36.16638244],[-121.68238077,36.16638669],[-121.6824161,36.16638619],[-121.68245143,36.16638568],[-121.68248056,36.16637097],[-121.68251569,36.16636094],[-121.68254544,36.1663748],[-121.68258077,36.1663743],[-121.68259449,36.16636788],[-121.68263325,36.16634973],[-121.68266858,36.16634922],[-121.6826751,36.16637771],[-121.68267885,36.16639411],[-121.68268161,36.16640619],[-121.68270569,36.16642966],[-121.68274102,36.16642915],[-121.68276735,36.16642163],[-121.68277615,36.16641912],[-121.68281127,36.16640909],[-121.68284615,36.16640388],[-121.6828465,36.16640383],[-121.68284652,36.16640368],[-121.68285176,36.16637517],[-121.68285113,36.1663466],[-121.68285639,36.16631795],[-121.68287354,36.16629389],[-121.68290021,36.16630065],[-121.68290908,36.1663029],[-121.68294441,36.1663024],[-121.68292033,36.16627893],[-121.68290027,36.16625937],[-121.68289625,36.16625546],[-121.68287807,36.16623191],[-121.68285399,36.16620844],[-121.68284747,36.16617995],[-121.68287639,36.16615572],[-121.68290042,36.16614359],[-121.68290552,36.16614101],[-121.68290519,36.16612576],[-121.6829049,36.16611245],[-121.68289838,36.16608396],[-121.68289775,36.16605539],[-121.6829089,36.16602665],[-121.68290828,36.16599809],[-121.68291354,36.16596943],[-121.68290702,36.16594095],[-121.68290639,36.16591238],[-121.68292943,36.16588823],[-121.68295835,36.165864],[-121.6829695,36.16583527],[-121.68299842,36.16581104],[-121.68301661,36.16583459],[-121.68304068,36.16585806],[-121.68307044,36.16587192],[-121.68310598,36.16588094],[-121.68311839,36.16590934],[-121.68313079,36.16593774],[-121.68313731,36.16596622],[-121.68314971,36.16599462],[-121.6831679,36.16601817],[-121.68317442,36.16604666],[-121.68320996,36.16605567],[-121.68323971,36.16606954],[-121.68323445,36.16609819],[-121.6832233,36.16612693],[-121.68320027,36.16615107],[-121.68317135,36.1661753],[-121.68317153,36.16618341],[-121.68317198,36.16620387],[-121.68319605,36.16622734],[-121.68321424,36.16625089],[-121.68323243,36.16627445],[-121.68325062,36.166298],[-121.68328048,36.16631662],[-121.68331024,36.16633049],[-121.68330961,36.16630192],[-121.68330898,36.16627335],[-121.68331425,36.16624469],[-121.68331951,36.16621604],[-121.68331888,36.16618747],[-121.68332414,36.16615882],[-121.68333392,36.16613362],[-121.68333529,36.16613008],[-121.68335243,36.16610602],[-121.68336958,36.16608196],[-121.68338777,36.16610551],[-121.68340017,36.16613391],[-121.68340653,36.16616172],[-121.68340669,36.1661624],[-121.68342488,36.16618595],[-121.68343139,36.16621444],[-121.68341425,36.1662385],[-121.68344411,36.16625712],[-121.68345063,36.1662856],[-121.68345714,36.16631409],[-121.6834869,36.16632795],[-121.68348164,36.1663566],[-121.68347049,36.16638534],[-121.68346564,36.16643304],[-121.68347216,36.16646152],[-121.68349035,36.16648508],[-121.68351443,36.16650855],[-121.68352094,36.16653703],[-121.68351568,36.16656568],[-121.68349854,36.16658975],[-121.68349328,36.1666184],[-121.68348802,36.16664705],[-121.68351209,36.16667052],[-121.68348906,36.16669467],[-121.68347791,36.16672341],[-121.68347854,36.16675197],[-121.68345551,36.16677612],[-121.68342638,36.16679083],[-121.68339735,36.1668103],[-121.68337484,36.16685825],[-121.68336369,36.16688699],[-121.68334066,36.16691113],[-121.68331164,36.1669306],[-121.68330049,36.16695934],[-121.68327745,36.16698348],[-121.68324223,36.16698875],[-121.683207,36.16699402],[-121.68318986,36.16701808],[-121.68319048,36.16704665],[-121.68316156,36.16707088],[-121.68315041,36.16709962],[-121.68313926,36.16712836],[-121.68311623,36.1671525],[-121.6830872,36.16717197],[-121.68305807,36.16718668],[-121.68304093,36.16721074],[-121.68304156,36.16723931],[-121.68307132,36.16725317],[-121.68310644,36.16724314],[-121.68314167,36.16723787],[-121.683177,36.16723736],[-121.68321223,36.16723209],[-121.68324136,36.16721739],[-121.68327669,36.16721688],[-121.68331192,36.16721161],[-121.68332906,36.16718755],[-121.68336418,36.16717752],[-121.68338133,36.16715346],[-121.68338659,36.16712481],[-121.68340962,36.16710066],[-121.68343865,36.16708119],[-121.68347387,36.16707592],[-121.68350757,36.16707997],[-121.68350931,36.16708018],[-121.68353917,36.1670988],[-121.68356325,36.16712227],[-121.68358733,36.16714574],[-121.68361141,36.16716921],[-121.68361432,36.16717298],[-121.6836296,36.16719276],[-121.68365946,36.16721138],[-121.68371308,36.16723919],[-121.68373716,36.16726266],[-121.68375535,36.16728621],[-121.68376187,36.1673147],[-121.68377427,36.1673431],[-121.6837749,36.16737167],[-121.68379898,36.16739514],[-121.68381138,36.16742353],[-121.68381201,36.1674521],[-121.68381264,36.16748067],[-121.68380738,36.16750933],[-121.68379623,36.16753806],[-121.68380863,36.16756646],[-121.68380926,36.16759503],[-121.68379811,36.16762377],[-121.68380463,36.16765225],[-121.68380525,36.16768082],[-121.68380588,36.16770939],[-121.68378285,36.16773354],[-121.68378937,36.16776202],[-121.68381933,36.16778541],[-121.68385446,36.16777538],[-121.68388421,36.16778924],[-121.68391955,36.16778873],[-121.68394857,36.16776926],[-121.6839838,36.16776399],[-121.68401293,36.16774928],[-121.68402703,36.16774217],[-121.68404206,36.16773458],[-121.6840776,36.16774359],[-121.68409579,36.16776715],[-121.68408464,36.16779588],[-121.68407076,36.16781537],[-121.6840675,36.16781995],[-121.68408711,36.16782492],[-121.68410304,36.16782896],[-121.6841328,36.16784282],[-121.68416193,36.16782811],[-121.68418496,36.16780397],[-121.68421409,36.16778926],[-121.68424312,36.16776979],[-121.68427845,36.16776929],[-121.68430821,36.16778315],[-121.68432061,36.16781155],[-121.68433302,36.16783995],[-121.68436278,36.16785381],[-121.68439253,36.16786767],[-121.68442189,36.16786328],[-121.68442776,36.1678624],[-121.68446309,36.16786189],[-121.68449853,36.16786615],[-121.68453366,36.16785612],[-121.68455669,36.16783197],[-121.68457972,36.16780782],[-121.68459655,36.16778421],[-121.68459686,36.16778376],[-121.68459717,36.16778376],[-121.68460275,36.16778368],[-121.68466784,36.16779703],[-121.6846976,36.16781089],[-121.68472168,36.16783436],[-121.68475691,36.16782909],[-121.68478604,36.16781438],[-121.68481506,36.16779492],[-121.68484409,36.16777545],[-121.68486123,36.16775139],[-121.68485471,36.1677229],[-121.68485997,36.16769425],[-121.68489499,36.16767946],[-121.68492412,36.16766475],[-121.68495924,36.16765472],[-121.68499447,36.16764945],[-121.6850296,36.16763942],[-121.68505862,36.16761995],[-121.68508775,36.16760524],[-121.68512319,36.1676095],[-121.68515863,36.16761375],[-121.68517682,36.1676373],[-121.68517155,36.16766596],[-121.68519563,36.16768942],[-121.68521382,36.16771298],[-121.68520267,36.16774172],[-121.68519741,36.16777037],[-121.68523295,36.16777938],[-121.6852686,36.16779316],[-121.68529847,36.16781178],[-121.68532822,36.16782564],[-121.68535808,36.16784427],[-121.68538784,36.16785813],[-121.68542339,36.16786714],[-121.68545872,36.16786663],[-121.68549384,36.1678566],[-121.68555231,36.16783671],[-121.68558144,36.167822],[-121.68561667,36.16781674],[-121.6856458,36.16780203],[-121.68568103,36.16779676],[-121.68569477,36.16778982],[-121.68571016,36.16778205],[-121.68573319,36.1677579],[-121.68576232,36.1677432],[-121.68579755,36.16773793],[-121.68583309,36.16774694],[-121.68582783,36.16777559],[-121.68582257,36.16780425],[-121.68579953,36.16782839],[-121.68578798,36.16784051],[-121.6857765,36.16785254],[-121.68577713,36.16788111],[-121.68578954,36.16790951],[-121.68580773,36.16793306],[-121.68583181,36.16795653],[-121.68586714,36.16795602],[-121.68589122,36.16797949],[-121.68592098,36.16799335],[-121.68594505,36.16801682],[-121.68596913,36.16804029],[-121.68599816,36.16802082],[-121.68602729,36.16800611],[-121.68606283,36.16801513],[-121.68609269,36.16803375],[-121.68612792,36.16802848],[-121.68613238,36.16802781],[-121.68616315,36.16802321],[-121.68619859,36.16802746],[-121.68620723,36.16803589],[-121.68622267,36.16805093],[-121.6862233,36.1680795],[-121.68622392,36.16810807],[-121.68625368,36.16812193],[-121.68628344,36.16813579],[-121.68631909,36.16814957],[-121.68635432,36.1681443],[-121.68638944,36.16813427],[-121.68641857,36.16811956],[-121.6864477,36.16810485],[-121.68645296,36.1680762],[-121.68645402,36.16807347],[-121.68646411,36.16804746],[-121.68648714,36.16802331],[-121.68651616,36.16800384],[-121.68654519,36.16798437],[-121.68657432,36.16796967],[-121.68660965,36.16796916],[-121.68663373,36.16799263],[-121.68663436,36.1680212],[-121.68663499,36.16804976],[-121.68664739,36.16807816],[-121.68664213,36.16810682],[-121.68663268,36.1681312],[-121.68663099,36.16813556],[-121.68662572,36.16816421],[-121.68658545,36.16820765],[-121.68658019,36.16823631],[-121.68656304,36.16826037],[-121.6865459,36.16828443],[-121.68654653,36.168313],[-121.68653538,36.16834174],[-121.68651235,36.16836588],[-121.6865012,36.16839462],[-121.68649005,36.16842336],[-121.6864789,36.1684521],[-121.68647953,36.16848067],[-121.68648016,36.16850924],[-121.68649835,36.16853279],[-121.68652821,36.16855141],[-121.68655229,36.16857488],[-121.68658215,36.1685935],[-121.6865993,36.16856944],[-121.68660456,36.16854079],[-121.68660393,36.16851222],[-121.68661508,36.16848348],[-121.68661445,36.16845491],[-121.68659626,36.16843136],[-121.68659563,36.16840279],[-121.68660089,36.16837414],[-121.68661803,36.16835007],[-121.68665347,36.16835433],[-121.68668236,36.16836165],[-121.68668901,36.16836334],[-121.68672435,36.16836283],[-121.68675957,36.16835756],[-121.68679512,36.16836658],[-121.68682488,36.16838044],[-121.68684317,36.16840875],[-121.68683791,36.16843741],[-121.68680878,36.16845212],[-121.68677366,36.16846215],[-121.68679185,36.1684857],[-121.68682161,36.16849956],[-121.68682812,36.16852804],[-121.68685788,36.16854191],[-121.68688701,36.1685272],[-121.68691614,36.16851249],[-121.68694517,36.16849302],[-121.68696336,36.16851657],[-121.68696988,36.16854506],[-121.68700542,36.16855407],[-121.68701362,36.16857286],[-121.68701782,36.16858247],[-121.68702434,36.16861095],[-121.6870541,36.16862482],[-121.68708954,36.16862907],[-121.68711856,36.1686096],[-121.68711205,36.16858112],[-121.68711142,36.16855255],[-121.68712856,36.16852849],[-121.68714872,36.16850735],[-121.68715159,36.16850434],[-121.68716274,36.1684756],[-121.68719166,36.16845137],[-121.68722069,36.1684319],[-121.68722006,36.16840333],[-121.68726044,36.16836465],[-121.68729588,36.1683689],[-121.68733142,36.16837791],[-121.6873555,36.16840138],[-121.68737369,36.16842494],[-121.68739188,36.16844849],[-121.68740429,36.16847689],[-121.68740492,36.16850546],[-121.68740554,36.16853402],[-121.68742374,36.16855758],[-121.68743025,36.16858606],[-121.68743677,36.16861455],[-121.68746653,36.16862841],[-121.68750197,36.16863266],[-121.68752016,36.16865621],[-121.68750302,36.16868027],[-121.68749776,36.16870893],[-121.68751595,36.16873248],[-121.68754581,36.1687511],[-121.687564,36.16877466],[-121.68759923,36.16876939],[-121.68761742,36.16879294],[-121.68763561,36.16881649],[-121.68764213,36.16884498],[-121.68764865,36.16887346],[-121.68766105,36.16890186],[-121.68766168,36.16893043],[-121.68765053,36.16895917],[-121.68765116,36.16898773],[-121.68768629,36.1689777],[-121.68771605,36.16899156],[-121.68773424,36.16901512],[-121.68774664,36.16904352],[-121.68776483,36.16906707],[-121.68776546,36.16909564],[-121.68776609,36.16912421],[-121.6877785,36.16915261],[-121.68781404,36.16916162],[-121.68784391,36.16918024],[-121.68784453,36.16920881],[-121.68784516,36.16923738],[-121.68785757,36.16926578],[-121.68787576,36.16928933],[-121.68788228,36.16931782],[-121.68790636,36.16934128],[-121.68794169,36.16934077],[-121.68797082,36.16932607],[-121.68800584,36.16931127],[-121.68802403,36.16933483],[-121.68801288,36.16936356],[-121.68799574,36.16938763],[-121.68800226,36.16941611],[-121.68802634,36.16943958],[-121.68806146,36.16942955],[-121.6880968,36.16942904],[-121.6881214,36.16947631],[-121.68815684,36.16948057],[-121.68819228,36.16948482],[-121.68822214,36.16950344],[-121.68824622,36.16952691],[-121.68825863,36.16955531],[-121.68827104,36.16958371],[-121.68830637,36.1695832],[-121.68832456,36.16960675],[-121.68834275,36.1696303],[-121.68837798,36.16962503],[-121.68841331,36.16962452],[-121.68844875,36.16962878],[-121.68847778,36.16960931],[-121.68850081,36.16958516],[-121.68852384,36.16956101],[-121.68855928,36.16956527],[-121.68858904,36.16957913],[-121.6886189,36.16959775],[-121.68862542,36.16962623],[-121.68863194,36.16965472],[-121.68865013,36.16967827],[-121.68868567,36.16968728],[-121.68871554,36.1697059],[-121.68873268,36.16968184],[-121.68872027,36.16965344],[-121.68871964,36.16962488],[-121.68873678,36.16960081],[-121.68874793,36.16957208],[-121.68874142,36.16954359],[-121.68872322,36.16952004],[-121.68872259,36.16949147],[-121.68872197,36.1694629],[-121.68875109,36.16944819],[-121.68878653,36.16945245],[-121.68884574,36.16946588],[-121.6888755,36.16947974],[-121.6888879,36.16950814],[-121.68889442,36.16953662],[-121.68890094,36.16956511],[-121.68888979,36.16959385],[-121.68887276,36.16962267],[-121.68887338,36.16965124],[-121.68887401,36.16967981],[-121.68888053,36.16970829],[-121.68889294,36.16973669],[-121.68890535,36.16976509],[-121.68892364,36.1697934],[-121.6889534,36.16980726],[-121.68898853,36.16979723],[-121.68902407,36.16980625],[-121.68904226,36.1698298],[-121.68906045,36.16985335],[-121.68908453,36.16987682],[-121.68909105,36.1699053],[-121.68910924,36.16992886],[-121.68914468,36.16993311],[-121.68917455,36.16995173],[-121.68920988,36.16995122],[-121.68923901,36.16993651],[-121.68925016,36.16990777],[-121.68925542,36.16987912],[-121.68928444,36.16985965],[-121.68931988,36.1698639],[-121.68934901,36.16984919],[-121.68936016,36.16982046],[-121.68936542,36.1697918],[-121.68938256,36.16976774],[-121.68941159,36.16974827],[-121.68943462,36.16972412],[-121.68945765,36.16969998],[-121.68948667,36.16968051],[-121.6895097,36.16965636],[-121.68953873,36.16963689],[-121.68957396,36.16963162],[-121.68957459,36.16966019],[-121.68956344,36.16968893],[-121.6895463,36.16971299],[-121.68952915,36.16973705],[-121.68950612,36.1697612],[-121.68947699,36.16977591],[-121.68949518,36.16979946],[-121.6895017,36.16982794],[-121.6895199,36.16985149],[-121.68954976,36.16987012],[-121.68956795,36.16989367],[-121.68956269,36.16992232],[-121.68956921,36.16995081],[-121.68959224,36.16992666],[-121.68962137,36.16991195],[-121.68962789,36.16994044],[-121.68962852,36.169969],[-121.68961737,36.16999774],[-121.68961211,36.1700264],[-121.68959497,36.17005046],[-121.68955985,36.17006049],[-121.68955459,36.17008914],[-121.68954344,36.17011788],[-121.68954407,36.17014645],[-121.68957393,36.17016507],[-121.68960369,36.17017893],[-121.68960432,36.1702075],[-121.68960495,36.17023607],[-121.68963482,36.17025469],[-121.68963545,36.17028326],[-121.68963019,36.17031191],[-121.68962493,36.17034057],[-121.68963145,36.17036905],[-121.68964386,36.17039745],[-121.68966205,36.170421],[-121.68968613,36.17044447],[-121.68970432,36.17046802],[-121.68971673,36.17049642],[-121.68969959,36.17052048],[-121.68969433,36.17054914],[-121.68967129,36.17057328],[-121.68965415,36.17059734],[-121.68966067,36.17062583],[-121.68967308,36.17065423],[-121.68968549,36.17068263],[-121.6896979,36.17071103],[-121.68971609,36.17073458],[-121.68974595,36.1707532],[-121.68979369,36.17078109],[-121.68982892,36.17077582],[-121.68986405,36.17076579],[-121.68989928,36.17076052],[-121.6899344,36.17075048],[-121.68996963,36.17074521],[-121.69000475,36.17073518],[-121.69003388,36.17072047],[-121.69006301,36.17070576],[-121.69009204,36.17068629],[-121.69010587,36.17067931],[-121.69012117,36.17067158],[-121.69011955,36.17066451],[-121.69011465,36.1706431],[-121.69009635,36.17061479],[-121.69008983,36.1705863],[-121.69007743,36.1705579],[-121.69007091,36.17052942],[-121.69006439,36.17050094],[-121.69005787,36.17047245],[-121.69003915,36.17042509],[-121.69003263,36.17039661],[-121.69004378,36.17036787],[-121.6900727,36.17034364],[-121.69010183,36.17032893],[-121.69013716,36.17032842],[-121.6901725,36.17032791],[-121.69020236,36.17034653],[-121.69020299,36.1703751],[-121.69019773,36.17040375],[-121.69021593,36.17042731],[-121.69022245,36.17045579],[-121.69025231,36.17047441],[-121.69025294,36.17050298],[-121.69024768,36.17053163],[-121.69024242,36.17056029],[-121.69024305,36.17058886],[-121.69024423,36.17059399],[-121.69024957,36.17061734],[-121.69027944,36.17063596],[-121.69031467,36.17063069],[-121.69034193,36.17063396],[-121.6903501,36.17063494],[-121.69035558,36.17064342],[-121.6903684,36.17066326],[-121.69037492,36.17069174],[-121.690399,36.17071521],[-121.69043413,36.17070518],[-121.69046066,36.17068738],[-121.69046315,36.17068571],[-121.69048029,36.17066164],[-121.69050942,36.17064694],[-121.69052657,36.17062287],[-121.69055559,36.1706034],[-121.69058461,36.17058393],[-121.69061374,36.17056922],[-121.6906435,36.17058308],[-121.6906617,36.17060664],[-121.69069146,36.1706205],[-121.69072658,36.17061046],[-121.69075561,36.17059099],[-121.69079115,36.17060001],[-121.69080356,36.17062841],[-121.69082185,36.17065672],[-121.69084594,36.17068019],[-121.69084657,36.17070875],[-121.69082942,36.17073282],[-121.69081228,36.17075688],[-121.69080026,36.17077376],[-121.69079514,36.17078094],[-121.69078399,36.17080968],[-121.69076096,36.17083383],[-121.69074382,36.17085789],[-121.69072079,36.17088204],[-121.69069776,36.17090618],[-121.69066863,36.17092089],[-121.69065149,36.17094495],[-121.69067557,36.17096842],[-121.69071111,36.17097743],[-121.69074655,36.17098169],[-121.69077855,36.1709769],[-121.69078178,36.17097641],[-121.6908169,36.17096638],[-121.69084593,36.17094691],[-121.69083352,36.17091851],[-121.69083289,36.17088994],[-121.69083815,36.17086129],[-121.69086728,36.17084658],[-121.69089136,36.17087005],[-121.69090955,36.1708936],[-121.69093931,36.17090746],[-121.69094583,36.17093595],[-121.69092869,36.17096001],[-121.69089967,36.17097948],[-121.6909003,36.17100805],[-121.69088915,36.17103679],[-121.69090734,36.17106034],[-121.69093637,36.17104087],[-121.6909594,36.17101672],[-121.69098916,36.17103058],[-121.69100156,36.17105898],[-121.6910022,36.17108755],[-121.69099694,36.1711162],[-121.69100935,36.1711446],[-121.69104468,36.17114409],[-121.69106771,36.17111994],[-121.69110325,36.17112896],[-121.69112145,36.17115251],[-121.69113386,36.17118091],[-121.69115205,36.17120446],[-121.69118728,36.17119919],[-121.69122282,36.1712082],[-121.69125258,36.17122206],[-121.6912591,36.17125055],[-121.69129464,36.17125956],[-121.69129528,36.17128813],[-121.69131347,36.17131168],[-121.69133166,36.17133523],[-121.69133818,36.17136372],[-121.69133292,36.17139237],[-121.69131578,36.17141643],[-121.69129864,36.17144049],[-121.69128749,36.17146923],[-121.69127035,36.17149329],[-121.69126509,36.17152195],[-121.69126572,36.17155052],[-121.69126046,36.17157917],[-121.69125123,36.17160296],[-121.69124931,36.17160791],[-121.69123817,36.17163665],[-121.69123291,36.1716653],[-121.69124531,36.1716937],[-121.69125122,36.17169645],[-121.69127508,36.17170756],[-121.69129327,36.17173111],[-121.69129979,36.1717596],[-121.69129989,36.17176436],[-121.69132492,36.17183068],[-121.69134311,36.17185423],[-121.69136719,36.1718777],[-121.69139706,36.17189632],[-121.69142114,36.17191979],[-121.6914509,36.17193365],[-121.69148066,36.17194751],[-121.69151621,36.17195652],[-121.69155175,36.17196553],[-121.6915873,36.17197454],[-121.69162295,36.17198832],[-121.69165839,36.17199257],[-121.69169393,36.17200158],[-121.69172927,36.17200107],[-121.69176471,36.17200533],[-121.69180025,36.17201434],[-121.69183559,36.17201383],[-121.69187103,36.17201808],[-121.69189554,36.17201441],[-121.69190626,36.17201281],[-121.69194138,36.17200278],[-121.69196441,36.17197863],[-121.69197556,36.17194989],[-121.69198671,36.17192115],[-121.691986,36.17191808],[-121.69198019,36.17189267],[-121.69197367,36.17186418],[-121.69197892,36.17183553],[-121.69198418,36.17180688],[-121.69201331,36.17179217],[-121.69204307,36.17180603],[-121.69206022,36.17178197],[-121.69207136,36.17175323],[-121.69209439,36.17172908],[-121.69210554,36.17170034],[-121.6921108,36.17167169],[-121.69211606,36.17164303],[-121.69214508,36.17162356],[-121.69217484,36.17163742],[-121.69219304,36.17166097],[-121.69221123,36.17168453],[-121.69224677,36.17169354],[-121.69225203,36.17166489],[-121.69226318,36.17163615],[-121.69226255,36.17160758],[-121.69225603,36.17157909],[-121.69224951,36.17155061],[-121.69224299,36.17152213],[-121.69223647,36.17149364],[-121.69224762,36.17146491],[-121.69226476,36.17144084],[-121.69231114,36.17140683],[-121.69234657,36.17141108],[-121.69236477,36.17143464],[-121.6923654,36.17146321],[-121.69236603,36.17149177],[-121.69237844,36.17152017],[-121.69240252,36.17154364],[-121.69241367,36.1715149],[-121.69241893,36.17148625],[-121.69244196,36.1714621],[-121.69244133,36.17143353],[-121.69242892,36.17140513],[-121.69241651,36.17137673],[-121.69240999,36.17134825],[-121.69243302,36.1713241],[-121.69243828,36.17129545],[-121.69242587,36.17126705],[-121.69240767,36.1712435],[-121.69239527,36.1712151],[-121.69237707,36.17119155],[-121.69238233,36.17116289],[-121.69239348,36.17113416],[-121.69239874,36.1711055],[-121.69241588,36.17108144],[-121.69243302,36.17105738],[-121.69246215,36.17104267],[-121.69249769,36.17105168],[-121.69251599,36.17107999],[-121.69255154,36.17108901],[-121.6925814,36.17110763],[-121.69257025,36.17113637],[-121.692565,36.17116502],[-121.69255385,36.17119376],[-121.69256626,36.17122216],[-121.69255511,36.1712509],[-121.69253797,36.17127496],[-121.69250895,36.17129443],[-121.69251546,36.17132291],[-121.69252787,36.17135131],[-121.6925509,36.17132716],[-121.69257393,36.17130302],[-121.69260285,36.17127878],[-121.69263198,36.17126408],[-121.69265501,36.17123993],[-121.69267216,36.17121587],[-121.69269519,36.17119172],[-121.69272411,36.17116749],[-121.69275324,36.17115278],[-121.69278237,36.17113807],[-121.69276417,36.17111452],[-121.69275176,36.17108612],[-121.69276291,36.17105738],[-121.69279193,36.17103791],[-121.69282748,36.17104692],[-121.69286302,36.17105593],[-121.69288122,36.17107948],[-121.69291666,36.17108374],[-121.6929521,36.17108799],[-121.69298753,36.17109224],[-121.69300573,36.17111579],[-121.69301225,36.17114427],[-121.69302466,36.17117267],[-121.69304285,36.17119622],[-121.69304884,36.1712009],[-121.69311993,36.17121893],[-121.69314402,36.17124239],[-121.69315054,36.17127088],[-121.69316294,36.17129928],[-121.69319281,36.1713179],[-121.69322268,36.17133652],[-121.69324087,36.17136007],[-121.6932762,36.17135956],[-121.69331175,36.17136857],[-121.69334161,36.17138719],[-121.69334814,36.17141568],[-121.69336633,36.17143923],[-121.69339619,36.17145785],[-121.69342596,36.17147171],[-121.69345582,36.17149033],[-121.69348558,36.17150419],[-121.69351545,36.17152281],[-121.69352786,36.17155121],[-121.69352849,36.17157977],[-121.69351734,36.17160851],[-121.69351208,36.17163717],[-121.69353028,36.17166072],[-121.69355436,36.17168419],[-121.69357255,36.17170774],[-121.69357907,36.17173622],[-121.69359727,36.17175977],[-121.69362135,36.17178324],[-121.69362193,36.1718095],[-121.69362251,36.17183562],[-121.69358738,36.17184565],[-121.6935939,36.17187413],[-121.69362377,36.17189275],[-121.69365353,36.17190661],[-121.69366638,36.1719126],[-121.69368329,36.17192047],[-121.6936957,36.17194887],[-121.69368241,36.17195558],[-121.69366657,36.17196358],[-121.69363124,36.17196409],[-121.69360211,36.1719788],[-121.69360274,36.17200737],[-121.69360926,36.17203585],[-121.69361578,36.17206434],[-121.69363397,36.17208789],[-121.69366931,36.17208738],[-121.6936875,36.17211093],[-121.69368224,36.17213958],[-121.69368287,36.17216815],[-121.69369635,36.17218901],[-121.69370117,36.17219647],[-121.69371937,36.17222002],[-121.6937547,36.17221951],[-121.69377184,36.17219544],[-121.69380728,36.1721997],[-121.69382547,36.17222325],[-121.69384956,36.17224671],[-121.69386197,36.17227511],[-121.69388016,36.17229866],[-121.69391003,36.17231728],[-121.69391066,36.17234585],[-121.69391129,36.17237442],[-121.6939237,36.17240282],[-121.69394189,36.17242637],[-121.69394252,36.17245494],[-121.69395493,36.17248334],[-121.69395557,36.17251191],[-121.69393842,36.17253597],[-121.69390319,36.17254124],[-121.6939156,36.17256964],[-121.69392801,36.17259804],[-121.69391087,36.1726221],[-121.69387543,36.17261785],[-121.69383999,36.1726136],[-121.69386407,36.17263707],[-121.69387648,36.17266547],[-121.69390625,36.17267932],[-121.69394179,36.17268834],[-121.69397713,36.17268783],[-121.69401246,36.17268732],[-121.69404233,36.17270594],[-121.69407756,36.17270066],[-121.69411289,36.17270015],[-121.69414276,36.17271877],[-121.69416684,36.17274224],[-121.69420197,36.17273221],[-121.69421438,36.17276061],[-121.69423257,36.17278416],[-121.6942332,36.17281273],[-121.69423383,36.1728413],[-121.69422269,36.17287003],[-121.69420555,36.1728941],[-121.6941884,36.17291816],[-121.69418904,36.17294673],[-121.694166,36.17297088],[-121.69413698,36.17299035],[-121.69411499,36.17299663],[-121.69410186,36.17300038],[-121.6940964,36.17300803],[-121.69408471,36.17302444],[-121.69405558,36.17303915],[-121.69402645,36.17305386],[-121.69399972,36.17306736],[-121.69399732,36.17306857],[-121.69396819,36.17308328],[-121.69393917,36.17310275],[-121.69393694,36.17310588],[-121.69392203,36.17312682],[-121.693899,36.17315096],[-121.69387597,36.17317511],[-121.69384694,36.17319458],[-121.69383579,36.17322332],[-121.69380067,36.17323335],[-121.69377164,36.17325282],[-121.69377228,36.17328139],[-121.69375513,36.17330546],[-121.69376165,36.17333394],[-121.69377406,36.17336234],[-121.69380383,36.1733762],[-121.69380446,36.17340476],[-121.69381687,36.17343316],[-121.69383506,36.17345671],[-121.6938704,36.1734562],[-121.69390594,36.17346522],[-121.69393581,36.17348384],[-121.69396494,36.17346913],[-121.69398208,36.17344507],[-121.69397556,36.17341658],[-121.69398082,36.17338793],[-121.69398607,36.17335927],[-121.69398597,36.17335451],[-121.69401426,36.17330171],[-121.69404959,36.1733012],[-121.69408503,36.17330545],[-121.6941148,36.17331931],[-121.69412005,36.17329066],[-121.69414918,36.17327595],[-121.69417327,36.17329941],[-121.69420881,36.17330843],[-121.69421407,36.17327977],[-121.69421933,36.17325112],[-121.69420113,36.17322757],[-121.69422416,36.17320342],[-121.69425929,36.17319339],[-121.69423521,36.17316992],[-121.69420534,36.1731513],[-121.6942106,36.17312265],[-121.69422774,36.17309858],[-121.69425687,36.17308387],[-121.69427401,36.17305981],[-121.69430945,36.17306406],[-121.69433353,36.17308753],[-121.69436887,36.17308702],[-121.69439863,36.17310088],[-121.69443428,36.17311465],[-121.69443491,36.17314322],[-121.69444143,36.1731717],[-121.69447666,36.17316643],[-121.69450579,36.17315172],[-121.69452293,36.17312766],[-121.69455838,36.17313191],[-121.69457657,36.17315546],[-121.6945772,36.17318403],[-121.69456605,36.17321277],[-121.69453093,36.1732228],[-121.69449538,36.17321379],[-121.69446015,36.17321906],[-121.69443102,36.17323377],[-121.69440189,36.17324848],[-121.69440841,36.17327696],[-121.69443828,36.17329559],[-121.6944448,36.17332407],[-121.69448014,36.17332356],[-121.69451568,36.17333257],[-121.69452809,36.17336097],[-121.69451095,36.17338503],[-121.69448193,36.1734045],[-121.69446478,36.17342856],[-121.69444764,36.17345263],[-121.69441851,36.17346734],[-121.69438339,36.17347737],[-121.69434816,36.17348264],[-121.69431903,36.17349735],[-121.694296,36.1735215],[-121.69427297,36.17354565],[-121.69427949,36.17357413],[-121.69431482,36.17357362],[-121.69435016,36.17357311],[-121.69437992,36.17358697],[-121.694404,36.17361044],[-121.69443944,36.17361469],[-121.69443881,36.17358612],[-121.69443818,36.17355755],[-121.69446121,36.1735334],[-121.69449644,36.17352813],[-121.6945262,36.17354199],[-121.69455029,36.17356545],[-121.69458562,36.17356494],[-121.69457321,36.17353655],[-121.69456669,36.17350806],[-121.69457784,36.17347932],[-121.69459498,36.17345526],[-121.69465356,36.17344013],[-121.69468332,36.17345398],[-121.69471308,36.17346784],[-121.69474221,36.17345313],[-121.69477197,36.17346699],[-121.69478438,36.17349539],[-121.69481972,36.17349488],[-121.69485526,36.17350389],[-121.69487346,36.17352744],[-121.6949089,36.17353169],[-121.69492709,36.17355525],[-121.69495685,36.1735691],[-121.6949924,36.17357812],[-121.69500481,36.17360651],[-121.69503468,36.17362513],[-121.69505876,36.1736486],[-121.69506528,36.17367708],[-121.69506591,36.17370565],[-121.69503678,36.17372036],[-121.69500166,36.1737304],[-121.69498452,36.17375446],[-121.69494939,36.17376449],[-121.69491406,36.173765],[-121.69487851,36.17375599],[-121.69484307,36.17375174],[-121.69482593,36.1737758],[-121.69482656,36.17380437],[-121.69481541,36.17383311],[-121.69479838,36.17386194],[-121.6948049,36.17389042],[-121.69481142,36.1739189],[-121.69484129,36.17393752],[-121.69483603,36.17396618],[-121.6948659,36.1739848],[-121.69490144,36.17399381],[-121.69493709,36.17400758],[-121.69495529,36.17403113],[-121.69493815,36.1740552],[-121.694927,36.17408394],[-121.69492163,36.17409148],[-121.69490986,36.174108],[-121.69491638,36.17413648],[-121.69494614,36.17415034],[-121.69498169,36.17415935],[-121.69499999,36.17418767],[-121.69502986,36.17420628],[-121.69503049,36.17423485],[-121.69504868,36.17425841],[-121.69506582,36.17423434],[-121.69509542,36.1742528],[-121.69509569,36.17425296],[-121.69509556,36.17425367],[-121.69509043,36.17428162],[-121.69507929,36.17431036],[-121.69505026,36.17432983],[-121.69502723,36.17435397],[-121.6950042,36.17437812],[-121.69501072,36.17440661],[-121.69501135,36.17443517],[-121.69501198,36.17446374],[-121.69498307,36.17448798],[-121.69496003,36.17451212],[-121.69492491,36.17452216],[-121.69489588,36.17454163],[-121.69487285,36.17456578],[-121.69484383,36.17458525],[-121.6948208,36.1746094],[-121.69479177,36.17462887],[-121.69475639,36.17467888],[-121.69474209,36.17469814],[-121.69471612,36.17472233],[-121.6946903,36.17475366],[-121.69469393,36.17478457],[-121.69470918,36.17480816],[-121.69473636,36.17483873],[-121.6947635,36.17486691],[-121.69477617,36.17490722],[-121.69479368,36.17489982],[-121.69481371,36.17487333],[-121.69482781,36.17484455],[-121.69485084,36.1748204],[-121.6948797,36.17479379],[-121.69490862,36.17476956],[-121.69492845,36.17473355],[-121.69496036,36.17471165],[-121.6950284,36.17467308],[-121.69502777,36.17464451],[-121.69504491,36.17462044],[-121.69508003,36.17461041],[-121.69510906,36.17459094],[-121.69513819,36.17457623],[-121.69516732,36.17456152],[-121.69519634,36.17454205],[-121.69523136,36.17452725],[-121.6952667,36.17452674],[-121.69530193,36.17452147],[-121.69533106,36.17450676],[-121.69536019,36.17449205],[-121.69537755,36.17448329],[-121.69538932,36.17447734],[-121.69540646,36.17445328],[-121.6954235,36.17442445],[-121.69544064,36.17440039],[-121.69545179,36.17437165],[-121.69546893,36.17434759],[-121.69550437,36.17435184],[-121.69553413,36.1743657],[-121.69556389,36.17437956],[-121.69556452,36.17440812],[-121.69558272,36.17443168],[-121.69561784,36.17442164],[-121.69563604,36.17444519],[-121.69565423,36.17446875],[-121.69566664,36.17449714],[-121.69569651,36.17451576],[-121.69570303,36.17454425],[-121.6956886,36.17455939],[-121.69568,36.1745684],[-121.69565098,36.17458787],[-121.69562195,36.17460734],[-121.69562258,36.17463591],[-121.69565235,36.17464977],[-121.69568211,36.17466362],[-121.6957003,36.17468718],[-121.69571271,36.17471557],[-121.69573091,36.17473913],[-121.6957416,36.17476359],[-121.69290049,36.17685114],[-121.68971016,36.17967158],[-121.67345615,36.19028955],[-121.64765176,36.17244796]]]},"properties":{"OBJECTID":1097700,"COUNTY":"MONTEREY","CITY":"MRY","ZONE_NAME":null,"ZONE_ID":"US-CA-XMY-MRY-F028-D","STATUS":"Evacuation Warning","EVENT_TYPE":null,"CRITICAL_INFO":null,"PUBLIC_INFO":null,"EDIT_DATE":1787428725000,"STATEWIDE_LAST_UPDATED":null,"NOTES":"The Monterey County Sheriff's Office is issuing an EVACUATION WARNING related to the Timber Fire for Zones MRY-F024, MRY-F025 and MRY-F028. When an Evacuation Warning is issued, assume an Evacuation Order could follow. ","SHAPE__Area":13040670.0546875,"SHAPE__Length":18094.504436810646,"GlobalID":"8703d962-f544-483d-ae12-c4e1d175b022","CreationDate":1788335714107,"Creator":"CalOES_Scripts","EditDate":1788335714107,"Editor":"CalOES_Scripts"}},{"type":"Feature","id":1097706,"geometry":{"type":"Polygon","coordinates":[[[-119.03924344,36.0602806],[-119.03849882,36.06017579],[-119.03791805,36.06009404],[-119.03579421,36.0595524],[-119.03512778,36.05938244],[-119.03301385,36.05880857],[-119.02918145,36.05752364],[-119.02613127,36.05670178],[-119.02551765,36.05653644],[-119.01969569,36.05614299],[-119.01779816,36.05601476],[-119.01691895,36.05595534],[-119.01663142,36.05593591],[-119.0166333,36.0558772],[-119.01664,36.0556156],[-119.0166448,36.0554274],[-119.01664842,36.05532994],[-119.01836866,36.05537553],[-119.02227243,36.05566244],[-119.02415334,36.05586328],[-119.02635364,36.05620757],[-119.02798613,36.05649447],[-119.02968959,36.05686745],[-119.03199636,36.05792898],[-119.03341592,36.05835933],[-119.03508389,36.05861754],[-119.0360066,36.05893312],[-119.03778104,36.05962167],[-119.03925238,36.05968215],[-119.03924344,36.0602806]]]},"properties":{"OBJECTID":1097706,"COUNTY":"TULARE","CITY":"PVL","ZONE_NAME":null,"ZONE_ID":"US-CA-XTU-PVL-E034","STATUS":"Evacuation Order","EVENT_TYPE":null,"CRITICAL_INFO":null,"PUBLIC_INFO":null,"EDIT_DATE":1695249188000,"STATEWIDE_LAST_UPDATED":null,"NOTES":"Flooding","SHAPE__Area":217621.41796875,"SHAPE__Length":5393.0078694906724,"GlobalID":"7f617f43-831e-400c-b392-fe1e66343afe","CreationDate":1788335714107,"Creator":"CalOES_Scripts","EditDate":1788335714107,"Editor":"CalOES_Scripts"}},{"type":"Feature","id":1097711,"geometry":{"type":"Polygon","coordinates":[[[-121.63006411,36.28540306],[-121.62987413,36.28534514],[-121.62961742,36.28528078],[-121.62915632,36.28509375],[-121.62861526,36.28475217],[-121.62797675,36.28424418],[-121.6274442,36.28388829],[-121.62676642,36.28375639],[-121.62641482,36.28368054],[-121.62614034,36.28370452],[-121.62581498,36.28375967],[-121.62533552,36.28384029],[-121.62497041,36.28380815],[-121.62438159,36.28363509],[-121.62365158,36.28330864],[-121.62298377,36.28315138],[-121.62268147,36.28309478],[-121.62215562,36.28299634],[-121.62161938,36.28255979],[-121.6210897,36.28216081],[-121.62094415,36.28205118],[-121.62018825,36.2820616],[-121.61961717,36.28214346],[-121.61913809,36.28224255],[-121.61870365,36.28228552],[-121.61842537,36.2823309],[-121.61829069,36.28235287],[-121.61847749,36.2827314],[-121.61835672,36.28273687],[-121.61823797,36.28273802],[-121.61812124,36.28273485],[-121.61800652,36.28272735],[-121.61789381,36.28271553],[-121.61778312,36.28269939],[-121.61767444,36.28267893],[-121.61756778,36.28265414],[-121.61748677,36.28263111],[-121.61740555,36.28260328],[-121.61732404,36.28257061],[-121.61724211,36.28253306],[-121.61715969,36.28249061],[-121.61707653,36.28244313],[-121.61699245,36.28239051],[-121.61690714,36.28233256],[-121.61682454,36.28227228],[-121.61674003,36.28220662],[-121.61665301,36.28213512],[-121.61656236,36.28205686],[-121.61647305,36.28197648],[-121.61637597,36.28188611],[-121.61609379,36.28161447],[-121.61588698,36.28141216],[-121.61580413,36.28132809],[-121.61572892,36.28124933],[-121.61565824,36.28117252],[-121.61559303,36.28109858],[-121.6155327,36.28102685],[-121.61547694,36.28095696],[-121.6154242,36.28088681],[-121.61537585,36.28081803],[-121.61533175,36.28075045],[-121.61529181,36.28068392],[-121.61525596,36.2806183],[-121.61522415,36.28055353],[-121.61519635,36.28048954],[-121.61517254,36.28042625],[-121.61516297,36.28039508],[-121.61515533,36.28036239],[-121.61514962,36.28032812],[-121.61514581,36.28029218],[-121.61514391,36.28025453],[-121.6151439,36.28021498],[-121.61514954,36.28012942],[-121.61515995,36.28005116],[-121.61517602,36.27996251],[-121.61519458,36.27987578],[-121.61524248,36.2796668],[-121.61526351,36.27956149],[-121.61527197,36.27950852],[-121.61527793,36.27946],[-121.61528148,36.27941504],[-121.61528266,36.27937317],[-121.61528099,36.27932685],[-121.61527594,36.27928404],[-121.6152675,36.27924445],[-121.61525562,36.2792079],[-121.61524022,36.27917419],[-121.61522128,36.27914328],[-121.61519874,36.27911506],[-121.61517254,36.27908948],[-121.61515503,36.27907551],[-121.61513566,36.27906232],[-121.61511438,36.27904989],[-121.61509117,36.27903818],[-121.61503869,36.27901684],[-121.61497746,36.27899799],[-121.61490855,36.27898172],[-121.6148276,36.27896682],[-121.61473799,36.27895344],[-121.61447014,36.27891763],[-121.61438844,36.27890408],[-121.61431769,36.27888971],[-121.61424087,36.27886988],[-121.6141742,36.27884731],[-121.61414425,36.27883485],[-121.61411645,36.27882157],[-121.61409073,36.27880744],[-121.61406705,36.27879242],[-121.61404317,36.27877505],[-121.6140201,36.27875606],[-121.61399779,36.27873541],[-121.61397619,36.27871307],[-121.61393496,36.2786631],[-121.61389579,36.27860541],[-121.61386076,36.27854429],[-121.61382546,36.27847324],[-121.61379202,36.27839817],[-121.61370609,36.27819464],[-121.61367867,36.27813553],[-121.61365251,36.27808444],[-121.61361985,36.27802854],[-121.61358634,36.27797994],[-121.61355129,36.27793766],[-121.61351431,36.27790122],[-121.61348127,36.27787387],[-121.6134464,36.27784854],[-121.61340967,36.27782522],[-121.61337106,36.27780391],[-121.61333056,36.27778459],[-121.61328813,36.27776724],[-121.61324374,36.27775186],[-121.61319736,36.27773842],[-121.61314903,36.27772695],[-121.61309862,36.2777174],[-121.6130461,36.27770976],[-121.61299139,36.27770403],[-121.61293445,36.2777002],[-121.61287518,36.27769826],[-121.61281347,36.27769821],[-121.61274921,36.27770005],[-121.61263596,36.27770733],[-121.61251427,36.27771993],[-121.61238288,36.27773797],[-121.61223936,36.2777618],[-121.61210645,36.27778678],[-121.61195668,36.27781734],[-121.61140867,36.27793735],[-121.61118607,36.27798366],[-121.61106873,36.27800612],[-121.6109599,36.27802528],[-121.61085758,36.27804149],[-121.61076074,36.27805491],[-121.61064944,36.2780676],[-121.61054421,36.27807644],[-121.61044439,36.27808147],[-121.61034953,36.27808272],[-121.61025919,36.27808019],[-121.61017321,36.27807386],[-121.6100914,36.27806372],[-121.61001358,36.27804976],[-121.60993699,36.27803256],[-121.60986064,36.27801311],[-121.60978449,36.27799139],[-121.6097085,36.27796738],[-121.60963262,36.27794108],[-121.6095568,36.27791247],[-121.609481,36.27788153],[-121.60940514,36.27784823],[-121.60932927,36.2778126],[-121.60925322,36.27777456],[-121.6091769,36.27773406],[-121.60910021,36.27769106],[-121.60902309,36.27764552],[-121.60894538,36.27759735],[-121.60886695,36.27754646],[-121.60878762,36.27749275],[-121.60865721,36.27739976],[-121.60852287,36.27729829],[-121.60838322,36.27718729],[-121.60823555,36.27706462],[-121.60810582,36.27695312],[-121.60796239,36.27682672],[-121.60747206,36.27638451],[-121.60728011,36.27621397],[-121.60708387,36.2760451],[-121.60690435,36.27589751],[-121.6068035,36.27581808],[-121.60670521,36.27574337],[-121.60660888,36.27567294],[-121.60651411,36.27560647],[-121.60642045,36.27554367],[-121.60632775,36.27548443],[-121.60623578,36.27542862],[-121.60614436,36.27537612],[-121.60599814,36.27529721],[-121.60584209,36.27521817],[-121.60567464,36.27513819],[-121.60549265,36.27505577],[-121.6053287,36.27498463],[-121.60514463,36.2749073],[-121.60451119,36.27464927],[-121.60426899,36.27454865],[-121.60402724,36.27444391],[-121.60381356,36.27434583],[-121.60369628,36.27428906],[-121.6035849,36.2742328],[-121.60347872,36.27417669],[-121.60337729,36.27412048],[-121.6032801,36.27406389],[-121.60318699,36.27400683],[-121.60309773,36.27394914],[-121.60301213,36.27389072],[-121.60278612,36.27372975],[-121.60257865,36.27357704],[-121.60238549,36.27342946],[-121.60220492,36.2732857],[-121.60203496,36.27314413],[-121.60187569,36.27300479],[-121.60172657,36.27286718],[-121.60158724,36.272731],[-121.60145641,36.27259485],[-121.60133509,36.2724597],[-121.60127795,36.27239245],[-121.60122315,36.27232539],[-121.60117066,36.2722585],[-121.60112048,36.27219178],[-121.60107258,36.2721252],[-121.60102698,36.27205876],[-121.60098366,36.27199245],[-121.60094262,36.27192626],[-121.60090385,36.27186019],[-121.60086735,36.27179422],[-121.60083312,36.27172835],[-121.60080115,36.27166258],[-121.60077088,36.27159113],[-121.60074457,36.27151417],[-121.60072193,36.27143092],[-121.60070254,36.27133979],[-121.6006888,36.27125816],[-121.60067625,36.27116617],[-121.60064299,36.27085617],[-121.60062873,36.27074152],[-121.60061059,36.27062941],[-121.60058929,36.27053072],[-121.60057525,36.27047836],[-121.60055978,36.27042876],[-121.60054279,36.27038162],[-121.60052421,36.27033676],[-121.60050395,36.27029396],[-121.60048197,36.27025314],[-121.60045822,36.27021422],[-121.60043265,36.27017711],[-121.60036756,36.27009292],[-121.60029732,36.27001128],[-121.60022195,36.26993221],[-121.60014144,36.26985569],[-121.60005579,36.26978174],[-121.59996499,36.26971035],[-121.59986906,36.26964151],[-121.59976799,36.26957524],[-121.59966178,36.26951153],[-121.59955043,36.26945038],[-121.59943395,36.2693918],[-121.59931232,36.26933577],[-121.59918555,36.2692823],[-121.59905364,36.2692314],[-121.5989166,36.26918305],[-121.59877441,36.26913727],[-121.59877441,36.26898872],[-121.59872124,36.26888546],[-121.59866594,36.26878483],[-121.59860852,36.26868683],[-121.59854898,36.26859145],[-121.59848731,36.2684987],[-121.59842352,36.26840858],[-121.59835761,36.26832108],[-121.59828958,36.2682362],[-121.59821943,36.26815396],[-121.59814715,36.26807433],[-121.59807275,36.26799734],[-121.59799623,36.26792297],[-121.59791759,36.26785123],[-121.59783682,36.26778211],[-121.59775393,36.26771562],[-121.59766892,36.26765176],[-121.59762437,36.26762072],[-121.59757812,36.26759112],[-121.59753014,36.26756294],[-121.59748041,36.26753616],[-121.5974289,36.26751078],[-121.59737559,36.26748677],[-121.59732043,36.26746413],[-121.59726339,36.26744283],[-121.5972045,36.26742288],[-121.59714363,36.26740424],[-121.59708074,36.26738689],[-121.59701575,36.26737082],[-121.59694861,36.267356],[-121.59687921,36.26734242],[-121.59680745,36.26733004],[-121.59673319,36.26731886],[-121.59659784,36.26730221],[-121.59645345,36.26728894],[-121.5962986,36.26727894],[-121.59613056,36.26727201],[-121.59597265,36.26726839],[-121.59579544,36.26726676],[-121.59514011,36.26726917],[-121.59487169,36.26726749],[-121.59472916,36.26726446],[-121.594597,36.26725981],[-121.59447272,36.26725343],[-121.59435507,36.26724527],[-121.59421785,36.26723266],[-121.59408807,36.26721714],[-121.59396487,36.2671986],[-121.5938477,36.26717695],[-121.59373595,36.26715208],[-121.59362946,36.26712393],[-121.59352795,36.26709244],[-121.5934312,36.26705754],[-121.5932475,36.26698336],[-121.5930633,36.26690315],[-121.59287897,36.26681705],[-121.59269489,36.26672526],[-121.59251142,36.26662795],[-121.59232903,36.26652536],[-121.59214818,36.26641776],[-121.59196931,36.2663054],[-121.59179266,36.26618843],[-121.59161898,36.26606732],[-121.59144877,36.26594244],[-121.59128255,36.26581414],[-121.5911208,36.26568281],[-121.59096404,36.26554888],[-121.59081277,36.26541276],[-121.59066747,36.26527488],[-121.59051729,36.2651316],[-121.59006875,36.26471297],[-121.58993481,36.26458368],[-121.58981736,36.26446621],[-121.5896911,36.26433363],[-121.58958033,36.2642095],[-121.58948347,36.26409205],[-121.58944004,36.26403555],[-121.58939983,36.26398042],[-121.58935957,36.2639217],[-121.58932305,36.26386446],[-121.58929023,36.26380862],[-121.58926108,36.26375413],[-121.58923558,36.26370095],[-121.58921372,36.26364906],[-121.58919547,36.2635984],[-121.58918084,36.26354897],[-121.58916981,36.26350071],[-121.58916238,36.26345362],[-121.58915855,36.26340769],[-121.58915833,36.26336292],[-121.58916171,36.26331927],[-121.5891687,36.26327675],[-121.58917928,36.26323535],[-121.58919348,36.26319505],[-121.58921,36.26315905],[-121.58923065,36.26312288],[-121.58925549,36.26308646],[-121.58928457,36.26304969],[-121.58931794,36.26301249],[-121.58935578,36.26297467],[-121.58939826,36.26293605],[-121.58944567,36.26289637],[-121.58953576,36.26282768],[-121.58964418,36.2627523],[-121.58975657,36.26267883],[-121.59005853,36.26248684],[-121.59014467,36.26242967],[-121.59021956,36.2623776],[-121.590299,36.26231876],[-121.5903687,36.26226266],[-121.59042992,36.26220828],[-121.59048322,36.26215511],[-121.59053566,36.26209624],[-121.59058479,36.26203481],[-121.59063066,36.2619708],[-121.59067327,36.26190417],[-121.59071264,36.2618349],[-121.5907488,36.26176294],[-121.59078177,36.26168825],[-121.59081158,36.26161079],[-121.5908382,36.2615306],[-121.59086171,36.26144751],[-121.59088213,36.26136145],[-121.59089948,36.26127233],[-121.59091377,36.26118008],[-121.59092503,36.26108453],[-121.59093328,36.26098554],[-121.59093854,36.26088291],[-121.59094061,36.26079683],[-121.59094072,36.26070805],[-121.59093887,36.26061641],[-121.59093505,36.26052166],[-121.59092149,36.26032195],[-121.5908998,36.26010523],[-121.59087584,36.259913],[-121.59084513,36.25969761],[-121.590734,36.25899857],[-121.59069722,36.25875379],[-121.59066653,36.25851984],[-121.59064501,36.25831317],[-121.59063666,36.25820673],[-121.59063082,36.25810547],[-121.59062746,36.25800881],[-121.59062657,36.25791636],[-121.59062815,36.25782769],[-121.59063221,36.25774267],[-121.59063875,36.25766106],[-121.59064778,36.25758272],[-121.59066038,36.25750155],[-121.59067593,36.25742388],[-121.59069447,36.25734958],[-121.59071602,36.25727855],[-121.59074062,36.25721069],[-121.59076828,36.25714593],[-121.59079903,36.25708421],[-121.59083291,36.25702547],[-121.59086998,36.25696962],[-121.59091024,36.25691666],[-121.5909537,36.25686657],[-121.59100041,36.25681931],[-121.59105039,36.25677485],[-121.59110367,36.25673317],[-121.59116027,36.25669426],[-121.59122022,36.25665808],[-121.59128592,36.25662412],[-121.59135725,36.25659329],[-121.59143437,36.25656552],[-121.59151753,36.25654073],[-121.59160685,36.25651886],[-121.59170286,36.25649977],[-121.59180604,36.25648337],[-121.59191716,36.25646954],[-121.59201186,36.25646029],[-121.59211307,36.25645249],[-121.59222186,36.25644607],[-121.59234041,36.25644089],[-121.59256507,36.25643468],[-121.59313547,36.25642476],[-121.59329395,36.25641983],[-121.59343527,36.25641337],[-121.59358386,36.25640371],[-121.59372063,36.25639146],[-121.59384781,36.25637641],[-121.59396657,36.25635843],[-121.59408668,36.25633548],[-121.59419863,36.2563088],[-121.59430297,36.25627825],[-121.5943524,36.2562615],[-121.59440005,36.25624373],[-121.59444602,36.25622493],[-121.59449026,36.25620509],[-121.59453281,36.25618421],[-121.5945737,36.25616228],[-121.59461294,36.25613928],[-121.59465055,36.2561152],[-121.59468655,36.25609004],[-121.59472094,36.25606378],[-121.59479835,36.25599797],[-121.59487563,36.25592414],[-121.59495346,36.25584166],[-121.59503305,36.25574924],[-121.59510655,36.25565733],[-121.59518594,36.2555521],[-121.59545794,36.25517233],[-121.5954953,36.25511971],[-121.59553124,36.25506613],[-121.59556577,36.25501158],[-121.59559888,36.25495605],[-121.59566087,36.25484204],[-121.59571724,36.25472405],[-121.59576802,36.25460203],[-121.59581324,36.25447593],[-121.59585291,36.25434566],[-121.59588708,36.25421113],[-121.59591572,36.25407245],[-121.5959389,36.25392934],[-121.59595666,36.25378165],[-121.595969,36.25362926],[-121.59597593,36.25347204],[-121.59597748,36.25330973],[-121.59597364,36.2531421],[-121.59596441,36.25296883],[-121.59595283,36.25282263],[-121.59593761,36.25267217],[-121.59591872,36.25251717],[-121.5958961,36.25235723],[-121.59586975,36.25219213],[-121.59583952,36.25202104],[-121.59580529,36.25184324],[-121.59576684,36.25165758],[-121.59569453,36.25133508],[-121.59560728,36.25097475],[-121.59551909,36.2506283],[-121.59530743,36.24981538],[-121.59520736,36.24941503],[-121.59516052,36.24921704],[-121.59511918,36.24903312],[-121.59508265,36.24886009],[-121.59505055,36.24869625],[-121.59501944,36.24852131],[-121.5949934,36.24835506],[-121.59497228,36.24819652],[-121.59495598,36.24804503],[-121.59494444,36.24789987],[-121.59493764,36.24776077],[-121.59493557,36.24762738],[-121.59493822,36.24749942],[-121.5949469,36.2473611],[-121.59496163,36.24722913],[-121.59498244,36.24710324],[-121.59499513,36.24704252],[-121.59500936,36.24698325],[-121.59502512,36.2469254],[-121.59504243,36.24686896],[-121.59506129,36.24681393],[-121.5950817,36.24676027],[-121.59510367,36.24670797],[-121.5951272,36.24665704],[-121.5951523,36.24660744],[-121.59517898,36.24655917],[-121.59520728,36.24651216],[-121.59523717,36.24646646],[-121.59526866,36.24642206],[-121.59530175,36.24637896],[-121.59533646,36.24633714],[-121.59537278,36.2462966],[-121.59541073,36.24625732],[-121.59545031,36.24621931],[-121.59549153,36.24618256],[-121.59553439,36.24614705],[-121.5955789,36.2461128],[-121.59562507,36.24607978],[-121.5956729,36.246048],[-121.5957224,36.24601745],[-121.59577358,36.24598813],[-121.59582643,36.24596004],[-121.59587334,36.2459371],[-121.59592217,36.24591529],[-121.59597297,36.24589461],[-121.59602575,36.24587504],[-121.59608055,36.24585657],[-121.59613741,36.24583918],[-121.59619637,36.24582287],[-121.5962575,36.24580761],[-121.59632073,36.24579342],[-121.59638623,36.24578026],[-121.59652436,36.24575695],[-121.59667261,36.24573755],[-121.5968321,36.24572193],[-121.59696767,36.24571212],[-121.59711249,36.2457045],[-121.59726811,36.24569899],[-121.59743763,36.24569548],[-121.59775946,36.24569375],[-121.59835509,36.24569718],[-121.59858871,36.24569742],[-121.5988228,36.2456953],[-121.59903191,36.24569041],[-121.59925335,36.24568105],[-121.59945764,36.2456675],[-121.59964813,36.24564954],[-121.59973874,36.24563885],[-121.59982651,36.245627],[-121.59991891,36.24561276],[-121.60000827,36.24559709],[-121.6000947,36.24557998],[-121.60017831,36.2455614],[-121.60025921,36.24554133],[-121.60033746,36.24551975],[-121.60041311,36.24549665],[-121.60048624,36.245472],[-121.60055695,36.24544577],[-121.60062522,36.24541795],[-121.60069108,36.24538855],[-121.60075458,36.24535753],[-121.60081573,36.24532488],[-121.60087457,36.2452906],[-121.60093112,36.24525467],[-121.6009854,36.24521707],[-121.60113451,36.24510557],[-121.60127579,36.24499249],[-121.60140786,36.24487892],[-121.60147016,36.24482219],[-121.60152987,36.2447656],[-121.60158677,36.24470934],[-121.60164096,36.24465335],[-121.60169238,36.24459767],[-121.60174099,36.24454235],[-121.60178674,36.24448745],[-121.60182962,36.24443298],[-121.60186959,36.24437899],[-121.60190664,36.24432549],[-121.60193572,36.24427862],[-121.60196192,36.24422935],[-121.6019853,36.24417758],[-121.60200591,36.24412316],[-121.60202379,36.24406601],[-121.60203906,36.24400582],[-121.60205177,36.24394233],[-121.60206202,36.24387509],[-121.60207354,36.243758],[-121.60207943,36.24362482],[-121.60208044,36.24349588],[-121.60207776,36.24318987],[-121.60208079,36.24303967],[-121.60208488,36.24296749],[-121.60209083,36.24290058],[-121.60209873,36.24283786],[-121.60210865,36.24277877],[-121.60212103,36.24272137],[-121.60213568,36.24266701],[-121.60215269,36.24261541],[-121.60217212,36.24256641],[-121.60219403,36.24251982],[-121.60221847,36.24247556],[-121.60224549,36.24243355],[-121.60227514,36.2423937],[-121.60234534,36.24231042],[-121.6024208,36.24222977],[-121.60250152,36.24215176],[-121.60258749,36.24207639],[-121.60267872,36.24200365],[-121.60277521,36.24193355],[-121.60287695,36.24186608],[-121.60298395,36.24180125],[-121.60309621,36.24173906],[-121.60321372,36.24167951],[-121.60333649,36.24162259],[-121.60346452,36.24156831],[-121.6035978,36.24151666],[-121.60373634,36.24146765],[-121.60388013,36.24142128],[-121.60402918,36.24137754],[-121.60413976,36.24166431],[-121.60431049,36.24199258],[-121.60446631,36.24220005],[-121.60497593,36.24230693],[-121.60539873,36.24229062],[-121.60572059,36.24227821],[-121.60620547,36.2422595],[-121.60666727,36.24214326],[-121.6069036,36.24217372],[-121.60708701,36.24219736],[-121.60741687,36.24219869],[-121.60786712,36.24218131],[-121.60838581,36.24214723],[-121.60873216,36.24213386],[-121.6092756,36.24222536],[-121.60968215,36.24235026],[-121.60987016,36.24230082],[-121.6100557,36.24220929],[-121.61037483,36.24202825],[-121.61071952,36.24198682],[-121.61096196,36.24197745],[-121.61132892,36.24201952],[-121.61169754,36.24208964],[-121.61202261,36.24208905],[-121.61207934,36.24208895],[-121.61212403,36.24209913],[-121.61234323,36.24214905],[-121.61260629,36.24219513],[-121.61270795,36.24215509],[-121.61284378,36.24210159],[-121.61325691,36.24204345],[-121.61341855,36.24213562],[-121.61361568,36.24253574],[-121.6137526,36.24279759],[-121.6149312,36.24424238],[-121.61520005,36.24438664],[-121.61540378,36.24460373],[-121.61549398,36.24496357],[-121.6155853,36.24532782],[-121.61567387,36.2454592],[-121.61590864,36.24580742],[-121.61620887,36.24618949],[-121.61675579,36.24722283],[-121.61687298,36.24773851],[-121.61690174,36.24822639],[-121.61690606,36.24829963],[-121.6169561,36.24833233],[-121.61723102,36.24851202],[-121.61779762,36.248701],[-121.61827272,36.24910442],[-121.61887154,36.24954522],[-121.61918912,36.24992661],[-121.61987301,36.25092651],[-121.62006146,36.25133229],[-121.62008017,36.2513622],[-121.62031024,36.25157041],[-121.62063027,36.25169862],[-121.62093214,36.25181347],[-121.621145,36.25218485],[-121.62115991,36.25243734],[-121.62121604,36.2525662],[-121.62125494,36.25259378],[-121.62147089,36.2527065],[-121.62179092,36.25283471],[-121.62200869,36.252995],[-121.62235763,36.25331892],[-121.62325349,36.25408564],[-121.62370719,36.25441956],[-121.62401322,36.25460454],[-121.62433575,36.25477482],[-121.62467145,36.2548743],[-121.62482816,36.25488228],[-121.62500964,36.25501585],[-121.62519029,36.25513539],[-121.62587754,36.25589611],[-121.62601287,36.25612988],[-121.62627077,36.25628935],[-121.62635386,36.25634074],[-121.62667774,36.25651184],[-121.62705805,36.2567783],[-121.6271644,36.25684998],[-121.62727501,36.25692455],[-121.6273891,36.25721123],[-121.62746196,36.25739433],[-121.62747889,36.25743685],[-121.6277058,36.25775143],[-121.62775216,36.25779569],[-121.62788978,36.25792708],[-121.62798735,36.25869658],[-121.62798274,36.25876858],[-121.62795124,36.25926038],[-121.62804531,36.25938327],[-121.62846598,36.25945131],[-121.6288859,36.25956624],[-121.62936592,36.25969761],[-121.62990379,36.25998606],[-121.6303194,36.26032148],[-121.63046895,36.26044217],[-121.6307214,36.26060109],[-121.63082719,36.26065734],[-121.63111573,36.26081075],[-121.63135169,36.26098437],[-121.63169158,36.26115396],[-121.63190856,36.26130019],[-121.63225924,36.26165214],[-121.63250683,36.26202214],[-121.63276676,36.26230731],[-121.63286831,36.26255644],[-121.63325459,36.26321632],[-121.6336302,36.26398908],[-121.63373757,36.26433641],[-121.63389631,36.26525819],[-121.63409801,36.2663189],[-121.63437279,36.26656131],[-121.6346261,36.26673425],[-121.63489187,36.2671176],[-121.63505174,36.26743745],[-121.63509577,36.26752556],[-121.63516761,36.26766929],[-121.6352801,36.26839602],[-121.63531986,36.2687741],[-121.63551149,36.26937122],[-121.63574263,36.26975592],[-121.6359326,36.27032499],[-121.63591209,36.2705648],[-121.63582975,36.27093355],[-121.6357434,36.27152742],[-121.63559343,36.27192691],[-121.63550196,36.27214136],[-121.63548144,36.27238118],[-121.63556652,36.27264501],[-121.6356541,36.27295092],[-121.63566158,36.27307717],[-121.63560641,36.27331833],[-121.63545894,36.27375991],[-121.63540294,36.27398704],[-121.63541956,36.27426759],[-121.63555994,36.27458551],[-121.6360608,36.27483319],[-121.63617701,36.27493287],[-121.63628033,36.2750215],[-121.63673324,36.27504608],[-121.63696011,36.27506538],[-121.63712435,36.2751996],[-121.63752044,36.27543728],[-121.63792276,36.2755743],[-121.63831582,36.27567351],[-121.63866305,36.27627888],[-121.63879971,36.27651713],[-121.63893721,36.27675685],[-121.63889362,36.27676528],[-121.63848059,36.27684526],[-121.63816289,36.27706131],[-121.6378504,36.2772468],[-121.63746308,36.27755458],[-121.63707615,36.2778556],[-121.63594599,36.27829856],[-121.63516096,36.27862923],[-121.63456552,36.27925907],[-121.6337285,36.27964373],[-121.63341266,36.28007193],[-121.63312223,36.28051996],[-121.63321243,36.2808045],[-121.63318497,36.28108476],[-121.63318374,36.28154641],[-121.63320318,36.2819719],[-121.63312869,36.28214275],[-121.63289334,36.28268256],[-121.63265169,36.28305543],[-121.63233702,36.2835581],[-121.63204701,36.28402629],[-121.6316876,36.28475781],[-121.63117019,36.28520026],[-121.63081701,36.28538064],[-121.63041085,36.28541887],[-121.63006411,36.28540306]]]},"properties":{"OBJECTID":1097711,"COUNTY":"MONTEREY","CITY":"MRY","ZONE_NAME":null,"ZONE_ID":"US-CA-XMY-MRY-D090","STATUS":"Evacuation Order","EVENT_TYPE":null,"CRITICAL_INFO":null,"PUBLIC_INFO":null,"EDIT_DATE":1787515278000,"STATEWIDE_LAST_UPDATED":null,"NOTES":"Timber Fire","SHAPE__Area":18677259.484375,"SHAPE__Length":19209.810533135056,"GlobalID":"5939b31c-161d-4503-a0c1-65b4def7fcf9","CreationDate":1788335714107,"Creator":"CalOES_Scripts","EditDate":1788335714107,"Editor":"CalOES_Scripts"}},{"type":"Feature","id":1097715,"geometry":{"type":"Polygon","coordinates":[[[-121.49984392,36.2181868],[-121.49947941,36.218132],[-121.4991181,36.21813316],[-121.49870311,36.21818508],[-121.4986906,36.21818664],[-121.498216,36.21822321],[-121.4977619,36.2184833],[-121.49757772,36.2186134],[-121.49754761,36.21863466],[-121.49742044,36.21863514],[-121.49724531,36.21857919],[-121.49704874,36.21851638],[-121.49695476,36.21846461],[-121.4966994,36.21832394],[-121.49649654,36.21813844],[-121.49631527,36.2179272],[-121.49620698,36.21778175],[-121.49606729,36.21762502],[-121.49596327,36.21755418],[-121.49573294,36.21742578],[-121.49552099,36.2172157],[-121.49537375,36.21707763],[-121.49535716,36.21697807],[-121.49526243,36.21662066],[-121.49526761,36.21645201],[-121.49553537,36.21620128],[-121.49570147,36.21599047],[-121.49569321,36.2158464],[-121.49554334,36.21556326],[-121.49532564,36.21500044],[-121.49528186,36.21488725],[-121.49526799,36.21475997],[-121.49525052,36.21459964],[-121.49523676,36.21435951],[-121.49522437,36.21414338],[-121.49521955,36.21405934],[-121.49525955,36.21372093],[-121.49531436,36.21338195],[-121.49503277,36.21329102],[-121.49460904,36.21315418],[-121.49417974,36.21301555],[-121.49384759,36.21291975],[-121.49358892,36.21279065],[-121.49351131,36.21275192],[-121.49332732,36.21265055],[-121.49312508,36.2124897],[-121.49289058,36.21237164],[-121.49262101,36.21224395],[-121.492334,36.21215848],[-121.49209282,36.21209536],[-121.49196872,36.21203486],[-121.49181787,36.21196131],[-121.49152182,36.21178698],[-121.49144928,36.2117156],[-121.49125767,36.21151311],[-121.49112884,36.21133747],[-121.49090216,36.21100908],[-121.49097524,36.21072958],[-121.49109659,36.21025575],[-121.49127995,36.20982771],[-121.49135991,36.20966828],[-121.49126414,36.20955156],[-121.49110361,36.20934101],[-121.49103816,36.20923517],[-121.49095514,36.20908187],[-121.49090382,36.20896348],[-121.49076544,36.2088359],[-121.49071572,36.20879006],[-121.49055794,36.20862754],[-121.49039742,36.20841699],[-121.49012463,36.20780155],[-121.48989736,36.20694374],[-121.48981542,36.20654975],[-121.48967835,36.20623002],[-121.48947652,36.20581647],[-121.48948103,36.20563581],[-121.48957236,36.20541579],[-121.48974434,36.20504835],[-121.48980605,36.20482945],[-121.48975787,36.20450638],[-121.4896485,36.2044114],[-121.48949227,36.20427571],[-121.48918636,36.20411875],[-121.48915597,36.2040963],[-121.48895383,36.203947],[-121.48888166,36.2038761],[-121.48876506,36.20376157],[-121.48872113,36.20363446],[-121.48871169,36.20360716],[-121.48863663,36.20333323],[-121.48850437,36.20309755],[-121.48831355,36.2028761],[-121.48825376,36.20283662],[-121.4880204,36.20268256],[-121.48794824,36.20259882],[-121.48782957,36.20246111],[-121.48768732,36.20231003],[-121.48767839,36.20215394],[-121.48768673,36.20178062],[-121.48779671,36.20136738],[-121.48783467,36.20099294],[-121.48787196,36.2006065],[-121.48791954,36.20040016],[-121.48790786,36.20019604],[-121.48784419,36.19986152],[-121.48777532,36.19969565],[-121.48755831,36.19953535],[-121.48746256,36.19941862],[-121.48745158,36.19922651],[-121.48749063,36.19861138],[-121.48747758,36.19838325],[-121.48746316,36.19813111],[-121.48746081,36.19783038],[-121.48748465,36.19746851],[-121.48743488,36.19735875],[-121.48738273,36.19724372],[-121.48729526,36.19711696],[-121.48725323,36.19705606],[-121.48718299,36.19686618],[-121.48707489,36.19653333],[-121.48709422,36.19635211],[-121.48713906,36.19609774],[-121.48730348,36.19559823],[-121.48736215,36.19506659],[-121.48737021,36.19442856],[-121.4873241,36.19414151],[-121.48717128,36.19354562],[-121.48697951,36.19304745],[-121.48702337,36.19251637],[-121.48695245,36.19231448],[-121.48709058,36.19187641],[-121.48713481,36.1918097],[-121.48733671,36.1915059],[-121.48730091,36.19139895],[-121.48714099,36.19118712],[-121.48712424,36.19116493],[-121.48693208,36.19091947],[-121.48684772,36.19074215],[-121.48683882,36.1906637],[-121.48681781,36.19047855],[-121.48675553,36.19016804],[-121.48702295,36.18965263],[-121.48717215,36.18940637],[-121.4873241,36.18920814],[-121.48737031,36.18897779],[-121.48737551,36.18880914],[-121.4873611,36.18855699],[-121.48753935,36.18778021],[-121.48746294,36.18748227],[-121.48743029,36.18717065],[-121.48751132,36.18677053],[-121.48760745,36.18663456],[-121.48763089,36.18652538],[-121.48734231,36.18613079],[-121.48722835,36.18597497],[-121.48722448,36.18590724],[-121.48720982,36.18565078],[-121.48716991,36.18547179],[-121.48699622,36.1853095],[-121.4869347,36.18525201],[-121.48689802,36.18500309],[-121.48683771,36.18459386],[-121.48682673,36.18440175],[-121.48675994,36.1842719],[-121.48663391,36.18414427],[-121.48644039,36.18387479],[-121.48626443,36.18365278],[-121.48610741,36.18350225],[-121.4859752,36.18326656],[-121.48594255,36.18295494],[-121.48589304,36.18260785],[-121.48571091,36.18227778],[-121.48549055,36.18204573],[-121.48546063,36.18179384],[-121.48531636,36.18160673],[-121.4850749,36.18131228],[-121.48502642,36.18125014],[-121.48492661,36.18101973],[-121.4848409,36.1808184],[-121.48477899,36.18074164],[-121.48471744,36.18066533],[-121.48452646,36.18042856],[-121.48447352,36.18036292],[-121.48446708,36.18030371],[-121.48444225,36.18007531],[-121.48431115,36.17959892],[-121.48422311,36.17909686],[-121.48433309,36.17868362],[-121.48433556,36.17846694],[-121.48449723,36.1779194],[-121.48466851,36.17753996],[-121.48490107,36.17719432],[-121.48506233,36.17689948],[-121.48517299,36.17649825],[-121.48519301,36.17632904],[-121.48533946,36.17603476],[-121.4855738,36.17546043],[-121.48567993,36.17523986],[-121.48578195,36.17494725],[-121.48571215,36.17450466],[-121.48574286,36.17426286],[-121.48572709,36.1739867],[-121.48561835,36.17364183],[-121.48562543,36.17332546],[-121.48563485,36.17289129],[-121.48561518,36.17254698],[-121.48549301,36.17222669],[-121.48537878,36.17178577],[-121.48536302,36.17150961],[-121.48515542,36.17125268],[-121.48483927,36.17110664],[-121.48458172,36.1710817],[-121.48437989,36.17118553],[-121.48399966,36.17128403],[-121.48384883,36.17124156],[-121.48379155,36.17117438],[-121.4837693,36.17114829],[-121.48355101,36.17096395],[-121.48342706,36.17087234],[-121.48316915,36.17077373],[-121.48310049,36.17076891],[-121.48294565,36.17075805],[-121.48276178,36.17065665],[-121.48263038,36.17055954],[-121.48260684,36.17054214],[-121.48240611,36.17040528],[-121.48224638,36.17020672],[-121.4821297,36.16998247],[-121.48189318,36.16973866],[-121.48183643,36.1695242],[-121.48179379,36.16929718],[-121.48149994,36.16908992],[-121.48145363,36.16905725],[-121.48143451,36.16901824],[-121.48128568,36.1687146],[-121.48082859,36.16798572],[-121.48068615,36.16756992],[-121.48068453,36.1672812],[-121.48068701,36.16706451],[-121.48058998,36.16704674],[-121.48008716,36.16695465],[-121.47980024,36.16688285],[-121.47971079,36.16686046],[-121.47950014,36.16679216],[-121.47937817,36.16675261],[-121.47925495,36.16667882],[-121.47913235,36.1666054],[-121.47887308,36.16648276],[-121.4783448,36.1664357],[-121.4781124,36.166415],[-121.47759662,36.16621775],[-121.47721616,36.16605151],[-121.47711479,36.16600771],[-121.47672931,36.16584113],[-121.47645468,36.16582118],[-121.47640148,36.16581731],[-121.47594244,36.16583451],[-121.47563944,36.16572553],[-121.47536401,36.16557942],[-121.4752411,36.16545858],[-121.47508106,36.16530124],[-121.4747703,36.16479547],[-121.47461697,36.16418754],[-121.47459686,36.16383446],[-121.47459372,36.1637793],[-121.47460938,36.16374504],[-121.47477846,36.1633753],[-121.47488461,36.16315474],[-121.47497048,36.16283868],[-121.47501466,36.1625723],[-121.47488732,36.16242065],[-121.47463809,36.16221339],[-121.47436316,36.1620321],[-121.4742064,36.16192873],[-121.47400912,36.16185189],[-121.47368723,36.16167142],[-121.47351615,36.16153343],[-121.47336434,36.16140997],[-121.47303185,36.16110635],[-121.47279539,36.16086252],[-121.47265187,36.1606874],[-121.4724956,36.16054886],[-121.47235414,36.16040976],[-121.47220961,36.16036904],[-121.47205513,36.16037282],[-121.47187759,36.16037946],[-121.47143748,36.16046813],[-121.47109555,36.16045686],[-121.47078666,36.16050451],[-121.47052151,36.1605487],[-121.47013742,36.16082962],[-121.46998342,36.1609918],[-121.46967864,36.16118669],[-121.46931276,36.1614621],[-121.46907333,36.16168764],[-121.46876306,36.16171128],[-121.46850094,36.16170263],[-121.46842113,36.1617],[-121.46833878,36.16173035],[-121.46813045,36.16180713],[-121.46782209,36.16181866],[-121.46773065,36.16182207],[-121.4672689,36.16179121],[-121.46704815,36.16182352],[-121.46672581,36.16189574],[-121.46641963,36.16199141],[-121.46609728,36.16206362],[-121.46595134,36.16217185],[-121.46584099,36.16225369],[-121.46557944,36.16261241],[-121.46519055,36.16281947],[-121.46492081,36.16303411],[-121.46449296,36.16333888],[-121.46421571,36.16342143],[-121.46392089,36.16351025],[-121.46385097,36.16353132],[-121.46334089,36.16369477],[-121.46283312,36.16388967],[-121.46254215,36.16400135],[-121.46238396,36.16404447],[-121.46192841,36.16416866],[-121.46160741,36.16426488],[-121.46122923,36.16439932],[-121.46096677,36.16448132],[-121.46079658,36.16462003],[-121.46056578,36.16473694],[-121.46035667,36.16493327],[-121.46031219,36.16497503],[-121.4602584,36.16498969],[-121.46000531,36.16505868],[-121.45967291,36.16521548],[-121.45883585,36.16563176],[-121.45865016,36.16575902],[-121.45858752,36.16593229],[-121.45850907,36.16614933],[-121.45824747,36.16650804],[-121.45802601,36.16664921],[-121.45794672,36.16669976],[-121.45758809,36.16691769],[-121.45714606,36.167235],[-121.45664411,36.16754251],[-121.45658809,36.16770302],[-121.45652922,36.16787168],[-121.45634897,36.16809499],[-121.45603231,36.16821782],[-121.45597144,36.16824143],[-121.45564174,36.16844625],[-121.45529382,36.16859158],[-121.45472189,36.16897389],[-121.45418758,36.16923446],[-121.45397498,36.16941085],[-121.45381293,36.16969364],[-121.45376377,36.16977149],[-121.45370399,36.16986616],[-121.45360147,36.16991808],[-121.4534656,36.16998649],[-121.45318379,36.17011417],[-121.45284523,36.17016289],[-121.45252959,36.17010894],[-121.45244062,36.17009373],[-121.45212962,36.17010532],[-121.45200442,36.17013124],[-121.45170424,36.17019337],[-121.45119545,36.17038078],[-121.45090335,36.17046386],[-121.45067985,36.17044812],[-121.45045227,36.17036033],[-121.45020716,36.17022507],[-121.45000051,36.1702448],[-121.44972118,36.1702913],[-121.44955691,36.17027335],[-121.44944639,36.17024798],[-121.44933138,36.17022158],[-121.44902771,36.17010053],[-121.44880013,36.17001274],[-121.44833493,36.16992177],[-121.44790546,36.16993775],[-121.44766852,36.16994657],[-121.44740195,36.16995649],[-121.44724313,36.1700346],[-121.44720917,36.17003864],[-121.44709571,36.17005212],[-121.44679409,36.16996709],[-121.44665062,36.16979193],[-121.44645727,36.16952237],[-121.4464777,36.16943525],[-121.44657682,36.16901254],[-121.4465491,36.16878495],[-121.44635848,36.16856342],[-121.44597316,36.16804831],[-121.44582032,36.16796977],[-121.44569969,36.16800985],[-121.44561639,36.16803752],[-121.44530133,36.16797705],[-121.44507172,36.16785323],[-121.44485421,36.16768082],[-121.44452352,36.16734417],[-121.44428364,36.16697888],[-121.44421499,36.16687433],[-121.44405522,36.166411],[-121.44400387,36.16602786],[-121.44378079,36.16549467],[-121.44357729,36.16504499],[-121.44341223,36.16475031],[-121.44317652,36.16451842],[-121.44278854,36.16395526],[-121.4426141,36.16375719],[-121.44256223,36.16367552],[-121.44243492,36.16347506],[-121.44237692,36.16323656],[-121.44238471,36.16308233],[-121.44239092,36.16295929],[-121.44228714,36.16269843],[-121.44216053,36.16255874],[-121.44178206,36.16216369],[-121.4417027,36.16207927],[-121.44163997,36.16201254],[-121.44158418,36.16187976],[-121.44148566,36.16164526],[-121.44129359,36.16113498],[-121.44114947,36.16094781],[-121.44069969,36.16060354],[-121.44045259,36.16043223],[-121.44028959,36.16017357],[-121.4399325,36.1593686],[-121.43973855,36.15904015],[-121.43952229,36.1586739],[-121.43950805,36.15842174],[-121.43963338,36.15805227],[-121.43967341,36.15793428],[-121.43971229,36.15757185],[-121.43969668,36.15729567],[-121.43940179,36.15706597],[-121.43909751,36.15693288],[-121.43886591,36.15677302],[-121.43874068,36.15665734],[-121.43840204,36.1564413],[-121.43784198,36.1562455],[-121.43757614,36.15626741],[-121.43730758,36.15624128],[-121.43713213,36.15624779],[-121.43705587,36.15625063],[-121.43684586,36.15621029],[-121.43676338,36.15618864],[-121.43660488,36.15614704],[-121.43630265,36.15604997],[-121.4359109,36.15594418],[-121.43557701,36.15581218],[-121.43534678,36.15567632],[-121.43521013,36.15562123],[-121.434986,36.15559345],[-121.43466674,36.15556376],[-121.4345236,36.15555044],[-121.43445456,36.15550848],[-121.4342624,36.15539168],[-121.4339204,36.15511557],[-121.43364507,36.15496936],[-121.43317794,36.1548423],[-121.43289255,36.15478069],[-121.43269068,36.15488444],[-121.43263503,36.1549284],[-121.43256283,36.15498544],[-121.43212744,36.15515802],[-121.43203521,36.15510127],[-121.43174305,36.15491958],[-121.4315949,36.15476829],[-121.43153838,36.15471058],[-121.43133371,36.15450157],[-121.43103012,36.15438047],[-121.4305839,36.15436091],[-121.4301357,36.1543496],[-121.43000441,36.15434629],[-121.42987248,36.15426346],[-121.42969678,36.15415314],[-121.42940425,36.15393664],[-121.42921271,36.15373917],[-121.42918778,36.15354629],[-121.42907602,36.15340604],[-121.42864317,36.15309719],[-121.4284001,36.15273317],[-121.42815027,36.15224908],[-121.42817305,36.15186318],[-121.42827662,36.15159462],[-121.42825166,36.15141505],[-121.42798906,36.15096753],[-121.42766995,36.15057023],[-121.42735489,36.15024498],[-121.42710312,36.14998958],[-121.42691598,36.14982805],[-121.42665482,36.14966927],[-121.42629069,36.14952632],[-121.42612174,36.14942428],[-121.42592048,36.14927531],[-121.42555163,36.14904831],[-121.42537862,36.14887422],[-121.4252696,36.14866252],[-121.4254916,36.14850905],[-121.42578764,36.14823336],[-121.42597403,36.14811816],[-121.42617049,36.14791836],[-121.42664352,36.14762408],[-121.42737155,36.1471158],[-121.4277988,36.14679915],[-121.42841183,36.14662001],[-121.4287301,36.14647586],[-121.4291372,36.14632841],[-121.42929164,36.14626975],[-121.42955843,36.1461684],[-121.42984236,36.14594129],[-121.43028643,36.14566011],[-121.43085958,36.14532622],[-121.43090409,36.14530029],[-121.43110189,36.14512449],[-121.43116719,36.14496199],[-121.43117109,36.14477297],[-121.43125916,36.14449295],[-121.43141051,36.14428278],[-121.4316204,36.14405841],[-121.43186057,36.14384494],[-121.43222121,36.14366311],[-121.4325159,36.14355044],[-121.43256975,36.14352986],[-121.43291017,36.14325251],[-121.43330438,36.1428769],[-121.43341334,36.1427044],[-121.43344624,36.14249862],[-121.43334449,36.14223263],[-121.43338549,36.14194736],[-121.43347694,36.14172737],[-121.43364244,36.14158027],[-121.43367816,36.14154109],[-121.43375068,36.14132013],[-121.43410656,36.14105424],[-121.43414624,36.1410281],[-121.43443554,36.14083748],[-121.43504638,36.14035756],[-121.43535717,36.14008131],[-121.43540487,36.13987498],[-121.43546724,36.13972956],[-121.43553598,36.13956929],[-121.43563883,36.13928872],[-121.43583718,36.1388602],[-121.43601685,36.13888963],[-121.43637291,36.13915318],[-121.43655327,36.13919462],[-121.43681635,36.13912469],[-121.43713525,36.13899252],[-121.43749809,36.13937614],[-121.43786761,36.13961511],[-121.43792249,36.13965332],[-121.43813011,36.13979789],[-121.43833205,36.13995885],[-121.43872914,36.1401607],[-121.43919619,36.14028775],[-121.43961612,36.14036841],[-121.43997141,36.14035522],[-121.44050369,36.14035507],[-121.44062413,36.14035503],[-121.44081527,36.14038211],[-121.4410279,36.14041223],[-121.44106621,36.14030251],[-121.4410597,36.14018709],[-121.44105672,36.14013441],[-121.44104587,36.13994228],[-121.44101683,36.13969067],[-121.44098778,36.13943906],[-121.44116057,36.13908369],[-121.44135086,36.13877579],[-121.4417397,36.13856882],[-121.44189094,36.13851195],[-121.44205928,36.13844865],[-121.44233376,36.13831812],[-121.44257388,36.13810464],[-121.44274135,36.13791792],[-121.44280934,36.13785193],[-121.44289604,36.13776777],[-121.44315504,36.13762579],[-121.44336827,36.13746144],[-121.44356737,36.13730964],[-121.44381224,36.13718021],[-121.44406186,36.13713483],[-121.44466607,36.13706423],[-121.44497082,36.1369446],[-121.44521637,36.13682718],[-121.44555264,36.13647775],[-121.445741,36.13639855],[-121.44589262,36.13634845],[-121.44619243,36.1362494],[-121.44639424,36.13614563],[-121.44656237,36.13597091],[-121.44673297,36.13564866],[-121.44677681,36.13556585],[-121.44685533,36.13547935],[-121.4470142,36.13530433],[-121.44712842,36.13496316],[-121.44705902,36.13478525],[-121.44695044,36.13444995],[-121.44678878,36.13394097],[-121.44688196,36.13322757],[-121.44702116,36.13306596],[-121.4470828,36.1330351],[-121.44728081,36.13293597],[-121.44745694,36.13264063],[-121.44746557,36.13258872],[-121.44750122,36.13237426],[-121.44755622,36.1320353],[-121.44756016,36.13184262],[-121.44718794,36.13155565],[-121.44706484,36.13138456],[-121.44683379,36.13106345],[-121.44659557,36.13073796],[-121.446448,36.13053632],[-121.44626957,36.1302662],[-121.4462264,36.13002715],[-121.44636152,36.1297935],[-121.44643879,36.12958607],[-121.44660275,36.12945415],[-121.44673673,36.12934636],[-121.44688937,36.12916019],[-121.44696392,36.12890472],[-121.44704293,36.12858716],[-121.44706062,36.12851608],[-121.44714744,36.12838797],[-121.44721121,36.12829388],[-121.44739413,36.12811862],[-121.44746936,36.12787516],[-121.44746637,36.12784802],[-121.44743895,36.12759954],[-121.44762118,36.12741226],[-121.4477362,36.12734782],[-121.44787281,36.12731207],[-121.44805775,36.12726366],[-121.44820101,36.1271741],[-121.44836708,36.12696336],[-121.44851699,36.12672916],[-121.4485633,36.12649881],[-121.4485652,36.12627012],[-121.44849514,36.1260802],[-121.44840484,36.12579477],[-121.44830517,36.12560596],[-121.44820347,36.12538112],[-121.44787636,36.1251045],[-121.4478655,36.12491238],[-121.44787433,36.12484316],[-121.44789633,36.12467057],[-121.44797065,36.12459557],[-121.4481068,36.12445818],[-121.4481269,36.12428898],[-121.44820226,36.12403074],[-121.4482263,36.12394836],[-121.44845673,36.12330204],[-121.44854065,36.12294997],[-121.44878896,36.12263985],[-121.44877922,36.12244774],[-121.44865064,36.12227203],[-121.44846421,36.12212255],[-121.44836956,36.12205249],[-121.44819178,36.1219209],[-121.44814355,36.12187893],[-121.44832477,36.12175471],[-121.4485871,36.12167276],[-121.44895026,36.12147227],[-121.44902177,36.12145016],[-121.44948705,36.12132641],[-121.45000301,36.12127111],[-121.45012929,36.12088136],[-121.45013705,36.12078425],[-121.45015535,36.1205555],[-121.45022853,36.12027602],[-121.45049994,36.11956801],[-121.45056158,36.11908441],[-121.45058171,36.11863303],[-121.45066802,36.11808172],[-121.45064901,36.11774551],[-121.45061398,36.11765055],[-121.45044555,36.11753986],[-121.4501981,36.11737724],[-121.44994841,36.11715791],[-121.44989383,36.11697945],[-121.44990985,36.11673819],[-121.45001671,36.11652966],[-121.45006994,36.11647164],[-121.45014243,36.11639262],[-121.45033807,36.11618078],[-121.45035953,36.11603559],[-121.45030495,36.11585712],[-121.45027924,36.11581762],[-121.45017501,36.1156574],[-121.44991053,36.11543862],[-121.44966696,36.11532736],[-121.44945706,36.11528704],[-121.4492545,36.11511408],[-121.44918241,36.11488814],[-121.44919707,36.11462288],[-121.44934425,36.11434064],[-121.44947236,36.11424091],[-121.44957153,36.11416372],[-121.44980287,36.11405885],[-121.45066649,36.11385825],[-121.4509179,36.113798],[-121.45161753,36.11363031],[-121.45188696,36.11362028],[-121.45209108,36.11361268],[-121.45233858,36.11353127],[-121.45255974,36.11324628],[-121.45294896,36.11278657],[-121.45305444,36.11255402],[-121.45327899,36.11232906],[-121.45347122,36.11205718],[-121.45350898,36.11180152],[-121.45353555,36.1116216],[-121.45364803,36.11140486],[-121.45366927,36.11136393],[-121.45371234,36.11120793],[-121.45374256,36.11109832],[-121.45376101,36.11062651],[-121.45376834,36.11049388],[-121.45382272,36.11040413],[-121.45391753,36.11024766],[-121.4539167,36.10997094],[-121.45381896,36.10973492],[-121.45374495,36.10955619],[-121.45361623,36.10911577],[-121.45348902,36.10896408],[-121.45346472,36.10879652],[-121.45356476,36.10846791],[-121.45369114,36.10834288],[-121.45398098,36.10822378],[-121.45428154,36.1080321],[-121.45455793,36.10793757],[-121.4549743,36.10795816],[-121.45511071,36.10800321],[-121.45517074,36.10802303],[-121.45544321,36.10812118],[-121.45579238,36.10826459],[-121.4561975,36.10861048],[-121.45653732,36.10885051],[-121.4566484,36.10890883],[-121.45699236,36.10908944],[-121.45717921,36.10918756],[-121.45746512,36.10926113],[-121.45836878,36.10976892],[-121.45857067,36.10992985],[-121.45881967,36.11013716],[-121.459027,36.11039415],[-121.45911715,36.11041485],[-121.45929113,36.1104022],[-121.45945682,36.11039015],[-121.45974274,36.11046371],[-121.45981809,36.11046852],[-121.4598618,36.11047131],[-121.46004533,36.11030803],[-121.46049913,36.10994216],[-121.460811,36.10961839],[-121.46081433,36.10960695],[-121.46085733,36.10945951],[-121.46099102,36.10920184],[-121.46124189,36.10918044],[-121.46149168,36.10919043],[-121.46166303,36.10928506],[-121.46182308,36.10923095],[-121.46200524,36.10904366],[-121.46226479,36.10891365],[-121.46237333,36.10887972],[-121.46252706,36.10883167],[-121.46283848,36.10883208],[-121.46301689,36.10895629],[-121.46310093,36.10901481],[-121.46379046,36.10914549],[-121.46431994,36.10933028],[-121.46464821,36.10936615],[-121.46488089,36.10928527],[-121.46509604,36.10915691],[-121.46525268,36.10904276],[-121.46539112,36.10886914],[-121.4656311,36.10865561],[-121.4658039,36.10856493],[-121.46593843,36.10858397],[-121.46618881,36.10881527],[-121.46627555,36.10877594],[-121.46643083,36.10863778],[-121.46652513,36.10849957],[-121.46654035,36.10847726],[-121.46666331,36.10829217],[-121.46706829,36.10837331],[-121.46722333,36.1083925],[-121.46729229,36.10840104],[-121.46755183,36.10827101],[-121.46792633,36.10807653],[-121.46808078,36.10799705],[-121.46812804,36.10797273],[-121.4684381,36.10794911],[-121.46870573,36.10793911],[-121.46886136,36.10790406],[-121.46889892,36.10789562],[-121.46948528,36.10784981],[-121.46975436,36.10788788],[-121.46980428,36.10788601],[-121.47006789,36.10787616],[-121.47013908,36.1078735],[-121.47025396,36.1078132],[-121.47048467,36.10769212],[-121.47081681,36.10753531],[-121.47087373,36.10751978],[-121.47091903,36.10750742],[-121.47124525,36.10750725],[-121.47147859,36.10743836],[-121.47168213,36.10710587],[-121.47164503,36.1069749],[-121.47159236,36.10680282],[-121.47157392,36.10674255],[-121.47154855,36.10658142],[-121.47145158,36.10644066],[-121.47139519,36.1062257],[-121.47144524,36.10606788],[-121.47146052,36.10581462],[-121.47149605,36.10565154],[-121.47164994,36.10549468],[-121.47191744,36.10524402],[-121.47199714,36.1048199],[-121.47222891,36.10446228],[-121.4724533,36.10421993],[-121.47249435,36.1041756],[-121.47252799,36.1041639],[-121.47284333,36.10405425],[-121.4727928,36.10394784],[-121.47254719,36.10380061],[-121.47249815,36.10378507],[-121.4722754,36.10371451],[-121.47223888,36.10362047],[-121.47219917,36.10341654],[-121.47214162,36.10292535],[-121.47204466,36.10278459],[-121.47206675,36.1026514],[-121.47223203,36.10242863],[-121.47250224,36.102226],[-121.47273011,36.10206105],[-121.47288741,36.1019589],[-121.47315374,36.10194894],[-121.47372805,36.10187932],[-121.47402056,36.10180822],[-121.47445921,36.10167228],[-121.47473805,36.10164901],[-121.47498889,36.10162759],[-121.47517374,36.10148831],[-121.47537132,36.10131246],[-121.47549245,36.10120466],[-121.47554146,36.10117694],[-121.47577195,36.10105681],[-121.4759335,36.10098115],[-121.47619079,36.10086064],[-121.47654247,36.10078731],[-121.47669416,36.10071004],[-121.4768739,36.10061848],[-121.47701366,36.10046885],[-121.47710919,36.10028657],[-121.47712908,36.10015168],[-121.477258,36.10014686],[-121.47760253,36.10013396],[-121.47782378,36.10011364],[-121.47795011,36.09998858],[-121.47802387,36.0998597],[-121.47811195,36.09970577],[-121.47803258,36.09952457],[-121.47799268,36.09943348],[-121.47782903,36.09916286],[-121.47761439,36.09903853],[-121.47755752,36.09901936],[-121.4773574,36.09895189],[-121.47705855,36.09865023],[-121.47689626,36.09840362],[-121.47681798,36.09806964],[-121.47675994,36.09783115],[-121.47661791,36.09768004],[-121.47621687,36.09740627],[-121.47603182,36.09728084],[-121.47595034,36.09715153],[-121.47595626,36.09699488],[-121.47617524,36.09667383],[-121.47629647,36.09643011],[-121.47632161,36.09637957],[-121.47631593,36.0960188],[-121.47624106,36.09574485],[-121.47615191,36.09568467],[-121.47588645,36.09550544],[-121.47562675,36.09537076],[-121.47562198,36.09528671],[-121.47567975,36.09522786],[-121.47581819,36.09508685],[-121.47587988,36.09486794],[-121.47596843,36.09459991],[-121.47582368,36.09440077],[-121.47573197,36.09409136],[-121.47572005,36.09388145],[-121.47571083,36.09371913],[-121.47573148,36.09353371],[-121.4758053,36.09329445],[-121.4757984,36.09312706],[-121.47589112,36.09297839],[-121.47598718,36.09284243],[-121.47612625,36.0926808],[-121.47616449,36.09257107],[-121.47599016,36.09237304],[-121.47565241,36.09216909],[-121.47517014,36.09203072],[-121.47510776,36.09200826],[-121.47492797,36.09194351],[-121.47478733,36.09181642],[-121.47474514,36.09165672],[-121.47473067,36.09160195],[-121.47462622,36.0913291],[-121.4745971,36.09107751],[-121.47446511,36.09084179],[-121.47436067,36.09056894],[-121.47419615,36.09018317],[-121.4740052,36.0900528],[-121.47379059,36.08992847],[-121.4736916,36.08975168],[-121.47363563,36.08954922],[-121.47362717,36.08940023],[-121.47361995,36.08927305],[-121.47351032,36.0891264],[-121.47342743,36.08901553],[-121.47339215,36.0887951],[-121.47338148,36.08872847],[-121.47323776,36.08860191],[-121.47305378,36.0884399],[-121.47272539,36.08813933],[-121.47242407,36.08805434],[-121.47249989,36.08782288],[-121.4725065,36.08767824],[-121.4724189,36.08744086],[-121.47241004,36.08728477],[-121.4724237,36.08722553],[-121.47245763,36.08707843],[-121.47262881,36.08669901],[-121.47270666,36.08650358],[-121.47269712,36.08633548],[-121.47262432,36.08609754],[-121.47243706,36.08567137],[-121.47236051,36.08545414],[-121.47227803,36.08522007],[-121.47226488,36.08472722],[-121.47237359,36.08451172],[-121.4724381,36.08438382],[-121.47250002,36.08416892],[-121.47249503,36.08408087],[-121.4725283,36.08362239],[-121.47265109,36.08341895],[-121.47279172,36.08328885],[-121.47284551,36.08319801],[-121.47283804,36.0831148],[-121.47283199,36.08300072],[-121.47299173,36.08281268],[-121.47306273,36.0827291],[-121.47319198,36.08265467],[-121.47326488,36.08259088],[-121.47330318,36.08248977],[-121.47334714,36.08237369],[-121.47342694,36.08228318],[-121.47349563,36.08226557],[-121.47367975,36.08221601],[-121.47392321,36.08218391],[-121.47410543,36.08217919],[-121.47426137,36.08218822],[-121.47439197,36.08216172],[-121.47449602,36.08216304],[-121.47455862,36.08206528],[-121.47462989,36.08196763],[-121.47463111,36.08190428],[-121.4746169,36.08174218],[-121.4746543,36.08160186],[-121.47476052,36.08149057],[-121.4748761,36.0813442],[-121.47494927,36.08114801],[-121.47502516,36.08099969],[-121.47502475,36.08083218],[-121.47508054,36.08079548],[-121.47529355,36.08063109],[-121.4760407,36.07995336],[-121.47631015,36.07973872],[-121.47669179,36.07941158],[-121.47691004,36.07907853],[-121.47716857,36.07867178],[-121.47721116,36.07854956],[-121.47725779,36.07841575],[-121.47735224,36.07799107],[-121.47746171,36.07783054],[-121.47757595,36.07775407],[-121.47765834,36.07772125],[-121.47790932,36.07762126],[-121.47800406,36.07748857],[-121.47803289,36.07744818],[-121.47816853,36.07722651],[-121.47828869,36.07699339],[-121.47837858,36.07674937],[-121.47855198,36.07667068],[-121.47883233,36.07664815],[-121.47908487,36.07662342],[-121.47923032,36.07660918],[-121.47933618,36.07642587],[-121.47936527,36.07637551],[-121.47949953,36.07612982],[-121.47967612,36.07584646],[-121.48001723,36.07532831],[-121.48026026,36.07491009],[-121.48045355,36.07480264],[-121.48056199,36.07474236],[-121.48082731,36.07445567],[-121.48099361,36.07422272],[-121.48107443,36.0741095],[-121.48142167,36.07369941],[-121.48183603,36.07316648],[-121.48228815,36.07277652],[-121.4824777,36.07272129],[-121.48275211,36.0728554],[-121.48298876,36.07284653],[-121.48322404,36.07281365],[-121.48371211,36.07279535],[-121.48440725,36.07276929],[-121.48477291,36.07268338],[-121.48516951,36.07262038],[-121.48537658,36.07261262],[-121.48555747,36.072666],[-121.48579684,36.07270515],[-121.48622395,36.07291776],[-121.48753621,36.07316076],[-121.4877369,36.07319792],[-121.48786536,36.07317333],[-121.48797149,36.07315302],[-121.48829619,36.0731288],[-121.48865116,36.07311548],[-121.48878974,36.07315112],[-121.48893696,36.07318899],[-121.4895436,36.07343094],[-121.49005742,36.07360417],[-121.49020416,36.07361398],[-121.49051865,36.07363499],[-121.49064039,36.07369058],[-121.49064892,36.07384039],[-121.49065681,36.07397875],[-121.4907806,36.07407036],[-121.49093329,36.07414886],[-121.4916817,36.07427718],[-121.49211883,36.07440516],[-121.49252296,36.07447421],[-121.49280398,36.07446365],[-121.49305411,36.07444018],[-121.49323153,36.07442353],[-121.49363292,36.07444455],[-121.4940491,36.07446501],[-121.49414489,36.07447921],[-121.49443776,36.0745226],[-121.49455139,36.07448516],[-121.49468509,36.07444111],[-121.49503074,36.07452438],[-121.49592254,36.07472085],[-121.49591852,36.07503672],[-121.49592814,36.07520536],[-121.49593533,36.07533137],[-121.49605703,36.07564316],[-121.49611969,36.07583063],[-121.4961335,36.07607265],[-121.49629169,36.07634089],[-121.49630408,36.07637445],[-121.49636851,36.07654892],[-121.4964673,36.0769143],[-121.49655132,36.0772486],[-121.49668059,36.07746519],[-121.49675862,36.07769426],[-121.49688298,36.07828014],[-121.49689471,36.07832852],[-121.49714396,36.07935665],[-121.4971718,36.07947147],[-121.49714296,36.07971555],[-121.49713676,36.07976807],[-121.49711397,36.08050711],[-121.49713895,36.08071709],[-121.49727423,36.08103891],[-121.49733329,36.08116324],[-121.49753495,36.0812822],[-121.49773541,36.08138012],[-121.49790634,36.08141587],[-121.49797183,36.08142792],[-121.49828708,36.08148592],[-121.49848178,36.0817106],[-121.49871941,36.0818812],[-121.49894237,36.08204128],[-121.49931857,36.08225913],[-121.49969176,36.08242436],[-121.49978505,36.08246515],[-121.49995825,36.08254088],[-121.50065914,36.08275706],[-121.50102118,36.08295434],[-121.50146762,36.08326445],[-121.50223842,36.08379435],[-121.50264417,36.08407435],[-121.5029845,36.08434627],[-121.50331093,36.08482962],[-121.5035783,36.08518864],[-121.50429366,36.08565734],[-121.5050802,36.08600736],[-121.50529605,36.08614686],[-121.50553569,36.08647529],[-121.5060406,36.08735264],[-121.50627451,36.08780783],[-121.50647013,36.08827501],[-121.5065913,36.08857626],[-121.50671126,36.08885647],[-121.50695907,36.08910022],[-121.50733593,36.08932857],[-121.50753762,36.08944751],[-121.50817859,36.08975026],[-121.50833838,36.08981805],[-121.50899746,36.08998303],[-121.50936469,36.090043],[-121.50980509,36.09020887],[-121.50997552,36.09027306],[-121.51014103,36.0903283],[-121.5103729,36.0904057],[-121.51078565,36.09057996],[-121.51107418,36.0908538],[-121.51114684,36.09098815],[-121.51141638,36.09115726],[-121.51193074,36.09151749],[-121.51220209,36.09171816],[-121.51269867,36.0919947],[-121.51316571,36.09220907],[-121.51364058,36.09256024],[-121.51405185,36.0929349],[-121.51483428,36.09321118],[-121.51521931,36.09335483],[-121.51547048,36.09342971],[-121.51586969,36.09359391],[-121.51610728,36.09365875],[-121.51664791,36.09379652],[-121.5170646,36.09381241],[-121.51772704,36.09380848],[-121.51859179,36.09393399],[-121.51907814,36.09403161],[-121.51942369,36.09416619],[-121.519642,36.09434776],[-121.52006199,36.09470522],[-121.5200928,36.09473144],[-121.52063013,36.09503804],[-121.52102876,36.0951917],[-121.52160257,36.09545473],[-121.52205548,36.09564851],[-121.52282527,36.09570376],[-121.52311127,36.09573142],[-121.52345245,36.0957644],[-121.52418934,36.09595509],[-121.5242702,36.09597601],[-121.52517388,36.0961],[-121.52567201,36.09617606],[-121.52601421,36.09619457],[-121.52624551,36.09620708],[-121.52684011,36.09615294],[-121.52716969,36.09623537],[-121.52818829,36.09655007],[-121.52891804,36.09688801],[-121.52937282,36.09726448],[-121.52966232,36.09747848],[-121.53012471,36.09768593],[-121.53057546,36.09799225],[-121.53074799,36.09828098],[-121.53088918,36.09862714],[-121.53094232,36.09894852],[-121.53090853,36.09908043],[-121.53081499,36.09944547],[-121.53083355,36.09976816],[-121.53079346,36.10027586],[-121.53076839,36.10104663],[-121.53075592,36.10143024],[-121.53073995,36.10187767],[-121.53072275,36.10235949],[-121.53112826,36.10338461],[-121.53144619,36.10405115],[-121.53174529,36.104472],[-121.53175592,36.1046566],[-121.53176063,36.10473857],[-121.5316943,36.10498635],[-121.53164655,36.10516471],[-121.53154545,36.10536828],[-121.53147575,36.10550864],[-121.53146813,36.10575941],[-121.53146378,36.10590279],[-121.53148605,36.10659091],[-121.53132575,36.10711722],[-121.53096038,36.10769349],[-121.53073781,36.10784802],[-121.53051052,36.10800581],[-121.52980695,36.10842616],[-121.52972388,36.10851599],[-121.52949701,36.1087613],[-121.52907072,36.10873327],[-121.52881867,36.10871669],[-121.52852474,36.10872782],[-121.52832695,36.10890404],[-121.52810587,36.10927799],[-121.52782692,36.10985097],[-121.52750971,36.11005983],[-121.5270635,36.11073758],[-121.52678132,36.11125444],[-121.52665394,36.11175138],[-121.52663388,36.11200523],[-121.52685982,36.11237497],[-121.5269782,36.11256868],[-121.52752678,36.11306814],[-121.52800378,36.11352814],[-121.52829173,36.11371408],[-121.52842407,36.11390591],[-121.52852425,36.11414115],[-121.52836876,36.11475164],[-121.52795436,36.11568127],[-121.52777787,36.11592699],[-121.52760072,36.11617194],[-121.5279456,36.11613154],[-121.52873502,36.11629849],[-121.52913192,36.11626939],[-121.52961689,36.11626508],[-121.52972822,36.11631532],[-121.52999051,36.11643371],[-121.53031064,36.11657625],[-121.53071724,36.1167155],[-121.53082827,36.11673736],[-121.52799207,36.19662497],[-121.5275239,36.19658184],[-121.52726273,36.19665318],[-121.52696693,36.1971098],[-121.52672432,36.19750297],[-121.52637798,36.19806903],[-121.52621034,36.19837582],[-121.52606945,36.19863365],[-121.52600451,36.19876546],[-121.52589981,36.19897798],[-121.52561495,36.19929595],[-121.52484077,36.20000109],[-121.52439191,36.20043279],[-121.52424138,36.20066823],[-121.52421746,36.20070564],[-121.5242007,36.20073186],[-121.52401126,36.20106157],[-121.52335792,36.20156245],[-121.52287652,36.20208753],[-121.52265933,36.20226471],[-121.52196638,36.20273636],[-121.52153242,36.20285869],[-121.52145147,36.20288701],[-121.52108168,36.20316919],[-121.52060115,36.20370959],[-121.52038659,36.20393274],[-121.51988662,36.20413597],[-121.51951901,36.20433419],[-121.51905207,36.20478191],[-121.5186977,36.20521002],[-121.51842464,36.20540466],[-121.51806056,36.20566418],[-121.51801441,36.20585024],[-121.51808615,36.20610863],[-121.51829203,36.20639267],[-121.51844029,36.20666352],[-121.51877112,36.2071425],[-121.51877906,36.20728043],[-121.51869951,36.20754455],[-121.51846868,36.20781439],[-121.51821982,36.20810027],[-121.51794019,36.20851018],[-121.51777617,36.2086239],[-121.51747889,36.2087273],[-121.51705316,36.2087434],[-121.51683591,36.20875162],[-121.51667752,36.20884318],[-121.51626732,36.20908031],[-121.51592388,36.20936976],[-121.51536674,36.20989768],[-121.51504751,36.21027837],[-121.51464645,36.21055464],[-121.51437248,36.21073394],[-121.51394153,36.21114957],[-121.51380435,36.2114005],[-121.51369137,36.21174268],[-121.51364698,36.21195938],[-121.5135485,36.21222421],[-121.51338711,36.2123839],[-121.51324463,36.21254288],[-121.51285806,36.2127418],[-121.51229383,36.2131471],[-121.5115286,36.21368286],[-121.51112311,36.21388249],[-121.5109698,36.21390444],[-121.51054034,36.21396594],[-121.51037101,36.21398769],[-121.51017044,36.21419802],[-121.51006712,36.21430636],[-121.50969375,36.21473515],[-121.50937094,36.21505453],[-121.5091726,36.21523097],[-121.50878424,36.21539922],[-121.50760505,36.21565877],[-121.50655385,36.21583667],[-121.50612081,36.21598073],[-121.50603308,36.21600991],[-121.50495549,36.21638847],[-121.50438062,36.21660983],[-121.50412903,36.2168497],[-121.50377453,36.21727777],[-121.50328501,36.2183253],[-121.50326922,36.21835575],[-121.50311435,36.21865429],[-121.50274004,36.21906774],[-121.50225196,36.21936748],[-121.50187313,36.2191134],[-121.50158337,36.21888757],[-121.50118334,36.21861606],[-121.50113642,36.21859415],[-121.50098583,36.21852382],[-121.50064147,36.21841842],[-121.50027232,36.21828281],[-121.5001528,36.21825602],[-121.49984392,36.2181868]]]},"properties":{"OBJECTID":1097715,"COUNTY":"MONTEREY","CITY":"MRY","ZONE_NAME":null,"ZONE_ID":"US-CA-XMY-MRY-F031-B","STATUS":"Evacuation Warning","EVENT_TYPE":null,"CRITICAL_INFO":null,"PUBLIC_INFO":null,"EDIT_DATE":1787515218000,"STATEWIDE_LAST_UPDATED":null,"NOTES":"Timber Fire","SHAPE__Area":126847501.66796875,"SHAPE__Length":60690.9820102553,"GlobalID":"0801ca7f-dcd0-47dd-b64f-6c1645479dd1","CreationDate":1788335714107,"Creator":"CalOES_Scripts","EditDate":1788335714107,"Editor":"CalOES_Scripts"}},{"type":"Feature","id":1097718,"geometry":{"type":"Polygon","coordinates":[[[-121.78615033,36.37645881],[-121.78568238,36.37632542],[-121.78525915,36.37607936],[-121.78480304,36.37576649],[-121.7836616,36.37522383],[-121.78308242,36.37485982],[-121.78282348,36.37471484],[-121.78268813,36.37459874],[-121.78236683,36.3742381],[-121.78203302,36.37379712],[-121.78166339,36.37316313],[-121.78111935,36.37265801],[-121.78050658,36.37233907],[-121.78010445,36.37210109],[-121.77954307,36.37174771],[-121.7790447,36.3714102],[-121.77823235,36.37103536],[-121.77773926,36.37092499],[-121.77726547,36.370747],[-121.77681513,36.37066916],[-121.7767778,36.37065408],[-121.77650669,36.37043025],[-121.77630565,36.36982319],[-121.77616895,36.36929443],[-121.77615521,36.36907004],[-121.77593868,36.36865695],[-121.775586,36.36829149],[-121.77499743,36.36804795],[-121.77496461,36.36804927],[-121.77445985,36.36806948],[-121.77407835,36.36808477],[-121.77365255,36.36822835],[-121.77322778,36.36810477],[-121.77284544,36.36794952],[-121.77249455,36.36786453],[-121.77225341,36.36780637],[-121.77176922,36.36776344],[-121.7713795,36.36772889],[-121.77044019,36.36745043],[-121.77032808,36.36741818],[-121.76989625,36.36735243],[-121.76965434,36.36726642],[-121.76943423,36.36718815],[-121.7691966,36.36728201],[-121.76904143,36.36739622],[-121.76891381,36.36749015],[-121.76855461,36.36787005],[-121.76824762,36.36796668],[-121.7678522,36.36803874],[-121.76735016,36.36807288],[-121.7671151,36.36820881],[-121.76664412,36.36846664],[-121.7662226,36.36868032],[-121.76582717,36.36875237],[-121.76543689,36.36890857],[-121.76500764,36.36899602],[-121.76452016,36.36926857],[-121.76421487,36.36939324],[-121.76377942,36.36966371],[-121.76359362,36.36977675],[-121.76326717,36.36976076],[-121.77219496,36.28177647],[-121.77249904,36.28162942],[-121.77273556,36.28152155],[-121.77285852,36.28154475],[-121.77290395,36.28156568],[-121.77290817,36.28156762],[-121.77305506,36.2816353],[-121.77331546,36.28183962],[-121.77383928,36.28225063],[-121.77409089,36.28244637],[-121.77440737,36.28269256],[-121.77444978,36.2827235],[-121.7747283,36.28287583],[-121.77486859,36.28289833],[-121.77512414,36.28281781],[-121.77550352,36.28277451],[-121.77578238,36.28279146],[-121.77606468,36.28286452],[-121.77609801,36.28287297],[-121.77639979,36.28294951],[-121.77664316,36.28295383],[-121.77696642,36.28294088],[-121.777153,36.28300087],[-121.77727361,36.28304105],[-121.77760085,36.2831626],[-121.7777178,36.28320603],[-121.777991,36.28343835],[-121.77817571,36.2835954],[-121.77860517,36.28393208],[-121.77870462,36.28401004],[-121.77924657,36.28435386],[-121.77968374,36.28468782],[-121.78030717,36.28494402],[-121.78096439,36.28518481],[-121.78150379,36.28548654],[-121.78171028,36.28566311],[-121.78198685,36.28589959],[-121.78227337,36.28614458],[-121.78289922,36.28672402],[-121.7832541,36.28713156],[-121.78359774,36.28741849],[-121.78408098,36.28759047],[-121.78454492,36.28762527],[-121.78469157,36.28763627],[-121.78528286,36.28777453],[-121.78587196,36.28791228],[-121.7861517,36.28794323],[-121.78646351,36.28793072],[-121.78687239,36.28780185],[-121.78726481,36.28768769],[-121.78758679,36.2877157],[-121.78781243,36.28776938],[-121.78784334,36.28777694],[-121.78808758,36.28779526],[-121.78834742,36.28778483],[-121.78872681,36.28774148],[-121.78913092,36.28769619],[-121.78931321,36.28767576],[-121.78981987,36.28772572],[-121.79065315,36.2879052],[-121.79074272,36.28793128],[-121.7908591,36.28796516],[-121.79129977,36.28835517],[-121.79185003,36.28895653],[-121.79212486,36.28906715],[-121.79249208,36.28910863],[-121.79290956,36.28911998],[-121.79351845,36.28913769],[-121.79400607,36.28916027],[-121.79445819,36.28917022],[-121.7946141,36.28916395],[-121.79496056,36.28915003],[-121.79535039,36.28899377],[-121.79540089,36.28899562],[-121.79571589,36.2890072],[-121.79609672,36.28920266],[-121.79632552,36.2893201],[-121.79711624,36.28947107],[-121.79759429,36.28962055],[-121.79809838,36.28962839],[-121.79874891,36.2894757],[-121.79910925,36.28940497],[-121.79957267,36.28931603],[-121.79979184,36.2892088],[-121.80012937,36.28914587],[-121.80027258,36.28911916],[-121.80035067,36.28911602],[-121.8005151,36.2891094],[-121.80078193,36.28892996],[-121.80099077,36.28865444],[-121.80114763,36.28838101],[-121.80131762,36.28775558],[-121.80145457,36.28744078],[-121.80166513,36.28719331],[-121.80194152,36.28688695],[-121.80217724,36.28648381],[-121.80232376,36.2860421],[-121.80250235,36.28555691],[-121.80257373,36.28543716],[-121.80269126,36.28524001],[-121.80282647,36.2852482],[-121.80297013,36.2852569],[-121.80328796,36.28534252],[-121.80354176,36.28523389],[-121.80388122,36.28538892],[-121.80391886,36.28539667],[-121.80096241,36.35849789],[-121.80059703,36.35877252],[-121.80021787,36.35924643],[-121.80019237,36.35926172],[-121.79991614,36.35942728],[-121.79962476,36.35977642],[-121.79935856,36.35996991],[-121.79907157,36.36010799],[-121.79891381,36.36010555],[-121.79873273,36.36010275],[-121.79856703,36.36010018],[-121.79848707,36.36003266],[-121.79832868,36.3598989],[-121.79787011,36.35979082],[-121.79771239,36.3598192],[-121.79716527,36.3599176],[-121.79616825,36.36009831],[-121.79586995,36.36033525],[-121.79588366,36.36084081],[-121.79587227,36.36122086],[-121.79569275,36.36141084],[-121.79529472,36.36172209],[-121.79508734,36.36230684],[-121.79480541,36.36281024],[-121.79460596,36.36295885],[-121.7944091,36.36314953],[-121.79433534,36.36336338],[-121.79435172,36.36362983],[-121.79454064,36.3638753],[-121.79460559,36.36408356],[-121.79461939,36.36430795],[-121.79470858,36.36462771],[-121.79502224,36.36520556],[-121.79521289,36.36547906],[-121.79543304,36.36566703],[-121.79555951,36.36602747],[-121.79551526,36.36615578],[-121.795235,36.3661774],[-121.79513463,36.36618515],[-121.7949589,36.36622988],[-121.79474099,36.36628534],[-121.79460908,36.36668429],[-121.79453091,36.36710919],[-121.79445996,36.36752955],[-121.79445446,36.36756215],[-121.79437888,36.36802913],[-121.79436748,36.36840917],[-121.79438818,36.36874575],[-121.79438676,36.36884212],[-121.79437325,36.36975569],[-121.79437134,36.36988518],[-121.79411631,36.37026097],[-121.79381797,36.37049791],[-121.79352135,36.37076289],[-121.79331834,36.37113659],[-121.79324802,36.37140653],[-121.79328002,36.37164424],[-121.79340217,36.37193456],[-121.79345324,36.37219962],[-121.79343408,36.37245345],[-121.79327102,36.37262871],[-121.79289726,36.37277027],[-121.79250789,36.37294058],[-121.79211765,36.37309686],[-121.79173517,36.37337935],[-121.79111325,36.37400888],[-121.79080789,36.3744148],[-121.79065085,36.37468822],[-121.79049208,36.37493361],[-121.79030725,36.37532062],[-121.79008697,36.37541383],[-121.78962821,36.37558691],[-121.7892917,36.37576914],[-121.78878177,36.37595833],[-121.78836199,36.37620014],[-121.78795611,36.37638515],[-121.78733609,36.37648035],[-121.78686784,36.37649916],[-121.78656118,36.37648192],[-121.78615033,36.37645881]]]},"properties":{"OBJECTID":1097718,"COUNTY":"MONTEREY","CITY":"MRY","ZONE_NAME":null,"ZONE_ID":"US-CA-XMY-MRY-F015-B","STATUS":"Evacuation Order","EVENT_TYPE":null,"CRITICAL_INFO":null,"PUBLIC_INFO":null,"EDIT_DATE":1787688014000,"STATEWIDE_LAST_UPDATED":null,"NOTES":"Effective immediately, The Monterey County Sheriff’s Office has issued an Evacuation Order for the following Evacuation Zones: MRY-F015-B and MRY-F023-B","SHAPE__Area":44289116.390625,"SHAPE__Length":33518.584440087463,"GlobalID":"145f5a9c-1573-4b57-b97e-cac80c6105a7","CreationDate":1788335714107,"Creator":"CalOES_Scripts","EditDate":1788335714107,"Editor":"CalOES_Scripts"}},{"type":"Feature","id":1097722,"geometry":{"type":"Polygon","coordinates":[[[-119.00793534,36.05620523],[-119.00792992,36.05620403],[-119.00739118,36.05608524],[-119.0040543,36.0542285],[-119.00091118,36.05479994],[-118.99733194,36.05411908],[-118.99197812,36.0543744],[-118.9918863,36.05436356],[-118.9918553,36.05381633],[-118.99356282,36.05387701],[-118.99718383,36.05369404],[-119.00040868,36.05438014],[-119.00227576,36.05383125],[-119.00354877,36.05380838],[-119.00417114,36.05403708],[-119.006604,36.05486042],[-119.00803219,36.05494595],[-119.00793534,36.05620523]]]},"properties":{"OBJECTID":1097722,"COUNTY":"TULARE","CITY":"PVL","ZONE_NAME":null,"ZONE_ID":"US-CA-XTU-PVL-E042","STATUS":"Evacuation Order","EVENT_TYPE":null,"CRITICAL_INFO":null,"PUBLIC_INFO":null,"EDIT_DATE":1695249188000,"STATEWIDE_LAST_UPDATED":null,"NOTES":"Flooding","SHAPE__Area":129003.35546875,"SHAPE__Length":3995.5603295714513,"GlobalID":"391443c9-8ded-45bd-afdd-e51a7623c159","CreationDate":1788335714107,"Creator":"CalOES_Scripts","EditDate":1788335714107,"Editor":"CalOES_Scripts"}},{"type":"Feature","id":1097724,"geometry":{"type":"Polygon","coordinates":[[[-121.70713711,36.20608068],[-121.70723606,36.20628187],[-121.70732766,36.20646887],[-121.70735806,36.20660994],[-121.70745733,36.20677407],[-121.70751833,36.20694567],[-121.70759466,36.20712114],[-121.70767093,36.20727754],[-121.70772433,36.20738054],[-121.70792273,36.20758654],[-121.70802186,36.20764374],[-121.70809826,36.20775434],[-121.70825073,36.20807107],[-121.70838806,36.20826934],[-121.70847206,36.20847154],[-121.70855606,36.20863934],[-121.70859413,36.20875767],[-121.70858646,36.20889494],[-121.70864753,36.20906667],[-121.70859406,36.20920774],[-121.70860166,36.20936794],[-121.70864753,36.20954347],[-121.70867806,36.20970374],[-121.70866286,36.20984867],[-121.70867806,36.20995554],[-121.70870093,36.21014614],[-121.70873146,36.21027594],[-121.70873133,36.21037134],[-121.70875433,36.21053527],[-121.70887093,36.21147201],[-121.708936,36.21237235],[-121.70905501,36.2129805],[-121.70915419,36.21344461],[-121.7093823,36.21401274],[-121.70943189,36.21441283],[-121.70960049,36.21486092],[-121.70966,36.215221],[-121.70962007,36.21546535],[-121.70974733,36.21547131],[-121.7097643,36.21545795],[-121.70995102,36.21588213],[-121.70994809,36.21642406],[-121.70974102,36.21654189],[-121.70953915,36.21660483],[-121.70942353,36.21667118],[-121.70936111,36.217031],[-121.70928222,36.21721383],[-121.70921979,36.217301],[-121.70912736,36.21737927],[-121.70874989,36.21745139],[-121.70852269,36.21737865],[-121.70843506,36.21728974],[-121.70843204,36.21720738],[-121.7084721,36.21708003],[-121.70851658,36.21700415],[-121.70871721,36.2167379],[-121.70888706,36.21655308],[-121.70893695,36.21642111],[-121.70892759,36.21628508],[-121.70893114,36.21601549],[-121.70888735,36.21587202],[-121.7087826,36.21577459],[-121.7087784,36.21577475],[-121.70873737,36.21575071],[-121.70861085,36.21569115],[-121.70840787,36.21568609],[-121.70819237,36.21575839],[-121.70795114,36.21596753],[-121.70785179,36.21603268],[-121.7077483,36.2160852],[-121.70747314,36.2161424],[-121.70724053,36.21617466],[-121.70705523,36.21623878],[-121.70689579,36.21635621],[-121.70666127,36.21641983],[-121.70648294,36.21635891],[-121.70642054,36.21629146],[-121.70636673,36.21618648],[-121.70637989,36.21588218],[-121.70636777,36.21578361],[-121.706328,36.21572912],[-121.7062298,36.21569469],[-121.70596238,36.21578838],[-121.70576788,36.21583084],[-121.70556041,36.21585454],[-121.70516275,36.21574675],[-121.70481004,36.21572561],[-121.70466413,36.21574611],[-121.70455265,36.21584228],[-121.70443813,36.2159119],[-121.70408462,36.21603174],[-121.70382945,36.21611256],[-121.70368273,36.21606425],[-121.70360134,36.21600847],[-121.70350886,36.21587264],[-121.70354631,36.21573046],[-121.70382079,36.21550698],[-121.70412025,36.2153319],[-121.70415233,36.21530193],[-121.70417239,36.21526779],[-121.70413191,36.21505985],[-121.70417614,36.2149503],[-121.70420873,36.21483596],[-121.70421872,36.21463547],[-121.70413438,36.21450171],[-121.70406431,36.21442721],[-121.70396071,36.21439349],[-121.70369676,36.21441783],[-121.70337359,36.21458709],[-121.70314767,36.21462399],[-121.70292992,36.21449617],[-121.70290076,36.2145013],[-121.70289812,36.21446847],[-121.70271381,36.21436719],[-121.70258381,36.21427979],[-121.70222751,36.21413994],[-121.70213121,36.21409138],[-121.7020301,36.21400592],[-121.70197495,36.21399405],[-121.70193263,36.21392208],[-121.70189855,36.2139018],[-121.701838,36.21380736],[-121.70174361,36.21361637],[-121.70167449,36.21351464],[-121.70157092,36.21340546],[-121.70133823,36.21327527],[-121.70116315,36.21320814],[-121.70077062,36.21310405],[-121.70051003,36.21311918],[-121.70029982,36.21327348],[-121.70017298,36.2133984],[-121.70008547,36.21345878],[-121.70000059,36.21349593],[-121.69991917,36.21348503],[-121.69984009,36.21344546],[-121.69953469,36.21300046],[-121.69940269,36.21279401],[-121.69923074,36.21262709],[-121.69881733,36.21274655],[-121.69866129,36.21274861],[-121.69850657,36.21268252],[-121.69805589,36.21263289],[-121.69793967,36.21253148],[-121.69783036,36.21244264],[-121.69764225,36.21215946],[-121.69750659,36.21197288],[-121.69718066,36.2118385],[-121.696923,36.21165584],[-121.69663963,36.21169718],[-121.69639064,36.21172217],[-121.69601675,36.21150325],[-121.69576552,36.21128889],[-121.69562878,36.21119817],[-121.6954168,36.21117182],[-121.69500781,36.21123826],[-121.69442198,36.2111754],[-121.69392015,36.21113995],[-121.69355175,36.21106523],[-121.69310941,36.21084765],[-121.69290213,36.21083538],[-121.69264293,36.21081588],[-121.6925346,36.21079565],[-121.69244556,36.21073179],[-121.69234664,36.2106764],[-121.69214013,36.21066163],[-121.69202877,36.21070009],[-121.69190844,36.2107732],[-121.69170437,36.21085569],[-121.69141917,36.21088178],[-121.69100843,36.2111395],[-121.69087062,36.21124144],[-121.69074402,36.21129372],[-121.69061625,36.21125845],[-121.69016511,36.21092808],[-121.6898813,36.2104815],[-121.68968841,36.21028537],[-121.68941867,36.21017845],[-121.68909936,36.21017578],[-121.68869601,36.21030117],[-121.68844134,36.21031217],[-121.68800454,36.21023237],[-121.68759862,36.21025119],[-121.68715488,36.21024212],[-121.68668823,36.21026401],[-121.68659301,36.21020812],[-121.68652184,36.21012664],[-121.68641705,36.20995996],[-121.68633314,36.20974464],[-121.68629935,36.20965974],[-121.68625136,36.20959677],[-121.68617569,36.20954534],[-121.68595843,36.20948663],[-121.68571556,36.20950186],[-121.68526554,36.20938291],[-121.68467456,36.20930596],[-121.68422458,36.2093227],[-121.68386672,36.20939609],[-121.6837297,36.2093411],[-121.68358489,36.20920157],[-121.68317717,36.20916411],[-121.68305276,36.20927942],[-121.68301474,36.20936094],[-121.68305171,36.2094417],[-121.68319942,36.2095731],[-121.68315773,36.20967661],[-121.6830133,36.20980115],[-121.68289703,36.20990055],[-121.68256433,36.21006068],[-121.68245614,36.21029146],[-121.68239709,36.21041549],[-121.68233594,36.21057108],[-121.68225358,36.21064706],[-121.68214464,36.21067573],[-121.68198782,36.21070121],[-121.68161939,36.21074002],[-121.68111396,36.21078964],[-121.68091976,36.2106765],[-121.68069086,36.21044063],[-121.68039815,36.21025636],[-121.6802177,36.21021972],[-121.68011342,36.21014302],[-121.6799366,36.2100512],[-121.67977071,36.21004216],[-121.6794337,36.21004012],[-121.67918692,36.20999403],[-121.67898007,36.21001145],[-121.6788485,36.21017628],[-121.67877694,36.21025559],[-121.67865987,36.21028968],[-121.67856116,36.21026646],[-121.67813475,36.21000731],[-121.67794085,36.20993088],[-121.67783385,36.20982775],[-121.67777253,36.20971011],[-121.67770457,36.20961433],[-121.67772609,36.20951502],[-121.67771813,36.20941789],[-121.67769548,36.20935027],[-121.67759064,36.20933692],[-121.67732458,36.20935764],[-121.67722735,36.20939394],[-121.67719083,36.20947095],[-121.67715446,36.20951971],[-121.67708092,36.20957818],[-121.67697658,36.20961206],[-121.67677703,36.20963828],[-121.6764809,36.2096711],[-121.67631815,36.20972239],[-121.6761765,36.20981765],[-121.67600038,36.20991334],[-121.67572118,36.20990411],[-121.67541296,36.20978138],[-121.67502155,36.20957856],[-121.67495055,36.20949687],[-121.67482843,36.20927655],[-121.67478426,36.20919835],[-121.67479,36.2090723],[-121.67470657,36.20884885],[-121.67457271,36.20871606],[-121.67425343,36.20859254],[-121.67408977,36.20852847],[-121.6739353,36.20843027],[-121.67388984,36.20824719],[-121.67383349,36.20813282],[-121.673821,36.20783441],[-121.67365746,36.20774066],[-121.67351124,36.207762],[-121.67332992,36.20779858],[-121.67320051,36.20779067],[-121.67309785,36.20775851],[-121.67303918,36.20771792],[-121.67295749,36.20758683],[-121.67290742,36.20742556],[-121.67279852,36.20736667],[-121.67252944,36.20731139],[-121.6723094,36.20722907],[-121.67213449,36.20709007],[-121.67203859,36.20692082],[-121.67206922,36.20672095],[-121.67222152,36.20650267],[-121.67239936,36.20627482],[-121.67241215,36.20621689],[-121.67239054,36.20615225],[-121.67232474,36.20609235],[-121.6721541,36.20597734],[-121.6719331,36.2058504],[-121.67184354,36.20571693],[-121.67180069,36.20559886],[-121.6716916,36.20519259],[-121.67163207,36.20485781],[-121.67159917,36.20476048],[-121.67154651,36.20468131],[-121.67142141,36.20453317],[-121.67134755,36.20447629],[-121.67124902,36.20438818],[-121.67115097,36.20424283],[-121.67104992,36.20415153],[-121.67095423,36.20410251],[-121.67074391,36.20406261],[-121.67047454,36.20400867],[-121.67011499,36.20375906],[-121.67002455,36.2036641],[-121.66992735,36.20352331],[-121.66979469,36.20331818],[-121.66960417,36.20320776],[-121.66934018,36.203129],[-121.66921192,36.20307754],[-121.6686178,36.20246374],[-121.66841083,36.20220775],[-121.66831179,36.2020131],[-121.66829056,36.20190577],[-121.66829925,36.20186291],[-121.66826695,36.20170194],[-121.66827489,36.20161043],[-121.66829689,36.2013629],[-121.6682631,36.20121244],[-121.66815188,36.20101282],[-121.66810663,36.20087835],[-121.66813256,36.2005879],[-121.66813897,36.2005161],[-121.66813721,36.20040454],[-121.66812864,36.20036206],[-121.66812404,36.20028748],[-121.66813359,36.20026197],[-121.6680354,36.20019665],[-121.66761237,36.19999535],[-121.66712539,36.19990339],[-121.66645299,36.19978499],[-121.66602189,36.19963084],[-121.66560074,36.19937108],[-121.66494278,36.19894958],[-121.66486031,36.19887594],[-121.66470284,36.19873535],[-121.66446662,36.19831052],[-121.66424035,36.19778008],[-121.66405427,36.1973796],[-121.66396257,36.19726977],[-121.66380967,36.19708663],[-121.66347416,36.19690244],[-121.66339753,36.19686036],[-121.67316907,36.19047708],[-121.70713711,36.20608068]]]},"properties":{"OBJECTID":1097724,"COUNTY":"MONTEREY","CITY":"MRY","ZONE_NAME":null,"ZONE_ID":"US-CA-XMY-MRY-F028-C","STATUS":"Evacuation Order","EVENT_TYPE":null,"CRITICAL_INFO":null,"PUBLIC_INFO":null,"EDIT_DATE":1787430683000,"STATEWIDE_LAST_UPDATED":null,"NOTES":"The Monterey County Sheriff's Office is issuing an EVACUATION ORDER for Zone MRY-F028-C","SHAPE__Area":8312095.88671875,"SHAPE__Length":15202.136099313568,"GlobalID":"31c73e01-46ae-473b-a814-94dd3f9b1d56","CreationDate":1788335714107,"Creator":"CalOES_Scripts","EditDate":1788335714107,"Editor":"CalOES_Scripts"}},{"type":"Feature","id":1097726,"geometry":{"type":"Polygon","coordinates":[[[-119.02614973,36.05723153],[-119.0261438,36.0570697],[-119.0261346,36.0567991],[-119.02613127,36.05670178],[-119.02918145,36.05752364],[-119.03301385,36.05880857],[-119.03512778,36.05938244],[-119.03579421,36.0595524],[-119.03791805,36.06009404],[-119.03849882,36.06017579],[-119.03924344,36.0602806],[-119.0392347,36.0608653],[-119.03923501,36.06098307],[-119.03700112,36.06058049],[-119.03487695,36.05996994],[-119.03401154,36.05993178],[-119.03283145,36.05941027],[-119.03130519,36.05893963],[-119.03042405,36.05865978],[-119.02925969,36.05820186],[-119.0272142,36.05741321],[-119.02614973,36.05723153]]]},"properties":{"OBJECTID":1097726,"COUNTY":"TULARE","CITY":"PVL","ZONE_NAME":null,"ZONE_ID":"US-CA-XTU-PVL-E032","STATUS":"Evacuation Order","EVENT_TYPE":null,"CRITICAL_INFO":null,"PUBLIC_INFO":null,"EDIT_DATE":1695249188000,"STATEWIDE_LAST_UPDATED":null,"NOTES":"Flooding","SHAPE__Area":131817.57421875,"SHAPE__Length":3269.8649269497946,"GlobalID":"6dd676fe-9b92-44c6-827a-82f47de49b7c","CreationDate":1788335714107,"Creator":"CalOES_Scripts","EditDate":1788335714107,"Editor":"CalOES_Scripts"}},{"type":"Feature","id":1097728,"geometry":{"type":"Polygon","coordinates":[[[-119.05750879,36.05476396],[-119.05751181,36.05514409],[-119.05601222,36.05521834],[-119.0511452,36.05500832],[-119.04711913,36.05624433],[-119.04610482,36.05715066],[-119.0455668,36.05784284],[-119.04478823,36.05861182],[-119.04471489,36.05954423],[-119.04287378,36.06050594],[-119.04001297,36.06100968],[-119.03923504,36.06099434],[-119.0392347,36.0608653],[-119.03924344,36.0602806],[-119.03949898,36.06031657],[-119.03955298,36.06032417],[-119.03974258,36.06030653],[-119.04028598,36.06025597],[-119.04119542,36.06003102],[-119.04333158,36.05950264],[-119.04372658,36.05927397],[-119.04485518,36.05829044],[-119.04521535,36.05780571],[-119.04635125,36.05627697],[-119.04671805,36.05595677],[-119.05091965,36.05463177],[-119.05148358,36.05458624],[-119.05647318,36.05468077],[-119.0574633,36.05474012],[-119.05751088,36.05474297],[-119.05750879,36.05476396]]]},"properties":{"OBJECTID":1097728,"COUNTY":"TULARE","CITY":"PVL","ZONE_NAME":null,"ZONE_ID":"US-CA-XTU-PVL-E030","STATUS":"Evacuation Order","EVENT_TYPE":null,"CRITICAL_INFO":null,"PUBLIC_INFO":null,"EDIT_DATE":1695249188000,"STATEWIDE_LAST_UPDATED":null,"NOTES":"Flooding","SHAPE__Area":160517.91796875,"SHAPE__Length":4876.2344771372282,"GlobalID":"45a63829-f723-41a4-ace4-7f53443f40df","CreationDate":1788335714107,"Creator":"CalOES_Scripts","EditDate":1788335714107,"Editor":"CalOES_Scripts"}},{"type":"Feature","id":1097729,"geometry":{"type":"Polygon","coordinates":[[[-121.71524569,36.19235994],[-121.71521844,36.19236267],[-121.71516463,36.19235091],[-121.71507186,36.19229353],[-121.71489646,36.19223247],[-121.71470573,36.19214487],[-121.71448446,36.19211427],[-121.71429366,36.19217527],[-121.71411806,36.19225927],[-121.71395793,36.19241553],[-121.71375186,36.19256447],[-121.71365273,36.19259493],[-121.71354586,36.19274747],[-121.71343132,36.19288107],[-121.71328653,36.19299927],[-121.71311873,36.19314807],[-121.71304226,36.19319767],[-121.71292793,36.19328533],[-121.71284393,36.19338447],[-121.71273713,36.19346073],[-121.71263786,36.19360587],[-121.71253113,36.19373553],[-121.71247773,36.19387273],[-121.71238613,36.19398727],[-121.71227173,36.19415507],[-121.71218786,36.19431527],[-121.71217253,36.19446407],[-121.71210386,36.19456707],[-121.71205813,36.19466247],[-121.71196653,36.19481113],[-121.71192846,36.19496753],[-121.71183673,36.19518127],[-121.71174533,36.19533374],[-121.71167666,36.19545973],[-121.71153166,36.19568093],[-121.71140193,36.19586027],[-121.71133326,36.19595554],[-121.71119586,36.19611573],[-121.71108146,36.19619593],[-121.71092126,36.19626467],[-121.71079146,36.19643247],[-121.71066173,36.19655067],[-121.71051686,36.19672993],[-121.71037186,36.19690547],[-121.71030326,36.19700467],[-121.71022693,36.19722967],[-121.71014293,36.19747767],[-121.71008193,36.19772933],[-121.71004386,36.19798494],[-121.71003613,36.19814147],[-121.71003626,36.19831313],[-121.70998286,36.19853807],[-121.70995226,36.19864107],[-121.70992166,36.19878227],[-121.70983773,36.19891954],[-121.70979193,36.19908747],[-121.70976146,36.19923994],[-121.70973106,36.19948034],[-121.70971566,36.19963674],[-121.70967753,36.19978174],[-121.70966226,36.19985414],[-121.70957833,36.20002574],[-121.70950213,36.20021274],[-121.70946393,36.20038433],[-121.70940286,36.20056754],[-121.70930373,36.20082307],[-121.70923506,36.20101394],[-121.70914346,36.20122367],[-121.70905186,36.20137247],[-121.70898326,36.20149833],[-121.70884586,36.20156314],[-121.70870093,36.20154034],[-121.70856353,36.20152494],[-121.70838813,36.20146394],[-121.70819733,36.20139913],[-121.70807526,36.20137234],[-121.70793793,36.20134953],[-121.70780813,36.20133807],[-121.70767086,36.20136487],[-121.70753366,36.20139534],[-121.70740386,36.20142194],[-121.70728173,36.20146394],[-121.70717493,36.20155167],[-121.70706826,36.20165467],[-121.70699186,36.20173854],[-121.70696126,36.20184927],[-121.70690793,36.20202467],[-121.70687746,36.20218494],[-121.70685446,36.20229554],[-121.70680113,36.20243287],[-121.70670192,36.20254734],[-121.70659506,36.20264654],[-121.70650366,36.20269607],[-121.70635086,36.20272274],[-121.70619066,36.20278767],[-121.70602273,36.20288294],[-121.70585492,36.20300127],[-121.70587786,36.20312714],[-121.70591606,36.20332934],[-121.70614486,36.20389394],[-121.70624406,36.20418007],[-121.70632793,36.20440514],[-121.70638146,36.20455767],[-121.70638146,36.20470647],[-121.70653406,36.20489334],[-121.70660273,36.20505354],[-121.70668666,36.20522907],[-121.70674766,36.20535874],[-121.70687746,36.20553807],[-121.70693073,36.20568307],[-121.70712166,36.20604927],[-121.70713711,36.20608068],[-121.67316907,36.19047708],[-121.68971016,36.17967158],[-121.69290049,36.17685114],[-121.6957416,36.17476359],[-121.69574332,36.17476752],[-121.69573217,36.17479626],[-121.69572692,36.17482492],[-121.69569779,36.17483963],[-121.69570431,36.17486811],[-121.69572839,36.17489158],[-121.69574659,36.17491513],[-121.69571746,36.17492984],[-121.69568233,36.17493987],[-121.6956593,36.17496402],[-121.69565993,36.17499259],[-121.69565467,36.17502124],[-121.6956612,36.17504973],[-121.69566183,36.1750783],[-121.69566835,36.17510678],[-121.69568076,36.17513518],[-121.69568139,36.17516375],[-121.69567614,36.1751924],[-121.6957059,36.17520626],[-121.69573566,36.17522012],[-121.69574807,36.17524851],[-121.69576627,36.17527207],[-121.69577279,36.17530055],[-121.69580318,36.17534298],[-121.69582138,36.17536653],[-121.69585671,36.17536602],[-121.69588648,36.17537988],[-121.69592171,36.1753746],[-121.69595683,36.17536457],[-121.69596798,36.17533583],[-121.69599101,36.17531168],[-121.69602645,36.17531593],[-121.69604465,36.17533948],[-121.69608009,36.17534373],[-121.69611563,36.17535275],[-121.69614476,36.17533804],[-121.69614413,36.17530947],[-121.69614939,36.17528081],[-121.69616054,36.17525207],[-121.6961599,36.17522351],[-121.69616411,36.17521265],[-121.69617105,36.17519477],[-121.69617409,36.17519513],[-121.69620649,36.17519902],[-121.69624204,36.17520803],[-121.69627716,36.17519799],[-121.69627653,36.17516943],[-121.6962759,36.17514086],[-121.69627527,36.17511229],[-121.69628052,36.17508364],[-121.69629767,36.17505957],[-121.69628525,36.17503117],[-121.69626117,36.17500771],[-121.69624876,36.17497931],[-121.69624813,36.17495074],[-121.69625927,36.174922],[-121.69624686,36.1748936],[-121.69623093,36.17488619],[-121.6962171,36.17487975],[-121.69620469,36.17485135],[-121.69618649,36.1748278],[-121.69616241,36.17480433],[-121.69616767,36.17477568],[-121.69618481,36.17475161],[-121.6961724,36.17472321],[-121.69617765,36.17469456],[-121.69618291,36.17466591],[-121.69618273,36.17465778],[-121.69618228,36.17463734],[-121.69617534,36.17458981],[-121.69618059,36.17456116],[-121.69616818,36.17453276],[-121.69614999,36.17450921],[-121.69613273,36.17450117],[-121.69612023,36.17449535],[-121.69610203,36.1744718],[-121.69609551,36.17444331],[-121.69605996,36.1744343],[-121.69604177,36.17441075],[-121.69601201,36.17439689],[-121.69599381,36.17437334],[-121.69599907,36.17434468],[-121.69599844,36.17431612],[-121.69599191,36.17428763],[-121.69598539,36.17425915],[-121.69594985,36.17425014],[-121.6959551,36.17422148],[-121.69596625,36.17419274],[-121.6959774,36.17416401],[-121.69599454,36.17413994],[-121.69601168,36.17411588],[-121.69602282,36.17408714],[-121.6960163,36.17405866],[-121.69599811,36.17403511],[-121.69599159,36.17400662],[-121.69600273,36.17397788],[-121.69601977,36.17394906],[-121.69603691,36.173925],[-121.69605405,36.17390093],[-121.69608928,36.17389566],[-121.69611831,36.17387619],[-121.69614743,36.17386148],[-121.69618277,36.17386097],[-121.69621274,36.17388435],[-121.6962016,36.17391309],[-121.69620223,36.17394166],[-121.69619108,36.1739704],[-121.69616805,36.17399454],[-121.69618625,36.1740181],[-121.6961751,36.17404684],[-121.69615796,36.1740709],[-121.6961527,36.17409955],[-121.69615334,36.17412812],[-121.69615986,36.1741566],[-121.69618265,36.17417881],[-121.69618394,36.17418007],[-121.6961862,36.17418034],[-121.69620829,36.17418299],[-121.69621938,36.17418432],[-121.69622515,36.17417622],[-121.69623652,36.17416026],[-121.69624767,36.17413152],[-121.69626481,36.17410746],[-121.69628195,36.17408339],[-121.69630498,36.17405924],[-121.69631613,36.17403051],[-121.69632138,36.17400185],[-121.69633853,36.17397779],[-121.69636766,36.17396308],[-121.69639658,36.17393885],[-121.69642549,36.17391461],[-121.69644263,36.17389055],[-121.69645378,36.17386181],[-121.69645315,36.17383324],[-121.69647029,36.17380918],[-121.69650573,36.17381343],[-121.69653475,36.17379396],[-121.69653412,36.17376539],[-121.69653349,36.17373682],[-121.69653286,36.17370825],[-121.69653812,36.1736796],[-121.6965725,36.17363623],[-121.69658964,36.17361217],[-121.69661877,36.17359746],[-121.69665421,36.17360171],[-121.69668965,36.17360596],[-121.69671878,36.17359125],[-121.69675433,36.17360026],[-121.69676085,36.17362875],[-121.69675559,36.1736574],[-121.69676212,36.17368588],[-121.69677453,36.17371428],[-121.69680439,36.1737329],[-121.69683426,36.17375152],[-121.69686413,36.17377014],[-121.69687065,36.17379862],[-121.69688885,36.17382218],[-121.69689537,36.17385066],[-121.69690778,36.17387906],[-121.69694333,36.17388807],[-121.69696163,36.17391638],[-121.69695637,36.17394503],[-121.69698613,36.17395889],[-121.69702136,36.17395362],[-121.6970385,36.17392956],[-121.69707352,36.17391476],[-121.69708467,36.17388602],[-121.69712021,36.17389503],[-121.69712674,36.17392352],[-121.69716207,36.173923],[-121.69717322,36.17389427],[-121.69720224,36.17387479],[-121.69722044,36.17389835],[-121.69724452,36.17392181],[-121.69727428,36.17393567],[-121.69729248,36.17395922],[-121.6973276,36.17394919],[-121.69735737,36.17396305],[-121.69738723,36.17398166],[-121.69742257,36.17398115],[-121.69745159,36.17396168],[-121.69746873,36.17393762],[-121.69749765,36.17391338],[-121.69749829,36.17394195],[-121.69748125,36.17397078],[-121.69747599,36.17399943],[-121.69748252,36.17402791],[-121.69748904,36.1740564],[-121.69752448,36.17406065],[-121.69755992,36.1740649],[-121.69754877,36.17409364],[-121.69754352,36.17412229],[-121.69753237,36.17415103],[-121.69753889,36.17417951],[-121.69757434,36.17418376],[-121.69760988,36.17419277],[-121.69763397,36.17421624],[-121.69766941,36.17422049],[-121.69767004,36.17424906],[-121.69766478,36.17427771],[-121.69766542,36.17430628],[-121.69765427,36.17433502],[-121.69761883,36.17433077],[-121.69760768,36.17435951],[-121.69759054,36.17438357],[-121.69756152,36.17440305],[-121.69755626,36.1744317],[-121.69754656,36.17445671],[-121.69754512,36.17446044],[-121.69750978,36.17446095],[-121.69748675,36.1744851],[-121.69747561,36.17451384],[-121.69748802,36.17454223],[-121.69749454,36.17457072],[-121.69750695,36.17459912],[-121.69748981,36.17462318],[-121.69747267,36.17464724],[-121.69744364,36.17466671],[-121.69741451,36.17468142],[-121.69739748,36.17471025],[-121.69739222,36.1747389],[-121.69736309,36.17475361],[-121.69732807,36.17476841],[-121.69729894,36.17478312],[-121.69728191,36.17481194],[-121.69727665,36.1748406],[-121.69725951,36.17486466],[-121.69724836,36.1748934],[-121.69722533,36.17491755],[-121.69720283,36.1749655],[-121.6971677,36.17497554],[-121.69715656,36.17500428],[-121.69713942,36.17502834],[-121.69711029,36.17504305],[-121.69709315,36.17506711],[-121.69709967,36.1750956],[-121.69711786,36.17511915],[-121.69712439,36.17514763],[-121.69709526,36.17516234],[-121.69707222,36.17518649],[-121.69707875,36.17521497],[-121.69707938,36.17524354],[-121.69709757,36.17526709],[-121.69712166,36.17529056],[-121.69715721,36.17529957],[-121.69719275,36.17530858],[-121.6972283,36.17531759],[-121.69723805,36.17531745],[-121.69726364,36.17531708],[-121.69729897,36.17531657],[-121.69733441,36.17532082],[-121.69736996,36.17532983],[-121.69739972,36.17534369],[-121.69742959,36.17536231],[-121.69743397,36.17536504],[-121.69745946,36.17538093],[-121.69748933,36.17539955],[-121.69752477,36.1754038],[-121.69756011,36.17540329],[-121.69759544,36.17540278],[-121.69763067,36.1753975],[-121.69766591,36.17539223],[-121.69770114,36.17538696],[-121.69773637,36.17538168],[-121.69777149,36.17537165],[-121.69780662,36.17536161],[-121.69784164,36.17534682],[-121.69787066,36.17532735],[-121.69789969,36.17530787],[-121.69792272,36.17528372],[-121.69793986,36.17525966],[-121.69796888,36.17524019],[-121.69799191,36.17521604],[-121.69801494,36.17519189],[-121.69803797,36.17516775],[-121.698061,36.1751436],[-121.69808403,36.17511945],[-121.69811306,36.17509998],[-121.69817163,36.17508484],[-121.69820707,36.17508909],[-121.69823621,36.17507438],[-121.69826533,36.17505967],[-121.69828248,36.1750356],[-121.6983116,36.17502089],[-121.69834074,36.17500618],[-121.69837597,36.17500091],[-121.69839311,36.17497685],[-121.69838069,36.17494845],[-121.69839783,36.17492439],[-121.69843296,36.17491435],[-121.69846209,36.17489964],[-121.69847923,36.17487558],[-121.69849637,36.17485151],[-121.6985194,36.17482737],[-121.69852631,36.17482273],[-121.69854842,36.17480789],[-121.69858365,36.17480262],[-121.69861889,36.17479735],[-121.69864791,36.17477787],[-121.69867704,36.17476316],[-121.69870691,36.17478178],[-121.69870816,36.17478464],[-121.69871932,36.17481018],[-121.6987434,36.17483365],[-121.69879126,36.17486629],[-121.69882102,36.17488015],[-121.69885079,36.17489401],[-121.69886898,36.17491756],[-121.69889874,36.17493142],[-121.69893429,36.17494043],[-121.69893955,36.17491177],[-121.69893891,36.17488321],[-121.69893828,36.17485464],[-121.69893765,36.17482607],[-121.69897288,36.1748208],[-121.69899696,36.17484426],[-121.69902105,36.17486773],[-121.69903346,36.17489613],[-121.69905166,36.17491968],[-121.69906985,36.17494323],[-121.69909394,36.17496669],[-121.69909457,36.17499526],[-121.69910109,36.17502374],[-121.69913664,36.17503276],[-121.69917197,36.17503224],[-121.69919017,36.1750558],[-121.6991908,36.17508436],[-121.69916777,36.17510851],[-121.69915063,36.17513258],[-121.69915127,36.17516114],[-121.69918682,36.17517015],[-121.69922194,36.17516012],[-121.6992517,36.17517398],[-121.6992699,36.17519753],[-121.69928809,36.17522108],[-121.69927095,36.17524514],[-121.69924193,36.17526461],[-121.69921291,36.17528409],[-121.69920176,36.17531283],[-121.69922585,36.17533629],[-121.69925561,36.17535015],[-121.69928548,36.17536877],[-121.69930367,36.17539232],[-121.69932776,36.17541579],[-121.69935752,36.17542964],[-121.69937572,36.17545319],[-121.69935868,36.17548202],[-121.69938866,36.1755054],[-121.6994241,36.17550965],[-121.69945944,36.17550914],[-121.69949498,36.17551815],[-121.69952475,36.175532],[-121.69955472,36.17555538],[-121.69957292,36.17557894],[-121.699597,36.1756024],[-121.69959764,36.17563097],[-121.69961583,36.17565452],[-121.69965117,36.17565401],[-121.6996518,36.17568258],[-121.69964066,36.17571132],[-121.69962352,36.17573538],[-121.69961237,36.17576412],[-121.69959523,36.17578818],[-121.6995599,36.1757887],[-121.69954276,36.17581276],[-121.69956095,36.17583631],[-121.69956748,36.17586479],[-121.69958567,36.17588834],[-121.6996148,36.17587363],[-121.69963194,36.17584957],[-121.69964908,36.17582551],[-121.69966622,36.17580144],[-121.69969535,36.17578673],[-121.69971355,36.17581028],[-121.69970829,36.17583894],[-121.69969715,36.17586768],[-121.699686,36.17589641],[-121.69969252,36.1759249],[-121.69971072,36.17594845],[-121.69972892,36.175972],[-121.69972955,36.17600057],[-121.69971252,36.17602939],[-121.69970137,36.17605813],[-121.69968423,36.1760822],[-121.69967897,36.17611085],[-121.69967961,36.17613942],[-121.69966846,36.17616816],[-121.69963944,36.17618763],[-121.69961641,36.17621178],[-121.6995877,36.17624554],[-121.69955942,36.17629834],[-121.69958918,36.1763122],[-121.69961905,36.17633081],[-121.69962557,36.1763593],[-121.69962613,36.17638435],[-121.6996262,36.17638787],[-121.69963273,36.17641635],[-121.69965681,36.17643981],[-121.69966207,36.17641116],[-121.69966449,36.17639794],[-121.69966733,36.17638251],[-121.69967847,36.17635377],[-121.69970749,36.1763343],[-121.69972463,36.17631023],[-121.69975366,36.17629076],[-121.69978879,36.17628072],[-121.69982402,36.17627545],[-121.69985914,36.17626542],[-121.69988827,36.1762507],[-121.69992382,36.17625971],[-121.69993034,36.1762882],[-121.69994854,36.17631175],[-121.69994328,36.1763404],[-121.69992625,36.17636923],[-121.69993277,36.17639771],[-121.6999393,36.17642619],[-121.69994582,36.17645468],[-121.69995234,36.17648316],[-121.69995886,36.17651164],[-121.69994172,36.17653571],[-121.69994236,36.17656428],[-121.69997223,36.17658289],[-121.70000756,36.17658238],[-121.70000231,36.17661104],[-121.69998527,36.17663986],[-121.69996224,36.17666401],[-121.6999451,36.17668807],[-121.69992796,36.17671214],[-121.69995205,36.1767356],[-121.69997613,36.17675907],[-121.69998855,36.17678747],[-121.70000674,36.17681102],[-121.70000738,36.17683958],[-121.69999623,36.17686832],[-121.70000276,36.17689681],[-121.6999975,36.17692546],[-121.70000402,36.17695394],[-121.69999877,36.1769826],[-121.69996354,36.17698787],[-121.69995239,36.17701661],[-121.69992936,36.17704076],[-121.69989949,36.17702214],[-121.69986426,36.17702741],[-121.69982913,36.17703745],[-121.69979359,36.17702844],[-121.69977687,36.17701802],[-121.69976372,36.17700982],[-121.69973963,36.17698635],[-121.69972249,36.17701042],[-121.69971134,36.17703916],[-121.6997002,36.1770679],[-121.69969494,36.17709655],[-121.69969558,36.17712512],[-121.69969621,36.17715369],[-121.69969644,36.17716385],[-121.69969684,36.17718226],[-121.69969748,36.17721082],[-121.699704,36.17723931],[-121.69971052,36.17726779],[-121.69971705,36.17729627],[-121.69972357,36.17732476],[-121.69973009,36.17735324],[-121.69974251,36.17738164],[-121.6997607,36.17740519],[-121.6997789,36.17742874],[-121.6997971,36.17745229],[-121.69981529,36.17747584],[-121.69981593,36.17750441],[-121.69981656,36.17753298],[-121.69979942,36.17755704],[-121.69977039,36.17757651],[-121.69973484,36.1775675],[-121.69970652,36.17755432],[-121.69970508,36.17755365],[-121.69966985,36.17755892],[-121.69964082,36.17757839],[-121.69964735,36.17760688],[-121.69964798,36.17763544],[-121.69964861,36.17766401],[-121.69964925,36.17769258],[-121.69965577,36.17772107],[-121.69967407,36.17774938],[-121.6996806,36.17777786],[-121.69968382,36.17778203],[-121.69969879,36.17780141],[-121.69969354,36.17783007],[-121.69970006,36.17785855],[-121.69971247,36.17788695],[-121.69973067,36.1779105],[-121.69973719,36.17793898],[-121.69973194,36.17796763],[-121.69973257,36.1779962],[-121.69973824,36.17800918],[-121.69974498,36.1780246],[-121.69976328,36.17805291],[-121.69978148,36.17807646],[-121.69979968,36.17810002],[-121.69981788,36.17812357],[-121.69983029,36.17815196],[-121.69983092,36.17818053],[-121.69982566,36.17820919],[-121.69984386,36.17823274],[-121.69987373,36.17825136],[-121.69989782,36.17827482],[-121.69991023,36.17830322],[-121.69994,36.17831708],[-121.69996976,36.17833093],[-121.69999385,36.1783544],[-121.70001793,36.17837787],[-121.70002382,36.17837778],[-121.7001006,36.17838619],[-121.70013036,36.17840005],[-121.70016023,36.17841867],[-121.70019021,36.17844205],[-121.70022008,36.17846067],[-121.70024417,36.17848413],[-121.70026825,36.1785076],[-121.70029234,36.17853106],[-121.70031054,36.17855462],[-121.70034577,36.17854934],[-121.7003809,36.17853931],[-121.70041623,36.17853879],[-121.70045168,36.17854304],[-121.70048144,36.1785569],[-121.70051121,36.17857076],[-121.70054675,36.17857977],[-121.7005823,36.17858878],[-121.70061764,36.17858827],[-121.70065298,36.17858775],[-121.70071177,36.17858214],[-121.7007409,36.17856743],[-121.70076393,36.17854328],[-121.70078107,36.17851921],[-121.7008041,36.17849506],[-121.70083313,36.17847559],[-121.70083791,36.17846888],[-121.70085027,36.17845153],[-121.7008733,36.17842738],[-121.70090863,36.17842687],[-121.70093851,36.17844549],[-121.70096259,36.17846895],[-121.70098079,36.1784925],[-121.70101066,36.17851112],[-121.7010054,36.17853977],[-121.70099483,36.17855461],[-121.70098826,36.17856384],[-121.70098301,36.17859249],[-121.70098953,36.17862097],[-121.70102508,36.17862999],[-121.70106031,36.17862471],[-121.70108808,36.17862431],[-121.70109565,36.1786242],[-121.70113099,36.17862369],[-121.70116086,36.1786423],[-121.7011556,36.17867096],[-121.70114446,36.1786997],[-121.70112385,36.17871011],[-121.70111533,36.17871441],[-121.70109829,36.17874323],[-121.70109304,36.17877189],[-121.70105791,36.17878192],[-121.70104677,36.17881066],[-121.70104151,36.17883932],[-121.70101848,36.17886347],[-121.70098935,36.17887818],[-121.70099587,36.17890666],[-121.7010024,36.17893514],[-121.70100303,36.17896371],[-121.70102712,36.17898718],[-121.70103364,36.17901566],[-121.70104016,36.17904414],[-121.70105258,36.17907254],[-121.70108245,36.17909116],[-121.70111232,36.17910978],[-121.70113052,36.17913333],[-121.70113115,36.1791619],[-121.7011259,36.17919055],[-121.70110876,36.17921461],[-121.70109161,36.17923868],[-121.70109225,36.17926725],[-121.70109877,36.17929573],[-121.70111708,36.17932404],[-121.7011236,36.17935252],[-121.70112466,36.17940014],[-121.70113118,36.17942862],[-121.70114359,36.17945702],[-121.70115601,36.17948542],[-121.70118009,36.17950888],[-121.70118662,36.17953737],[-121.70118725,36.17956593],[-121.70119378,36.17959442],[-121.70120619,36.17962281],[-121.70124174,36.17963183],[-121.70127087,36.17961711],[-121.70128907,36.17964066],[-121.70128381,36.17966932],[-121.70127856,36.17969797],[-121.70127919,36.17972654],[-121.70127982,36.17975511],[-121.70128635,36.17978359],[-121.70128698,36.17981216],[-121.70130529,36.17984047],[-121.70132348,36.17986402],[-121.7013359,36.17989242],[-121.7013541,36.17991597],[-121.70133696,36.17994004],[-121.70132581,36.17996877],[-121.70133233,36.17999726],[-121.70134475,36.18002566],[-121.70134538,36.18005422],[-121.70135191,36.18008271],[-121.70135843,36.18011119],[-121.70138252,36.18013465],[-121.70138339,36.18013666],[-121.70139493,36.18016305],[-121.70138967,36.18019171],[-121.70138628,36.18019342],[-121.70136054,36.18020642],[-121.70132542,36.18021645],[-121.70130828,36.18024052],[-121.70130302,36.18026917],[-121.70130365,36.18029774],[-121.70130429,36.18032631],[-121.70130492,36.18035488],[-121.70129967,36.18038353],[-121.70127664,36.18040768],[-121.70126549,36.18043642],[-121.70126613,36.18046499],[-121.70127265,36.18049347],[-121.70130809,36.18049772],[-121.70133218,36.18052118],[-121.70133871,36.18054967],[-121.70134523,36.18057815],[-121.70134586,36.18060672],[-121.70134061,36.18063537],[-121.70130527,36.18063588],[-121.70126972,36.18062688],[-121.70123438,36.18062739],[-121.70121135,36.18065154],[-121.70120021,36.18068028],[-121.70120084,36.18070884],[-121.70120147,36.18073741],[-121.70122556,36.18076088],[-121.70124376,36.18078443],[-121.70125617,36.18081283],[-121.7012627,36.18084131],[-121.70126922,36.18086979],[-121.70128163,36.18089819],[-121.70130572,36.18092166],[-121.70132981,36.18094512],[-121.70134222,36.18097352],[-121.70134286,36.18100209],[-121.70131373,36.1810168],[-121.70127828,36.18101255],[-121.70124841,36.18099393],[-121.70123021,36.18097038],[-121.70120034,36.18095176],[-121.70118214,36.18092821],[-121.70115216,36.18090483],[-121.70113502,36.1809289],[-121.70113566,36.18095746],[-121.70113576,36.18096223],[-121.70117258,36.18102837],[-121.70120245,36.18104699],[-121.70121487,36.18107539],[-121.70125031,36.18107964],[-121.70128586,36.18108865],[-121.70129828,36.18111704],[-121.70133383,36.18112605],[-121.7013637,36.18114467],[-121.70139346,36.18115853],[-121.70141755,36.18118199],[-121.70144658,36.18116252],[-121.70147174,36.18114982],[-121.70147571,36.18114781],[-121.70150558,36.18116643],[-121.70153545,36.18118505],[-121.70153147,36.18120676],[-121.7015302,36.1812137],[-121.70150107,36.18122841],[-121.70146594,36.18123845],[-121.70146657,36.18126702],[-121.70149066,36.18129048],[-121.70152053,36.1813091],[-121.70154462,36.18133257],[-121.70156176,36.1813085],[-121.70159689,36.18129847],[-121.70163209,36.18130269],[-121.70163233,36.18130272],[-121.7016621,36.18131657],[-121.70169197,36.18133519],[-121.70169101,36.18134046],[-121.70168672,36.18136384],[-121.70166368,36.18138799],[-121.70169282,36.18137328],[-121.70172066,36.18135922],[-121.70172195,36.18135857],[-121.70175108,36.18134386],[-121.70178621,36.18133382],[-121.70182155,36.18133331],[-121.70179852,36.18135746],[-121.70180504,36.18138594],[-121.70179674,36.18140735],[-121.7017939,36.18141468],[-121.70178275,36.18144342],[-121.70180095,36.18146697],[-121.7018365,36.18147598],[-121.70187173,36.18147071],[-121.70192527,36.18149375],[-121.7019259,36.18152231],[-121.7019441,36.18154586],[-121.70196713,36.18152172],[-121.70197996,36.18152325],[-121.70200258,36.18152596],[-121.7020377,36.18151593],[-121.70205484,36.18149186],[-121.70208472,36.18151048],[-121.70207357,36.18153922],[-121.7020801,36.18156771],[-121.70209829,36.18159126],[-121.70210866,36.18160467],[-121.70211649,36.18161481],[-121.70211713,36.18164337],[-121.70212954,36.18167177],[-121.70215257,36.18164762],[-121.7021616,36.18163816],[-121.7021756,36.18162347],[-121.70220473,36.18160876],[-121.70223997,36.18160349],[-121.702263,36.18157934],[-121.7022812,36.18160289],[-121.70229361,36.18163129],[-121.70231181,36.18165484],[-121.70233001,36.18167839],[-121.70232475,36.18170704],[-121.70232539,36.18173561],[-121.70235515,36.18174947],[-121.70239081,36.18176324],[-121.70242636,36.18177225],[-121.7024618,36.1817765],[-121.70247895,36.18175243],[-121.70250808,36.18173772],[-121.70254342,36.18173721],[-121.7025675,36.18176067],[-121.70256814,36.18178924],[-121.70256288,36.1818179],[-121.70255174,36.18184663],[-121.70252261,36.18186135],[-121.70252913,36.18188983],[-121.70256426,36.18187979],[-121.7025996,36.18187928],[-121.70263515,36.18188829],[-121.70265335,36.18191184],[-121.70264809,36.1819405],[-121.70262506,36.18196464],[-121.70258983,36.18196992],[-121.70257424,36.18198038],[-121.7025608,36.18198939],[-121.70256733,36.18201788],[-121.70259709,36.18203173],[-121.70263264,36.18204074],[-121.70264588,36.18204233],[-121.70266809,36.18204499],[-121.70269796,36.18206361],[-121.70270449,36.18209209],[-121.70270475,36.18209323],[-121.70271101,36.18212057],[-121.70273262,36.18211734],[-121.70274624,36.1821153],[-121.70278169,36.18211955],[-121.70280578,36.18214301],[-121.70284091,36.18213298],[-121.70287614,36.1821277],[-121.70291169,36.18213671],[-121.70292989,36.18216026],[-121.7029423,36.18218866],[-121.70295472,36.18221706],[-121.70296713,36.18224545],[-121.70299711,36.18226883],[-121.70302688,36.18228269],[-121.70305675,36.18230131],[-121.70308662,36.18231993],[-121.70308726,36.18234849],[-121.70309676,36.18238099],[-121.7031032,36.18240304],[-121.70312729,36.1824265],[-121.70314549,36.18245005],[-121.70318114,36.18246382],[-121.70319727,36.18244118],[-121.70319828,36.18243976],[-121.70319765,36.18241119],[-121.70319701,36.18238262],[-121.70321416,36.18235856],[-121.70323824,36.18238202],[-121.70327453,36.18242436],[-121.7033043,36.18243822],[-121.70333407,36.18245207],[-121.70336384,36.18246593],[-121.7033936,36.18247979],[-121.70342348,36.18249841],[-121.70344167,36.18252196],[-121.70344727,36.18254639],[-121.7034482,36.18255044],[-121.70344883,36.18257901],[-121.70345536,36.18260749],[-121.70347356,36.18263104],[-121.7035089,36.18263053],[-121.70353803,36.18261582],[-121.70355517,36.18259175],[-121.70356127,36.18258318],[-121.70357231,36.18256769],[-121.70358945,36.18254362],[-121.70361858,36.18252891],[-121.70364772,36.1825142],[-121.70367685,36.18249949],[-121.70369612,36.18248975],[-121.70370598,36.18248478],[-121.70372312,36.18246071],[-121.70373426,36.18243197],[-121.70375729,36.18240782],[-121.70378032,36.18238367],[-121.70378558,36.18235502],[-121.70377316,36.18232662],[-121.70378098,36.1823134],[-121.7037902,36.1822978],[-121.70382533,36.18228776],[-121.70384714,36.18229329],[-121.70386088,36.18229677],[-121.70389622,36.18229626],[-121.70391442,36.18231981],[-121.70394355,36.1823051],[-121.70397878,36.18229982],[-121.70398107,36.1823004],[-121.70401433,36.18230883],[-121.70404431,36.18233221],[-121.70407986,36.18234122],[-121.70410963,36.18235507],[-121.7041394,36.18236893],[-121.70416916,36.18238279],[-121.70419904,36.1824014],[-121.70419967,36.18242997],[-121.70419442,36.18245863],[-121.70420683,36.18248702],[-121.70420158,36.18251568],[-121.70421399,36.18254408],[-121.70421463,36.18257264],[-121.70421526,36.18260121],[-121.70422179,36.1826297],[-121.70422831,36.18265818],[-121.70422895,36.18268675],[-121.70420592,36.1827109],[-121.70420655,36.18273946],[-121.70419541,36.1827682],[-121.70416628,36.18278292],[-121.70413083,36.18277867],[-121.7041078,36.18280282],[-121.70407867,36.18281753],[-121.70404322,36.18281328],[-121.70400778,36.18280903],[-121.70397465,36.18280952],[-121.70394299,36.18280998],[-121.70394632,36.1828176],[-121.70395541,36.18283837],[-121.70395604,36.18286694],[-121.70396256,36.18289542],[-121.70396909,36.18292391],[-121.7039815,36.1829523],[-121.7039997,36.18297585],[-121.70400034,36.18300442],[-121.70401854,36.18302797],[-121.70405409,36.18303698],[-121.70408943,36.18303647],[-121.70412466,36.18303119],[-121.70415443,36.18304505],[-121.70416096,36.18307353],[-121.70419072,36.18308739],[-121.70421481,36.18311085],[-121.7042389,36.18313432],[-121.70427445,36.18314333],[-121.70430969,36.18313805],[-121.70433945,36.18315191],[-121.70436354,36.18317537],[-121.70435829,36.18320403],[-121.7043521,36.18321271],[-121.70434115,36.18322809],[-121.7043767,36.1832371],[-121.70438323,36.18326558],[-121.70441299,36.18327944],[-121.70443708,36.1833029],[-121.70446706,36.18332628],[-121.70446866,36.18332728],[-121.70449694,36.1833449],[-121.70449757,36.18337347],[-121.70452755,36.18339685],[-121.70455732,36.1834107],[-121.70455795,36.18343927],[-121.70458204,36.18346274],[-121.70460024,36.18348629],[-121.70460088,36.18351486],[-121.70461908,36.18353841],[-121.70464884,36.18355226],[-121.70467293,36.18357573],[-121.70469113,36.18359928],[-121.7047209,36.18361313],[-121.70475067,36.18362699],[-121.70478044,36.18364085],[-121.7048102,36.1836547],[-121.70484576,36.18366371],[-121.70487552,36.18367757],[-121.7049054,36.18369618],[-121.70491781,36.18372458],[-121.70493601,36.18374813],[-121.70496578,36.18376199],[-121.70499555,36.18377584],[-121.70502532,36.1837897],[-121.7050553,36.18381308],[-121.70508506,36.18382693],[-121.70511483,36.18384079],[-121.70515038,36.1838498],[-121.70518583,36.18385405],[-121.7052156,36.1838679],[-121.70525125,36.18388167],[-121.70528659,36.18388116],[-121.70532204,36.18388541],[-121.70535759,36.18389442],[-121.70539314,36.18390342],[-121.70541723,36.18392689],[-121.70544711,36.18394551],[-121.70548266,36.18395452],[-121.70551253,36.18397313],[-121.70553073,36.18399668],[-121.70554893,36.18402023],[-121.70555546,36.18404872],[-121.70558523,36.18406257],[-121.70561521,36.18408595],[-121.70564498,36.18409981],[-121.70568063,36.18411358],[-121.70571061,36.18413695],[-121.7057347,36.18416042],[-121.70574123,36.1841889],[-121.705771,36.18420276],[-121.70580087,36.18422137],[-121.70581907,36.18424492],[-121.70583727,36.18426847],[-121.70583791,36.18429704],[-121.705862,36.18432051],[-121.70589744,36.18432475],[-121.70592732,36.18434337],[-121.70595719,36.18436199],[-121.70597539,36.18438554],[-121.70598781,36.18441394],[-121.70598841,36.18441532],[-121.70600022,36.18444233],[-121.70603052,36.18448],[-121.70609605,36.18451238],[-121.70612582,36.18452624],[-121.70615559,36.18454009],[-121.70618547,36.18455871],[-121.70620956,36.18458218],[-121.70623943,36.18460079],[-121.7062692,36.18461465],[-121.70626985,36.18461495],[-121.70629897,36.1846285],[-121.70628972,36.1846382],[-121.70627594,36.18465265],[-121.70624081,36.18466269],[-121.70621168,36.1846774],[-121.70618254,36.18469212],[-121.70617729,36.18472077],[-121.70619549,36.18474432],[-121.70621369,36.18476787],[-121.70624272,36.1847484],[-121.7062303,36.18472],[-121.70624144,36.18469126],[-121.70627657,36.18468122],[-121.70631202,36.18468547],[-121.70633022,36.18470902],[-121.70634264,36.18473742],[-121.70636084,36.18476097],[-121.70637904,36.18478452],[-121.70635601,36.18480867],[-121.70632077,36.18481394],[-121.70632141,36.18484251],[-121.7063455,36.18486597],[-121.70633435,36.18489471],[-121.70631263,36.1849175],[-121.70638169,36.18490355],[-121.70641082,36.18488884],[-121.70642796,36.18486477],[-121.70642732,36.18483621],[-121.7064411,36.18482925],[-121.70645645,36.18482149],[-121.7064918,36.18482098],[-121.70651483,36.18479683],[-121.70655006,36.18479155],[-121.70656248,36.18481995],[-121.70655133,36.18484869],[-121.7065161,36.18485397],[-121.70654019,36.18487743],[-121.70654083,36.184906],[-121.70657059,36.18491985],[-121.70660047,36.18493847],[-121.7066357,36.1849332],[-121.7066539,36.18495674],[-121.70668945,36.18496575],[-121.70670766,36.1849893],[-121.70671355,36.18498922],[-121.70672783,36.18500258],[-121.70674363,36.18501736],[-121.70677887,36.18501208],[-121.70680157,36.18500868],[-121.7068141,36.18500681],[-121.70684934,36.18500153],[-121.70688457,36.18499625],[-121.7069136,36.18497678],[-121.70694894,36.18497627],[-121.70696714,36.18499982],[-121.7070028,36.18501359],[-121.70703835,36.18502259],[-121.70705655,36.18504614],[-121.70708064,36.18506961],[-121.70711041,36.18508346],[-121.70714596,36.18509247],[-121.7071813,36.18509196],[-121.70721107,36.18510581],[-121.70722349,36.18513421],[-121.70725326,36.18514806],[-121.70728239,36.18513335],[-121.70732719,36.18515263],[-121.70733593,36.18515639],[-121.70736203,36.18513888],[-121.70736496,36.18513691],[-121.70737237,36.18513479],[-121.70740008,36.18512688],[-121.70742996,36.18514549],[-121.70746551,36.1851545],[-121.70749454,36.18513503],[-121.70749979,36.18510637],[-121.70751693,36.18508231],[-121.70751422,36.1850788],[-121.70749873,36.18505876],[-121.70747464,36.18503529],[-121.707474,36.18500673],[-121.70749114,36.18498266],[-121.70752627,36.18497262],[-121.7075554,36.18495791],[-121.70758453,36.1849432],[-121.70761998,36.18494744],[-121.70764975,36.1849613],[-121.70768498,36.18495602],[-121.70772022,36.18495075],[-121.70775567,36.18495499],[-121.70779122,36.184964],[-121.70782099,36.18497786],[-121.70785643,36.18498211],[-121.7078862,36.18499596],[-121.70791597,36.18500982],[-121.70794574,36.18502367],[-121.70798108,36.18502316],[-121.70798138,36.18503643],[-121.70798172,36.18505172],[-121.70799992,36.18507527],[-121.70801233,36.18510367],[-121.70801886,36.18513215],[-121.70803706,36.1851557],[-121.70804359,36.18518419],[-121.70803245,36.18521293],[-121.70800342,36.1852324],[-121.70799228,36.18526114],[-121.70797514,36.1852852],[-121.7079399,36.18529048],[-121.70790467,36.18529576],[-121.7078749,36.1852819],[-121.70783935,36.18527289],[-121.70780379,36.18526388],[-121.70779138,36.18523549],[-121.70777896,36.18520709],[-121.70776782,36.18523583],[-121.70776256,36.18526449],[-121.70776909,36.18529297],[-121.70776973,36.18532154],[-121.70776447,36.18535019],[-121.70772934,36.18536023],[-121.70769411,36.1853655],[-121.70766498,36.18538022],[-121.70762985,36.18539025],[-121.70760072,36.18540497],[-121.70761313,36.18543336],[-121.70763133,36.18545691],[-121.7076402,36.18546838],[-121.70764954,36.18548046],[-121.70766774,36.18550401],[-121.70767426,36.1855325],[-121.70766901,36.18556115],[-121.70764598,36.1855853],[-121.70765251,36.18561378],[-121.70764136,36.18564252],[-121.70765956,36.18566607],[-121.70768365,36.18568954],[-121.7077191,36.18569378],[-121.70771385,36.18572244],[-121.70773794,36.1857459],[-121.70776203,36.18576936],[-121.70776856,36.18579785],[-121.70778097,36.18582624],[-121.7077875,36.18585473],[-121.70779992,36.18588312],[-121.70782979,36.18590174],[-121.70785388,36.1859252],[-121.70783085,36.18594935],[-121.70782534,36.18596359],[-121.70781971,36.18597809],[-121.70784948,36.18599195],[-121.70785492,36.18599187],[-121.70788482,36.18599144],[-121.70792037,36.18600044],[-121.70795014,36.1860143],[-121.70798002,36.18603292],[-121.70800989,36.18605153],[-121.70804513,36.18604626],[-121.70805165,36.18607474],[-121.70805229,36.18610331],[-121.70804704,36.18613196],[-121.70802401,36.18615611],[-121.70800098,36.18618026],[-121.70798384,36.18620433],[-121.70796081,36.18622848],[-121.70792536,36.18622423],[-121.70789002,36.18622474],[-121.70786089,36.18623946],[-121.70783186,36.18625893],[-121.70783229,36.18627798],[-121.70783366,36.18633988],[-121.70786407,36.1863823],[-121.7078827,36.18642489],[-121.70790721,36.1864674],[-121.70792584,36.18651],[-121.70795624,36.18655242],[-121.70799243,36.18659],[-121.70803441,36.18662273],[-121.70805893,36.18666524],[-121.70807755,36.18670783],[-121.70807861,36.18675545],[-121.70806789,36.18680323],[-121.7080394,36.18684651],[-121.7080049,36.18688512],[-121.70797449,36.18691061],[-121.70796442,36.18691905],[-121.7079477,36.18696216],[-121.70794876,36.18700977],[-121.70794982,36.18705739],[-121.70796845,36.18709998],[-121.70799885,36.18714241],[-121.70802479,36.18717859],[-121.70802926,36.18718483],[-121.70804789,36.18722742],[-121.70804806,36.18722807],[-121.70806073,36.18727487],[-121.7081027,36.1873076],[-121.70811483,36.18732018],[-121.70813889,36.18734517],[-121.70814244,36.18735829],[-121.70815174,36.18739261],[-121.70817036,36.18743521],[-121.70820077,36.18747763],[-121.70822528,36.18752014],[-121.70824402,36.1875675],[-121.70826275,36.18761486],[-121.70828727,36.18765737],[-121.70831767,36.18769979],[-121.70835386,36.18773736],[-121.70838427,36.18777979],[-121.70841468,36.18782221],[-121.70844508,36.18786464],[-121.70848128,36.18790221],[-121.70851168,36.18794464],[-121.70854787,36.18798221],[-121.70858406,36.18801979],[-121.70862026,36.18805736],[-121.70866223,36.18809009],[-121.70870421,36.18812282],[-121.7087404,36.1881604],[-121.70878237,36.18819313],[-121.70882435,36.18822586],[-121.70887211,36.18825374],[-121.7089312,36.18828124],[-121.70893165,36.18828145],[-121.70900918,36.18832318],[-121.70906272,36.18834622],[-121.70911637,36.18837401],[-121.70916992,36.18839705],[-121.70922346,36.18842008],[-121.70926544,36.18845281],[-121.70930163,36.18849039],[-121.70934371,36.18852788],[-121.70937412,36.1885703],[-121.70941031,36.18860788],[-121.7094465,36.18864545],[-121.70948848,36.18867818],[-121.70953624,36.18870606],[-121.709584,36.18873395],[-121.70963754,36.18875698],[-121.70967952,36.18878971],[-121.7097215,36.18882244],[-121.70975779,36.18886477],[-121.70979409,36.18890711],[-121.70983618,36.1889446],[-121.70986658,36.18898702],[-121.70990278,36.1890246],[-121.70994486,36.18906209],[-121.70998684,36.18909482],[-121.71002881,36.18912755],[-121.71007668,36.18916019],[-121.71012444,36.18918807],[-121.71017231,36.18922071],[-121.71022017,36.18925336],[-121.71026804,36.189286],[-121.71032159,36.18930903],[-121.71037513,36.18933206],[-121.71042868,36.1893551],[-121.71048233,36.18938289],[-121.71053598,36.18941069],[-121.71058952,36.18943372],[-121.71064307,36.18945676],[-121.71069672,36.18948455],[-121.71075016,36.18950282],[-121.71080349,36.18951633],[-121.71085683,36.18952984],[-121.71091027,36.18954812],[-121.71096381,36.18957115],[-121.71101157,36.18959903],[-121.71105933,36.18962691],[-121.71110709,36.18965479],[-121.71114918,36.18969228],[-121.71118537,36.18972986],[-121.71122156,36.18976743],[-121.71125197,36.18980986],[-121.71127649,36.18985236],[-121.71129512,36.18989496],[-121.71130797,36.1899424],[-121.71131492,36.18998993],[-121.71132776,36.19003737],[-121.71134639,36.19007997],[-121.71137091,36.19012247],[-121.71138954,36.19016507],[-121.71141995,36.19020749],[-121.71144447,36.19025],[-121.71147488,36.19029242],[-121.71148899,36.19031211],[-121.71150529,36.19033485],[-121.7115357,36.19037727],[-121.71157189,36.19041484],[-121.71161397,36.19045233],[-121.71165017,36.19048991],[-121.71169215,36.19052264],[-121.71172834,36.19056021],[-121.71177621,36.19059285],[-121.71182397,36.19062073],[-121.71187184,36.19065337],[-121.71191382,36.1906861],[-121.71196158,36.19071398],[-121.71201523,36.19074178],[-121.71206878,36.19076481],[-121.71212243,36.19079261],[-121.71217598,36.19081564],[-121.71222942,36.19083391],[-121.71228275,36.19084742],[-121.71233609,36.19086093],[-121.71239521,36.19086959],[-121.71249545,36.19087289],[-121.71255475,36.19087851],[-121.71258988,36.19086847],[-121.71262522,36.19086796],[-121.71266057,36.19086744],[-121.71269591,36.19086693],[-121.71273125,36.19086641],[-121.71273725,36.19087108],[-121.71278437,36.1908704],[-121.71281982,36.19087464],[-121.71285517,36.19087412],[-121.71289051,36.19087361],[-121.71292596,36.19087785],[-121.7129613,36.19087734],[-121.71299675,36.19088158],[-121.71303231,36.19089059],[-121.71306776,36.19089484],[-121.71310321,36.19089908],[-121.71313855,36.19089856],[-121.71317421,36.19091233],[-121.71320977,36.19092134],[-121.71324533,36.19093034],[-121.71328088,36.19093935],[-121.71331644,36.19094836],[-121.71334621,36.19096221],[-121.71337598,36.19097607],[-121.71341143,36.19098031],[-121.71344678,36.19097979],[-121.71348191,36.19096975],[-121.71351714,36.19096448],[-121.7135527,36.19097348],[-121.71358804,36.19097297],[-121.71362317,36.19096293],[-121.71365841,36.19095765],[-121.71369354,36.19094761],[-121.71372878,36.19094233],[-121.71375791,36.19092762],[-121.71376316,36.19089896],[-121.71376252,36.1908704],[-121.71377018,36.19085064],[-121.71377366,36.19084165],[-121.71379669,36.1908175],[-121.71383182,36.19080746],[-121.7138616,36.19082132],[-121.71389147,36.19083993],[-121.71391557,36.1908634],[-121.71393377,36.19088694],[-121.7139403,36.19091543],[-121.71394094,36.19094399],[-121.71393637,36.19094879],[-121.71391791,36.19096815],[-121.71393612,36.19099169],[-121.71396599,36.19101031],[-121.71397252,36.19103879],[-121.71397905,36.19106727],[-121.71398558,36.19109576],[-121.713998,36.19112415],[-121.71401621,36.1911477],[-121.71402863,36.1911761],[-121.71404694,36.19120441],[-121.71407682,36.19122302],[-121.71410091,36.19124649],[-121.71410817,36.19124986],[-121.71413068,36.19126034],[-121.71416603,36.19125982],[-121.71420116,36.19124978],[-121.71423671,36.19125879],[-121.71426649,36.19127264],[-121.71429626,36.1912865],[-121.71433245,36.19132407],[-121.71433898,36.19135255],[-121.71433373,36.19138121],[-121.7142985,36.19138649],[-121.71431092,36.19141488],[-121.71431156,36.19144345],[-121.7143063,36.1914721],[-121.71428527,36.19147525],[-121.71427107,36.19147738],[-121.71424108,36.19145401],[-121.71420542,36.19144024],[-121.71420606,36.19146881],[-121.71421259,36.19149729],[-121.71422501,36.19152568],[-121.71423743,36.19155408],[-121.71425563,36.19157763],[-121.71428541,36.19159148],[-121.71430361,36.19161503],[-121.71429836,36.19164369],[-121.71427533,36.19166784],[-121.71423998,36.19166835],[-121.71422284,36.19169242],[-121.71424116,36.19172073],[-121.71425936,36.19174428],[-121.71428913,36.19175813],[-121.71432458,36.19176238],[-121.71436014,36.19177138],[-121.71439548,36.19177087],[-121.71443083,36.19177035],[-121.71446617,36.19176983],[-121.71450162,36.19177408],[-121.71453139,36.19178793],[-121.71456684,36.19179217],[-121.7146024,36.19180118],[-121.71463774,36.19180066],[-121.71467309,36.19180015],[-121.71470832,36.19179487],[-121.71474345,36.19178483],[-121.71476591,36.19177841],[-121.71477859,36.19177479],[-121.71480772,36.19176008],[-121.71484285,36.19175004],[-121.71487262,36.19176389],[-121.71490239,36.19177774],[-121.71493795,36.19178675],[-121.71496772,36.1918006],[-121.71498664,36.1918094],[-121.7149975,36.19181446],[-121.71503295,36.1918187],[-121.71506283,36.19183732],[-121.71509271,36.19185593],[-121.71509923,36.19188441],[-121.71511166,36.19191281],[-121.71514143,36.19192666],[-121.71517677,36.19192614],[-121.71521212,36.19192563],[-121.71522454,36.19195402],[-121.71524274,36.19197757],[-121.71527273,36.19200095],[-121.71530261,36.19201956],[-121.71533259,36.19204294],[-121.7153508,36.19206649],[-121.71538057,36.19208034],[-121.71539877,36.19210389],[-121.71538164,36.19212795],[-121.71534651,36.19213799],[-121.71534714,36.19216656],[-121.71535957,36.19219496],[-121.71536021,36.19222353],[-121.71534307,36.19224759],[-121.71533192,36.19227633],[-121.71532175,36.19229062],[-121.71531479,36.1923004],[-121.71527966,36.19231044],[-121.71524431,36.19231095],[-121.71522717,36.19233502],[-121.71524538,36.19235857],[-121.71524569,36.19235994]]]},"properties":{"OBJECTID":1097729,"COUNTY":"MONTEREY","CITY":"MRY","ZONE_NAME":null,"ZONE_ID":"US-CA-XMY-MRY-F028-A","STATUS":"Evacuation Warning","EVENT_TYPE":null,"CRITICAL_INFO":null,"PUBLIC_INFO":null,"EDIT_DATE":1787428949000,"STATEWIDE_LAST_UPDATED":null,"NOTES":"The Monterey County Sheriff's Office is issuing an EVACUATION Warning for Zone MRY-F028-A","SHAPE__Area":9430036.3046875,"SHAPE__Length":15964.740269813015,"GlobalID":"6d63aca0-847f-4689-bb17-7d3d682f1dc0","CreationDate":1788335714107,"Creator":"CalOES_Scripts","EditDate":1788335714107,"Editor":"CalOES_Scripts"}},{"type":"Feature","id":1097731,"geometry":{"type":"Polygon","coordinates":[[[-119.00789512,36.05672891],[-119.007915,36.0564319],[-119.00792992,36.05620403],[-119.00843398,36.05631517],[-119.01192945,36.05647877],[-119.01308538,36.05643397],[-119.01418722,36.05609623],[-119.01494685,36.05586337],[-119.01556698,36.05586397],[-119.01663142,36.05593591],[-119.01661169,36.05655299],[-119.01604402,36.05653689],[-119.01478714,36.05651696],[-119.01332078,36.05677597],[-119.01239067,36.05671738],[-119.01047007,36.05665879],[-119.00932254,36.05664902],[-119.00789512,36.05672891]]]},"properties":{"OBJECTID":1097731,"COUNTY":"TULARE","CITY":"PVL","ZONE_NAME":null,"ZONE_ID":"US-CA-XTU-PVL-E038","STATUS":"Evacuation Order","EVENT_TYPE":null,"CRITICAL_INFO":null,"PUBLIC_INFO":null,"EDIT_DATE":1695249188000,"STATEWIDE_LAST_UPDATED":null,"NOTES":"Flooding","SHAPE__Area":54052.03125,"SHAPE__Length":2118.774775087265,"GlobalID":"d6db4803-de97-4a50-97d8-ead1ef1d9948","CreationDate":1788335714107,"Creator":"CalOES_Scripts","EditDate":1788335714107,"Editor":"CalOES_Scripts"}},{"type":"Feature","id":1097732,"geometry":{"type":"Polygon","coordinates":[[[-121.66339753,36.19686036],[-121.66326018,36.19678495],[-121.66300446,36.19664456],[-121.66256792,36.19639854],[-121.66230636,36.19609308],[-121.66230109,36.19608703],[-121.66232058,36.19595323],[-121.66225637,36.1958042],[-121.66210672,36.19563985],[-121.66196082,36.19545301],[-121.6618135,36.19538521],[-121.66162391,36.19529664],[-121.66133967,36.19503278],[-121.66123701,36.19492055],[-121.66105483,36.19463896],[-121.66106181,36.19427058],[-121.66118003,36.19406469],[-121.66125819,36.1937575],[-121.66132253,36.19342035],[-121.6613044,36.19323348],[-121.66106854,36.19297848],[-121.66050256,36.19280391],[-121.66000161,36.19214855],[-121.65990315,36.19201744],[-121.65984747,36.19193341],[-121.65966794,36.19189575],[-121.65951171,36.19191098],[-121.65933207,36.19180806],[-121.65930449,36.19157378],[-121.65934505,36.19138558],[-121.65929455,36.19115755],[-121.65906662,36.19091568],[-121.65887393,36.19066289],[-121.65866646,36.19043582],[-121.65850245,36.19033475],[-121.65823658,36.19034706],[-121.65799475,36.19050017],[-121.65780744,36.19050906],[-121.65757777,36.19043486],[-121.65740463,36.19041017],[-121.65717354,36.19040901],[-121.65682717,36.19048903],[-121.65654285,36.19057547],[-121.65635102,36.19063379],[-121.65599876,36.19059669],[-121.6558391,36.19054562],[-121.65552934,36.1903991],[-121.655196,36.19029204],[-121.65453612,36.19011519],[-121.65423033,36.19003071],[-121.65383811,36.18990326],[-121.65352489,36.18975118],[-121.65322783,36.18969085],[-121.65309899,36.18963151],[-121.65309065,36.18961845],[-121.65307488,36.18959375],[-121.6530343,36.18951972],[-121.65291684,36.18926009],[-121.65258236,36.18886761],[-121.65236255,36.18879626],[-121.65196121,36.18868154],[-121.65160891,36.18862702],[-121.65142924,36.18834908],[-121.65129492,36.18799918],[-121.65127586,36.18785042],[-121.65132226,36.18780888],[-121.65138207,36.18763989],[-121.65133155,36.18746096],[-121.65132719,36.18719746],[-121.65147961,36.186925],[-121.65156532,36.18672995],[-121.65161109,36.18663685],[-121.65162638,36.18654368],[-121.6515519,36.18639038],[-121.65130977,36.18633068],[-121.65121088,36.18621985],[-121.65107001,36.18606954],[-121.65088721,36.18590819],[-121.65079864,36.18578456],[-121.65072632,36.18565802],[-121.65064659,36.18559468],[-121.65040185,36.18551257],[-121.65026258,36.18544328],[-121.65024492,36.18540203],[-121.65021201,36.18522561],[-121.65009749,36.18512357],[-121.6500004,36.18508587],[-121.64993142,36.1850765],[-121.64959439,36.18506817],[-121.64936216,36.18491782],[-121.64923457,36.18491435],[-121.64900485,36.18494794],[-121.64882348,36.18496397],[-121.64860384,36.184957],[-121.64840514,36.184882],[-121.64817848,36.1847613],[-121.64795173,36.18463761],[-121.64774387,36.18447233],[-121.64755526,36.1844059],[-121.64740381,36.18438411],[-121.64725832,36.18431475],[-121.6471731,36.18419837],[-121.64712156,36.18409472],[-121.64696213,36.18391413],[-121.64679321,36.1837595],[-121.64658924,36.18363391],[-121.64624367,36.18358733],[-121.64605768,36.18348889],[-121.64597949,36.18339485],[-121.64581395,36.18308863],[-121.64561725,36.18292534],[-121.64499373,36.18264731],[-121.64458963,36.18241304],[-121.64446033,36.18236464],[-121.64424787,36.18230165],[-121.64417158,36.18225653],[-121.64411106,36.1821588],[-121.6440907,36.18207833],[-121.64410964,36.18182039],[-121.64412215,36.18160317],[-121.64414642,36.1814601],[-121.64436833,36.18130599],[-121.64474238,36.18101126],[-121.64478838,36.18095184],[-121.644803,36.18089312],[-121.64473661,36.18056971],[-121.64477594,36.18030424],[-121.6447679,36.18021343],[-121.64471282,36.18015233],[-121.64454624,36.1801031],[-121.64433336,36.18008839],[-121.64406183,36.18012243],[-121.64395506,36.1801377],[-121.64385099,36.18013209],[-121.64367437,36.18007016],[-121.64345457,36.17996053],[-121.64335902,36.1799361],[-121.64328225,36.17991647],[-121.6431766,36.17988189],[-121.64303215,36.17983895],[-121.64289854,36.17984718],[-121.64288791,36.17985277],[-121.64283671,36.17969746],[-121.64295512,36.17955325],[-121.64328127,36.17931547],[-121.64348117,36.17902673],[-121.64355482,36.17879743],[-121.6435443,36.17849171],[-121.64362847,36.17803311],[-121.64380733,36.1777019],[-121.64389149,36.17733673],[-121.64444911,36.17686114],[-121.64467006,36.17659787],[-121.64477527,36.17618173],[-121.64501725,36.1757486],[-121.64534341,36.17535793],[-121.64559591,36.17517109],[-121.6454907,36.17489932],[-121.64560643,36.17463604],[-121.64555383,36.17419441],[-121.64573269,36.17393113],[-121.64606936,36.17369333],[-121.64630083,36.1734895],[-121.64664802,36.17314128],[-121.64694261,36.17291197],[-121.64730033,36.17265718],[-121.64763701,36.17245335],[-121.64765176,36.17244796],[-121.67345615,36.19028955],[-121.66339753,36.19686036]]]},"properties":{"OBJECTID":1097732,"COUNTY":"MONTEREY","CITY":"MRY","ZONE_NAME":null,"ZONE_ID":"US-CA-XMY-MRY-F028-B","STATUS":"Evacuation Order","EVENT_TYPE":null,"CRITICAL_INFO":null,"PUBLIC_INFO":null,"EDIT_DATE":1787515278000,"STATEWIDE_LAST_UPDATED":null,"NOTES":"Timber Fire","SHAPE__Area":4463959.87890625,"SHAPE__Length":10423.194454783721,"GlobalID":"af8a9018-c00d-4968-a2df-1031ce25d8aa","CreationDate":1788335714107,"Creator":"CalOES_Scripts","EditDate":1788335714107,"Editor":"CalOES_Scripts"}},{"type":"Feature","id":1097744,"geometry":{"type":"Polygon","coordinates":[[[-121.75743971,36.24699615],[-121.75752859,36.24687957],[-121.75777748,36.24678199],[-121.75841066,36.24696037],[-121.75907718,36.24726786],[-121.75967451,36.24748859],[-121.76073363,36.24754264],[-121.76179306,36.24758217],[-121.7628532,36.24757888],[-121.76347077,36.24762814],[-121.76384548,36.24784401],[-121.76384555,36.24784405],[-121.76385254,36.24784809],[-121.76415376,36.24802176],[-121.76462801,36.24819825],[-121.76564563,36.2485088],[-121.76564566,36.24850881],[-121.76564799,36.24850951],[-121.76630141,36.2485161],[-121.76714677,36.24869651],[-121.76834183,36.24909531],[-121.76953171,36.24870694],[-121.77005414,36.24828602],[-121.77042641,36.2479863],[-121.77054949,36.24793696],[-121.77055896,36.24793315],[-121.77055905,36.24793312],[-121.77129758,36.24763739],[-121.77186856,36.24728558],[-121.7721184,36.2470834],[-121.77338852,36.24611328],[-121.77379279,36.24578449],[-121.77598088,36.24642621],[-121.77653297,36.24700747],[-121.77745477,36.24821566],[-121.77776998,36.24838621],[-121.77792607,36.24857953],[-121.77849067,36.24908313],[-121.77908567,36.24946454],[-121.77947487,36.24964767],[-121.78000127,36.24981187],[-121.78108468,36.24996813],[-121.78210707,36.25012454],[-121.78246554,36.25014747],[-121.78274787,36.25017414],[-121.78309134,36.25015887],[-121.78339654,36.25014367],[-121.78367108,36.25013607],[-121.78399154,36.25012833],[-121.78420514,36.25014753],[-121.78441128,36.25014367],[-121.78460194,36.25014733],[-121.78483074,36.25012453],[-121.78499094,36.25012847],[-121.78516648,36.25013227],[-121.78531148,36.25013227],[-121.78550988,36.25014753],[-121.78568528,36.25017413],[-121.78592174,36.25019327],[-121.78631094,36.25023907],[-121.78643359,36.25026159],[-121.78664903,36.25052957],[-121.78682295,36.2507707],[-121.7869305,36.25095727],[-121.78700623,36.2511151],[-121.78708935,36.25131295],[-121.7871898,36.25161713],[-121.78728186,36.25197053],[-121.78733444,36.25235271],[-121.78735095,36.25281351],[-121.78735431,36.25295438],[-121.7873555,36.25317605],[-121.78742861,36.25366015],[-121.78750185,36.25395651],[-121.78759991,36.25419667],[-121.78775118,36.25445723],[-121.78795141,36.25476676],[-121.78812467,36.25503362],[-121.788193,36.2551872],[-121.78829191,36.25557769],[-121.78832114,36.25586296],[-121.78832541,36.25673595],[-121.78831665,36.25733966],[-121.78832272,36.2577446],[-121.78835012,36.25808471],[-121.7883702,36.25825381],[-121.78843755,36.25854383],[-121.78851562,36.2587418],[-121.78863088,36.25894025],[-121.78884983,36.25922844],[-121.78893516,36.25933705],[-121.78945248,36.25972833],[-121.78978706,36.25989715],[-121.79011942,36.26004382],[-121.7904275,36.26015289],[-121.79111796,36.26029948],[-121.7915839,36.26038157],[-121.79188167,36.26043888],[-121.79207043,36.26049084],[-121.79246913,36.26063442],[-121.79288918,36.26085033],[-121.79317884,36.26108162],[-121.79329088,36.26118982],[-121.79343913,36.26136561],[-121.7938341,36.26205972],[-121.79429278,36.26294937],[-121.79440675,36.26320533],[-121.79452908,36.26341182],[-121.79467295,36.26365339],[-121.79480315,36.26379675],[-121.79499772,36.26393448],[-121.7951902,36.26405722],[-121.79546342,36.26418352],[-121.79582351,36.26430744],[-121.79603345,36.26433978],[-121.79623859,36.2643582],[-121.7965648,36.26436009],[-121.79734249,36.26428862],[-121.79830936,36.26423681],[-121.79866945,36.26421737],[-121.7988448,36.26420638],[-121.79900654,36.26419299],[-121.79965882,36.26415924],[-121.79983204,36.26414359],[-121.80032112,36.26416605],[-121.80078387,36.26425228],[-121.80143829,36.26444403],[-121.80187,36.26465299],[-121.8023198,36.26494018],[-121.80252026,36.26509803],[-121.80300998,36.26558049],[-121.80315637,36.26579735],[-121.80357251,36.26641839],[-121.80419417,36.26732606],[-121.80433655,36.26752523],[-121.80459254,36.26778192],[-121.80487298,36.26799014],[-121.80525745,36.26820138],[-121.80582349,36.26843294],[-121.80631208,36.26860202],[-121.80668569,36.26879298],[-121.80700536,36.26903448],[-121.80730426,36.26935584],[-121.80745977,36.26952049],[-121.80758066,36.26968595],[-121.80765488,36.26982241],[-121.80773247,36.26995879],[-121.80794429,36.2703958],[-121.8081053,36.27064242],[-121.80834104,36.27094612],[-121.80862486,36.27124731],[-121.80883405,36.27142578],[-121.80913915,36.2716361],[-121.80956043,36.27186593],[-121.81045199,36.2722027],[-121.81127961,36.27254879],[-121.8115591,36.27265985],[-121.81187769,36.27275357],[-121.81188163,36.27275128],[-121.81188542,36.27275233],[-121.81194486,36.27276776],[-121.81200461,36.27278235],[-121.81206468,36.27279609],[-121.81212503,36.27280898],[-121.81218565,36.27282102],[-121.81224652,36.2728322],[-121.81230763,36.27284251],[-121.81236894,36.27285196],[-121.81243045,36.27286055],[-121.81249213,36.27286826],[-121.81255398,36.2728751],[-121.81261596,36.27288107],[-121.81267806,36.27288615],[-121.81274025,36.27289036],[-121.81280254,36.27289369],[-121.81286488,36.27289614],[-121.81292727,36.27289771],[-121.81298968,36.2728984],[-121.8130521,36.2728982],[-121.8131145,36.27289712],[-121.81317687,36.27289516],[-121.81323918,36.27289232],[-121.81330143,36.2728886],[-121.81336359,36.272884],[-121.81342564,36.27287852],[-121.81348756,36.27287217],[-121.81354934,36.27286494],[-121.81361095,36.27285684],[-121.81367237,36.27284786],[-121.8137336,36.27283803],[-121.8137946,36.27282733],[-121.81385536,36.27281577],[-121.8139605,36.2727936],[-121.81401709,36.27277625],[-121.81407404,36.27275971],[-121.81413134,36.27274397],[-121.81418897,36.27272905],[-121.81424691,36.27271494],[-121.81430515,36.27270165],[-121.81436366,36.27268919],[-121.81442244,36.27267755],[-121.81448145,36.27266675],[-121.81454069,36.27265679],[-121.81460014,36.27264766],[-121.81465977,36.27263938],[-121.81471957,36.27263193],[-121.81477953,36.27262534],[-121.81483961,36.27261959],[-121.81489982,36.27261469],[-121.81496011,36.27261065],[-121.81502049,36.27260746],[-121.81508093,36.27260512],[-121.8151414,36.27260363],[-121.81520191,36.272603],[-121.81526241,36.27260323],[-121.8153229,36.27260431],[-121.81539358,36.27260665],[-121.81545398,36.27260958],[-121.8155143,36.27261337],[-121.81557454,36.27261801],[-121.81563466,36.2726235],[-121.81569466,36.27262984],[-121.81575451,36.27263702],[-121.8158142,36.27264505],[-121.8158737,36.27265392],[-121.81593301,36.27266363],[-121.81599209,36.27267418],[-121.81605094,36.27268556],[-121.81610954,36.27269777],[-121.81616786,36.27271081],[-121.8162259,36.27272466],[-121.81628362,36.27273934],[-121.81634102,36.27275483],[-121.81639808,36.27277113],[-121.81645478,36.27278823],[-121.8165111,36.27280614],[-121.81656703,36.27282483],[-121.81662254,36.27284431],[-121.81667763,36.27286458],[-121.81673227,36.27288562],[-121.81678646,36.27290743],[-121.81684016,36.27293],[-121.81689337,36.27295332],[-121.81694606,36.2729774],[-121.81699823,36.27300221],[-121.81704986,36.27302776],[-121.81710093,36.27305403],[-121.81715142,36.27308103],[-121.81720132,36.27310873],[-121.81725063,36.27313713],[-121.81729931,36.27316623],[-121.81734735,36.273196],[-121.81739475,36.27322646],[-121.81744149,36.27325758],[-121.81748754,36.27328935],[-121.81753291,36.27332177],[-121.81757756,36.27335483],[-121.8176215,36.2733885],[-121.81766471,36.27342281],[-121.81770717,36.27345771],[-121.81774887,36.27349321],[-121.8177898,36.27352929],[-121.81782995,36.27356594],[-121.81785083,36.27358569],[-121.8178693,36.27360316],[-121.81790784,36.27364092],[-121.81794557,36.27367923],[-121.81798246,36.27371806],[-121.81801851,36.27375741],[-121.81803811,36.27377961],[-121.8180537,36.27379726],[-121.81808803,36.27383761],[-121.81812149,36.27387843],[-121.81815406,36.27391972],[-121.81818574,36.27396146],[-121.81821651,36.27400365],[-121.81824876,36.27404975],[-121.81827752,36.27409347],[-121.81830722,36.27413677],[-121.81833785,36.27417965],[-121.8183694,36.27422209],[-121.81840186,36.27426407],[-121.81843522,36.2743056],[-121.81846946,36.27434664],[-121.81850459,36.27438719],[-121.81854058,36.27442724],[-121.81857744,36.27446678],[-121.81861514,36.27450579],[-121.81865367,36.27454426],[-121.81869303,36.27458218],[-121.8187332,36.27461954],[-121.81877417,36.27465632],[-121.81881592,36.27469252],[-121.81885845,36.27472812],[-121.81888745,36.27475156],[-121.81890174,36.27476312],[-121.81894578,36.2747975],[-121.81899055,36.27483125],[-121.81903605,36.27486437],[-121.81908225,36.27489684],[-121.81912914,36.27492865],[-121.81917671,36.27495979],[-121.81922495,36.27499025],[-121.81927383,36.27502003],[-121.81932335,36.27504911],[-121.81937349,36.27507749],[-121.81943066,36.27510859],[-121.8194165,36.2751179],[-121.81922381,36.27524456],[-121.81921171,36.27525272],[-121.81920471,36.27525722],[-121.81919762,36.27526161],[-121.81919044,36.2752659],[-121.81918316,36.27527009],[-121.8191758,36.27527418],[-121.81916835,36.27527817],[-121.81916081,36.27528204],[-121.81915319,36.27528581],[-121.81914549,36.27528947],[-121.81913772,36.27529303],[-121.81912986,36.27529647],[-121.81912194,36.2752998],[-121.81911394,36.27530302],[-121.81910588,36.27530612],[-121.81909775,36.27530911],[-121.81908956,36.27531199],[-121.8190813,36.27531475],[-121.81907299,36.27531738],[-121.81906462,36.27531991],[-121.81905621,36.27532232],[-121.81904774,36.2753246],[-121.81903921,36.27532677],[-121.81903065,36.27532881],[-121.81902204,36.27533073],[-121.81901339,36.27533253],[-121.81900471,36.27533421],[-121.81899599,36.27533577],[-121.81898724,36.2753372],[-121.81897846,36.27533851],[-121.81896965,36.2753397],[-121.81896081,36.27534076],[-121.81895196,36.27534169],[-121.81894309,36.2753425],[-121.8189342,36.27534318],[-121.8189253,36.27534374],[-121.81891639,36.27534417],[-121.81890746,36.27534448],[-121.81889854,36.27534467],[-121.81888961,36.27534471],[-121.81888068,36.27534464],[-121.81887176,36.27534445],[-121.81886283,36.27534412],[-121.81885392,36.27534367],[-121.81884502,36.27534309],[-121.81883614,36.27534239],[-121.81882726,36.27534157],[-121.81881842,36.27534061],[-121.81880958,36.27533953],[-121.81880078,36.27533833],[-121.818792,36.27533701],[-121.81878325,36.27533556],[-121.81877454,36.27533398],[-121.81876586,36.27533229],[-121.81875722,36.27533047],[-121.81874862,36.27532853],[-121.81874006,36.27532646],[-121.81873155,36.27532428],[-121.81822389,36.2751865],[-121.81820774,36.27518277],[-121.81819483,36.27518001],[-121.81818185,36.27517743],[-121.81816881,36.27517503],[-121.81815574,36.27517281],[-121.81814261,36.27517078],[-121.81812944,36.27516894],[-121.81811624,36.27516729],[-121.818103,36.27516582],[-121.81808973,36.27516454],[-121.81807643,36.27516344],[-121.81806312,36.27516254],[-121.81804979,36.27516182],[-121.81803644,36.27516129],[-121.81802308,36.27516095],[-121.81800972,36.2751608],[-121.81799636,36.27516084],[-121.817983,36.27516106],[-121.81796964,36.27516148],[-121.8179563,36.27516208],[-121.81794297,36.27516287],[-121.81792967,36.27516385],[-121.81791639,36.27516502],[-121.81790312,36.27516637],[-121.8178899,36.27516792],[-121.81787671,36.27516965],[-121.81786355,36.27517156],[-121.81785044,36.27517366],[-121.81783738,36.27517595],[-121.81782437,36.27517842],[-121.81781142,36.27518107],[-121.81779852,36.27518391],[-121.81778569,36.27518693],[-121.81777292,36.27519013],[-121.81776023,36.27519351],[-121.81774761,36.27519706],[-121.81773507,36.2752008],[-121.81771982,36.27520304],[-121.81770659,36.27520477],[-121.81769333,36.27520631],[-121.81768004,36.27520767],[-121.81766672,36.27520884],[-121.81765337,36.27520982],[-121.81764001,36.27521062],[-121.81762663,36.27521122],[-121.81761325,36.27521164],[-121.81759985,36.27521186],[-121.81758645,36.2752119],[-121.81757305,36.27521174],[-121.81755966,36.2752114],[-121.81754628,36.27521087],[-121.81753291,36.27521015],[-121.81751956,36.27520924],[-121.81750623,36.27520814],[-121.81749293,36.27520685],[-121.81747966,36.27520538],[-121.81746642,36.27520372],[-121.81745321,36.27520187],[-121.81744006,36.27519984],[-121.81742694,36.27519762],[-121.81741387,36.27519521],[-121.81740086,36.27519262],[-121.81738791,36.27518985],[-121.81737502,36.27518689],[-121.81736219,36.27518376],[-121.81734944,36.27518044],[-121.81733676,36.27517694],[-121.81732415,36.27517326],[-121.81731162,36.27516941],[-121.81729919,36.27516538],[-121.81728683,36.27516117],[-121.81727458,36.27515679],[-121.81726242,36.27515224],[-121.81725035,36.27514752],[-121.81723839,36.27514262],[-121.81722655,36.27513756],[-121.81721481,36.27513234],[-121.81720318,36.27512694],[-121.81719167,36.27512138],[-121.81718029,36.27511567],[-121.81716903,36.27510979],[-121.81715789,36.27510375],[-121.81714689,36.27509756],[-121.81713603,36.27509121],[-121.8171253,36.27508471],[-121.81711471,36.27507806],[-121.81710428,36.27507126],[-121.81709398,36.27506432],[-121.81708384,36.27505723],[-121.81707386,36.27504999],[-121.81706403,36.27504262],[-121.81705095,36.27503513],[-121.81704265,36.2750306],[-121.81703425,36.27502618],[-121.81702575,36.27502189],[-121.81701717,36.27501772],[-121.81700849,36.27501366],[-121.81699974,36.27500973],[-121.81699089,36.27500593],[-121.81698197,36.27500225],[-121.81697296,36.2749987],[-121.81696389,36.27499527],[-121.81695474,36.27499197],[-121.81694552,36.27498881],[-121.81693624,36.27498577],[-121.81692689,36.27498287],[-121.81691748,36.2749801],[-121.81690801,36.27497746],[-121.81689848,36.27497496],[-121.81688891,36.27497259],[-121.81687928,36.27497036],[-121.81686961,36.27496826],[-121.81685989,36.2749663],[-121.81685013,36.27496448],[-121.81684034,36.2749628],[-121.81683051,36.27496125],[-121.81682065,36.27495985],[-121.81681075,36.27495858],[-121.81680084,36.27495745],[-121.8167909,36.27495646],[-121.81678094,36.27495562],[-121.81677096,36.27495491],[-121.81676098,36.27495435],[-121.81675098,36.27495393],[-121.81674097,36.27495365],[-121.81673096,36.27495351],[-121.81672094,36.27495351],[-121.81671093,36.27495366],[-121.81670092,36.27495394],[-121.81669092,36.27495437],[-121.81668094,36.27495493],[-121.81667096,36.27495564],[-121.816661,36.2749565],[-121.81665106,36.27495749],[-121.81664115,36.27495862],[-121.81663126,36.27495989],[-121.8166214,36.2749613],[-121.81661157,36.27496285],[-121.81660177,36.27496453],[-121.81659202,36.27496636],[-121.8165823,36.27496832],[-121.81657263,36.27497043],[-121.816563,36.27497266],[-121.81655343,36.27497503],[-121.8165439,36.27497754],[-121.81653444,36.27498018],[-121.81652503,36.27498296],[-121.81651568,36.27498587],[-121.8165064,36.27498891],[-121.81649718,36.27499208],[-121.81648804,36.27499537],[-121.81647896,36.27499881],[-121.81646996,36.27500236],[-121.81646104,36.27500605],[-121.8164522,36.27500985],[-121.81644344,36.27501378],[-121.81643477,36.27501784],[-121.81642619,36.27502202],[-121.8164177,36.27502632],[-121.81641078,36.27502879],[-121.81640548,36.27503057],[-121.81640014,36.27503228],[-121.81639477,36.27503392],[-121.81638936,36.27503548],[-121.81638391,36.27503696],[-121.81637845,36.27503837],[-121.81637295,36.2750397],[-121.81636742,36.27504094],[-121.81636187,36.27504212],[-121.81635629,36.27504321],[-121.81635068,36.27504423],[-121.81634506,36.27504516],[-121.81633942,36.27504602],[-121.81633375,36.27504679],[-121.81632808,36.27504749],[-121.81632239,36.2750481],[-121.81631669,36.27504864],[-121.81631098,36.27504909],[-121.81630525,36.27504946],[-121.81629953,36.27504975],[-121.81629379,36.27504996],[-121.81628805,36.27505009],[-121.81628231,36.27505014],[-121.81627658,36.27505011],[-121.81627084,36.27505],[-121.8162651,36.2750498],[-121.81625937,36.27504953],[-121.81625365,36.27504917],[-121.81624793,36.27504874],[-121.81624223,36.27504822],[-121.81623653,36.27504762],[-121.81623086,36.27504694],[-121.81622519,36.27504618],[-121.81621955,36.27504534],[-121.81621392,36.27504442],[-121.81620832,36.27504342],[-121.81620273,36.27504235],[-121.81619717,36.27504119],[-121.81619164,36.27503996],[-121.81618613,36.27503865],[-121.81618065,36.27503726],[-121.81617521,36.27503579],[-121.81616979,36.27503425],[-121.81616441,36.27503263],[-121.81615906,36.27503093],[-121.81615376,36.27502916],[-121.81614849,36.27502731],[-121.81614326,36.27502539],[-121.81613808,36.2750234],[-121.81613294,36.27502133],[-121.81612784,36.2750192],[-121.81612279,36.27501698],[-121.81611779,36.2750147],[-121.81611283,36.27501235],[-121.81610794,36.27500993],[-121.81610309,36.27500744],[-121.8160983,36.27500488],[-121.81609356,36.27500225],[-121.81608888,36.27499956],[-121.81608426,36.27499681],[-121.8160797,36.27499398],[-121.8160752,36.2749911],[-121.81607077,36.27498814],[-121.81606639,36.27498513],[-121.81606209,36.27498206],[-121.81605785,36.27497893],[-121.81605368,36.27497573],[-121.81604958,36.27497248],[-121.81604555,36.27496917],[-121.81604159,36.27496581],[-121.8160377,36.27496239],[-121.81603389,36.27495891],[-121.81603016,36.27495538],[-121.8160265,36.2749518],[-121.81602292,36.27494816],[-121.81601941,36.27494448],[-121.81601599,36.27494075],[-121.81601265,36.27493697],[-121.81600939,36.27493315],[-121.81600621,36.27492928],[-121.81600312,36.27492536],[-121.81563688,36.27453833],[-121.81563244,36.27453334],[-121.81562844,36.27452903],[-121.81562434,36.27452477],[-121.81562015,36.27452057],[-121.81561587,36.27451643],[-121.8156115,36.27451235],[-121.81560705,36.27450833],[-121.81560251,36.27450438],[-121.81559789,36.2745005],[-121.81559318,36.27449667],[-121.81558839,36.27449292],[-121.81558352,36.27448923],[-121.81557857,36.27448561],[-121.81557355,36.27448207],[-121.81556844,36.27447859],[-121.81556327,36.27447519],[-121.81555802,36.27447186],[-121.8155527,36.27446861],[-121.81554732,36.27446543],[-121.81554186,36.27446232],[-121.81553634,36.27445931],[-121.81553075,36.27445635],[-121.8155251,36.27445349],[-121.8155194,36.2744507],[-121.81551363,36.274448],[-121.8155078,36.27444538],[-121.81550192,36.27444283],[-121.81549599,36.27444038],[-121.81549,36.27443801],[-121.81548396,36.27443572],[-121.81547787,36.27443351],[-121.81547174,36.2744314],[-121.81546556,36.27442937],[-121.81545934,36.27442743],[-121.81545308,36.27442557],[-121.81544678,36.27442381],[-121.81544044,36.27442214],[-121.81543407,36.27442055],[-121.81542766,36.27441905],[-121.81542123,36.27441765],[-121.81541476,36.27441634],[-121.81540827,36.27441512],[-121.81540175,36.27441399],[-121.8153952,36.27441295],[-121.81538864,36.274412],[-121.81538206,36.27441116],[-121.81537546,36.2744104],[-121.81536884,36.27440973],[-121.81536222,36.27440916],[-121.81535557,36.27440868],[-121.81534893,36.2744083],[-121.81534227,36.27440801],[-121.8153356,36.27440781],[-121.81532894,36.27440771],[-121.81532228,36.2744077],[-121.81531561,36.27440779],[-121.81530895,36.27440797],[-121.81530229,36.27440825],[-121.81529564,36.27440862],[-121.815289,36.27440908],[-121.81528236,36.27440964],[-121.81527575,36.27441029],[-121.81526914,36.27441103],[-121.81526256,36.27441187],[-121.81525599,36.2744128],[-121.81524945,36.27441382],[-121.81524292,36.27441494],[-121.81523643,36.27441614],[-121.81522996,36.27441744],[-121.81522352,36.27441883],[-121.81521711,36.27442031],[-121.81521073,36.27442188],[-121.81520438,36.27442354],[-121.81519808,36.2744253],[-121.81519181,36.27442714],[-121.81518558,36.27442906],[-121.8151794,36.27443108],[-121.81517326,36.27443318],[-121.81516716,36.27443537],[-121.81516112,36.27443764],[-121.81515512,36.27444],[-121.81514918,36.27444245],[-121.81514329,36.27444498],[-121.81513745,36.27444759],[-121.81513168,36.27445028],[-121.81512596,36.27445305],[-121.8151203,36.27445591],[-121.81511471,36.27445884],[-121.81510917,36.27446185],[-121.81510371,36.27446494],[-121.81509831,36.27446811],[-121.81509298,36.27447135],[-121.81508772,36.27447467],[-121.81508254,36.27447806],[-121.81507742,36.27448153],[-121.81507239,36.27448506],[-121.81506743,36.27448867],[-121.81506254,36.27449235],[-121.81505774,36.27449609],[-121.81505302,36.2744999],[-121.81504839,36.27450378],[-121.81504383,36.27450772],[-121.81503936,36.27451173],[-121.81503498,36.2745158],[-121.81503069,36.27451993],[-121.81502649,36.27452412],[-121.81502238,36.27452837],[-121.81501835,36.27453267],[-121.81501443,36.27453704],[-121.8150106,36.27454146],[-121.81500686,36.27454593],[-121.81500323,36.27455045],[-121.81499969,36.27455502],[-121.81499625,36.27455965],[-121.81499291,36.27456432],[-121.81498967,36.27456904],[-121.81498653,36.2745738],[-121.8149835,36.2745786],[-121.81498056,36.27458345],[-121.81497774,36.27458834],[-121.81497502,36.27459327],[-121.8149724,36.27459824],[-121.8149699,36.27460324],[-121.8149675,36.27460828],[-121.81496522,36.27461334],[-121.81496304,36.27461844],[-121.81496097,36.27462357],[-121.81495901,36.27462874],[-121.81495716,36.27463392],[-121.81495543,36.27463914],[-121.81495381,36.27464437],[-121.8149523,36.27464963],[-121.8149509,36.27465491],[-121.81494962,36.2746602],[-121.81494845,36.27466552],[-121.8149474,36.27467085],[-121.81494647,36.27467619],[-121.81494565,36.27468155],[-121.81494494,36.27468692],[-121.81494435,36.2746923],[-121.81494388,36.27469768],[-121.81494352,36.27470307],[-121.81494328,36.27470846],[-121.81494315,36.27471386],[-121.81494314,36.27471926],[-121.81494325,36.27472466],[-121.81494347,36.27473005],[-121.81494382,36.27473544],[-121.81494427,36.27474083],[-121.81494484,36.27474621],[-121.81494553,36.27475158],[-121.81494633,36.27475693],[-121.81494726,36.27476228],[-121.81494829,36.27476761],[-121.81494943,36.27477293],[-121.8149507,36.27477823],[-121.81495208,36.27478351],[-121.81495357,36.27478877],[-121.81495517,36.27479401],[-121.81495689,36.27479923],[-121.81495872,36.27480442],[-121.81496066,36.27480958],[-121.81496271,36.27481472],[-121.81496487,36.27481983],[-121.81496714,36.2748249],[-121.81496952,36.27482994],[-121.81497201,36.27483495],[-121.81497461,36.27483992],[-121.81497731,36.27484485],[-121.81498012,36.27484975],[-121.81498304,36.2748546],[-121.81532972,36.27524211],[-121.81533802,36.27525012],[-121.81534206,36.27525424],[-121.81534602,36.27525841],[-121.81534988,36.27526264],[-121.81535366,36.27526693],[-121.81535734,36.27527127],[-121.81536092,36.27527566],[-121.81536441,36.2752801],[-121.81536781,36.27528458],[-121.8153711,36.27528912],[-121.8153743,36.2752937],[-121.8153774,36.27529832],[-121.8153804,36.27530299],[-121.8153833,36.2753077],[-121.8153861,36.27531245],[-121.81538879,36.27531724],[-121.81539138,36.27532207],[-121.81539386,36.27532693],[-121.81539624,36.27533183],[-121.81539852,36.27533676],[-121.81540069,36.27534172],[-121.81540275,36.27534671],[-121.8154047,36.27535173],[-121.81540655,36.27535677],[-121.81540828,36.27536184],[-121.8154099,36.27536694],[-121.81541142,36.27537206],[-121.81541282,36.27537719],[-121.81541412,36.27538235],[-121.8154153,36.27538752],[-121.81541637,36.27539272],[-121.81541733,36.27539792],[-121.81541818,36.27540314],[-121.81541891,36.27540837],[-121.81541953,36.2754136],[-121.81542004,36.27541885],[-121.81542044,36.2754241],[-121.81542072,36.27542936],[-121.81542089,36.27543462],[-121.81542094,36.27543988],[-121.81542089,36.27544514],[-121.81542071,36.27545041],[-121.81542043,36.27545566],[-121.81542003,36.27546091],[-121.81541952,36.27546616],[-121.81541889,36.27547139],[-121.81541816,36.27547663],[-121.81541731,36.27548184],[-121.81541634,36.27548705],[-121.81541527,36.27549224],[-121.81541409,36.27549741],[-121.81541279,36.27550257],[-121.81541138,36.27550771],[-121.81540986,36.27551282],[-121.81540823,36.27551791],[-121.81540649,36.27552298],[-121.81540465,36.27552803],[-121.81540269,36.27553305],[-121.81540062,36.27553804],[-121.81539846,36.275543],[-121.81539618,36.27554793],[-121.81539379,36.27555282],[-121.8153913,36.27555768],[-121.81538871,36.27556251],[-121.81538601,36.2755673],[-121.81538322,36.27557205],[-121.81538031,36.27557675],[-121.81537731,36.27558142],[-121.81537421,36.27558604],[-121.81537101,36.27559063],[-121.81536771,36.27559516],[-121.81536431,36.27559964],[-121.81536082,36.27560408],[-121.81535723,36.27560847],[-121.81535355,36.2756128],[-121.81534977,36.27561709],[-121.81534591,36.27562132],[-121.81534195,36.27562549],[-121.8153379,36.27562961],[-121.81533377,36.27563367],[-121.81532954,36.27563767],[-121.81532524,36.27564161],[-121.81532085,36.27564549],[-121.81531637,36.2756493],[-121.81531181,36.27565306],[-121.81530718,36.27565674],[-121.81530246,36.27566036],[-121.81529767,36.27566392],[-121.8152928,36.2756674],[-121.81528786,36.27567082],[-121.81528284,36.27567416],[-121.81527775,36.27567744],[-121.8152726,36.27568064],[-121.81526737,36.27568377],[-121.81526208,36.27568683],[-121.81525672,36.27568981],[-121.8152513,36.27569271],[-121.81524582,36.27569554],[-121.81524028,36.27569828],[-121.81523468,36.27570095],[-121.81522902,36.27570355],[-121.81470916,36.2759375],[-121.81468576,36.27595011],[-121.81466938,36.27595853],[-121.81465281,36.27596673],[-121.81463607,36.27597469],[-121.81461917,36.27598242],[-121.81460209,36.2759899],[-121.81458486,36.27599714],[-121.81456748,36.27600414],[-121.81454994,36.27601089],[-121.81453227,36.27601739],[-121.81451446,36.27602364],[-121.81449651,36.27602964],[-121.81447844,36.27603538],[-121.81446025,36.27604087],[-121.81444194,36.2760461],[-121.81442353,36.27605107],[-121.814405,36.27605577],[-121.81438638,36.27606022],[-121.81436767,36.2760644],[-121.81434887,36.27606832],[-121.81432999,36.27607197],[-121.81431102,36.27607536],[-121.814292,36.27607847],[-121.8142729,36.27608131],[-121.81425375,36.27608389],[-121.81423455,36.27608619],[-121.8142153,36.27608822],[-121.81419601,36.27608999],[-121.81417668,36.27609147],[-121.81415733,36.27609269],[-121.81413795,36.27609363],[-121.81411855,36.2760943],[-121.81409914,36.27609469],[-121.81407973,36.2760948],[-121.81406032,36.27609465],[-121.81404091,36.27609422],[-121.81402152,36.27609351],[-121.81400214,36.27609253],[-121.81398279,36.27609128],[-121.81396347,36.27608975],[-121.81394418,36.27608795],[-121.81392494,36.27608589],[-121.81390574,36.27608354],[-121.8138866,36.27608093],[-121.81386751,36.27607805],[-121.8138485,36.27607489],[-121.81382955,36.27607147],[-121.81381068,36.27606778],[-121.81379189,36.27606383],[-121.81377319,36.27605961],[-121.81375458,36.27605513],[-121.81342333,36.27598405],[-121.81256914,36.27628399],[-121.81218122,36.27614659],[-121.81164038,36.27546308],[-121.81034507,36.27511052],[-121.80995511,36.27573721],[-121.80902103,36.27724138],[-121.80718461,36.28019811],[-121.75819592,36.24779712],[-121.7579694,36.24753013],[-121.75743971,36.24699615]]]},"properties":{"OBJECTID":1097744,"COUNTY":"MONTEREY","CITY":"MRY","ZONE_NAME":null,"ZONE_ID":"US-CA-XMY-MRY-F023-A","STATUS":"Evacuation Warning","EVENT_TYPE":null,"CRITICAL_INFO":null,"PUBLIC_INFO":null,"EDIT_DATE":1788440492000,"STATEWIDE_LAST_UPDATED":null,"NOTES":"Timber Fire","SHAPE__Area":7837152.90625,"SHAPE__Length":18776.016209849196,"GlobalID":"0db49bd9-282f-4875-921b-b84acff9141d","CreationDate":1788440715877,"Creator":"CalOES_Scripts","EditDate":1788440715877,"Editor":"CalOES_Scripts"}},{"type":"Feature","id":1097833,"geometry":{"type":"Polygon","coordinates":[[[-122.93947,39.221617],[-122.939146,39.221429],[-122.938997,39.221332],[-122.938863,39.221224],[-122.938748,39.221099],[-122.938641,39.220963],[-122.938613,39.220933],[-122.938517,39.220829],[-122.938378,39.220704],[-122.938226,39.220592],[-122.938061,39.220495],[-122.937713,39.22033],[-122.937551,39.220237],[-122.937392,39.220136],[-122.937107,39.219911],[-122.936964,39.219791],[-122.936261,39.219164],[-122.93612,39.219054],[-122.936001,39.218926],[-122.935899,39.218793],[-122.935783,39.218611],[-122.935724,39.218517],[-122.9356627,39.2184318],[-122.935625,39.21838],[-122.935511,39.21825],[-122.935389,39.218119],[-122.934868,39.217593],[-122.934755,39.217455],[-122.934616,39.217319],[-122.934395,39.217032],[-122.934185,39.216737],[-122.934087,39.216588],[-122.933994,39.216436],[-122.93382,39.216121],[-122.933655,39.21581],[-122.933505,39.215499],[-122.933404,39.215343],[-122.933276,39.215031],[-122.933195,39.214888],[-122.933124,39.214728],[-122.933039,39.214581],[-122.93294,39.214444],[-122.93282,39.214318],[-122.932558,39.214084],[-122.932417,39.21397],[-122.932272,39.213863],[-122.932123,39.213768],[-122.931829,39.213598],[-122.931719,39.213505],[-122.931627,39.213397],[-122.931552,39.213266],[-122.93122,39.212716],[-122.931156,39.212577],[-122.93111,39.212437],[-122.931005,39.211982],[-122.930929,39.211816],[-122.930848,39.211704],[-122.930596,39.211438],[-122.930463,39.211273],[-122.930311,39.211171],[-122.930043,39.21089],[-122.929789,39.210604],[-122.929548,39.210313],[-122.929261,39.209899],[-122.929221,39.20984],[-122.928977,39.209521],[-122.928857,39.209393],[-122.928816,39.209343],[-122.928652,39.209146],[-122.928608,39.209094],[-122.928468,39.208964],[-122.928319,39.208847],[-122.92816,39.208738],[-122.927995,39.208636],[-122.92782,39.20854],[-122.927637,39.20845],[-122.927448,39.208367],[-122.927251,39.208291],[-122.926841,39.208163],[-122.926427,39.208052],[-122.926502,39.207894],[-122.926501,39.20781],[-122.926449,39.20773],[-122.926407,39.207641],[-122.9264,39.207544],[-122.926433,39.207414],[-122.926539,39.207236],[-122.926612,39.207097],[-122.926582,39.207017],[-122.926496,39.206965],[-122.926289,39.206926],[-122.926187,39.206923],[-122.926105,39.206848],[-122.926058,39.206737],[-122.925954,39.206604],[-122.925884,39.206525],[-122.925872,39.206445],[-122.92587,39.206338],[-122.925834,39.206227],[-122.925644,39.206077],[-122.925602,39.20598],[-122.925653,39.205899],[-122.925903,39.205808],[-122.926108,39.205758],[-122.926251,39.205761],[-122.926468,39.205751],[-122.926639,39.205718],[-122.926969,39.205569],[-122.927303,39.205344],[-122.927473,39.205173],[-122.927641,39.204963],[-122.927766,39.204851],[-122.927834,39.204855],[-122.927864,39.204921],[-122.927922,39.205001],[-122.92802,39.20504],[-122.928094,39.205004],[-122.928138,39.204906],[-122.928125,39.204803],[-122.928159,39.204723],[-122.928255,39.204691],[-122.928484,39.204716],[-122.928673,39.204701],[-122.92881,39.2047],[-122.928912,39.204673],[-122.929042,39.204543],[-122.929126,39.204382],[-122.929283,39.204194],[-122.929362,39.204073],[-122.929464,39.203979],[-122.929623,39.203929],[-122.929788,39.203887],[-122.929913,39.203833],[-122.930032,39.203761],[-122.930145,39.203631],[-122.930195,39.20351],[-122.93025,39.203359],[-122.930295,39.203292],[-122.930397,39.203215],[-122.930584,39.203107],[-122.93077,39.202941],[-122.931014,39.202739],[-122.931268,39.20251],[-122.931493,39.202268],[-122.931618,39.202209],[-122.931744,39.202217],[-122.931985,39.202242],[-122.932156,39.202245],[-122.932294,39.202311],[-122.93241,39.202403],[-122.932468,39.202509],[-122.932498,39.202616],[-122.932586,39.202762],[-122.932673,39.202864],[-122.932783,39.202974],[-122.93283,39.203062],[-122.932854,39.203133],[-122.932815,39.203223],[-122.932816,39.203294],[-122.932863,39.203374],[-122.932864,39.203449],[-122.932808,39.203561],[-122.932804,39.203676],[-122.932845,39.203761],[-122.932985,39.203969],[-122.933107,39.204132],[-122.933171,39.204198],[-122.933161,39.204292],[-122.933082,39.204408],[-122.933089,39.204519],[-122.93316,39.204701],[-122.933201,39.204759],[-122.933299,39.204824],[-122.933357,39.204837],[-122.933408,39.204828],[-122.933561,39.204747],[-122.933794,39.204598],[-122.934014,39.204445],[-122.934076,39.204365],[-122.934041,39.204325],[-122.933921,39.204304],[-122.933829,39.204251],[-122.933845,39.204197],[-122.934033,39.204111],[-122.934272,39.204047],[-122.93442,39.203975],[-122.934499,39.203872],[-122.934508,39.203707],[-122.934471,39.203507],[-122.934514,39.203307],[-122.934585,39.20304],[-122.934679,39.202843],[-122.934762,39.202589],[-122.934862,39.202361],[-122.935069,39.202053],[-122.935199,39.201914],[-122.935398,39.201823],[-122.935739,39.201687],[-122.935869,39.201624],[-122.935995,39.201592],[-122.936154,39.201559],[-122.93632,39.201531],[-122.936445,39.201481],[-122.936597,39.201347],[-122.936683,39.201306],[-122.936768,39.201252],[-122.936852,39.201131],[-122.936918,39.201067],[-122.936936,39.20105],[-122.937033,39.201018],[-122.937137,39.201071],[-122.937178,39.201146],[-122.937139,39.201267],[-122.937045,39.201459],[-122.936962,39.201659],[-122.936895,39.201767],[-122.936863,39.201954],[-122.936834,39.202403],[-122.936848,39.202608],[-122.936924,39.202701],[-122.937039,39.20274],[-122.937183,39.202841],[-122.937374,39.20299],[-122.937576,39.203185],[-122.937859,39.203356],[-122.93806,39.203465],[-122.938221,39.203486],[-122.938375,39.203487],[-122.938511,39.203296],[-122.939445,39.203139],[-122.939707,39.203601],[-122.940317,39.204407],[-122.941669,39.204593],[-122.943814,39.204744],[-122.94398128,39.20479547],[-122.9441211,39.20496492],[-122.94433423,39.20513094],[-122.9444941,39.20525547],[-122.94488268,39.20549764],[-122.94517799,39.20569136],[-122.94545782,39.20581248],[-122.94583085,39.20605463],[-122.94592404,39.20607401],[-122.94598036,39.20608572],[-122.94606409,39.20610314],[-122.94631288,39.20613955],[-122.94643724,39.20620009],[-122.94679476,39.20640594],[-122.94688501,39.20646746],[-122.94704345,39.20657544],[-122.94739842,39.20681097],[-122.94746312,39.20685391],[-122.94768063,39.20714438],[-122.94779429,39.20725505],[-122.947859,39.207616],[-122.948016,39.207639],[-122.948307,39.207746],[-122.948488,39.207799],[-122.948615,39.207908],[-122.948726,39.208023],[-122.948806,39.20815],[-122.948926,39.208271],[-122.949084,39.208398],[-122.949226,39.208488],[-122.949299,39.208634],[-122.949355,39.208762],[-122.949429,39.209005],[-122.949345,39.209189],[-122.949331,39.209317],[-122.94939,39.209566],[-122.949464,39.209828],[-122.949535,39.2099],[-122.949645,39.20993],[-122.949764,39.21002],[-122.949773,39.210112],[-122.949814,39.210209],[-122.949917,39.210312],[-122.950051,39.210365],[-122.950169,39.210425],[-122.950217,39.210517],[-122.950322,39.210692],[-122.950417,39.210808],[-122.950515,39.211118],[-122.950628,39.211312],[-122.950723,39.211402],[-122.950794,39.211463],[-122.950859,39.21159],[-122.951002,39.211784],[-122.951185,39.211978],[-122.951375,39.212123],[-122.951548,39.212182],[-122.951636,39.212255],[-122.951621,39.212358],[-122.951583,39.212414],[-122.951529,39.212457],[-122.951498,39.212548],[-122.951539,39.21267],[-122.951604,39.21281],[-122.951653,39.212943],[-122.951682,39.21337],[-122.951661,39.213589],[-122.95169,39.213937],[-122.951738,39.21404],[-122.951969,39.214294],[-122.952041,39.214403],[-122.952073,39.214476],[-122.952191,39.21453],[-122.952332,39.214535],[-122.952441,39.214467],[-122.952495,39.214375],[-122.952524,39.21421],[-122.952513,39.213967],[-122.952392,39.213712],[-122.952257,39.213585],[-122.952208,39.213457],[-122.952191,39.213329],[-122.952221,39.213244],[-122.952337,39.213169],[-122.952501,39.213125],[-122.952658,39.213112],[-122.952894,39.213177],[-122.953021,39.21328],[-122.953069,39.213395],[-122.953111,39.213553],[-122.953214,39.21368],[-122.953332,39.213722],[-122.953451,39.213794],[-122.953515,39.213848],[-122.953538,39.213867],[-122.953727,39.213914],[-122.953914,39.213864],[-122.954009,39.213794],[-122.954031,39.213777],[-122.954256,39.213648],[-122.954358,39.213677],[-122.95445065,39.21375296],[-122.954469,39.213768],[-122.95451,39.213895],[-122.954543,39.214041],[-122.954601,39.214242],[-122.954666,39.214418],[-122.954747,39.214588],[-122.954789,39.214789],[-122.954824,39.215112],[-122.954779,39.215247],[-122.954617,39.215413],[-122.95447,39.215591],[-122.954386,39.215719],[-122.954404,39.215871],[-122.954445,39.21606],[-122.95463,39.216376],[-122.954718,39.216546],[-122.954869,39.216703],[-122.955059,39.216854],[-122.955275,39.217175],[-122.955396,39.2174],[-122.955516,39.217575],[-122.95573,39.21775],[-122.955897,39.217932],[-122.956041,39.21815],[-122.95621,39.218515],[-122.956284,39.218734],[-122.956349,39.218898],[-122.956499,39.219018],[-122.956706,39.219206],[-122.957179,39.219409],[-122.957299,39.219621],[-122.95738,39.219791],[-122.957454,39.220077],[-122.957622,39.220332],[-122.957876,39.220568],[-122.95816,39.220718],[-122.958696,39.220914],[-122.959026,39.220991],[-122.959168,39.221057],[-122.959404,39.221079],[-122.960023,39.221105],[-122.960612,39.221161],[-122.960769,39.22119],[-122.960934,39.221244],[-122.9611,39.22137],[-122.961266,39.22146],[-122.961456,39.221556],[-122.961772,39.221785],[-122.961986,39.221948],[-122.962168,39.222056],[-122.962428,39.222201],[-122.962617,39.222272],[-122.963169,39.222451],[-122.963892,39.222664],[-122.964098,39.222796],[-122.964281,39.22296],[-122.96682721,39.22085465],[-122.96697115,39.22092894],[-122.97126229,39.22091303],[-122.97579035,39.22089622],[-122.98031845,39.22087941],[-122.98484651,39.2208626],[-123.01277743,39.22107134],[-123.01277733,39.23631333],[-123.00111016,39.23588574],[-122.99441706,39.23586759],[-122.99422636,39.24987485],[-122.99448666,39.256953],[-123.00111013,39.25708375],[-123.00111016,39.2571289],[-123.00420921,39.25712897],[-123.00450226,39.26381792],[-122.98723899,39.26409347],[-122.98729199,39.26407607],[-122.98515936,39.26412361],[-122.97261378,39.26420161],[-122.972565,39.26415],[-122.972322,39.264038],[-122.97216,39.263971],[-122.971959,39.263779],[-122.971878,39.263683],[-122.971789,39.263661],[-122.971702,39.263673],[-122.971528,39.263817],[-122.971397,39.263841],[-122.971235,39.263797],[-122.971153,39.263672],[-122.971107,39.26357],[-122.971019,39.263497],[-122.970724,39.263346],[-122.970258,39.262974],[-122.969711,39.262569],[-122.969533,39.262411],[-122.969399,39.262253],[-122.969199,39.26213],[-122.96911,39.261994],[-122.969012,39.261773],[-122.96895,39.261557],[-122.968838,39.261382],[-122.96854,39.261031],[-122.96763,39.260254],[-122.967406,39.259994],[-122.96714,39.259808],[-122.9666943,39.2595325],[-122.9665749,39.2594777],[-122.966145,39.259288],[-122.965417,39.259037],[-122.964808,39.258878],[-122.964182,39.258627],[-122.963233,39.258219],[-122.962731,39.25795],[-122.962451,39.257759],[-122.96225,39.257488],[-122.96152,39.256732],[-122.961448,39.256658],[-122.960928,39.25611],[-122.960824,39.255975],[-122.96064,39.255914],[-122.960421,39.25591],[-122.960113,39.255878],[-122.959746,39.255796],[-122.959084,39.255568],[-122.958539,39.255345],[-122.957987,39.255054],[-122.957536,39.254767],[-122.957335,39.254513],[-122.957229,39.254229],[-122.95702,39.253952],[-122.956755,39.253789],[-122.956475,39.253655],[-122.956247,39.253566],[-122.956127,39.253362],[-122.956154,39.253174],[-122.956232,39.253008],[-122.9562,39.252781],[-122.956012,39.252424],[-122.955565,39.251842],[-122.955365,39.251656],[-122.954996,39.25142],[-122.954474,39.251116],[-122.954113,39.250851],[-122.953565,39.250424],[-122.953203,39.250057],[-122.953132,39.249981],[-122.952624,39.249439],[-122.952583,39.249282],[-122.952526,39.249138],[-122.952454,39.248997],[-122.952364,39.24886],[-122.952259,39.248729],[-122.952032,39.248466],[-122.95191,39.248346],[-122.951693,39.248075],[-122.951599,39.247943],[-122.951514,39.247805],[-122.95128,39.247378],[-122.950765,39.246412],[-122.950675,39.246288],[-122.950562,39.246175],[-122.950426,39.246075],[-122.950206,39.245963],[-122.95012,39.245919],[-122.949991,39.245869],[-122.949954,39.245855],[-122.949776,39.245801],[-122.949589,39.245755],[-122.949204,39.245675],[-122.949025,39.24561],[-122.948855,39.245533],[-122.948698,39.245439],[-122.948552,39.245329],[-122.948519,39.2453],[-122.948414,39.245208],[-122.948282,39.245078],[-122.948153,39.24494],[-122.94809884,39.24487754],[-122.948029,39.244797],[-122.947666,39.244359],[-122.947403,39.243913],[-122.947335,39.243763],[-122.947279,39.243613],[-122.947239,39.243456],[-122.947214,39.243299],[-122.9472,39.243142],[-122.947198,39.242989],[-122.947219,39.242841],[-122.947268,39.242693],[-122.947398,39.242383],[-122.94745,39.242197],[-122.947519,39.242037],[-122.947569,39.24186],[-122.947606,39.241687],[-122.947625,39.241515],[-122.94762,39.241009],[-122.94761,39.240826],[-122.947579,39.240496],[-122.947554,39.240337],[-122.94752,39.240172],[-122.947426,39.23985],[-122.947371,39.239702],[-122.947297,39.239559],[-122.947088,39.239287],[-122.94685,39.239035],[-122.946779,39.238892],[-122.946662,39.238724],[-122.946549,39.238598],[-122.946447,39.238467],[-122.946343,39.238319],[-122.946002,39.237907],[-122.945795,39.237617],[-122.945707,39.237494],[-122.945595,39.237369],[-122.945522,39.237258],[-122.945463,39.237113],[-122.94541,39.236955],[-122.945385,39.236792],[-122.945302,39.236156],[-122.945293,39.236011],[-122.9453,39.235874],[-122.945323,39.235744],[-122.945399,39.235607],[-122.945489,39.235486],[-122.945595,39.235379],[-122.945718,39.235283],[-122.945982,39.235102],[-122.946099,39.235001],[-122.946191,39.234881],[-122.946249,39.234742],[-122.946279,39.234594],[-122.946291,39.234433],[-122.9463,39.234106],[-122.946301,39.233772],[-122.946287,39.23361],[-122.946256,39.233454],[-122.946194,39.233296],[-122.946114,39.233141],[-122.945925,39.232841],[-122.945614,39.232389],[-122.945387,39.232106],[-122.945184,39.23182],[-122.945096,39.231677],[-122.945014,39.231533],[-122.94494,39.231386],[-122.944871,39.231235],[-122.94473336,39.23096325],[-122.944715,39.230927],[-122.944548,39.230625],[-122.944132,39.229846],[-122.944058,39.229694],[-122.943997,39.229541],[-122.943944,39.229385],[-122.943857,39.229074],[-122.943844,39.228917],[-122.943844,39.22861],[-122.943864,39.22829],[-122.943865,39.228126],[-122.943872,39.227957],[-122.943872,39.227791],[-122.943855,39.227625],[-122.943821,39.227459],[-122.943766,39.227296],[-122.943699,39.22714],[-122.943616,39.226989],[-122.94356,39.226831],[-122.943433,39.226683],[-122.943247,39.226392],[-122.943171,39.226247],[-122.943113,39.226089],[-122.9430364,39.2258413],[-122.943028,39.225814],[-122.943019,39.225786],[-122.942958,39.225622],[-122.942822,39.225308],[-122.942607,39.22484],[-122.942483,39.224538],[-122.942371,39.224222],[-122.942336,39.224095],[-122.94215,39.223541],[-122.942092,39.223417],[-122.942009,39.223292],[-122.941895,39.223171],[-122.941747,39.22307],[-122.941244,39.222791],[-122.941057,39.222678],[-122.940895,39.222595],[-122.940385,39.222295],[-122.940222,39.222185],[-122.940067,39.22207],[-122.939625,39.221721],[-122.93947,39.221617]]]},"properties":{"OBJECTID":1097833,"COUNTY":"LAKE","CITY":"MNF","ZONE_NAME":null,"ZONE_ID":"US-CA-XLK-MNF-E018","STATUS":"Evacuation Order","EVENT_TYPE":null,"CRITICAL_INFO":null,"PUBLIC_INFO":null,"EDIT_DATE":1789079939000,"STATEWIDE_LAST_UPDATED":null,"NOTES":"Evacuation order due to wildfire.","SHAPE__Area":40803211.8515625,"SHAPE__Length":36841.424404846031,"GlobalID":"87ac0507-ca49-45d5-8fbe-4367643811f1","CreationDate":1789080033525,"Creator":"CalOES_Scripts","EditDate":1789080033525,"Editor":"CalOES_Scripts"}},{"type":"Feature","id":1097873,"geometry":{"type":"Polygon","coordinates":[[[-122.942897,39.175148],[-122.9414436,39.173062],[-122.941508,39.173081],[-122.942055,39.173229],[-122.942425,39.17332],[-122.942733,39.173391],[-122.945262,39.17391],[-122.946996,39.174275],[-122.949389,39.174782],[-122.949693,39.174842],[-122.949997,39.174895],[-122.950303,39.174934],[-122.950612,39.174958],[-122.950716,39.17496],[-122.950924,39.174964],[-122.951236,39.174951],[-122.9512749,39.1749474],[-122.951418,39.174934],[-122.951548,39.174921],[-122.951856,39.174876],[-122.952164,39.174818],[-122.952468,39.174746],[-122.952769,39.174663],[-122.953064,39.174568],[-122.953357,39.174462],[-122.953634,39.174345],[-122.953911,39.174217],[-122.954175,39.174079],[-122.954429,39.17393],[-122.95467,39.17377],[-122.954894,39.173599],[-122.955119,39.173419],[-122.955332,39.173227],[-122.955533,39.173026],[-122.9557221,39.1728215],[-122.955976,39.172547],[-122.958069,39.170254],[-122.95886,39.169402],[-122.959066,39.169197],[-122.959282,39.169005],[-122.9594734,39.1688378],[-122.959758,39.168645],[-122.960085,39.168434],[-122.960272,39.168314],[-122.962826,39.166732],[-122.963081,39.166578],[-122.963321,39.16642],[-122.963567,39.166267],[-122.963793,39.166111],[-122.964061,39.165958],[-122.964318,39.165794],[-122.965017,39.165353],[-122.965266,39.165215],[-122.965511,39.16509],[-122.965767,39.164987],[-122.966029,39.164909],[-122.966301,39.164857],[-122.966576,39.164825],[-122.966858,39.164813],[-122.96704318,39.16482022],[-122.96714,39.164824],[-122.967418,39.164858],[-122.967686,39.164915],[-122.96785,39.164963],[-122.967945,39.164991],[-122.9681703,39.1650817],[-122.968191,39.16509],[-122.968667,39.165315],[-122.969635,39.165784],[-122.970611,39.166247],[-122.97087,39.166336],[-122.971134,39.16642],[-122.971405,39.166492],[-122.971679,39.166554],[-122.971958,39.166606],[-122.972241,39.166643],[-122.972527,39.166673],[-122.972817,39.166695],[-122.973109,39.166697],[-122.973404,39.166683],[-122.97338029,39.17040852],[-122.97447531,39.17475296],[-122.98162517,39.18189324],[-122.97814686,39.18359082],[-122.97776038,39.18488895],[-122.97789193,39.18631647],[-122.97711577,39.18633391],[-122.97607496,39.18605249],[-122.97505835,39.18603373],[-122.97399333,39.18620258],[-122.97314615,39.18625886],[-122.972401,39.186253],[-122.972411,39.186334],[-122.972398,39.186925],[-122.972408,39.187354],[-122.972421,39.187458],[-122.972421,39.187552],[-122.972406,39.187645],[-122.972397,39.18774],[-122.97239,39.188509],[-122.972383,39.188634],[-122.972383,39.189061],[-122.972387,39.189213],[-122.972384,39.18952],[-122.972387,39.189679],[-122.9723848,39.189821],[-122.972382,39.189999],[-122.972394,39.190317],[-122.972386,39.190476],[-122.972365,39.191089],[-122.97236462,39.19112609],[-122.97236,39.191581],[-122.972349,39.191822],[-122.97235,39.192251],[-122.97148,39.192252],[-122.9713,39.192242],[-122.971104,39.192256],[-122.96805055,39.19226362],[-122.967683,39.192259],[-122.96736566,39.19226163],[-122.966717,39.192267],[-122.966672,39.192268],[-122.966616,39.192265],[-122.9664244,39.1922563],[-122.966284,39.19225],[-122.966114,39.192248],[-122.965882,39.192264],[-122.965677,39.19227],[-122.964271,39.192266],[-122.963865,39.192257],[-122.963668,39.192268],[-122.9634814,39.1922689],[-122.963274,39.19227],[-122.962712,39.192288],[-122.962389,39.192278],[-122.962253,39.192269],[-122.962132,39.19225],[-122.962101,39.19224],[-122.962024,39.192214],[-122.962002,39.192202],[-122.96193,39.192164],[-122.961759,39.192045],[-122.961665,39.191989],[-122.961338,39.19182],[-122.961235,39.19175],[-122.961144,39.191667],[-122.96107,39.191568],[-122.96101,39.191459],[-122.960913,39.191214],[-122.960869,39.191081],[-122.96077,39.190676],[-122.960716,39.190552],[-122.9606661,39.1904638],[-122.960647,39.19043],[-122.960566,39.190306],[-122.960474,39.190176],[-122.960285,39.189892],[-122.960052,39.18953],[-122.959998,39.189444],[-122.959885,39.189287],[-122.959795,39.189136],[-122.959719,39.188985],[-122.959634,39.188845],[-122.959539,39.188713],[-122.959436,39.188588],[-122.959116,39.188222],[-122.958551,39.187555],[-122.958511,39.187512],[-122.958436,39.187434],[-122.958317,39.187327],[-122.958185,39.187235],[-122.957907,39.18706],[-122.957498,39.18679],[-122.957106,39.186516],[-122.956889,39.186357],[-122.956865,39.186345],[-122.956723,39.18627],[-122.9566557,39.1862307],[-122.956521,39.186152],[-122.956231,39.186003],[-122.956007,39.185897],[-122.954029,39.18505],[-122.952496,39.184405],[-122.950573,39.183602],[-122.947626,39.182367],[-122.947441,39.182275],[-122.947255,39.182204],[-122.947081,39.182122],[-122.946937,39.182043],[-122.946784,39.181944],[-122.946758,39.181927],[-122.9466987,39.1818767],[-122.946613,39.181808],[-122.946491,39.181673],[-122.946394,39.181526],[-122.946311,39.181373],[-122.945516,39.179809],[-122.9446088,39.1779385],[-122.944166,39.17705],[-122.943993,39.176714],[-122.943897,39.176551],[-122.943476,39.175916],[-122.943342,39.175733],[-122.942897,39.175148]]]},"properties":{"OBJECTID":1097873,"COUNTY":"LAKE","CITY":"UPP","ZONE_NAME":null,"ZONE_ID":"US-CA-XLK-UPP-E030","STATUS":"Evacuation Warning","EVENT_TYPE":null,"CRITICAL_INFO":null,"PUBLIC_INFO":null,"EDIT_DATE":1789419678000,"STATEWIDE_LAST_UPDATED":null,"NOTES":"Zones reduced to evacuation WARNING.\nResidents are encouraged to use caution when returning to affected zones.\nMore Information: response.lakecountyca.gov","SHAPE__Area":9182317.625,"SHAPE__Length":13954.684943099592,"GlobalID":"88df7fce-f9eb-4325-b6ed-dba2611db1c0","CreationDate":1789419934615,"Creator":"CalOES_Scripts","EditDate":1789419934615,"Editor":"CalOES_Scripts"}},{"type":"Feature","id":1097874,"geometry":{"type":"Polygon","coordinates":[[[-122.933221,39.168848],[-122.933455,39.168986],[-122.933681,39.169135],[-122.934799,39.16993],[-122.935497,39.17042],[-122.935932,39.17071],[-122.935976,39.17074],[-122.9362266,39.1708976],[-122.936259,39.170918],[-122.93646,39.171044],[-122.936726,39.171204],[-122.936975,39.171342],[-122.937236,39.17148],[-122.937503,39.171612],[-122.937772,39.171739],[-122.938046,39.171859],[-122.938604,39.172085],[-122.9391079,39.1722737],[-122.939186,39.172303],[-122.9396397,39.1724705],[-122.940038,39.172615],[-122.940323,39.172714],[-122.940908,39.172903],[-122.941098,39.17296],[-122.9414436,39.173062],[-122.942897,39.175148],[-122.943342,39.175733],[-122.943476,39.175916],[-122.943897,39.176551],[-122.943993,39.176714],[-122.944166,39.17705],[-122.9446088,39.1779385],[-122.945516,39.179809],[-122.946311,39.181373],[-122.946394,39.181526],[-122.946491,39.181673],[-122.946613,39.181808],[-122.9466987,39.1818767],[-122.946758,39.181927],[-122.946784,39.181944],[-122.946937,39.182043],[-122.947081,39.182122],[-122.947255,39.182204],[-122.947441,39.182275],[-122.947626,39.182367],[-122.950573,39.183602],[-122.952496,39.184405],[-122.954029,39.18505],[-122.956007,39.185897],[-122.956231,39.186003],[-122.956521,39.186152],[-122.9566557,39.1862307],[-122.956723,39.18627],[-122.956865,39.186345],[-122.956889,39.186357],[-122.957106,39.186516],[-122.957498,39.18679],[-122.957907,39.18706],[-122.958185,39.187235],[-122.958317,39.187327],[-122.958436,39.187434],[-122.958511,39.187512],[-122.958551,39.187555],[-122.959116,39.188222],[-122.959436,39.188588],[-122.959539,39.188713],[-122.959634,39.188845],[-122.959719,39.188985],[-122.959795,39.189136],[-122.959885,39.189287],[-122.959998,39.189444],[-122.960052,39.18953],[-122.960285,39.189892],[-122.960474,39.190176],[-122.960566,39.190306],[-122.960647,39.19043],[-122.9606661,39.1904638],[-122.960716,39.190552],[-122.96077,39.190676],[-122.960869,39.191081],[-122.960913,39.191214],[-122.96101,39.191459],[-122.96107,39.191568],[-122.961144,39.191667],[-122.961235,39.19175],[-122.961338,39.19182],[-122.961665,39.191989],[-122.961759,39.192045],[-122.96193,39.192164],[-122.962002,39.192202],[-122.962024,39.192214],[-122.962101,39.19224],[-122.962132,39.19225],[-122.962253,39.192269],[-122.962389,39.192278],[-122.962712,39.192288],[-122.963274,39.19227],[-122.9634814,39.1922689],[-122.963668,39.192268],[-122.963865,39.192257],[-122.964271,39.192266],[-122.965677,39.19227],[-122.965882,39.192264],[-122.966114,39.192248],[-122.966284,39.19225],[-122.9664244,39.1922563],[-122.966616,39.192265],[-122.966672,39.192268],[-122.966717,39.192267],[-122.96736566,39.19226163],[-122.96743817,39.19372553],[-122.96624653,39.19496731],[-122.96497437,39.19610299],[-122.96307418,39.1974508],[-122.96146385,39.19877362],[-122.95218835,39.20099492],[-122.94436215,39.20403972],[-122.94398128,39.20479547],[-122.94390367,39.20461395],[-122.94374832,39.20442029],[-122.9434998,39.2040572],[-122.94340316,39.2039769],[-122.94303359,39.20366981],[-122.94281604,39.20347612],[-122.94267622,39.20331876],[-122.94253645,39.20307671],[-122.94236571,39.20270156],[-122.94213262,39.20250786],[-122.94189947,39.20237466],[-122.94165076,39.20226564],[-122.94118436,39.20213232],[-122.94099787,39.20199914],[-122.94088914,39.20185389],[-122.94071834,39.20155134],[-122.94063201,39.20119459],[-122.94051903,39.20084859],[-122.94039791,39.20047755],[-122.94010464,39.20021854],[-122.93992158,39.20005552],[-122.93981699,39.19988234],[-122.93968622,39.199648],[-122.93957891,39.19914168],[-122.93931675,39.19877099],[-122.93912357,39.19864501],[-122.93893137,39.19843727],[-122.93878385,39.1982777],[-122.93847559,39.19805445],[-122.93823059,39.19782322],[-122.93792395,39.1976802],[-122.93766891,39.19763051],[-122.9373164,39.1975932],[-122.93684981,39.19771394],[-122.93653867,39.19788315],[-122.93639864,39.19797987],[-122.93608777,39.19785871],[-122.93582774,39.19776089],[-122.93577999,39.19773011],[-122.93551119,39.1975301],[-122.93531926,39.1973662],[-122.93521926,39.1971566],[-122.93520506,39.1970853],[-122.93518397,39.1969199],[-122.93514591,39.19662136],[-122.93509154,39.1961947],[-122.93505504,39.19604713],[-122.93503456,39.19594223],[-122.93497677,39.19564593],[-122.9348307,39.19523254],[-122.93474539,39.19510466],[-122.93462885,39.19492995],[-122.93455803,39.19475998],[-122.93442717,39.19444588],[-122.93427187,39.19424011],[-122.93402333,39.19399218],[-122.93388353,39.19385273],[-122.93355736,39.19347747],[-122.93326464,39.19323236],[-122.93310766,39.1930999],[-122.93284603,39.19291638],[-122.9325451,39.19273283],[-122.93233582,39.19261057],[-122.93220499,39.19252899],[-122.93206107,39.19244736],[-122.93190422,39.19220793],[-122.93185204,39.19202455],[-122.93179987,39.19185139],[-122.93172159,39.19159662],[-122.93166943,39.19136245],[-122.93161734,39.1911382],[-122.93153909,39.19079185],[-122.93148705,39.19053719],[-122.93143493,39.19028253],[-122.93146962,39.18986875],[-122.93144911,39.18964289],[-122.93144036,39.18936889],[-122.93146285,39.18879508],[-122.93150756,39.18848408],[-122.93118004,39.18543103],[-122.93144049,39.18372627],[-122.93175976,39.18163647],[-122.93156652,39.17384701],[-122.933221,39.168848]]]},"properties":{"OBJECTID":1097874,"COUNTY":"LAKE","CITY":"UPP","ZONE_NAME":null,"ZONE_ID":"US-CA-XLK-UPP-E027","STATUS":"Evacuation Warning","EVENT_TYPE":null,"CRITICAL_INFO":null,"PUBLIC_INFO":null,"EDIT_DATE":1789419678000,"STATEWIDE_LAST_UPDATED":null,"NOTES":"Zones reduced to evacuation WARNING.\nResidents are encouraged to use caution when returning to affected zones.\nMore Information: response.lakecountyca.gov","SHAPE__Area":10234697.15234375,"SHAPE__Length":14684.313766768852,"GlobalID":"adee6065-0f4a-4d7c-b74d-9cafdbeddcc1","CreationDate":1789419934615,"Creator":"CalOES_Scripts","EditDate":1789419934615,"Editor":"CalOES_Scripts"}},{"type":"Feature","id":1097876,"geometry":{"type":"Polygon","coordinates":[[[-122.95128,39.247378],[-122.951514,39.247805],[-122.951599,39.247943],[-122.951693,39.248075],[-122.95191,39.248346],[-122.952032,39.248466],[-122.952259,39.248729],[-122.952364,39.24886],[-122.952454,39.248997],[-122.952526,39.249138],[-122.952583,39.249282],[-122.952624,39.249439],[-122.952645,39.249577],[-122.952655,39.249882],[-122.952658,39.250309],[-122.952661,39.250583],[-122.952661,39.250711],[-122.95267,39.251813],[-122.952671,39.251887],[-122.952667,39.25238],[-122.952671,39.252692],[-122.952666,39.252839],[-122.952652,39.252975],[-122.952603,39.2531],[-122.952518,39.253204],[-122.952409,39.253284],[-122.952271,39.253349],[-122.9521217,39.2533958],[-122.9519823,39.2534327],[-122.951803,39.253479],[-122.951459,39.253564],[-122.9512874,39.2536129],[-122.9511399,39.2536593],[-122.9509444,39.2537156],[-122.9508063,39.2537665],[-122.9506319,39.2538363],[-122.95046,39.253932],[-122.950319,39.254009],[-122.950195,39.254106],[-122.950089,39.254213],[-122.9499779,39.2543222],[-122.949843,39.254452],[-122.949474,39.254829],[-122.948727,39.25562],[-122.948602,39.255747],[-122.948479,39.255864],[-122.948347,39.255969],[-122.948196,39.256049],[-122.948034,39.256115],[-122.947588,39.256255],[-122.947472,39.256307],[-122.947384,39.256371],[-122.947325,39.256446],[-122.947293,39.25653],[-122.947284,39.256623],[-122.947294,39.25672],[-122.947334,39.256927],[-122.947346,39.257043],[-122.947379,39.257153],[-122.947419,39.257264],[-122.947468,39.257368],[-122.947595,39.257573],[-122.947732,39.257779],[-122.947781,39.257883],[-122.9478,39.257988],[-122.947784,39.258091],[-122.947739,39.258178],[-122.947662,39.258262],[-122.947566,39.258334],[-122.947457,39.258395],[-122.947356,39.258464],[-122.947257,39.258557],[-122.947198,39.258648],[-122.947172,39.258743],[-122.947181,39.258844],[-122.9473,39.259174],[-122.947323,39.259293],[-122.947326,39.259418],[-122.947314,39.259546],[-122.947282,39.259677],[-122.94724,39.259804],[-122.947179,39.259926],[-122.947158,39.25996],[-122.947109,39.26004],[-122.94703,39.26014],[-122.946945,39.260206],[-122.946855,39.260244],[-122.946769,39.260234],[-122.946706,39.260192],[-122.946685,39.260152],[-122.946674,39.260132],[-122.946671,39.260062],[-122.946697,39.259992],[-122.946729,39.259924],[-122.946758,39.259848],[-122.946771,39.259768],[-122.946756,39.259687],[-122.946713,39.259608],[-122.946641,39.25954],[-122.946545,39.259486],[-122.946309,39.259396],[-122.946192,39.259343],[-122.945877,39.259178],[-122.945754,39.259121],[-122.945653,39.259053],[-122.945562,39.25898],[-122.945477,39.258893],[-122.9454224,39.2587899],[-122.9453626,39.2586818],[-122.945307,39.258575],[-122.945265,39.258467],[-122.9452001,39.2582742],[-122.9451369,39.2581254],[-122.945067,39.258043],[-122.944971,39.257973],[-122.944862,39.257929],[-122.944744,39.257911],[-122.944617,39.257914],[-122.944486,39.257935],[-122.94436,39.257973],[-122.944322,39.25799],[-122.944237,39.258028],[-122.944114,39.258098],[-122.94386,39.258233],[-122.943739,39.258309],[-122.943631,39.258393],[-122.943538,39.258487],[-122.943458,39.25859],[-122.943405,39.258698],[-122.943306,39.258919],[-122.94324,39.259015],[-122.943152,39.259092],[-122.943042,39.259141],[-122.942926,39.259157],[-122.942696,39.259153],[-122.942578,39.259158],[-122.942469,39.25919],[-122.94236,39.259235],[-122.942263,39.259301],[-122.942078,39.259462],[-122.94197,39.259542],[-122.941844,39.259609],[-122.941703,39.259659],[-122.94155,39.259694],[-122.941261,39.259725],[-122.941139,39.25976],[-122.941039,39.259817],[-122.940949,39.25989],[-122.94084,39.259961],[-122.940663,39.260046],[-122.940596,39.260064],[-122.940373,39.260148],[-122.940283,39.260198],[-122.940215,39.260274],[-122.940137,39.260349],[-122.940067,39.260426],[-122.94001,39.260515],[-122.939928,39.260707],[-122.939873,39.260788],[-122.939785,39.260838],[-122.939683,39.260856],[-122.939573,39.260852],[-122.939342,39.260829],[-122.939221,39.260824],[-122.939096,39.260827],[-122.938962,39.260835],[-122.938828,39.260838],[-122.938681,39.260836],[-122.938536,39.260825],[-122.938255,39.26078],[-122.938119,39.260762],[-122.937988,39.260761],[-122.937863,39.260781],[-122.937749,39.260821],[-122.937643,39.26088],[-122.937553,39.260958],[-122.937295,39.26123],[-122.936998,39.261509],[-122.936682,39.261788],[-122.936579,39.261869],[-122.936465,39.261929],[-122.936337,39.26196],[-122.936204,39.26196],[-122.93608,39.261932],[-122.93585,39.261852],[-122.935746,39.261857],[-122.935654,39.261883],[-122.935588,39.261934],[-122.935548,39.262008],[-122.935526,39.262097],[-122.935512,39.262194],[-122.935478,39.262293],[-122.935415,39.262384],[-122.935321,39.262459],[-122.935201,39.262506],[-122.935069,39.26253],[-122.934795,39.262523],[-122.934656,39.262526],[-122.93452,39.262539],[-122.934388,39.262546],[-122.934264,39.262528],[-122.933937,39.262396],[-122.933822,39.262368],[-122.933704,39.262358],[-122.933585,39.26237],[-122.933473,39.262406],[-122.933368,39.262461],[-122.933172,39.2626],[-122.933083,39.262678],[-122.93299,39.262748],[-122.932879,39.262792],[-122.932765,39.262799],[-122.932657,39.262788],[-122.932556,39.262788],[-122.932447,39.262795],[-122.932341,39.262821],[-122.932239,39.262864],[-122.932146,39.262921],[-122.93207,39.262997],[-122.932005,39.263083],[-122.931881,39.263269],[-122.931795,39.263357],[-122.931687,39.263426],[-122.931567,39.263479],[-122.931323,39.263571],[-122.931207,39.263627],[-122.931099,39.263699],[-122.930896,39.263861],[-122.930787,39.263941],[-122.930663,39.264004],[-122.93052,39.26404],[-122.930372,39.264051],[-122.930225,39.264044],[-122.930079,39.264026],[-122.929622,39.26395],[-122.929466,39.263929],[-122.929311,39.263914],[-122.929016,39.263903],[-122.92890608,39.2639203],[-122.9289091,39.26380047],[-122.92342765,39.26367417],[-122.91995496,39.26367288],[-122.92003554,39.25979559],[-122.92006065,39.25677131],[-122.92112806,39.25678868],[-122.91941389,39.24996143],[-122.91571486,39.23558248],[-122.91541891,39.23440709],[-122.913708,39.22761235],[-122.91202239,39.22091747],[-122.91205731,39.21748482],[-122.91206261,39.21696105],[-122.91208206,39.2150259],[-122.91209185,39.21404805],[-122.91215672,39.21050191],[-122.91216362,39.21027457],[-122.91216264,39.21020703],[-122.912343,39.21023],[-122.913209,39.210324],[-122.913431,39.210342],[-122.9137143,39.2103756],[-122.914334,39.210449],[-122.914748,39.210498],[-122.914971,39.210521],[-122.915183,39.210549],[-122.915381,39.21056],[-122.915499,39.210564],[-122.915622,39.210567],[-122.915838,39.210546],[-122.916051,39.210507],[-122.91626,39.210449],[-122.916475,39.210415],[-122.916684,39.210364],[-122.916893,39.210319],[-122.917092,39.210261],[-122.917257,39.210161],[-122.917486,39.210116],[-122.917675,39.210039],[-122.917856,39.209949],[-122.918034,39.209849],[-122.918419,39.209685],[-122.918603,39.209588],[-122.918771,39.209475],[-122.919078,39.209231],[-122.919241,39.209113],[-122.919419,39.209011],[-122.919605,39.208922],[-122.919798,39.208845],[-122.920002,39.208785],[-122.920204,39.208718],[-122.92059,39.208603],[-122.920811,39.208513],[-122.921213,39.208368],[-122.921619,39.208238],[-122.92181,39.208155],[-122.922018,39.208094],[-122.922222,39.208043],[-122.922408,39.207962],[-122.922579,39.207871],[-122.922742,39.207761],[-122.922912,39.207674],[-122.923071,39.207585],[-122.923238,39.207505],[-122.923416,39.207446],[-122.9235412,39.2074376],[-122.923609,39.207433],[-122.9238,39.207433],[-122.924168,39.207473],[-122.924366,39.207517],[-122.924577,39.207589],[-122.924776,39.207635],[-122.925517,39.207819],[-122.92551809,39.20781927],[-122.925582,39.207835],[-122.92579,39.207893],[-122.926427,39.208052],[-122.926841,39.208163],[-122.927251,39.208291],[-122.927448,39.208367],[-122.927637,39.20845],[-122.92782,39.20854],[-122.927995,39.208636],[-122.92816,39.208738],[-122.928319,39.208847],[-122.928468,39.208964],[-122.928608,39.209094],[-122.928652,39.209146],[-122.928816,39.209343],[-122.928857,39.209393],[-122.928977,39.209521],[-122.929221,39.20984],[-122.929261,39.209899],[-122.929548,39.210313],[-122.929789,39.210604],[-122.930043,39.21089],[-122.930311,39.211171],[-122.930463,39.211273],[-122.930596,39.211438],[-122.930848,39.211704],[-122.930929,39.211816],[-122.931005,39.211982],[-122.93111,39.212437],[-122.931156,39.212577],[-122.93122,39.212716],[-122.931552,39.213266],[-122.931627,39.213397],[-122.931719,39.213505],[-122.931829,39.213598],[-122.932123,39.213768],[-122.932272,39.213863],[-122.932417,39.21397],[-122.932558,39.214084],[-122.93282,39.214318],[-122.93294,39.214444],[-122.933039,39.214581],[-122.933124,39.214728],[-122.933195,39.214888],[-122.933276,39.215031],[-122.933404,39.215343],[-122.933505,39.215499],[-122.933655,39.21581],[-122.93382,39.216121],[-122.933994,39.216436],[-122.934087,39.216588],[-122.934185,39.216737],[-122.934395,39.217032],[-122.934616,39.217319],[-122.934755,39.217455],[-122.934868,39.217593],[-122.935389,39.218119],[-122.935511,39.21825],[-122.935625,39.21838],[-122.9356627,39.2184318],[-122.935724,39.218517],[-122.935783,39.218611],[-122.935899,39.218793],[-122.936001,39.218926],[-122.93612,39.219054],[-122.936261,39.219164],[-122.936964,39.219791],[-122.937107,39.219911],[-122.937392,39.220136],[-122.937551,39.220237],[-122.937713,39.22033],[-122.938061,39.220495],[-122.938226,39.220592],[-122.938378,39.220704],[-122.938517,39.220829],[-122.938613,39.220933],[-122.938641,39.220963],[-122.938748,39.221099],[-122.938863,39.221224],[-122.938997,39.221332],[-122.939146,39.221429],[-122.93947,39.221617],[-122.939625,39.221721],[-122.940067,39.22207],[-122.940222,39.222185],[-122.940385,39.222295],[-122.940895,39.222595],[-122.941057,39.222678],[-122.941244,39.222791],[-122.941747,39.22307],[-122.941895,39.223171],[-122.942009,39.223292],[-122.942092,39.223417],[-122.94215,39.223541],[-122.942336,39.224095],[-122.942371,39.224222],[-122.942483,39.224538],[-122.942607,39.22484],[-122.942822,39.225308],[-122.942958,39.225622],[-122.943019,39.225786],[-122.943028,39.225814],[-122.9430364,39.2258413],[-122.943113,39.226089],[-122.943171,39.226247],[-122.943247,39.226392],[-122.943433,39.226683],[-122.94356,39.226831],[-122.943616,39.226989],[-122.943699,39.22714],[-122.943766,39.227296],[-122.943821,39.227459],[-122.943855,39.227625],[-122.943872,39.227791],[-122.943872,39.227957],[-122.943865,39.228126],[-122.943864,39.22829],[-122.943844,39.22861],[-122.943844,39.228917],[-122.943857,39.229074],[-122.943944,39.229385],[-122.943997,39.229541],[-122.944058,39.229694],[-122.944132,39.229846],[-122.944548,39.230625],[-122.944715,39.230927],[-122.94473336,39.23096325],[-122.944871,39.231235],[-122.94494,39.231386],[-122.945014,39.231533],[-122.945096,39.231677],[-122.945184,39.23182],[-122.945387,39.232106],[-122.945614,39.232389],[-122.945925,39.232841],[-122.946114,39.233141],[-122.946194,39.233296],[-122.946256,39.233454],[-122.946287,39.23361],[-122.946301,39.233772],[-122.9463,39.234106],[-122.946291,39.234433],[-122.946279,39.234594],[-122.946249,39.234742],[-122.946191,39.234881],[-122.946099,39.235001],[-122.945982,39.235102],[-122.945718,39.235283],[-122.945595,39.235379],[-122.945489,39.235486],[-122.945399,39.235607],[-122.945323,39.235744],[-122.9453,39.235874],[-122.945293,39.236011],[-122.945302,39.236156],[-122.945385,39.236792],[-122.94541,39.236955],[-122.945463,39.237113],[-122.945522,39.237258],[-122.945595,39.237369],[-122.945707,39.237494],[-122.945795,39.237617],[-122.946002,39.237907],[-122.946343,39.238319],[-122.946447,39.238467],[-122.946549,39.238598],[-122.946662,39.238724],[-122.946779,39.238892],[-122.94685,39.239035],[-122.947088,39.239287],[-122.947297,39.239559],[-122.947371,39.239702],[-122.947426,39.23985],[-122.94752,39.240172],[-122.947554,39.240337],[-122.947579,39.240496],[-122.94761,39.240826],[-122.94762,39.241009],[-122.947625,39.241515],[-122.947606,39.241687],[-122.947569,39.24186],[-122.947519,39.242037],[-122.94745,39.242197],[-122.947398,39.242383],[-122.947268,39.242693],[-122.947219,39.242841],[-122.947198,39.242989],[-122.9472,39.243142],[-122.947214,39.243299],[-122.947239,39.243456],[-122.947279,39.243613],[-122.947335,39.243763],[-122.947403,39.243913],[-122.947666,39.244359],[-122.948029,39.244797],[-122.94809884,39.24487754],[-122.948153,39.24494],[-122.948282,39.245078],[-122.948414,39.245208],[-122.948519,39.2453],[-122.948552,39.245329],[-122.948698,39.245439],[-122.948855,39.245533],[-122.949025,39.24561],[-122.949204,39.245675],[-122.949589,39.245755],[-122.949776,39.245801],[-122.949954,39.245855],[-122.949991,39.245869],[-122.95012,39.245919],[-122.950206,39.245963],[-122.950426,39.246075],[-122.950562,39.246175],[-122.950675,39.246288],[-122.950765,39.246412],[-122.95128,39.247378]]]},"properties":{"OBJECTID":1097876,"COUNTY":"LAKE","CITY":"MNF","ZONE_NAME":null,"ZONE_ID":"US-CA-XLK-MNF-E019","STATUS":"Evacuation Warning","EVENT_TYPE":null,"CRITICAL_INFO":null,"PUBLIC_INFO":null,"EDIT_DATE":1789419678000,"STATEWIDE_LAST_UPDATED":null,"NOTES":"Zones reduced to evacuation WARNING.\nResidents are encouraged to use caution when returning to affected zones.\nMore Information: response.lakecountyca.gov","SHAPE__Area":23676892.984375,"SHAPE__Length":22260.684699458117,"GlobalID":"7201eb1e-aa91-4482-908f-d1a5cb5c257e","CreationDate":1789419934615,"Creator":"CalOES_Scripts","EditDate":1789419934615,"Editor":"CalOES_Scripts"}},{"type":"Feature","id":1097877,"geometry":{"type":"Polygon","coordinates":[[[-122.912369,39.162335],[-122.912605,39.162364],[-122.912818,39.162395],[-122.913031,39.162431],[-122.913456,39.162518],[-122.913647,39.162588],[-122.914067,39.162704],[-122.9143,39.162754],[-122.914723,39.162893],[-122.91548,39.163167],[-122.915567,39.163199],[-122.915737,39.163256],[-122.915935,39.163317],[-122.916133,39.163369],[-122.916279,39.163399],[-122.91637543,39.16341689],[-122.9165803,39.1634549],[-122.916764,39.163477],[-122.91699,39.163501],[-122.917227,39.163516],[-122.917474,39.16352],[-122.918431,39.163509],[-122.9192192,39.1635003],[-122.9195237,39.1634964],[-122.9197168,39.16354],[-122.9200387,39.1635234],[-122.9202855,39.1634672],[-122.9205591,39.1633716],[-122.9206583,39.1633716],[-122.9207661,39.163384],[-122.9208215,39.1634297],[-122.9208969,39.1634523],[-122.9209775,39.1634472],[-122.9210473,39.1634156],[-122.9210924,39.1633636],[-122.921104,39.1633015],[-122.9211277,39.1633445],[-122.9212028,39.1633903],[-122.9212806,39.1634153],[-122.9214066,39.1634381],[-122.9218116,39.1634756],[-122.9219994,39.1635172],[-122.9220615,39.1635642],[-122.9222495,39.1636032],[-122.9223915,39.1636412],[-122.9225045,39.1636712],[-122.922734,39.163775],[-122.922979,39.163874],[-122.92322,39.163986],[-122.923304,39.164029],[-122.923633,39.164195],[-122.923936,39.164349],[-122.9254174,39.1651094],[-122.925738,39.165274],[-122.9264573,39.16564517],[-122.926862,39.165854],[-122.928769,39.166827],[-122.929296,39.167089],[-122.929825,39.167341],[-122.930053,39.167445],[-122.931154,39.167928],[-122.932725,39.168602],[-122.932977,39.168719],[-122.933221,39.168848],[-122.93156652,39.17384701],[-122.93175976,39.18163647],[-122.93144049,39.18372627],[-122.93118004,39.18543103],[-122.93150756,39.18848408],[-122.93146285,39.18879508],[-122.93144036,39.18936889],[-122.93144911,39.18964289],[-122.93146962,39.18986875],[-122.93143493,39.19028253],[-122.93148705,39.19053719],[-122.93153909,39.19079185],[-122.93161734,39.1911382],[-122.93166943,39.19136245],[-122.93172159,39.19159662],[-122.93179987,39.19185139],[-122.93185204,39.19202455],[-122.93190422,39.19220793],[-122.93206107,39.19244736],[-122.93220499,39.19252899],[-122.93233582,39.19261057],[-122.9325451,39.19273283],[-122.93284603,39.19291638],[-122.93310766,39.1930999],[-122.93326464,39.19323236],[-122.93355736,39.19347747],[-122.93388353,39.19385273],[-122.93402333,39.19399218],[-122.93427187,39.19424011],[-122.93442717,39.19444588],[-122.93455803,39.19475998],[-122.93462885,39.19492995],[-122.93474539,39.19510466],[-122.9348307,39.19523254],[-122.93497677,39.19564593],[-122.93503456,39.19594223],[-122.93505504,39.19604713],[-122.93509154,39.1961947],[-122.93514591,39.19662136],[-122.93518397,39.1969199],[-122.93520506,39.1970853],[-122.93521926,39.1971566],[-122.93531926,39.1973662],[-122.93551119,39.1975301],[-122.93577999,39.19773011],[-122.93582774,39.19776089],[-122.93608777,39.19785871],[-122.93639864,39.19797987],[-122.93653867,39.19788315],[-122.93684981,39.19771394],[-122.9373164,39.1975932],[-122.93766891,39.19763051],[-122.93792395,39.1976802],[-122.93823059,39.19782322],[-122.93847559,39.19805445],[-122.93878385,39.1982777],[-122.93893137,39.19843727],[-122.93912357,39.19864501],[-122.93931675,39.19877099],[-122.93957891,39.19914168],[-122.93968622,39.199648],[-122.93981699,39.19988234],[-122.93992158,39.20005552],[-122.94010464,39.20021854],[-122.94039791,39.20047755],[-122.94051903,39.20084859],[-122.94063201,39.20119459],[-122.94071834,39.20155134],[-122.94088914,39.20185389],[-122.94099787,39.20199914],[-122.94118436,39.20213232],[-122.94165076,39.20226564],[-122.94189947,39.20237466],[-122.94213262,39.20250786],[-122.94236571,39.20270156],[-122.94253645,39.20307671],[-122.94267622,39.20331876],[-122.94281604,39.20347612],[-122.94303359,39.20366981],[-122.94340316,39.2039769],[-122.9434998,39.2040572],[-122.94374832,39.20442029],[-122.94390367,39.20461395],[-122.94398128,39.20479547],[-122.943814,39.204744],[-122.941669,39.204593],[-122.940317,39.204407],[-122.939707,39.203601],[-122.939445,39.203139],[-122.938511,39.203296],[-122.938375,39.203487],[-122.938221,39.203486],[-122.93806,39.203465],[-122.937859,39.203356],[-122.937576,39.203185],[-122.937374,39.20299],[-122.937183,39.202841],[-122.937039,39.20274],[-122.936924,39.202701],[-122.936848,39.202608],[-122.936834,39.202403],[-122.936863,39.201954],[-122.936895,39.201767],[-122.936962,39.201659],[-122.937045,39.201459],[-122.937139,39.201267],[-122.937178,39.201146],[-122.937137,39.201071],[-122.937033,39.201018],[-122.936936,39.20105],[-122.936918,39.201067],[-122.936852,39.201131],[-122.936768,39.201252],[-122.936683,39.201306],[-122.936597,39.201347],[-122.936445,39.201481],[-122.93632,39.201531],[-122.936154,39.201559],[-122.935995,39.201592],[-122.935869,39.201624],[-122.935739,39.201687],[-122.935398,39.201823],[-122.935199,39.201914],[-122.935069,39.202053],[-122.934862,39.202361],[-122.934762,39.202589],[-122.934679,39.202843],[-122.934585,39.20304],[-122.934514,39.203307],[-122.934471,39.203507],[-122.934508,39.203707],[-122.934499,39.203872],[-122.93442,39.203975],[-122.934272,39.204047],[-122.934033,39.204111],[-122.933845,39.204197],[-122.933829,39.204251],[-122.933921,39.204304],[-122.934041,39.204325],[-122.934076,39.204365],[-122.934014,39.204445],[-122.933794,39.204598],[-122.933561,39.204747],[-122.933408,39.204828],[-122.933357,39.204837],[-122.933299,39.204824],[-122.933201,39.204759],[-122.93316,39.204701],[-122.933089,39.204519],[-122.933082,39.204408],[-122.933161,39.204292],[-122.933171,39.204198],[-122.933107,39.204132],[-122.932985,39.203969],[-122.932845,39.203761],[-122.932804,39.203676],[-122.932808,39.203561],[-122.932864,39.203449],[-122.932863,39.203374],[-122.932816,39.203294],[-122.932815,39.203223],[-122.932854,39.203133],[-122.93283,39.203062],[-122.932783,39.202974],[-122.932673,39.202864],[-122.932586,39.202762],[-122.932498,39.202616],[-122.932468,39.202509],[-122.93241,39.202403],[-122.932294,39.202311],[-122.932156,39.202245],[-122.931985,39.202242],[-122.931744,39.202217],[-122.931618,39.202209],[-122.931493,39.202268],[-122.931268,39.20251],[-122.931014,39.202739],[-122.93077,39.202941],[-122.930584,39.203107],[-122.930397,39.203215],[-122.930295,39.203292],[-122.93025,39.203359],[-122.930195,39.20351],[-122.930145,39.203631],[-122.930032,39.203761],[-122.929913,39.203833],[-122.929788,39.203887],[-122.929623,39.203929],[-122.929464,39.203979],[-122.929362,39.204073],[-122.929283,39.204194],[-122.929126,39.204382],[-122.929042,39.204543],[-122.928912,39.204673],[-122.92881,39.2047],[-122.928673,39.204701],[-122.928484,39.204716],[-122.928255,39.204691],[-122.928159,39.204723],[-122.928125,39.204803],[-122.928138,39.204906],[-122.928094,39.205004],[-122.92802,39.20504],[-122.927922,39.205001],[-122.927864,39.204921],[-122.927834,39.204855],[-122.927766,39.204851],[-122.927641,39.204963],[-122.927473,39.205173],[-122.927303,39.205344],[-122.926969,39.205569],[-122.926639,39.205718],[-122.926468,39.205751],[-122.926251,39.205761],[-122.926108,39.205758],[-122.925903,39.205808],[-122.925653,39.205899],[-122.925602,39.20598],[-122.925644,39.206077],[-122.925834,39.206227],[-122.92587,39.206338],[-122.925872,39.206445],[-122.925884,39.206525],[-122.925954,39.206604],[-122.926058,39.206737],[-122.926105,39.206848],[-122.926187,39.206923],[-122.926289,39.206926],[-122.926496,39.206965],[-122.926582,39.207017],[-122.926612,39.207097],[-122.926539,39.207236],[-122.926433,39.207414],[-122.9264,39.207544],[-122.926407,39.207641],[-122.926449,39.20773],[-122.926501,39.20781],[-122.926502,39.207894],[-122.926427,39.208052],[-122.92579,39.207893],[-122.925582,39.207835],[-122.92551809,39.20781927],[-122.925517,39.207819],[-122.924776,39.207635],[-122.924577,39.207589],[-122.924366,39.207517],[-122.924168,39.207473],[-122.9238,39.207433],[-122.923609,39.207433],[-122.9235412,39.2074376],[-122.923416,39.207446],[-122.923238,39.207505],[-122.923071,39.207585],[-122.922912,39.207674],[-122.922742,39.207761],[-122.922579,39.207871],[-122.922408,39.207962],[-122.922222,39.208043],[-122.922018,39.208094],[-122.92181,39.208155],[-122.921619,39.208238],[-122.921213,39.208368],[-122.920811,39.208513],[-122.92059,39.208603],[-122.920204,39.208718],[-122.920002,39.208785],[-122.919798,39.208845],[-122.919605,39.208922],[-122.919419,39.209011],[-122.919241,39.209113],[-122.919078,39.209231],[-122.918771,39.209475],[-122.918603,39.209588],[-122.918419,39.209685],[-122.918034,39.209849],[-122.917856,39.209949],[-122.917675,39.210039],[-122.917486,39.210116],[-122.917257,39.210161],[-122.917092,39.210261],[-122.916893,39.210319],[-122.916684,39.210364],[-122.916475,39.210415],[-122.91626,39.210449],[-122.916051,39.210507],[-122.915838,39.210546],[-122.915622,39.210567],[-122.915499,39.210564],[-122.915381,39.21056],[-122.915183,39.210549],[-122.914971,39.210521],[-122.914748,39.210498],[-122.914334,39.210449],[-122.9137143,39.2103756],[-122.913431,39.210342],[-122.913209,39.210324],[-122.912343,39.21023],[-122.91216264,39.21020703],[-122.912131,39.210203],[-122.911922,39.210154],[-122.911722,39.210124],[-122.911548,39.210026],[-122.911377,39.209916],[-122.91023,39.209093],[-122.909573,39.208632],[-122.909419,39.208509],[-122.909271,39.208381],[-122.908671,39.207831],[-122.908564,39.20773],[-122.908298,39.207464],[-122.908174,39.207326],[-122.908061,39.207178],[-122.90791346,39.20697255],[-122.907847,39.20688],[-122.907474,39.206429],[-122.907355,39.206305],[-122.907224,39.206152],[-122.907099,39.206022],[-122.9067482,39.2056305],[-122.90647,39.20532],[-122.906227,39.205041],[-122.905879,39.204612],[-122.9058592,39.2045886],[-122.9055175,39.2041854],[-122.905157,39.20376],[-122.90491,39.203476],[-122.904779,39.203339],[-122.904636,39.203204],[-122.904485,39.203078],[-122.904328,39.202958],[-122.903998,39.202727],[-122.903847,39.202602],[-122.903702,39.202471],[-122.90333,39.202118],[-122.903282,39.202074],[-122.903126,39.201954],[-122.902962,39.201844],[-122.902793,39.201738],[-122.901742,39.201115],[-122.901561,39.201016],[-122.901188,39.200831],[-122.900449,39.200453],[-122.90027,39.200352],[-122.900095,39.200245],[-122.899928,39.200135],[-122.89977,39.20002],[-122.899468,39.19978],[-122.8983529,39.1988487],[-122.898288,39.198794],[-122.898154,39.198661],[-122.898103,39.198604],[-122.898041,39.198534],[-122.897944,39.198402],[-122.897775,39.198121],[-122.897596,39.197836],[-122.897333,39.1974],[-122.897259,39.197255],[-122.897211,39.197101],[-122.897195,39.19694],[-122.897207,39.196774],[-122.897297,39.196263],[-122.897366,39.195928],[-122.897413,39.195764],[-122.897453,39.1956],[-122.897479,39.195432],[-122.897491,39.195304],[-122.8975,39.195091],[-122.897519,39.19492],[-122.897594,39.194582],[-122.897641,39.19442],[-122.89784,39.193945],[-122.897915,39.193791],[-122.897995,39.19364],[-122.898086,39.193496],[-122.898101,39.193476],[-122.898189,39.193359],[-122.898303,39.19323],[-122.898422,39.193113],[-122.8984641,39.19307639],[-122.89856,39.192993],[-122.899009,39.192644],[-122.89946448,39.19231802],[-122.899757,39.19208],[-122.899878,39.191941],[-122.899991,39.191796],[-122.900095,39.191646],[-122.900185,39.191489],[-122.900255,39.191328],[-122.900304,39.191162],[-122.900329,39.191047],[-122.900341,39.19099],[-122.900399,39.190826],[-122.900511,39.190462],[-122.900551,39.19032],[-122.900609,39.190155],[-122.900746,39.189833],[-122.900827,39.18967],[-122.900849,39.189472],[-122.900943,39.189358],[-122.900987,39.189189],[-122.901006,39.189021],[-122.901002,39.188854],[-122.900936,39.188517],[-122.900877,39.188175],[-122.900765,39.187319],[-122.90074,39.186821],[-122.900741,39.186551],[-122.900769,39.186338],[-122.900777,39.186046],[-122.900802,39.185883],[-122.900847,39.18573],[-122.900911,39.185591],[-122.900962,39.185462],[-122.9010923,39.1852673],[-122.90114,39.185196],[-122.901282,39.185059],[-122.901566,39.184661],[-122.901649,39.184505],[-122.901795,39.184199],[-122.901988,39.183719],[-122.902087,39.183489],[-122.902192,39.183243],[-122.90241,39.182782],[-122.902711,39.18221],[-122.902755,39.182075],[-122.902776,39.181926],[-122.90278,39.181781],[-122.902771,39.181127],[-122.902751,39.180336],[-122.902729,39.179488],[-122.902718,39.178701],[-122.902738,39.178525],[-122.902739,39.178493],[-122.902743,39.178327],[-122.902734,39.178152],[-122.902751,39.177979],[-122.9027514,39.1779377],[-122.902756,39.177415],[-122.902775,39.177223],[-122.902765,39.176851],[-122.902771,39.176418],[-122.902771,39.176352],[-122.90277,39.176047],[-122.902768,39.175194],[-122.902767,39.174819],[-122.902775,39.17466],[-122.9028,39.174506],[-122.902853,39.174364],[-122.902937,39.174226],[-122.90302,39.174131],[-122.903049,39.174098],[-122.903181,39.173977],[-122.903326,39.173861],[-122.903473,39.173758],[-122.903657,39.173643],[-122.904456,39.173089],[-122.90461,39.172991],[-122.904745,39.172856],[-122.905016,39.172627],[-122.905367,39.172308],[-122.905391,39.172286],[-122.905517,39.172202],[-122.905736,39.171996],[-122.905843,39.171908],[-122.906127,39.171653],[-122.906211,39.171588],[-122.906385,39.171402],[-122.906443,39.171363],[-122.906472,39.171349],[-122.90667,39.171333],[-122.906902,39.171325],[-122.907518,39.171336],[-122.907689,39.17135],[-122.907859,39.171375],[-122.908025,39.171405],[-122.908183,39.171453],[-122.908333,39.171515],[-122.908492,39.171654],[-122.908821,39.1717],[-122.908998,39.171729],[-122.909179,39.171737],[-122.909359,39.171736],[-122.909552,39.171743],[-122.910301,39.171745],[-122.911095,39.171762],[-122.911226,39.171761],[-122.911346,39.171755],[-122.911455,39.171733],[-122.911548,39.17169],[-122.911592,39.171647],[-122.911617,39.171622],[-122.911655,39.171536],[-122.911666,39.171439],[-122.91167,39.171199],[-122.911654,39.171069],[-122.911665,39.170929],[-122.911657,39.170483],[-122.911656,39.168727],[-122.911669,39.168415],[-122.911687,39.168287],[-122.911723,39.168086],[-122.911809,39.167698],[-122.911881,39.167439],[-122.91216,39.16662],[-122.912329,39.166096],[-122.912361,39.165972],[-122.912382,39.165851],[-122.912397,39.165731],[-122.912408,39.165384],[-122.912401,39.165271],[-122.912388,39.164744],[-122.912388,39.164509],[-122.9123821,39.1642274],[-122.912364,39.163362],[-122.912351,39.162449],[-122.912369,39.162335]]]},"properties":{"OBJECTID":1097877,"COUNTY":"LAKE","CITY":"UPP","ZONE_NAME":null,"ZONE_ID":"US-CA-XLK-UPP-E025","STATUS":"Evacuation Warning","EVENT_TYPE":null,"CRITICAL_INFO":null,"PUBLIC_INFO":null,"EDIT_DATE":1789419678000,"STATEWIDE_LAST_UPDATED":null,"NOTES":"Zones reduced to evacuation WARNING.\nResidents are encouraged to use caution when returning to affected zones.\nMore Information: response.lakecountyca.gov","SHAPE__Area":20617752.7421875,"SHAPE__Length":22520.956873095321,"GlobalID":"6b3ff736-bdfb-4534-870b-a55824e27d44","CreationDate":1789419934615,"Creator":"CalOES_Scripts","EditDate":1789419934615,"Editor":"CalOES_Scripts"}},{"type":"Feature","id":1097878,"geometry":{"type":"Polygon","coordinates":[[[-122.94653361,39.31704589],[-122.94675,39.316682],[-122.947078,39.316086],[-122.947091,39.315744],[-122.947021,39.315529],[-122.946799,39.315045],[-122.94674,39.31479],[-122.94675197,39.31448531],[-122.946777,39.314202],[-122.946747,39.314063],[-122.946602,39.313799],[-122.946379,39.313555],[-122.94612,39.313322],[-122.945838,39.313123],[-122.945506,39.31299],[-122.945146,39.312893],[-122.944597,39.312689],[-122.943503,39.312294],[-122.943181,39.312132],[-122.942918,39.31194],[-122.942813,39.31183],[-122.94265,39.311591],[-122.942511,39.31134],[-122.942338,39.311105],[-122.942093,39.310903],[-122.941808,39.310714],[-122.941324,39.310459],[-122.94072085,39.31015634],[-122.940326,39.309998],[-122.940156,39.309946],[-122.939859,39.309778],[-122.939697,39.309709],[-122.939298,39.309489],[-122.939117,39.3093],[-122.938902,39.308922],[-122.938671,39.308677],[-122.938241,39.308369],[-122.937368,39.30782],[-122.936984,39.307574],[-122.93669,39.307377],[-122.936293,39.307063],[-122.935988,39.306716],[-122.93587,39.306454],[-122.935825,39.306225],[-122.935726,39.30583],[-122.935543,39.305413],[-122.935399,39.305167],[-122.93521,39.304938],[-122.93494,39.304647],[-122.93461,39.304419],[-122.934128,39.304193],[-122.933746,39.304019],[-122.933549,39.303876],[-122.93336,39.303745],[-122.933075,39.303425],[-122.932636,39.303106],[-122.932144,39.302906],[-122.931278,39.302608],[-122.931156,39.302522],[-122.930956,39.302327],[-122.930768,39.301972],[-122.930528,39.301776],[-122.93011,39.301562],[-122.929859,39.301406],[-122.929796,39.301299],[-122.929713,39.301048],[-122.929654,39.300596],[-122.929541,39.300071],[-122.929434,39.299582],[-122.929243,39.299197],[-122.929082,39.299047],[-122.929029,39.298924],[-122.9288751,39.2987918],[-122.9282987,39.2983944],[-122.9278392,39.2980977],[-122.92664315,39.29727239],[-122.92664166,39.29727227],[-122.926474,39.297047],[-122.926466,39.296811],[-122.926576,39.29659],[-122.92675227,39.29635475],[-122.926918,39.29612],[-122.927023,39.295888],[-122.927028,39.295645],[-122.926938,39.295237],[-122.926896,39.29482],[-122.92669,39.294493],[-122.926449,39.294321],[-122.926108,39.293884],[-122.925992,39.293509],[-122.926016,39.292961],[-122.925722,39.292661],[-122.924918,39.292453],[-122.924538,39.292314],[-122.924425,39.292196],[-122.924389,39.292009],[-122.924485,39.291774],[-122.924515,39.291414],[-122.92439,39.29092],[-122.924403,39.290676],[-122.924532,39.290414],[-122.924734,39.290153],[-122.924982,39.289934],[-122.925273,39.289761],[-122.925592,39.289619],[-122.92579962,39.28951249],[-122.926114,39.289262],[-122.926284,39.289033],[-122.926371,39.288763],[-122.926424,39.288486],[-122.926518,39.288223],[-122.92670425,39.28792602],[-122.92693433,39.28756512],[-122.927021,39.287405],[-122.92705,39.287187],[-122.92699636,39.28676954],[-122.926987,39.286696],[-122.926964,39.286592],[-122.926931,39.286489],[-122.926884,39.286391],[-122.926823,39.286298],[-122.92669,39.286132],[-122.926643,39.286055],[-122.926613,39.28597],[-122.926621,39.285891],[-122.92665,39.285808],[-122.9267,39.28573],[-122.926826,39.28559],[-122.927016,39.285439],[-122.92706,39.285386],[-122.927075,39.285326],[-122.927055,39.28526],[-122.927004,39.285192],[-122.926825,39.285101],[-122.926625,39.284976],[-122.926536,39.284908],[-122.926468,39.284831],[-122.926428,39.284742],[-122.926411,39.284648],[-122.926416,39.28455],[-122.926449,39.284461],[-122.926542,39.284286],[-122.926608,39.284206],[-122.92666,39.284115],[-122.92668,39.284015],[-122.926671,39.283921],[-122.926656,39.283832],[-122.926657,39.283747],[-122.926679,39.283665],[-122.926727,39.283595],[-122.926801,39.283538],[-122.926892,39.283498],[-122.927003,39.28348],[-122.927123,39.28348],[-122.927374,39.283505],[-122.927493,39.283531],[-122.927704,39.283608],[-122.927955,39.283753],[-122.928048,39.283783],[-122.928145,39.283779],[-122.928232,39.283744],[-122.928299,39.283682],[-122.928441,39.28348],[-122.928505,39.283413],[-122.928533,39.283342],[-122.928533,39.283267],[-122.928487,39.283179],[-122.92842,39.283098],[-122.928331,39.283023],[-122.928248,39.282941],[-122.928175,39.282852],[-122.928114,39.282757],[-122.928066,39.282659],[-122.92803,39.282556],[-122.928012,39.282454],[-122.928026,39.282261],[-122.928059,39.282073],[-122.928048,39.281975],[-122.928023,39.281889],[-122.927969,39.281814],[-122.927883,39.281756],[-122.927691,39.281678],[-122.92762,39.281629],[-122.927582,39.281567],[-122.927578,39.281495],[-122.927614,39.28142],[-122.927703,39.281344],[-122.92792,39.281233],[-122.928134,39.281063],[-122.928205,39.280986],[-122.928407,39.280883],[-122.9285,39.280848],[-122.928579,39.280805],[-122.928626,39.280746],[-122.928637,39.280677],[-122.928599,39.280615],[-122.928532,39.280578],[-122.928443,39.280575],[-122.928354,39.280608],[-122.92817,39.280702],[-122.927943,39.280774],[-122.927834,39.280828],[-122.927655,39.280961],[-122.927575,39.281026],[-122.927487,39.281077],[-122.927399,39.281116],[-122.927313,39.281136],[-122.927237,39.281136],[-122.927173,39.281111],[-122.927134,39.281064],[-122.927122,39.280997],[-122.92715,39.280922],[-122.9272,39.280839],[-122.927355,39.28068],[-122.927526,39.28055],[-122.927704,39.280463],[-122.927838,39.28038],[-122.927882,39.280331],[-122.927901,39.280275],[-122.927884,39.280222],[-122.927831,39.280183],[-122.927746,39.280175],[-122.927652,39.280195],[-122.927563,39.28023],[-122.927462,39.280256],[-122.927346,39.280268],[-122.927226,39.280273],[-122.927005,39.28027],[-122.926817,39.280238],[-122.926787,39.280185],[-122.926782,39.280129],[-122.926801,39.280074],[-122.926855,39.280015],[-122.926971,39.279944],[-122.92723369,39.27983236],[-122.927387,39.279766],[-122.927471,39.279713],[-122.927656,39.279644],[-122.927734,39.27959],[-122.927786,39.279509],[-122.927794,39.279407],[-122.927767,39.279099],[-122.927778,39.278999],[-122.927895,39.278738],[-122.927915,39.278649],[-122.927901,39.27856],[-122.927849,39.278483],[-122.927765,39.278424],[-122.927666,39.278386],[-122.927551,39.278368],[-122.927429,39.278362],[-122.927193,39.278323],[-122.927108,39.278273],[-122.927042,39.278205],[-122.927009,39.278131],[-122.927001,39.27805],[-122.927019,39.277977],[-122.927125,39.277802],[-122.927118,39.277744],[-122.927072,39.277696],[-122.926994,39.277679],[-122.926904,39.277698],[-122.926825,39.277753],[-122.926736,39.277822],[-122.926484,39.278098],[-122.926325,39.278418],[-122.926261,39.278511],[-122.926183,39.278591],[-122.926068,39.278752],[-122.926025,39.278824],[-122.925915,39.278906],[-122.925853,39.278907],[-122.925802,39.278886],[-122.925769,39.278841],[-122.92577,39.278775],[-122.925864,39.278495],[-122.925873,39.278385],[-122.925859,39.278286],[-122.925868,39.278174],[-122.925916,39.27794],[-122.925972,39.277634],[-122.925999,39.277544],[-122.926046,39.277459],[-122.926116,39.277385],[-122.926326,39.277263],[-122.926456,39.277207],[-122.926695,39.277088],[-122.92707,39.276841],[-122.927141,39.276783],[-122.927199,39.276722],[-122.927237,39.276657],[-122.927245,39.276588],[-122.927217,39.276525],[-122.927155,39.276477],[-122.927068,39.276454],[-122.926967,39.276467],[-122.926867,39.276513],[-122.926543,39.276728],[-122.926301,39.276857],[-122.925916,39.27699],[-122.925511,39.277051],[-122.925257,39.277128],[-122.925136,39.277182],[-122.924974,39.277315],[-122.92486661,39.27744174],[-122.924773,39.277525],[-122.924677,39.277556],[-122.924625,39.277555],[-122.924522,39.27751],[-122.924515,39.277465],[-122.924591,39.277352],[-122.924755,39.277203],[-122.92491,39.277015],[-122.92495387,39.27693777],[-122.92504,39.276722],[-122.92513509,39.27657927],[-122.925189,39.276503],[-122.92523,39.276374],[-122.925153,39.276283],[-122.925085,39.276255],[-122.925001,39.276279],[-122.924923,39.276308],[-122.924847,39.276371],[-122.92477,39.276424],[-122.924594,39.276479],[-122.924507,39.27647],[-122.924436,39.276434],[-122.924387,39.276374],[-122.924376,39.276294],[-122.924439,39.276112],[-122.924494,39.275903],[-122.92448662,39.27583274],[-122.924492,39.275703],[-122.924512,39.275618],[-122.92455,39.275544],[-122.92465138,39.27543376],[-122.924753,39.275328],[-122.924756,39.275267],[-122.924713,39.27521],[-122.924654,39.275174],[-122.924561,39.275201],[-122.924493,39.275248],[-122.924325,39.275493],[-122.924075,39.275716],[-122.923996,39.275768],[-122.923903,39.275786],[-122.923813,39.275779],[-122.923736,39.275751],[-122.923684,39.275709],[-122.923666,39.275658],[-122.923732,39.275554],[-122.923909,39.275457],[-122.924002,39.275386],[-122.924064,39.275293],[-122.92415,39.275006],[-122.924275,39.274798],[-122.924293,39.274732],[-122.924277,39.274675],[-122.924214,39.274622],[-122.924135,39.274605],[-122.924063,39.274642],[-122.924002,39.2747],[-122.923955,39.274771],[-122.92382,39.274903],[-122.923734,39.274944],[-122.923638,39.274973],[-122.923418,39.274946],[-122.923114,39.274803],[-122.923031,39.27475],[-122.922973,39.274685],[-122.922955,39.274609],[-122.922971,39.27453],[-122.923102,39.274374],[-122.923347,39.274117],[-122.923445,39.274051],[-122.923551,39.27399],[-122.92365,39.27392],[-122.923723,39.273831],[-122.923759,39.273729],[-122.923804,39.273529],[-122.923851,39.273441],[-122.923929,39.273373],[-122.924031,39.273331],[-122.924153,39.27332],[-122.924425,39.273351],[-122.92459959,39.2734081],[-122.9248905,39.273515],[-122.9250551,39.2735377],[-122.92526532,39.27355772],[-122.925474,39.273561],[-122.92554879,39.27353444],[-122.925722,39.273496],[-122.925967,39.273461],[-122.926211,39.273452],[-122.926322,39.27342],[-122.926411,39.273361],[-122.926468,39.273287],[-122.926504,39.273215],[-122.926538,39.273086],[-122.926539,39.273029],[-122.926519,39.272978],[-122.926474,39.272936],[-122.926405,39.272912],[-122.926313,39.272914],[-122.926102,39.272963],[-122.925989,39.272981],[-122.925878,39.272984],[-122.92577,39.272963],[-122.925672,39.272916],[-122.925179,39.272479],[-122.925102,39.272419],[-122.92501,39.272379],[-122.924904,39.272367],[-122.924793,39.272381],[-122.924685,39.272406],[-122.924583,39.27242],[-122.924482,39.272418],[-122.924385,39.2724],[-122.924211,39.272336],[-122.924016,39.272291],[-122.923949,39.272297],[-122.923877,39.272329],[-122.923809,39.272374],[-122.923742,39.272406],[-122.923615,39.272406],[-122.923547,39.272364],[-122.923564,39.272292],[-122.923672,39.272197],[-122.923823,39.272136],[-122.924017,39.272124],[-122.924215,39.272147],[-122.924424,39.272143],[-122.924568,39.272061],[-122.924709,39.271952],[-122.924906,39.271894],[-122.925028,39.27188],[-122.925148,39.271853],[-122.925282,39.271838],[-122.925408,39.271804],[-122.925667,39.271742],[-122.925789,39.271701],[-122.925899,39.271652],[-122.925994,39.271591],[-122.926067,39.271515],[-122.926188,39.271191],[-122.926302,39.271008],[-122.926308,39.270902],[-122.926208,39.270843],[-122.926127,39.270854],[-122.926061,39.270902],[-122.926016,39.270973],[-122.925944,39.27114],[-122.925888,39.271213],[-122.92579,39.271274],[-122.925663,39.271306],[-122.925083,39.271391],[-122.924949,39.27139],[-122.92482,39.271362],[-122.924701,39.27131],[-122.924487,39.271171],[-122.924398,39.271097],[-122.924328,39.271015],[-122.924309,39.270929],[-122.924318,39.270832],[-122.924368,39.27074],[-122.924454,39.270663],[-122.924564,39.270605],[-122.924687,39.270553],[-122.924826,39.270515],[-122.925118,39.270426],[-122.9254,39.270327],[-122.925533,39.27027],[-122.925764,39.270118],[-122.925848,39.270019],[-122.925915,39.269914],[-122.926041,39.269693],[-122.926136,39.269473],[-122.926154,39.269358],[-122.926159,39.269252],[-122.926149,39.269149],[-122.92613,39.26905],[-122.926054,39.268803],[-122.926048,39.268735],[-122.926069,39.26868],[-122.926116,39.268642],[-122.926183,39.268627],[-122.926261,39.268643],[-122.926337,39.268693],[-122.926484,39.268865],[-122.926651,39.269041],[-122.926821,39.269192],[-122.926891,39.269261],[-122.927019,39.269391],[-122.927099,39.269429],[-122.927191,39.269442],[-122.927285,39.269417],[-122.927421,39.269282],[-122.927469,39.269199],[-122.927537,39.269021],[-122.927543,39.268926],[-122.927529,39.26875],[-122.927545,39.268657],[-122.927602,39.268584],[-122.927693,39.268524],[-122.927801,39.268483],[-122.928047,39.268429],[-122.928283,39.26835],[-122.928474,39.268241],[-122.928592,39.26806],[-122.928695,39.267731],[-122.928695,39.267624],[-122.928641,39.267415],[-122.928645,39.267306],[-122.928635,39.267203],[-122.928657,39.267102],[-122.928748,39.266897],[-122.928785,39.266786],[-122.928813,39.266471],[-122.928909,39.266288],[-122.929059,39.26614],[-122.929236,39.265997],[-122.929355,39.265813],[-122.929491,39.265657],[-122.929745,39.265411],[-122.92979,39.265295],[-122.929704,39.265212],[-122.929556,39.265253],[-122.929379,39.265474],[-122.92929,39.265552],[-122.929181,39.265601],[-122.928905,39.265668],[-122.92846,39.265718],[-122.928175,39.265693],[-122.927908,39.265616],[-122.927694,39.265499],[-122.927561,39.265339],[-122.927561,39.265038],[-122.927611,39.264827],[-122.927706,39.264624],[-122.927866,39.264445],[-122.928198,39.264222],[-122.928593,39.26403],[-122.92889155,39.26392311],[-122.92890608,39.2639203],[-122.929016,39.263903],[-122.929311,39.263914],[-122.929466,39.263929],[-122.929622,39.26395],[-122.930079,39.264026],[-122.930225,39.264044],[-122.930372,39.264051],[-122.93052,39.26404],[-122.930663,39.264004],[-122.930787,39.263941],[-122.930896,39.263861],[-122.931099,39.263699],[-122.931207,39.263627],[-122.931323,39.263571],[-122.931567,39.263479],[-122.931687,39.263426],[-122.931795,39.263357],[-122.931881,39.263269],[-122.932005,39.263083],[-122.93207,39.262997],[-122.932146,39.262921],[-122.932239,39.262864],[-122.932341,39.262821],[-122.932447,39.262795],[-122.932556,39.262788],[-122.932657,39.262788],[-122.932765,39.262799],[-122.932879,39.262792],[-122.93299,39.262748],[-122.933083,39.262678],[-122.933172,39.2626],[-122.933368,39.262461],[-122.933473,39.262406],[-122.933585,39.26237],[-122.933704,39.262358],[-122.933822,39.262368],[-122.933937,39.262396],[-122.934264,39.262528],[-122.934388,39.262546],[-122.93452,39.262539],[-122.934656,39.262526],[-122.934795,39.262523],[-122.935069,39.26253],[-122.935201,39.262506],[-122.935321,39.262459],[-122.935415,39.262384],[-122.935478,39.262293],[-122.935512,39.262194],[-122.935526,39.262097],[-122.935548,39.262008],[-122.935588,39.261934],[-122.935654,39.261883],[-122.935746,39.261857],[-122.93585,39.261852],[-122.93608,39.261932],[-122.936204,39.26196],[-122.936337,39.26196],[-122.936465,39.261929],[-122.936579,39.261869],[-122.936682,39.261788],[-122.936998,39.261509],[-122.937295,39.26123],[-122.937553,39.260958],[-122.937643,39.26088],[-122.937749,39.260821],[-122.937863,39.260781],[-122.937988,39.260761],[-122.938119,39.260762],[-122.938255,39.26078],[-122.938536,39.260825],[-122.938681,39.260836],[-122.938828,39.260838],[-122.938962,39.260835],[-122.939096,39.260827],[-122.939221,39.260824],[-122.939342,39.260829],[-122.939573,39.260852],[-122.939683,39.260856],[-122.939785,39.260838],[-122.939873,39.260788],[-122.939928,39.260707],[-122.94001,39.260515],[-122.940067,39.260426],[-122.940137,39.260349],[-122.940215,39.260274],[-122.940283,39.260198],[-122.940373,39.260148],[-122.940596,39.260064],[-122.940663,39.260046],[-122.94084,39.259961],[-122.940949,39.25989],[-122.941039,39.259817],[-122.941139,39.25976],[-122.941261,39.259725],[-122.94155,39.259694],[-122.941703,39.259659],[-122.941844,39.259609],[-122.94197,39.259542],[-122.942078,39.259462],[-122.942263,39.259301],[-122.94236,39.259235],[-122.942469,39.25919],[-122.942578,39.259158],[-122.942696,39.259153],[-122.942926,39.259157],[-122.943042,39.259141],[-122.943152,39.259092],[-122.94324,39.259015],[-122.943306,39.258919],[-122.943405,39.258698],[-122.943458,39.25859],[-122.943538,39.258487],[-122.943631,39.258393],[-122.943739,39.258309],[-122.94386,39.258233],[-122.944114,39.258098],[-122.944237,39.258028],[-122.944322,39.25799],[-122.94436,39.257973],[-122.944486,39.257935],[-122.944617,39.257914],[-122.944744,39.257911],[-122.944862,39.257929],[-122.944971,39.257973],[-122.945067,39.258043],[-122.9451369,39.2581254],[-122.9452001,39.2582742],[-122.945265,39.258467],[-122.945307,39.258575],[-122.9453626,39.2586818],[-122.9454224,39.2587899],[-122.945477,39.258893],[-122.945562,39.25898],[-122.945653,39.259053],[-122.945754,39.259121],[-122.945877,39.259178],[-122.946192,39.259343],[-122.946309,39.259396],[-122.946545,39.259486],[-122.946641,39.25954],[-122.946713,39.259608],[-122.946756,39.259687],[-122.946771,39.259768],[-122.946758,39.259848],[-122.946729,39.259924],[-122.946697,39.259992],[-122.946671,39.260062],[-122.946674,39.260132],[-122.946685,39.260152],[-122.946706,39.260192],[-122.946769,39.260234],[-122.946855,39.260244],[-122.946945,39.260206],[-122.94703,39.26014],[-122.947109,39.26004],[-122.947158,39.25996],[-122.947179,39.259926],[-122.94724,39.259804],[-122.947282,39.259677],[-122.947314,39.259546],[-122.947326,39.259418],[-122.947323,39.259293],[-122.9473,39.259174],[-122.947181,39.258844],[-122.947172,39.258743],[-122.947198,39.258648],[-122.947257,39.258557],[-122.947356,39.258464],[-122.947457,39.258395],[-122.947566,39.258334],[-122.947662,39.258262],[-122.947739,39.258178],[-122.947784,39.258091],[-122.9478,39.257988],[-122.947781,39.257883],[-122.947732,39.257779],[-122.947595,39.257573],[-122.947468,39.257368],[-122.947419,39.257264],[-122.947379,39.257153],[-122.947346,39.257043],[-122.947334,39.256927],[-122.947294,39.25672],[-122.947284,39.256623],[-122.947293,39.25653],[-122.947325,39.256446],[-122.947384,39.256371],[-122.947472,39.256307],[-122.947588,39.256255],[-122.948034,39.256115],[-122.948196,39.256049],[-122.948347,39.255969],[-122.948479,39.255864],[-122.948602,39.255747],[-122.948727,39.25562],[-122.949474,39.254829],[-122.949843,39.254452],[-122.9499779,39.2543222],[-122.950089,39.254213],[-122.950195,39.254106],[-122.950319,39.254009],[-122.95046,39.253932],[-122.9506319,39.2538363],[-122.9508063,39.2537665],[-122.9509444,39.2537156],[-122.9511399,39.2536593],[-122.9512874,39.2536129],[-122.951459,39.253564],[-122.951803,39.253479],[-122.9519823,39.2534327],[-122.9521217,39.2533958],[-122.952271,39.253349],[-122.952409,39.253284],[-122.952518,39.253204],[-122.952603,39.2531],[-122.952652,39.252975],[-122.952666,39.252839],[-122.952671,39.252692],[-122.952667,39.25238],[-122.952671,39.251887],[-122.95267,39.251813],[-122.952661,39.250711],[-122.952661,39.250583],[-122.952658,39.250309],[-122.952655,39.249882],[-122.952645,39.249577],[-122.952624,39.249439],[-122.953132,39.249981],[-122.953203,39.250057],[-122.953565,39.250424],[-122.954113,39.250851],[-122.954474,39.251116],[-122.954996,39.25142],[-122.955365,39.251656],[-122.955565,39.251842],[-122.956012,39.252424],[-122.9562,39.252781],[-122.956232,39.253008],[-122.956154,39.253174],[-122.956127,39.253362],[-122.956247,39.253566],[-122.956475,39.253655],[-122.956755,39.253789],[-122.95702,39.253952],[-122.957229,39.254229],[-122.957335,39.254513],[-122.957536,39.254767],[-122.957987,39.255054],[-122.958539,39.255345],[-122.959084,39.255568],[-122.959746,39.255796],[-122.960113,39.255878],[-122.960421,39.25591],[-122.96064,39.255914],[-122.960824,39.255975],[-122.960928,39.25611],[-122.961448,39.256658],[-122.96152,39.256732],[-122.96225,39.257488],[-122.962451,39.257759],[-122.962731,39.25795],[-122.963233,39.258219],[-122.964182,39.258627],[-122.964808,39.258878],[-122.965417,39.259037],[-122.966145,39.259288],[-122.9665749,39.2594777],[-122.9666943,39.2595325],[-122.96714,39.259808],[-122.967406,39.259994],[-122.96763,39.260254],[-122.96854,39.261031],[-122.968838,39.261382],[-122.96895,39.261557],[-122.969012,39.261773],[-122.96911,39.261994],[-122.969199,39.26213],[-122.969399,39.262253],[-122.969533,39.262411],[-122.969711,39.262569],[-122.970258,39.262974],[-122.970724,39.263346],[-122.971019,39.263497],[-122.971107,39.26357],[-122.971153,39.263672],[-122.971235,39.263797],[-122.971397,39.263841],[-122.971528,39.263817],[-122.971702,39.263673],[-122.971789,39.263661],[-122.971878,39.263683],[-122.971959,39.263779],[-122.97216,39.263971],[-122.972322,39.264038],[-122.972565,39.26415],[-122.97261378,39.26420161],[-122.98515936,39.26412361],[-122.98729199,39.26407607],[-122.98723899,39.26409347],[-123.00450226,39.26381792],[-123.00513861,39.27834036],[-123.02000884,39.2777353],[-123.0198962,39.29241402],[-123.02059958,39.30711501],[-123.02004299,39.31946431],[-123.01818005,39.319439],[-123.01774123,39.31940255],[-123.01721606,39.31929622],[-123.01702029,39.31925658],[-123.01664417,39.31923229],[-123.01625924,39.31922624],[-123.01587625,39.31922023],[-123.01536366,39.31922029],[-123.0152964,39.3192203],[-123.01481058,39.31925688],[-123.01438745,39.31928129],[-123.01398,39.31936654],[-123.01344719,39.31956137],[-123.01337183,39.31959065],[-123.01303975,39.31971967],[-123.01266365,39.3198171],[-123.0122562,39.31989018],[-123.01175472,39.32004848],[-123.01161595,39.3200979],[-123.01137862,39.32018242],[-123.011346,39.32020386],[-123.0111749,39.32031634],[-123.01083485,39.32040442],[-123.01079879,39.32041376],[-123.0104697,39.32053552],[-123.0101406,39.32068163],[-123.00990551,39.32060861],[-123.00945096,39.32014607],[-123.00899643,39.31981744],[-123.00865157,39.31919664],[-123.0083213,39.31872828],[-123.00829107,39.3186854],[-123.00824369,39.31863969],[-123.00777385,39.31818634],[-123.00757008,39.31785769],[-123.00753872,39.31766292],[-123.00735064,39.31749251],[-123.00730396,39.31718449],[-123.00728791,39.31707863],[-123.00724086,39.3166891],[-123.00727613,39.316648],[-123.00746023,39.31643345],[-123.00758555,39.31601957],[-123.00744449,39.31576394],[-123.00713104,39.31539877],[-123.00676433,39.31500004],[-123.00673922,39.31497274],[-123.0065825,39.31485102],[-123.00614372,39.31482669],[-123.00568926,39.31480237],[-123.00561311,39.31477608],[-123.00526614,39.31465632],[-123.00492137,39.31447373],[-123.00456093,39.31420594],[-123.00418481,39.3138286],[-123.0038087,39.31354863],[-123.00333858,39.31341474],[-123.0030095,39.3132565],[-123.00242969,39.31315913],[-123.00172745,39.31294569],[-123.00098801,39.31269657],[-123.00018882,39.31224618],[-122.99984085,39.31195785],[-122.99948367,39.31166188],[-122.99904491,39.31147928],[-122.99826141,39.31146709],[-122.99743091,39.311321],[-122.99686679,39.31136968],[-122.99594225,39.31144269],[-122.99536246,39.31147919],[-122.99481401,39.31144265],[-122.99466081,39.31143074],[-122.99418722,39.31139393],[-122.99385816,39.31122349],[-122.9936153,39.3109027],[-122.9935448,39.31080959],[-122.99327844,39.31050525],[-122.99297911,39.31032553],[-122.99293373,39.31029828],[-122.9926987,39.3101035],[-122.99255084,39.30993692],[-122.99238535,39.30975047],[-122.99215033,39.30947047],[-122.99196231,39.30934873],[-122.99095949,39.30909302],[-122.99061477,39.3090443],[-122.9902766,39.30907711],[-122.9902387,39.30908079],[-122.98997231,39.30912946],[-122.9896746,39.30911726],[-122.9892202,39.30897114],[-122.98900086,39.3088007],[-122.98885991,39.30833811],[-122.98885018,39.30830464],[-122.98875028,39.30796074],[-122.98870333,39.30764423],[-122.98868768,39.30746164],[-122.98845326,39.30737055],[-122.98828031,39.30730335],[-122.98811718,39.30722067],[-122.98791995,39.30712071],[-122.98715221,39.30692587],[-122.98671351,39.30676757],[-122.98611811,39.30667011],[-122.98589874,39.30667009],[-122.98553834,39.30675526],[-122.98545937,39.3067532],[-122.98506827,39.30674302],[-122.98472357,39.30669428],[-122.98394013,39.30663331],[-122.9831097,39.30654799],[-122.98246127,39.30641647],[-122.98238897,39.3064018],[-122.98229719,39.30640858],[-122.98205991,39.3064261],[-122.98168386,39.30642604],[-122.98124515,39.30637728],[-122.9808221,39.30631635],[-122.98030506,39.3062067],[-122.97963132,39.30615789],[-122.9788636,39.30597516],[-122.97794539,39.30578841],[-122.97784519,39.30576803],[-122.97720279,39.30571921],[-122.97681108,39.30571914],[-122.97674272,39.30576557],[-122.9764765,39.30594646],[-122.97630956,39.30605988],[-122.97619984,39.30616942],[-122.975573,39.30641275],[-122.9751788,39.30658414],[-122.97478944,39.30675342],[-122.97444468,39.3068629],[-122.97364556,39.30686273],[-122.97325385,39.30682612],[-122.97294056,39.30661911],[-122.97196759,39.30653123],[-122.97077832,39.30642381],[-122.96990088,39.30638707],[-122.96922713,39.30636255],[-122.96849069,39.30637453],[-122.96787961,39.30636218],[-122.96772764,39.30647033],[-122.96758454,39.30657216],[-122.96750343,39.30662988],[-122.96741816,39.30675564],[-122.96734664,39.30686113],[-122.96697041,39.30722621],[-122.9663592,39.3074695],[-122.96574806,39.30755454],[-122.96499587,39.30770038],[-122.96435344,39.30770019],[-122.96422635,39.30770015],[-122.96366399,39.30769998],[-122.96322525,39.30769984],[-122.96269237,39.3079553],[-122.96233179,39.30829603],[-122.96178329,39.30844193],[-122.96131312,39.30860002],[-122.96030993,39.30922051],[-122.9598084,39.30940293],[-122.95935393,39.30950016],[-122.95889944,39.3096339],[-122.95856344,39.30983541],[-122.95825668,39.31014494],[-122.95817814,39.31046141],[-122.95798982,39.31093609],[-122.95777008,39.31154466],[-122.95756599,39.31216541],[-122.95733071,39.31254269],[-122.95695444,39.3128347],[-122.95635887,39.31299273],[-122.95508963,39.31290703],[-122.95402417,39.31273619],[-122.95361673,39.31274821],[-122.95336587,39.31295505],[-122.9530209,39.31328358],[-122.95239397,39.31345375],[-122.95165713,39.31392819],[-122.95103006,39.31429312],[-122.9504816,39.31425637],[-122.95032119,39.31417143],[-122.94974537,39.31386652],[-122.94933804,39.31370809],[-122.94871262,39.31362028],[-122.94847582,39.31418246],[-122.94783248,39.31532643],[-122.9475028,39.31611753],[-122.94731442,39.3165435],[-122.94707917,39.31679903],[-122.94653361,39.31704589]]]},"properties":{"OBJECTID":1097878,"COUNTY":"LAKE","CITY":"MNF","ZONE_NAME":null,"ZONE_ID":"US-CA-XLK-MNF-E016","STATUS":"Evacuation Warning","EVENT_TYPE":null,"CRITICAL_INFO":null,"PUBLIC_INFO":null,"EDIT_DATE":1789419678000,"STATEWIDE_LAST_UPDATED":null,"NOTES":"Zones reduced to evacuation WARNING.\nResidents are encouraged to use caution when returning to affected zones.\nMore Information: response.lakecountyca.gov","SHAPE__Area":69840598.41015625,"SHAPE__Length":44923.003146734081,"GlobalID":"9453836b-7991-4101-a37b-72be33f9233b","CreationDate":1789419934615,"Creator":"CalOES_Scripts","EditDate":1789419934615,"Editor":"CalOES_Scripts"}},{"type":"Feature","id":1097881,"geometry":{"type":"Polygon","coordinates":[[[-123.01978551,39.27774439],[-123.00513861,39.27834036],[-123.00420921,39.25712897],[-123.00111016,39.2571289],[-123.00111013,39.25708375],[-122.99448666,39.256953],[-122.99422636,39.24987485],[-122.99441706,39.23586759],[-123.00111016,39.23588574],[-123.01249535,39.236303],[-123.01978551,39.27774439]]]},"properties":{"OBJECTID":1097881,"COUNTY":"MENDOCINO","CITY":"MEN","ZONE_NAME":null,"ZONE_ID":"US-CA-XME-MEN-2POT08-B","STATUS":"Evacuation Warning","EVENT_TYPE":null,"CRITICAL_INFO":null,"PUBLIC_INFO":null,"EDIT_DATE":1789420623000,"STATEWIDE_LAST_UPDATED":null,"NOTES":"Lucas Fire Wildfire zones MEN-2UKV28, MEN-2POT08-A have been downgraded. Evacuation warnings and orders have been lifted, it is now safe to return. Use caution as crews may still be in the area. \n\nMEN-2POT08-B Remains in a Warning Status.","SHAPE__Area":11197181.95703125,"SHAPE__Length":16831.594994345352,"GlobalID":"de31aec7-6ce1-4dcd-a534-f68f3bb778bf","CreationDate":1789420833358,"Creator":"CalOES_Scripts","EditDate":1789420833358,"Editor":"CalOES_Scripts"}},{"type":"Feature","id":1097897,"geometry":{"type":"Polygon","coordinates":[[[-121.6661775,36.34268228],[-121.66233091,36.34264369],[-121.63803315,36.34237581],[-121.62997962,36.34227552],[-121.61154782,36.34211598],[-121.61128473,36.34226752],[-121.61093881,36.34250475],[-121.60652855,36.34244084],[-121.60475997,36.3424152],[-121.6046317,36.34225314],[-121.60450677,36.34214601],[-121.60430222,36.3419706],[-121.60404689,36.3417478],[-121.60400906,36.34171478],[-121.60371674,36.34147299],[-121.60336164,36.34105084],[-121.60295284,36.34030739],[-121.60268111,36.33953052],[-121.60230367,36.33843436],[-121.60202209,36.33807967],[-121.60176529,36.33785056],[-121.60154647,36.33767622],[-121.60121481,36.33746447],[-121.60113115,36.33741105],[-121.60108536,36.33735976],[-121.60085205,36.33709844],[-121.60043177,36.33674909],[-121.60023361,36.33663019],[-121.60016067,36.33655021],[-121.60004782,36.33642646],[-121.59995781,36.33607844],[-121.59994771,36.33596925],[-121.59990989,36.33556007],[-121.59973483,36.33524344],[-121.59949043,36.33492949],[-121.59926641,36.33468038],[-121.59906273,36.33445389],[-121.5988839,36.33414457],[-121.59848227,36.33344989],[-121.59828362,36.33319244],[-121.59795551,36.33276721],[-121.59783545,36.33249177],[-121.59777469,36.33235238],[-121.59775981,36.33180462],[-121.59735361,36.33139848],[-121.59669325,36.33111615],[-121.59617714,36.33089548],[-121.59534247,36.33059021],[-121.59418089,36.3303397],[-121.59362609,36.33036107],[-121.59334045,36.33023147],[-121.59317209,36.33008519],[-121.59293758,36.32988143],[-121.59249968,36.32944558],[-121.59242079,36.32936705],[-121.59235155,36.32925028],[-121.59184211,36.32839107],[-121.59160461,36.32821196],[-121.59111482,36.32784261],[-121.59092984,36.32772415],[-121.59041065,36.32739167],[-121.59029756,36.32724137],[-121.59005324,36.32663213],[-121.58950432,36.32586589],[-121.58903464,36.32526533],[-121.58865245,36.32497071],[-121.58840543,36.32493072],[-121.58837268,36.32492541],[-121.58807706,36.3249366],[-121.58793037,36.32494225],[-121.58769567,36.32495127],[-121.58735722,36.32480963],[-121.5867348,36.32456643],[-121.58628245,36.32426044],[-121.58613631,36.324027],[-121.58603319,36.32386229],[-121.58572373,36.32370843],[-121.58563945,36.32366652],[-121.58551988,36.32364215],[-121.58513963,36.32356464],[-121.58505913,36.32354823],[-121.58497784,36.32355273],[-121.58422783,36.32359425],[-121.58372509,36.32361357],[-121.58341963,36.32373779],[-121.58322975,36.32375914],[-121.5827551,36.3236649],[-121.58237752,36.32343204],[-121.58230441,36.32338696],[-121.58192143,36.32307829],[-121.58148815,36.32250441],[-121.58145915,36.32246388],[-121.58142025,36.3224095],[-121.58120425,36.32210757],[-121.5807206,36.32175441],[-121.58066213,36.32172533],[-121.58033841,36.32156436],[-121.58024869,36.32155577],[-121.5800239,36.32153426],[-121.57970939,36.32150415],[-121.57931321,36.32126628],[-121.57921202,36.32119182],[-121.57878663,36.32087876],[-121.57856462,36.32064826],[-121.57833029,36.32020733],[-121.57784093,36.31956529],[-121.57746299,36.31904551],[-121.57708341,36.31849767],[-121.57670047,36.31818899],[-121.57656762,36.31799724],[-121.57655365,36.31775876],[-121.57653639,36.31746416],[-121.57628975,36.31681279],[-121.57600262,36.31635983],[-121.57558338,36.31602441],[-121.57530529,36.31572575],[-121.57526331,36.31530556],[-121.57520976,36.31522826],[-121.57507144,36.31503009],[-121.57472858,36.31477772],[-121.57427716,36.31448571],[-121.57398585,36.31425786],[-121.57373669,36.31385967],[-121.5732912,36.31307533],[-121.57312617,36.31292699],[-121.57267804,36.31269109],[-121.57202192,36.31246316],[-121.57113307,36.3121176],[-121.57060157,36.31194112],[-121.57042003,36.31180748],[-121.56986217,36.31147734],[-121.56962371,36.31126152],[-121.56917315,36.31098351],[-121.5689377,36.31095613],[-121.56871837,36.31093063],[-121.56839319,36.31084872],[-121.56845192,36.31053309],[-121.56860803,36.31023185],[-121.56874353,36.30987516],[-121.56863084,36.30883902],[-121.56843946,36.30853703],[-121.56799898,36.30783683],[-121.56778946,36.30752147],[-121.56767317,36.30731502],[-121.56705212,36.30619992],[-121.56693008,36.30589527],[-121.56682402,36.30567675],[-121.56663084,36.30527878],[-121.56655487,36.30512227],[-121.56644852,36.3050125],[-121.56605575,36.30460709],[-121.56597812,36.30428783],[-121.56596429,36.30423096],[-121.56607755,36.30379076],[-121.56610919,36.30370198],[-121.56627354,36.30324088],[-121.56631637,36.3031091],[-121.56631756,36.30259847],[-121.56631834,36.30226305],[-121.56629621,36.30188427],[-121.56616506,36.30172057],[-121.56604267,36.301579],[-121.56594151,36.30146198],[-121.56581153,36.30121887],[-121.56561,36.30084196],[-121.56481819,36.29977557],[-121.56408236,36.29907259],[-121.56393306,36.29889552],[-121.56387164,36.29862315],[-121.56414539,36.29836717],[-121.56432865,36.29823362],[-121.56455572,36.29795779],[-121.56464824,36.29775741],[-121.56466406,36.29743342],[-121.56489699,36.29696052],[-121.56508448,36.29660184],[-121.56538918,36.29616838],[-121.56568064,36.29580572],[-121.56582761,36.29564544],[-121.56611239,36.29546582],[-121.56631871,36.2954298],[-121.56648546,36.29531094],[-121.56668808,36.29512857],[-121.56707,36.29461368],[-121.56717233,36.29452963],[-121.56750092,36.29425974],[-121.56786414,36.29393651],[-121.5680785,36.29375637],[-121.56816214,36.29368608],[-121.56869374,36.29327204],[-121.56874491,36.29322297],[-121.56933516,36.29265695],[-121.56962905,36.29233637],[-121.569715,36.29202376],[-121.56965071,36.29181532],[-121.56951547,36.29158148],[-121.56953945,36.29149186],[-121.56957249,36.29136839],[-121.56974825,36.29117529],[-121.56978465,36.2911353],[-121.57008021,36.29053919],[-121.57054981,36.29055765],[-121.57091208,36.29051565],[-121.57134113,36.29037671],[-121.57156155,36.29033611],[-121.57175299,36.29034283],[-121.57186517,36.29047914],[-121.57219257,36.291029],[-121.57262979,36.29137781],[-121.57322462,36.29174869],[-121.57344324,36.2919231],[-121.57386396,36.29228659],[-121.57439248,36.29249726],[-121.57453971,36.29255595],[-121.57490979,36.29271866],[-121.57512799,36.29281459],[-121.57556195,36.29310727],[-121.57569229,36.29325694],[-121.57588447,36.29357295],[-121.57606269,36.29365048],[-121.57701408,36.29388113],[-121.57741923,36.29397806],[-121.57812389,36.29415637],[-121.57820395,36.29417662],[-121.57833597,36.29421003],[-121.57916552,36.29464819],[-121.57931532,36.29472515],[-121.58008358,36.29498656],[-121.58023711,36.29500127],[-121.58039797,36.29501667],[-121.58068847,36.29493522],[-121.5813074,36.2948271],[-121.58153684,36.29473831],[-121.58163009,36.29470223],[-121.58199155,36.29464617],[-121.58221683,36.29463752],[-121.58257595,36.29462372],[-121.58271939,36.29461821],[-121.58308248,36.29459021],[-121.58319275,36.29457443],[-121.58375422,36.2944941],[-121.5842099,36.29441296],[-121.58445898,36.2943686],[-121.58465995,36.2942944],[-121.58547899,36.29399197],[-121.58593615,36.29386036],[-121.58604263,36.2938297],[-121.58643627,36.29373021],[-121.58665407,36.29372184],[-121.58669621,36.29372022],[-121.58691695,36.2937739],[-121.58699574,36.29379306],[-121.58716494,36.29396158],[-121.58725399,36.29405027],[-121.58757779,36.29429949],[-121.58766695,36.29436025],[-121.58805781,36.2944209],[-121.58816248,36.29443714],[-121.58868071,36.29438909],[-121.58927716,36.29435373],[-121.58936221,36.29434983],[-121.58998535,36.29442327],[-121.59038393,36.29440794],[-121.59112744,36.29435121],[-121.59161348,36.29434657],[-121.59218865,36.29438067],[-121.59278499,36.29440151],[-121.59295443,36.29440743],[-121.59354952,36.2944393],[-121.59402637,36.29432398],[-121.59451159,36.2943053],[-121.59489199,36.29457185],[-121.59522983,36.29485725],[-121.59538544,36.29498871],[-121.5956531,36.29507604],[-121.59604064,36.29520249],[-121.59708287,36.29549977],[-121.59764317,36.29587186],[-121.59802674,36.29623053],[-121.59804752,36.29624996],[-121.59823567,36.29649579],[-121.5984494,36.29658597],[-121.59919457,36.29655725],[-121.59971198,36.29649512],[-121.60030515,36.29641173],[-121.60095228,36.29632076],[-121.60166227,36.29629338],[-121.60183608,36.29628667],[-121.60193157,36.29624421],[-121.60259774,36.29594797],[-121.60314401,36.2957863],[-121.60352609,36.29578562],[-121.6035744,36.2957948],[-121.60414087,36.29590249],[-121.60474411,36.29611823],[-121.60481548,36.29611101],[-121.6049359,36.29609882],[-121.60496857,36.29609551],[-121.60510142,36.29599196],[-121.60532833,36.29571607],[-121.60562621,36.29546555],[-121.6059967,36.29526846],[-121.60629871,36.29508809],[-121.60653223,36.29492441],[-121.60700666,36.29442806],[-121.607359,36.29421761],[-121.60750256,36.29400117],[-121.60755741,36.29377903],[-121.60758669,36.29366048],[-121.60781606,36.29342667],[-121.60811971,36.29327434],[-121.60822329,36.29320364],[-121.60837394,36.29310081],[-121.60840355,36.2930806],[-121.60862796,36.29276261],[-121.60888124,36.29234509],[-121.60911143,36.2921253],[-121.60935895,36.29190484],[-121.60958034,36.29173575],[-121.60991507,36.29161622],[-121.61010971,36.29158598],[-121.61039695,36.29154136],[-121.61077569,36.29148454],[-121.61116431,36.2913008],[-121.61131117,36.29114047],[-121.61144096,36.29102486],[-121.61165768,36.29083182],[-121.61240356,36.29052179],[-121.61272038,36.29029864],[-121.6129642,36.29016701],[-121.61301611,36.29012381],[-121.61320317,36.28995543],[-121.61331191,36.28972744],[-121.61339872,36.28968337],[-121.6135817,36.28959047],[-121.61385481,36.28950961],[-121.6141246,36.28937264],[-121.6142475,36.28910075],[-121.61435166,36.28877482],[-121.61437944,36.28868791],[-121.61446105,36.28830513],[-121.61449152,36.2879384],[-121.61473239,36.2876057],[-121.61483056,36.28750349],[-121.6150302,36.28735517],[-121.61547574,36.28725357],[-121.61583961,36.2872395],[-121.6163421,36.28722006],[-121.61726616,36.28698747],[-121.61746332,36.28679706],[-121.617851,36.28630402],[-121.6180979,36.28609366],[-121.6182313,36.28597999],[-121.61830303,36.28572413],[-121.61829632,36.2846958],[-121.61858512,36.28426638],[-121.61881401,36.28375154],[-121.61881569,36.28346774],[-121.61849399,36.28276483],[-121.61847749,36.2827314],[-121.61829069,36.28235287],[-121.61842537,36.2823309],[-121.61870365,36.28228552],[-121.61913809,36.28224255],[-121.62035093,36.28371387],[-121.62040793,36.28462987],[-121.62074793,36.28520187],[-121.62170993,36.28597987],[-121.62261593,36.28739887],[-121.62284193,36.28787987],[-121.62343593,36.28852087],[-121.62329593,36.29005487],[-121.62227993,36.29220787],[-121.62202493,36.29252787],[-121.62086593,36.29330687],[-121.61874693,36.29534587],[-121.61874693,36.29550587],[-121.61908593,36.29573487],[-121.62050093,36.29612387],[-121.62154793,36.29664987],[-121.62330193,36.29809087],[-121.62378293,36.29831987],[-121.62545193,36.29847887],[-121.62606793,36.29861587],[-121.62753193,36.29932487],[-121.62860694,36.30003487],[-121.62883293,36.30010387],[-121.62976594,36.30053887],[-121.63214194,36.30127287],[-121.63477194,36.30127487],[-121.63627094,36.30134387],[-121.63641294,36.30127487],[-121.63678094,36.30031387],[-121.63709194,36.30001587],[-121.63723394,36.29997087],[-121.63760194,36.29955887],[-121.63796994,36.29953587],[-121.63861994,36.29983387],[-121.63912894,36.29997087],[-121.64014694,36.30001787],[-121.64079694,36.30054487],[-121.64099494,36.30061287],[-121.64127794,36.30054487],[-121.64170194,36.30056787],[-121.64277694,36.30093487],[-121.64379494,36.30111787],[-121.64467194,36.30162187],[-121.64492594,36.30166787],[-121.64520894,36.30159887],[-121.64537994,36.30143887],[-121.64535194,36.30098087],[-121.64523894,36.30054587],[-121.64529594,36.30027187],[-121.64554994,36.30008787],[-121.64588994,36.29999687],[-121.64696394,36.30011187],[-121.64778494,36.30008887],[-121.64812394,36.29988287],[-121.64849194,36.29951687],[-121.64854894,36.29917387],[-121.64829494,36.29869287],[-121.64826594,36.29837187],[-121.64837994,36.29802887],[-121.64877594,36.29766287],[-121.64999194,36.29754887],[-121.65067094,36.29766287],[-121.65129294,36.29759487],[-121.65188694,36.29734287],[-121.65236794,36.29738887],[-121.65417794,36.29823687],[-121.65485594,36.29874087],[-121.65508294,36.29880987],[-121.65618594,36.29883287],[-121.65833494,36.29993187],[-121.65887194,36.30009287],[-121.65912694,36.30036787],[-121.65912594,36.30052787],[-121.65935294,36.30071087],[-121.66005994,36.30064287],[-121.66031394,36.30084887],[-121.66068194,36.30153587],[-121.66079494,36.30226787],[-121.66104894,36.30256587],[-121.66121894,36.30265787],[-121.66152994,36.30254287],[-121.66175594,36.30229087],[-121.66206694,36.30231387],[-121.66268994,36.30279487],[-121.66498094,36.30307087],[-121.66631094,36.30339087],[-121.66679194,36.30357487],[-121.66718794,36.30357487],[-121.66761194,36.30371187],[-121.66792294,36.30394087],[-121.66812094,36.30421587],[-121.66837494,36.30492587],[-121.66868594,36.30520087],[-121.66959094,36.30542987],[-121.66978894,36.30556687],[-121.66973194,36.30730687],[-121.66990194,36.30751287],[-121.67185394,36.30723887],[-121.67210794,36.30733087],[-121.67301294,36.30838387],[-121.67329594,36.30895587],[-121.67363494,36.30923087],[-121.67394694,36.30923087],[-121.67567194,36.30831587],[-121.67753894,36.30849887],[-121.67810494,36.30996387],[-121.67844395,36.31250587],[-121.67858494,36.31289487],[-121.67895294,36.31358187],[-121.67968794,36.31424587],[-121.68045195,36.31438287],[-121.68130094,36.31433787],[-121.68277294,36.31477287],[-121.68297094,36.31545987],[-121.68297094,36.31623787],[-121.68265794,36.31667287],[-121.68268695,36.31694787],[-121.68379095,36.31793287],[-121.68458295,36.31880287],[-121.68557295,36.31962687],[-121.68678995,36.32129787],[-121.68676095,36.32159587],[-121.68656295,36.32175587],[-121.68608195,36.32177887],[-121.68591295,36.32171087],[-121.68543195,36.32109187],[-121.68526195,36.32100087],[-121.68483795,36.32106887],[-121.68463895,36.32118387],[-121.68412995,36.32180187],[-121.68407395,36.32196187],[-121.68285595,36.32235087],[-121.68274295,36.32251187],[-121.68268595,36.32326687],[-121.68333195,36.32369787],[-121.68395895,36.32411487],[-121.68415695,36.32443487],[-121.68415695,36.32505287],[-121.68393095,36.32530487],[-121.68293995,36.32560287],[-121.68282695,36.32578587],[-121.68279895,36.32656387],[-121.68268595,36.32665587],[-121.68107295,36.32672387],[-121.68078995,36.32695287],[-121.68073295,36.32731987],[-121.68064795,36.32743387],[-121.68044995,36.32951787],[-121.68022395,36.32972387],[-121.67920495,36.33011287],[-121.67821495,36.33066187],[-121.67679995,36.33107387],[-121.67629295,36.33132487],[-121.67620495,36.33160087],[-121.67631895,36.33182987],[-121.67716695,36.33267687],[-121.67716695,36.33290587],[-121.67696895,36.33299787],[-121.67640295,36.33297487],[-121.67595095,36.33283687],[-121.67515795,36.33221887],[-121.67464894,36.33157787],[-121.67436595,36.33162287],[-121.67413995,36.33180687],[-121.67405495,36.33205787],[-121.67419595,36.33450787],[-121.67377095,36.33508087],[-121.67334695,36.33537787],[-121.67306395,36.33537787],[-121.67220595,36.33513087],[-121.67113994,36.33517187],[-121.67060194,36.33526287],[-121.66980995,36.33572087],[-121.66935694,36.33617887],[-121.66915695,36.33659087],[-121.66952494,36.33736887],[-121.66932695,36.33810187],[-121.66791095,36.34016187],[-121.66779795,36.34043687],[-121.66811595,36.34082187],[-121.66836395,36.34112387],[-121.66844895,36.34155887],[-121.66839195,36.34169687],[-121.66810895,36.34185687],[-121.66703295,36.34215387],[-121.66677894,36.34235987],[-121.66675618,36.342689],[-121.6661775,36.34268228]]]},"properties":{"OBJECTID":1097897,"COUNTY":"MONTEREY","CITY":"MRY","ZONE_NAME":null,"ZONE_ID":"US-CA-XMY-MRY-D086","STATUS":"Evacuation Warning","EVENT_TYPE":null,"CRITICAL_INFO":null,"PUBLIC_INFO":null,"EDIT_DATE":1787515218000,"STATEWIDE_LAST_UPDATED":null,"NOTES":"Timber Fire","SHAPE__Area":66986064.23046875,"SHAPE__Length":41946.187893448958,"GlobalID":"7854c162-d3bf-4d0c-8fc9-533d495f44f0","CreationDate":1789488934708,"Creator":"CalOES_Scripts","EditDate":1789488934708,"Editor":"CalOES_Scripts"}},{"type":"Feature","id":1097898,"geometry":{"type":"Polygon","coordinates":[[[-121.77279136,36.40345201],[-121.76384526,36.40306703],[-121.76384488,36.40323659],[-121.75996267,36.40315294],[-121.75102015,36.4029597],[-121.73723145,36.4027652],[-121.73490223,36.40273319],[-121.72331196,36.40253768],[-121.72331192,36.40270237],[-121.72156087,36.40270312],[-121.71435254,36.40270608],[-121.70960065,36.40264124],[-121.69942713,36.40250179],[-121.69984019,36.39875827],[-121.69985502,36.3985863],[-121.70013051,36.39539245],[-121.7004363,36.39190913],[-121.70074212,36.38842581],[-121.70098606,36.38564776],[-121.70104795,36.38494299],[-121.70135377,36.38146013],[-121.70125334,36.37995966],[-121.70159034,36.37968923],[-121.70164298,36.37965733],[-121.70165657,36.37964909],[-121.70242926,36.37918075],[-121.70277525,36.37902845],[-121.70325178,36.37900965],[-121.70400149,36.37902099],[-121.70415893,36.37902337],[-121.70435026,36.37910699],[-121.70463696,36.37923229],[-121.70560188,36.37936006],[-121.70619232,36.37943792],[-121.70625068,36.37943598],[-121.70651029,36.37942573],[-121.70678595,36.37932571],[-121.70709587,36.37918473],[-121.70742339,36.37913217],[-121.70805724,36.37887935],[-121.70890863,36.37857831],[-121.70930289,36.37841418],[-121.70940204,36.37835488],[-121.70951565,36.37828693],[-121.70959105,36.37828395],[-121.70986999,36.37827293],[-121.71010858,36.3781326],[-121.71021297,36.3780712],[-121.71043341,36.3779896],[-121.71047124,36.37797559],[-121.71051246,36.37796033],[-121.7106056,36.37793553],[-121.71086201,36.37786728],[-121.71114124,36.37782654],[-121.71189161,36.37767803],[-121.71235856,36.37750111],[-121.71265864,36.37740011],[-121.71331902,36.3773839],[-121.71362327,36.37735206],[-121.71395164,36.37711129],[-121.71405231,36.37709234],[-121.71408484,36.37708621],[-121.71435397,36.37728355],[-121.71439227,36.37730945],[-121.71451998,36.37739583],[-121.71464497,36.37743225],[-121.71481919,36.37748303],[-121.71528322,36.37766275],[-121.7160068,36.37794651],[-121.7160861,36.37797761],[-121.71721231,36.37817074],[-121.71743881,36.37827071],[-121.7177692,36.37851294],[-121.71813907,36.37862793],[-121.7181714,36.37863787],[-121.71843161,36.37865377],[-121.71856478,36.37866191],[-121.71930281,36.37872741],[-121.71972227,36.37876464],[-121.72033378,36.37875033],[-121.72078585,36.37873242],[-121.72100694,36.37875596],[-121.72119264,36.37877573],[-121.72129282,36.37882291],[-121.72144479,36.37889449],[-121.72174821,36.37905084],[-121.72213535,36.37917415],[-121.72250609,36.37922879],[-121.72296416,36.37930968],[-121.72354345,36.37916787],[-121.72416478,36.37911354],[-121.7247963,36.37922716],[-121.72537834,36.37933283],[-121.72594769,36.37937443],[-121.72599345,36.37937777],[-121.72681626,36.37941446],[-121.72692493,36.37941977],[-121.72782355,36.37946365],[-121.7288633,36.37944221],[-121.7291389,36.37943127],[-121.72924206,36.37942718],[-121.72966108,36.37946997],[-121.72984725,36.37954754],[-121.72989982,36.37956944],[-121.73038975,36.3795698],[-121.73085284,36.37953162],[-121.73125267,36.37925825],[-121.73150107,36.37891166],[-121.73177713,36.37841542],[-121.73201069,36.37822788],[-121.7324159,36.37804343],[-121.73259197,36.37791759],[-121.73286518,36.377778],[-121.7335556,36.37765154],[-121.73414326,36.37764801],[-121.73442427,36.37763685],[-121.73461195,36.37750065],[-121.7346445,36.37749155],[-121.73490098,36.37741984],[-121.73508725,36.37746196],[-121.73523531,36.37756052],[-121.73536804,36.37764888],[-121.73576502,36.37773214],[-121.73627816,36.37771175],[-121.73686222,36.37764893],[-121.73726,36.37754398],[-121.73782382,36.37755128],[-121.73820257,36.37753623],[-121.73873894,36.37749509],[-121.73954932,36.37712615],[-121.73969977,36.37707309],[-121.74034066,36.37684708],[-121.740817,36.37674139],[-121.74088445,36.37672642],[-121.74124616,36.3766328],[-121.74157363,36.37658016],[-121.74219853,36.37658501],[-121.7428747,36.37662743],[-121.74379823,36.37670952],[-121.74443725,36.37662829],[-121.74447881,36.37662301],[-121.74475,36.37665183],[-121.74493126,36.37681298],[-121.74524494,36.37713721],[-121.74573706,36.37737511],[-121.74673872,36.3775333],[-121.74753527,36.37754119],[-121.74812472,36.37756723],[-121.74871735,36.37776295],[-121.74930887,36.37790629],[-121.74956416,36.37801923],[-121.74968997,36.37807489],[-121.75005457,36.37808455],[-121.75101211,36.37771956],[-121.75174533,36.37749226],[-121.75225984,36.37729348],[-121.75255484,36.37690701],[-121.7526341,36.37680318],[-121.75302823,36.37663891],[-121.75362326,36.37655576],[-121.75399022,36.3767491],[-121.75433534,36.37692837],[-121.75469927,36.37692879],[-121.75532553,36.37682958],[-121.75545132,36.37680966],[-121.75604454,36.37669685],[-121.7562999,36.37666686],[-121.75655585,36.37664674],[-121.75672071,36.3767392],[-121.75672902,36.37676588],[-121.75678164,36.37693484],[-121.75689702,36.37701936],[-121.75717862,36.37701803],[-121.75746159,36.37683837],[-121.75824304,36.3765992],[-121.75895647,36.37664995],[-121.75954968,36.37653713],[-121.75992917,36.3763338],[-121.76045842,36.37597594],[-121.76076053,36.37550831],[-121.76088164,36.3752856],[-121.76119822,36.37505507],[-121.76176713,36.37474514],[-121.76206531,36.37461439],[-121.76232563,36.37446533],[-121.76261958,36.37426542],[-121.76283842,36.3740388],[-121.76327595,36.37378363],[-121.76340067,36.37362019],[-121.76333249,36.373306],[-121.76317304,36.37250028],[-121.76322414,36.37193373],[-121.76323891,36.37177468],[-121.76321644,36.37160722],[-121.76336016,36.37135389],[-121.76334929,36.37117606],[-121.76337085,36.3709276],[-121.76347913,36.3706955],[-121.76346645,36.37048803],[-121.76353506,36.37020799],[-121.76362192,36.37002625],[-121.76359362,36.36977675],[-121.76377942,36.36966371],[-121.76421487,36.36939324],[-121.76452016,36.36926857],[-121.76500764,36.36899602],[-121.76543689,36.36890857],[-121.76582717,36.36875237],[-121.7662226,36.36868032],[-121.76664412,36.36846664],[-121.7671151,36.36820881],[-121.76735016,36.36807288],[-121.7678522,36.36803874],[-121.76824762,36.36796668],[-121.76855461,36.36787005],[-121.76891381,36.36749015],[-121.76904143,36.36739622],[-121.7691966,36.36728201],[-121.76943423,36.36718815],[-121.76965434,36.36726642],[-121.76989625,36.36735243],[-121.77032808,36.36741818],[-121.77044019,36.36745043],[-121.7713795,36.36772889],[-121.77176922,36.36776344],[-121.77225341,36.36780637],[-121.77249455,36.36786453],[-121.77284544,36.36794952],[-121.77322778,36.36810477],[-121.77365255,36.36822835],[-121.77407835,36.36808477],[-121.77445985,36.36806948],[-121.77496461,36.36804927],[-121.77499743,36.36804795],[-121.775586,36.36829149],[-121.77593868,36.36865695],[-121.77615521,36.36907004],[-121.77616895,36.36929443],[-121.77630565,36.36982319],[-121.77650669,36.37043025],[-121.7767778,36.37065408],[-121.77681513,36.37066916],[-121.77726547,36.370747],[-121.77773926,36.37092499],[-121.77823235,36.37103536],[-121.7790447,36.3714102],[-121.77954307,36.37174771],[-121.78010445,36.37210109],[-121.78050658,36.37233907],[-121.78111935,36.37265801],[-121.78166339,36.37316313],[-121.78203302,36.37379712],[-121.78236683,36.3742381],[-121.78268813,36.37459874],[-121.78282348,36.37471484],[-121.78308242,36.37485982],[-121.7836616,36.37522383],[-121.78480304,36.37576649],[-121.78525915,36.37607936],[-121.78568238,36.37632542],[-121.78615033,36.37645881],[-121.78625507,36.37722147],[-121.78621056,36.37791214],[-121.78623628,36.37861404],[-121.78649436,36.37941909],[-121.78657481,36.3798798],[-121.78660496,36.38037064],[-121.78658394,36.3808776],[-121.78671115,36.38153326],[-121.7866381,36.38204231],[-121.78657367,36.3826916],[-121.78659495,36.38283017],[-121.78663161,36.38306886],[-121.78670441,36.38315444],[-121.78717509,36.38370779],[-121.78733271,36.3838594],[-121.78793274,36.38443653],[-121.78858353,36.38475826],[-121.78872175,36.38482659],[-121.78881536,36.3849353],[-121.78875805,36.38513442],[-121.78860529,36.38547797],[-121.78828466,36.38593925],[-121.78869074,36.38658518],[-121.78871881,36.38663256],[-121.78894294,36.38701086],[-121.78908642,36.38714197],[-121.78938508,36.38741486],[-121.78987495,36.38774664],[-121.79046976,36.38790729],[-121.7905999,36.38794244],[-121.79245908,36.38848627],[-121.79284557,36.38867845],[-121.79301998,36.38876517],[-121.79309063,36.38879903],[-121.79336784,36.38884336],[-121.79364442,36.38909935],[-121.79406062,36.38936379],[-121.79447855,36.38965626],[-121.79464341,36.38978996],[-121.79515572,36.39020543],[-121.79546354,36.39040392],[-121.79561939,36.39046389],[-121.79569508,36.39049301],[-121.79577139,36.39082221],[-121.79591341,36.3914174],[-121.79601916,36.39152031],[-121.79650743,36.39154284],[-121.79716656,36.3915163],[-121.79751418,36.39153034],[-121.79753897,36.39154843],[-121.79786277,36.39179418],[-121.79800772,36.3919042],[-121.79842769,36.39209053],[-121.79847254,36.39211042],[-121.79887149,36.39209436],[-121.79896369,36.39211075],[-121.79906488,36.39212875],[-121.79943427,36.39247939],[-121.79986785,36.39274311],[-121.80025449,36.39287526],[-121.80028536,36.39288581],[-121.80038298,36.39291917],[-121.80066737,36.39330136],[-121.80105325,36.39363728],[-121.80133159,36.3939213],[-121.80153191,36.39406787],[-121.80179637,36.39440868],[-121.80212493,36.3952249],[-121.80236945,36.39552434],[-121.80294319,36.39591924],[-121.80298691,36.39594933],[-121.80346996,36.39616885],[-121.80393919,36.396164],[-121.80396156,36.39616033],[-121.8045073,36.3960708],[-121.80483342,36.39600142],[-121.80549605,36.39603093],[-121.80600082,36.39603869],[-121.80656284,36.39612849],[-121.80732345,36.3963368],[-121.80758908,36.39651807],[-121.80802071,36.39692725],[-121.80828694,36.39729609],[-121.80873808,36.39771429],[-121.80876653,36.39774067],[-121.80887223,36.39775558],[-121.8093739,36.39782636],[-121.8095332,36.39784883],[-121.8096963,36.39787184],[-121.81011522,36.39789711],[-121.81028607,36.39812921],[-121.81017068,36.39851345],[-121.80998331,36.39885842],[-121.8096502,36.39937798],[-121.80966579,36.3996304],[-121.80972648,36.40004971],[-121.809834,36.40038278],[-121.80991639,36.40059033],[-121.81004126,36.4009227],[-121.81003518,36.40110571],[-121.81004122,36.40148505],[-121.81009757,36.40183424],[-121.8102051,36.4021673],[-121.81045315,36.40252281],[-121.8108339,36.40305572],[-121.81094143,36.40338879],[-121.81110448,36.40377585],[-121.81119699,36.40393211],[-121.81123111,36.40398974],[-121.81129644,36.4041001],[-121.8043312,36.40421016],[-121.78680782,36.40382174],[-121.78620218,36.40380826],[-121.77785575,36.40358674],[-121.77279136,36.40345201]]]},"properties":{"OBJECTID":1097898,"COUNTY":"MONTEREY","CITY":"MRY","ZONE_NAME":null,"ZONE_ID":"US-CA-XMY-MRY-D078","STATUS":"Evacuation Warning","EVENT_TYPE":null,"CRITICAL_INFO":null,"PUBLIC_INFO":null,"EDIT_DATE":1787515218000,"STATEWIDE_LAST_UPDATED":null,"NOTES":"Timber Fire","SHAPE__Area":40284399.47265625,"SHAPE__Length":32586.902705534751,"GlobalID":"4cd72c7a-4faf-4aa9-b270-a9bf3e182213","CreationDate":1789488934708,"Creator":"CalOES_Scripts","EditDate":1789488934708,"Editor":"CalOES_Scripts"}},{"type":"Feature","id":1097901,"geometry":{"type":"Polygon","coordinates":[[[-121.71852404,36.2191254],[-121.71849441,36.21944224],[-121.7185,36.21945557],[-121.71857831,36.21964265],[-121.71860816,36.21971395],[-121.71888898,36.21979492],[-121.71908923,36.21961602],[-121.71934358,36.21952705],[-121.71940311,36.21953269],[-121.71963744,36.2195549],[-121.71987442,36.21971651],[-121.7198848,36.21972457],[-121.72014393,36.21966841],[-121.72032139,36.219675],[-121.72044056,36.21972956],[-121.72059138,36.21982239],[-121.72069931,36.21990664],[-121.72080743,36.22000068],[-121.72087714,36.2200319],[-121.72094764,36.22003106],[-121.72105665,36.21999996],[-121.72112063,36.21999079],[-121.72117992,36.21999638],[-121.72125865,36.22004013],[-121.72140417,36.22016807],[-121.72147621,36.22021035],[-121.72159366,36.22021778],[-121.72183489,36.22016084],[-121.72218505,36.22020359],[-121.7224993,36.22019774],[-121.72264162,36.22017305],[-121.72269532,36.22013455],[-121.72277685,36.22005047],[-121.7228158,36.22001516],[-121.72296045,36.21997632],[-121.72314157,36.2199975],[-121.72327267,36.22004715],[-121.72339671,36.2201331],[-121.72348643,36.22019128],[-121.72361763,36.22023793],[-121.72376692,36.22025433],[-121.72397226,36.22022601],[-121.72407191,36.22020021],[-121.7241747,36.22018961],[-121.7242709,36.22022189],[-121.72434172,36.22028475],[-121.72447479,36.22047101],[-121.72456797,36.22056759],[-121.72472242,36.22070536],[-121.72487243,36.22087927],[-121.7250501,36.22102436],[-121.7252796,36.22133094],[-121.72560785,36.22165992],[-121.72598389,36.22197386],[-121.72670848,36.22234256],[-121.72702885,36.22252879],[-121.72709591,36.22263557],[-121.72718254,36.22272553],[-121.72730498,36.22279278],[-121.72758401,36.22292228],[-121.72761953,36.22298401],[-121.72763478,36.22320143],[-121.72762773,36.2234248],[-121.72770802,36.22360517],[-121.72774715,36.22376953],[-121.72774458,36.22385956],[-121.72768259,36.22404864],[-121.72769033,36.22410638],[-121.72773328,36.22416254],[-121.7278105,36.22419011],[-121.72791564,36.22420168],[-121.72810723,36.22419092],[-121.72831686,36.22417919],[-121.72867032,36.22413942],[-121.72900173,36.22413179],[-121.72906984,36.22414743],[-121.72908183,36.22416056],[-121.72922573,36.22431819],[-121.72936989,36.22462686],[-121.72943079,36.22475726],[-121.72950832,36.22481898],[-121.72984004,36.22508302],[-121.73003481,36.22535151],[-121.7301229,36.22561533],[-121.73017351,36.2257669],[-121.73020959,36.22595208],[-121.73019913,36.22597119],[-121.73008328,36.22605409],[-121.72990699,36.22616395],[-121.72982103,36.22624972],[-121.72981933,36.22638181],[-121.72992844,36.22653065],[-121.73011034,36.22660319],[-121.7303844,36.22667495],[-121.73073276,36.2266636],[-121.73093369,36.22678202],[-121.73104373,36.22715905],[-121.7312062,36.22738852],[-121.73123488,36.22763536],[-121.73126972,36.22773186],[-121.73140225,36.22784156],[-121.73200404,36.22796777],[-121.73221246,36.22807989],[-121.73224567,36.22808775],[-121.73224639,36.22808835],[-121.73233235,36.22818963],[-121.73237952,36.22828896],[-121.73248129,36.22850323],[-121.7328229,36.22885792],[-121.73301264,36.22899639],[-121.73305422,36.22906389],[-121.73307382,36.22913707],[-121.7330448,36.22924187],[-121.73298494,36.22961868],[-121.7331863,36.22993105],[-121.7333004,36.23023558],[-121.73324726,36.23041113],[-121.73336807,36.23081107],[-121.73335388,36.23086854],[-121.73330663,36.23097343],[-121.73323596,36.23112031],[-121.73320764,36.231239],[-121.73328521,36.23134492],[-121.7334469,36.2313726],[-121.73357183,36.23140134],[-121.73368418,36.23139802],[-121.73378291,36.23133242],[-121.73382208,36.23125352],[-121.73383289,36.23120848],[-121.73390936,36.23110632],[-121.73398934,36.23106539],[-121.73413314,36.23109399],[-121.73439036,36.23126756],[-121.7345593,36.23145116],[-121.73471035,36.23152184],[-121.73499271,36.23152807],[-121.7351107,36.23154929],[-121.73523225,36.2315905],[-121.73547933,36.23175894],[-121.73585797,36.23205991],[-121.73589269,36.23208846],[-121.73605869,36.23224173],[-121.73610856,36.23227765],[-121.73619477,36.23231659],[-121.73625717,36.23232905],[-121.73633162,36.23233196],[-121.73634069,36.23233143],[-121.73636588,36.23232996],[-121.73651345,36.23232132],[-121.73656678,36.2323182],[-121.73657133,36.23231793],[-121.73672546,36.23230974],[-121.73685148,36.23231532],[-121.73700497,36.2323975],[-121.73712457,36.23247903],[-121.73718901,36.23252296],[-121.7372245,36.23254716],[-121.73733312,36.23262121],[-121.73750574,36.2327345],[-121.73763522,36.23280826],[-121.73780645,36.23293461],[-121.73788879,36.23301782],[-121.73801383,36.23316652],[-121.73806927,36.23325211],[-121.73810375,36.23333781],[-121.73811457,36.23349514],[-121.73813524,36.23360968],[-121.73816864,36.23371088],[-121.73820139,36.2338101],[-121.73824116,36.23393757],[-121.73827446,36.23404433],[-121.73829172,36.23439275],[-121.7382759,36.2344644],[-121.738226,36.23456911],[-121.73815738,36.23475325],[-121.73809378,36.23486901],[-121.73804833,36.23493184],[-121.7380241,36.23502893],[-121.73807603,36.23511977],[-121.73825034,36.23517558],[-121.73844382,36.23513906],[-121.73861307,36.23504944],[-121.73884351,36.23507419],[-121.73942455,36.2352402],[-121.73959592,36.23513548],[-121.73966782,36.23506951],[-121.73987242,36.23487114],[-121.74000353,36.23481097],[-121.74018776,36.23481306],[-121.74036546,36.23487288],[-121.74050614,36.23489425],[-121.74057673,36.23489888],[-121.74068009,36.23495158],[-121.74104721,36.23500577],[-121.74117153,36.23502413],[-121.74159343,36.23502052],[-121.74184436,36.23500565],[-121.74200615,36.23501465],[-121.74210656,36.23511365],[-121.74219582,36.23524864],[-121.74221814,36.23550513],[-121.74215677,36.23578412],[-121.74221814,36.23595961],[-121.7425696,36.23630609],[-121.74280948,36.23659857],[-121.74288201,36.23667506],[-121.74293222,36.23681006],[-121.74297127,36.23699454],[-121.74300474,36.23721953],[-121.74305495,36.23740851],[-121.74311631,36.23751201],[-121.74325578,36.237548],[-121.74346777,36.23748501],[-121.74370208,36.23739502],[-121.7439085,36.23735002],[-121.74408701,36.23739052],[-121.74412049,36.23751651],[-121.74409259,36.23766499],[-121.74408144,36.23782248],[-121.74416512,36.23796197],[-121.74433248,36.23802947],[-121.74452216,36.23802947],[-121.74478436,36.23797997],[-121.74486804,36.23785398],[-121.74499635,36.23774149],[-121.74509119,36.237629],[-121.74527529,36.23749401],[-121.74538686,36.23735002],[-121.74550401,36.23720153],[-121.74569369,36.23705754],[-121.74583874,36.23706204],[-121.74597821,36.23709804],[-121.74621252,36.23717903],[-121.74637988,36.23721953],[-121.74659745,36.23727352],[-121.7467927,36.23729602],[-121.74702143,36.23734102],[-121.74722785,36.23741751],[-121.74739521,36.23748051],[-121.74755699,36.237593],[-121.7476853,36.2376605],[-121.74787498,36.23774599],[-121.74800329,36.23788098],[-121.74811486,36.23802497],[-121.74826549,36.23815996],[-121.74837149,36.23824995],[-121.7484719,36.23838044],[-121.74848864,36.23849743],[-121.74844401,36.23867741],[-121.74837149,36.23900138],[-121.74830454,36.23928035],[-121.74827665,36.23952333],[-121.74822644,36.23969431],[-121.74820413,36.2398338],[-121.74830454,36.23998678],[-121.74836033,36.24013977],[-121.74844959,36.24027925],[-121.74848864,36.24032874],[-121.74870063,36.24029725],[-121.74883452,36.24023426],[-121.74895725,36.24025225],[-121.74918452,36.24042309],[-121.74932072,36.24076363],[-121.74919814,36.24118106],[-121.74953864,36.2413019],[-121.7501924,36.24147766],[-121.75122752,36.24191705],[-121.75231754,36.24229979],[-121.75318879,36.24262008],[-121.75393789,36.24293864],[-121.75449631,36.24322424],[-121.75498663,36.24376249],[-121.75543609,36.24430074],[-121.75613071,36.24494882],[-121.75641673,36.24547607],[-121.75682533,36.24612415],[-121.75696153,36.2465086],[-121.75700567,36.24662247],[-121.75717944,36.2468601],[-121.7574246,36.24698092],[-121.7579694,36.24753013],[-121.75832352,36.24794752],[-121.75854144,36.24835393],[-121.7587866,36.24872738],[-121.7591952,36.24921068],[-121.75942674,36.24959511],[-121.75978086,36.25000151],[-121.75986258,36.25026512],[-121.75995792,36.25077037],[-121.7601917,36.25168109],[-121.76006688,36.25190168],[-121.76020308,36.25216528],[-121.76025756,36.25256068],[-121.76025756,36.2529451],[-121.7603529,36.25330755],[-121.76036652,36.25374688],[-121.760421,36.25403244],[-121.76033928,36.25433997],[-121.76047548,36.25484519],[-121.7605572,36.25524058],[-121.76126543,36.25584465],[-121.76225163,36.25682023],[-121.76313137,36.25743716],[-121.76334598,36.25766807],[-121.76308904,36.25773728],[-121.76269553,36.25774467],[-121.76236865,36.25775565],[-121.76193281,36.25776664],[-121.76157869,36.25792039],[-121.76127905,36.25797531],[-121.76077161,36.2579103],[-121.760321,36.2578757],[-121.76027118,36.25806317],[-121.7603529,36.25832675],[-121.76049266,36.25867162],[-121.76047548,36.25886489],[-121.76008497,36.25870622],[-121.75989185,36.25877543],[-121.75968552,36.25887588],[-121.75954853,36.25900036],[-121.75909986,36.25872212],[-121.7589228,36.25848051],[-121.75833714,36.25822791],[-121.75774608,36.25797951],[-121.75787483,36.25820445],[-121.75783191,36.25860241],[-121.75761734,36.25908688],[-121.75716673,36.25915609],[-121.75667551,36.2591724],[-121.75629415,36.25931518],[-121.75623967,36.25960072],[-121.75625329,36.25997412],[-121.75637587,36.26019377],[-121.75658017,36.26050127],[-121.75664827,36.26065502],[-121.75663465,36.26088565],[-121.75683895,36.26118217],[-121.75705944,36.26147457],[-121.75709772,36.26179717],[-121.75708089,36.26190712],[-121.75734288,36.26195092],[-121.7576289,36.26189601],[-121.75787483,36.26185521],[-121.75804649,36.26221855],[-121.75854144,36.26245609],[-121.75903176,36.26265377],[-121.75933395,36.2627203],[-121.76009412,36.26286242],[-121.76079307,36.26291062],[-121.76136077,36.26309304],[-121.76216636,36.26334315],[-121.76262743,36.26355428],[-121.76319633,36.26381029],[-121.76362169,36.26382883],[-121.76432993,36.26391668],[-121.76495645,36.26407043],[-121.76521335,36.26412172],[-121.76554211,36.26472933],[-121.76580088,36.26523449],[-121.76626396,36.26615694],[-121.76646826,36.26658521],[-121.76682238,36.26721115],[-121.76699944,36.2675955],[-121.76720374,36.26787003],[-121.76735356,36.26815554],[-121.76776216,36.2685289],[-121.76798008,36.26878147],[-121.7682661,36.26903403],[-121.7685385,36.26926463],[-121.76885176,36.26952818],[-121.76897434,36.26986859],[-121.76893348,36.27029684],[-121.76893348,36.27070314],[-121.7689148,36.27091218],[-121.76924674,36.27115335],[-121.76958724,36.27130708],[-121.7696962,36.27159258],[-121.76961448,36.27203181],[-121.76950489,36.2722875],[-121.76969801,36.27263349],[-121.76990049,36.27278947],[-121.76990049,36.2729981],[-121.76976429,36.27327261],[-121.76957406,36.27347034],[-121.76980516,36.27364595],[-121.77007755,36.27384359],[-121.77051339,36.27397536],[-121.77082665,36.2740083],[-121.77103319,36.2742488],[-121.77126249,36.27448045],[-121.77137145,36.27471104],[-121.77149403,36.27499653],[-121.77198435,36.27523809],[-121.77216141,36.27540279],[-121.77210607,36.27556352],[-121.77201159,36.27587494],[-121.77191295,36.27606518],[-121.77201159,36.27630316],[-121.77217044,36.27658414],[-121.77220227,36.27679726],[-121.77212753,36.2770512],[-121.77203883,36.27728038],[-121.77187539,36.27755488],[-121.77172557,36.27767566],[-121.77156213,36.27780742],[-121.771634,36.27803721],[-121.77171983,36.2781237],[-121.77195711,36.27842228],[-121.77179367,36.2786309],[-121.77184858,36.27895401],[-121.77201159,36.27924576],[-121.77210607,36.27943835],[-121.77214779,36.27978376],[-121.77228399,36.27994846],[-121.77238502,36.28011296],[-121.77267897,36.28033274],[-121.77278793,36.2806182],[-121.77285709,36.28090866],[-121.77295137,36.28116717],[-121.77290817,36.28156762],[-121.77290395,36.28156568],[-121.77285852,36.28154475],[-121.77273556,36.28152155],[-121.77249904,36.28162942],[-121.7720806,36.28183177],[-121.77174243,36.28191566],[-121.77151405,36.28199218],[-121.771081,36.2820095],[-121.7706704,36.28211027],[-121.77022002,36.28212828],[-121.76996141,36.28212044],[-121.7698199,36.28211615],[-121.76944309,36.28220151],[-121.76933412,36.28224764],[-121.76900298,36.28238782],[-121.76879233,36.28263524],[-121.76871234,36.28303208],[-121.76852072,36.28330687],[-121.76842597,36.28374648],[-121.76821595,36.28428911],[-121.76799053,36.2845793],[-121.76751234,36.28471088],[-121.7672048,36.28479347],[-121.76707485,36.28479866],[-121.76687567,36.28480662],[-121.76663828,36.28490046],[-121.76626145,36.28498581],[-121.76604644,36.28510582],[-121.76590878,36.28518266],[-121.76509694,36.28553845],[-121.76442269,36.28568988],[-121.76424431,36.28578903],[-121.76352263,36.28620585],[-121.7629811,36.28643836],[-121.76197013,36.28666148],[-121.76156035,36.28677625],[-121.76101991,36.28674158],[-121.76043347,36.28680716],[-121.75948666,36.28694335],[-121.75867161,36.2869618],[-121.75775602,36.2870405],[-121.75708381,36.28712354],[-121.75640478,36.28709438],[-121.75570928,36.28707993],[-121.75549607,36.28702889],[-121.75507204,36.28692739],[-121.7550044,36.28691119],[-121.75480081,36.28676106],[-121.7544912,36.2864677],[-121.75415437,36.28635459],[-121.75399097,36.28637175],[-121.75372299,36.2863999],[-121.75314508,36.28660569],[-121.75277163,36.2867471],[-121.75254643,36.28675607],[-121.75224851,36.2867117],[-121.75196963,36.28669469],[-121.75125766,36.28669493],[-121.7508453,36.28676759],[-121.75062467,36.28689309],[-121.75052638,36.286949],[-121.75035314,36.2869559],[-121.74995043,36.28690163],[-121.74941425,36.28693704],[-121.74907295,36.28675028],[-121.7487676,36.28658319],[-121.74793301,36.28639427],[-121.74755268,36.28630818],[-121.74690405,36.28620746],[-121.74674286,36.28616944],[-121.74593507,36.28597888],[-121.74532905,36.28572181],[-121.74483037,36.2855167],[-121.74477133,36.28550333],[-121.7446164,36.28546826],[-121.74456627,36.2854569],[-121.74453473,36.28546683],[-121.74431783,36.28553511],[-121.74420843,36.28556955],[-121.74417813,36.28562297],[-121.74400449,36.28592913],[-121.74386305,36.28617376],[-121.74363072,36.28635171],[-121.74347875,36.28670923],[-121.74320296,36.28702949],[-121.74309106,36.2871886],[-121.74298649,36.28775512],[-121.74298448,36.28800826],[-121.7427885,36.28821288],[-121.74276035,36.28837562],[-121.74273788,36.2885055],[-121.74243034,36.28860671],[-121.74205431,36.28870601],[-121.74171527,36.2887527],[-121.74162375,36.2887653],[-121.74146591,36.28877158],[-121.74127726,36.28877908],[-121.74059279,36.28894687],[-121.73966918,36.28918039],[-121.73922541,36.28938261],[-121.73914379,36.2894198],[-121.7390946,36.28944222],[-121.73865694,36.28957056],[-121.73812495,36.28977598],[-121.73807681,36.28980085],[-121.73765345,36.29001965],[-121.73724956,36.29023251],[-121.73688201,36.29047206],[-121.73672915,36.29081554],[-121.73666377,36.29116962],[-121.73655524,36.29138482],[-121.73646404,36.29159932],[-121.73632256,36.29184394],[-121.73620265,36.29215801],[-121.73597708,36.29244814],[-121.73555466,36.29292886],[-121.73528018,36.29355836],[-121.73517522,36.29440608],[-121.73514533,36.2947728],[-121.73511545,36.29513953],[-121.73508471,36.29549222],[-121.73513007,36.29595438],[-121.73509423,36.29622292],[-121.73507827,36.29653286],[-121.73500523,36.2967607],[-121.73487512,36.29690646],[-121.73458023,36.29719935],[-121.73442056,36.29743063],[-121.73446932,36.29794888],[-121.73432102,36.2980813],[-121.73403072,36.29816312],[-121.73346829,36.29834009],[-121.73302714,36.29851224],[-121.73239859,36.29865622],[-121.73235904,36.29866528],[-121.73229022,36.29869728],[-121.73159886,36.2990188],[-121.73107446,36.29925048],[-121.73068748,36.29974384],[-121.73035537,36.29999602],[-121.72982839,36.30025861],[-121.72963237,36.30039022],[-121.72956101,36.30064612],[-121.72938993,36.30097626],[-121.72937077,36.30101879],[-121.72926744,36.30124824],[-121.72885752,36.30136291],[-121.72873453,36.30133966],[-121.72858968,36.30127603],[-121.72827893,36.30127337],[-121.72796703,36.30128573],[-121.72751652,36.30130359],[-121.72710151,36.30133409],[-121.72681884,36.30129132],[-121.72673339,36.30127839],[-121.72624144,36.3011854],[-121.72599049,36.30121313],[-121.7258446,36.30122924],[-121.7253973,36.30121201],[-121.7253049,36.30120845],[-121.72519258,36.30121855],[-121.72511769,36.3012721],[-121.72463979,36.30169875],[-121.72413183,36.30191569],[-121.72395233,36.30198222],[-121.72388658,36.30200659],[-121.7236006,36.30203514],[-121.72343116,36.30204185],[-121.72330603,36.30204681],[-121.72311881,36.30211046],[-121.72308791,36.30212401],[-121.72269579,36.30229592],[-121.72243842,36.30234828],[-121.72202255,36.30236475],[-121.721771,36.30234096],[-121.72149848,36.30231519],[-121.72145479,36.30230896],[-121.72072758,36.30220511],[-121.7200987,36.30214564],[-121.71964564,36.30212139],[-121.71945314,36.30206211],[-121.71936246,36.30203418],[-121.71921791,36.30194148],[-121.71893589,36.30191679],[-121.71888614,36.30191243],[-121.71856662,36.30179854],[-121.71849673,36.30175669],[-121.71817017,36.30156115],[-121.71793221,36.30135968],[-121.71781554,36.3011534],[-121.71771959,36.30100255],[-121.7175032,36.30087051],[-121.71723397,36.3007265],[-121.71688065,36.300628],[-121.7166989,36.3004946],[-121.71642714,36.30030851],[-121.71628514,36.30025789],[-121.71609199,36.30022334],[-121.71587814,36.30013339],[-121.71559819,36.30004269],[-121.71546624,36.29950788],[-121.71545209,36.29940509],[-121.71530203,36.298933],[-121.71511224,36.29837813],[-121.71486033,36.29765701],[-121.71469152,36.2970592],[-121.71468364,36.29703133],[-121.71454264,36.2969028],[-121.71436988,36.2968017],[-121.71428469,36.29675185],[-121.7142533,36.29672309],[-121.71399055,36.29648228],[-121.71373867,36.29633759],[-121.71358273,36.29634375],[-121.71325521,36.29638481],[-121.7131641,36.29641091],[-121.71291375,36.29648265],[-121.71253425,36.29652576],[-121.71225618,36.29652269],[-121.71208062,36.2964332],[-121.7117947,36.29635815],[-121.71137632,36.29633249],[-121.71099175,36.29629144],[-121.71087486,36.29627162],[-121.71058816,36.29622302],[-121.71023655,36.29615255],[-121.70992552,36.29617889],[-121.70951137,36.29622336],[-121.70919428,36.29606172],[-121.709153,36.29604068],[-121.70855037,36.29583951],[-121.70826893,36.29578032],[-121.7079917,36.29579126],[-121.70782012,36.29582615],[-121.70759191,36.29607417],[-121.70742793,36.29623529],[-121.70696304,36.29659106],[-121.70675209,36.29667496],[-121.70641071,36.29635978],[-121.70636177,36.29621964],[-121.70634775,36.29617949],[-121.70610393,36.29587981],[-121.70581994,36.29577854],[-121.70547807,36.29558113],[-121.70532848,36.29540426],[-121.70519791,36.29525476],[-121.70513242,36.29503239],[-121.70467647,36.29467077],[-121.70450618,36.29443848],[-121.70444154,36.29423014],[-121.70444367,36.29397699],[-121.70420071,36.29369132],[-121.70406086,36.29338753],[-121.7038931,36.29319731],[-121.7035445,36.29288769],[-121.70343451,36.29274983],[-121.70333788,36.29262871],[-121.70334845,36.29251582],[-121.70341501,36.29228532],[-121.70343469,36.29221717],[-121.70345584,36.29199139],[-121.70356362,36.29176219],[-121.7035089,36.29170615],[-121.70347109,36.29166742],[-121.7033528,36.2916634],[-121.70327966,36.29166091],[-121.70322399,36.29163253],[-121.7031005,36.29156956],[-121.70287908,36.29135334],[-121.70281924,36.29132943],[-121.70255878,36.29122537],[-121.70231201,36.2911648],[-121.70192409,36.29106761],[-121.70147277,36.29107134],[-121.7010578,36.29110175],[-121.7007493,36.29117015],[-121.70059786,36.29116845],[-121.70047125,36.29116704],[-121.70005037,36.29109927],[-121.69971949,36.29108418],[-121.69928381,36.29105917],[-121.69901064,36.29113741],[-121.69877162,36.29120587],[-121.69855365,36.29112812],[-121.69848766,36.29110458],[-121.69818132,36.29091981],[-121.69796836,36.29084385],[-121.69768272,36.2907145],[-121.69737722,36.29054376],[-121.69716341,36.29045376],[-121.69693086,36.29045473],[-121.69676408,36.29045542],[-121.69656679,36.29034983],[-121.69649492,36.29031136],[-121.69591306,36.29016555],[-121.69487063,36.28986915],[-121.69442241,36.2897871],[-121.69423848,36.28975343],[-121.6942114,36.28973714],[-121.693734,36.28944992],[-121.6934053,36.28918166],[-121.69337955,36.28904208],[-121.69323926,36.28901948],[-121.69245204,36.28892391],[-121.69219864,36.28886992],[-121.69215435,36.28886048],[-121.6921178,36.2888527],[-121.69150888,36.28883446],[-121.69144415,36.28883701],[-121.69102376,36.28885354],[-121.69054504,36.28868959],[-121.69041244,36.288627],[-121.69018759,36.28852087],[-121.68987959,36.28830802],[-121.68964595,36.28817661],[-121.68962249,36.28819522],[-121.68949675,36.28829495],[-121.68930636,36.28838703],[-121.68899044,36.2885398],[-121.68893214,36.28852549],[-121.68874368,36.2884792],[-121.68816857,36.28844557],[-121.68787235,36.28842909],[-121.68781358,36.28843539],[-121.68745822,36.28847348],[-121.68715016,36.2884128],[-121.68647285,36.28825912],[-121.68613526,36.28813178],[-121.68560289,36.2879418],[-121.6855674,36.28792913],[-121.6852108,36.28777442],[-121.6847723,36.28741204],[-121.68414491,36.28708518],[-121.68381793,36.28684495],[-121.6835298,36.28667349],[-121.68337604,36.28653802],[-121.6832548,36.28643121],[-121.6829882,36.2863292],[-121.68286524,36.28630591],[-121.68274229,36.28628261],[-121.68262156,36.28625351],[-121.68239916,36.28619988],[-121.68209034,36.28612543],[-121.68183855,36.28598065],[-121.68177715,36.28594411],[-121.68155043,36.28580919],[-121.68133665,36.28571916],[-121.68117569,36.28564111],[-121.68062685,36.28546582],[-121.68039743,36.28540452],[-121.68024222,36.2854583],[-121.68019205,36.28545475],[-121.68010875,36.28540449],[-121.67988577,36.28526993],[-121.67968848,36.28516519],[-121.67931947,36.28501316],[-121.67904631,36.28488107],[-121.67892624,36.28481202],[-121.67879453,36.28473629],[-121.6786467,36.28458743],[-121.67844354,36.28438451],[-121.67830075,36.28431981],[-121.67811437,36.28439741],[-121.67807032,36.28442889],[-121.67794783,36.28451642],[-121.67776816,36.28470624],[-121.67758694,36.28485889],[-121.67747057,36.28495691],[-121.67740855,36.28503349],[-121.67721183,36.28527637],[-121.6771171,36.28543473],[-121.67703048,36.28543813],[-121.67682258,36.28544628],[-121.67615499,36.28531779],[-121.67571683,36.28525061],[-121.67517053,36.28511736],[-121.67483464,36.28501804],[-121.67479179,36.28499625],[-121.6743121,36.28475233],[-121.67406451,36.28462643],[-121.67375993,36.28446908],[-121.67363446,36.28440426],[-121.67322849,36.28426425],[-121.67289591,36.28425041],[-121.6724966,36.28425199],[-121.67232258,36.28423021],[-121.67172675,36.2841556],[-121.67147392,36.2841655],[-121.67087783,36.28418884],[-121.67060957,36.28405874],[-121.67053901,36.28389009],[-121.67052855,36.28386508],[-121.67035838,36.28363273],[-121.66993872,36.28329004],[-121.66986548,36.28323024],[-121.66972353,36.28317955],[-121.66911214,36.28311912],[-121.66868629,36.28296707],[-121.66816069,36.28288922],[-121.66773485,36.28273716],[-121.6675046,36.28266181],[-121.66614967,36.28236332],[-121.66569567,36.28221823],[-121.66560089,36.28218794],[-121.66540446,36.28209721],[-121.66479426,36.28147432],[-121.66423461,36.28111659],[-121.66405216,36.28096907],[-121.66382193,36.28089371],[-121.66339527,36.28072761],[-121.66296795,36.28067562],[-121.66274172,36.28054226],[-121.66261673,36.28052209],[-121.66247671,36.28061638],[-121.66221971,36.28081573],[-121.66155241,36.2809824],[-121.66140218,36.2809422],[-121.66125007,36.28088335],[-121.66118023,36.28085634],[-121.66108321,36.28080576],[-121.66092933,36.28072554],[-121.66067593,36.28055267],[-121.66033172,36.28031304],[-121.66024496,36.28027225],[-121.66002801,36.28017024],[-121.65961868,36.28000345],[-121.65922752,36.27985001],[-121.65825045,36.27948043],[-121.6578618,36.27936907],[-121.65723708,36.27908414],[-121.65636502,36.27901975],[-121.65555892,36.27889655],[-121.65488056,36.27858558],[-121.65425084,36.27821648],[-121.65389999,36.27786461],[-121.65360361,36.2775528],[-121.6533782,36.27726634],[-121.65300586,36.27684501],[-121.65255191,36.27651121],[-121.6524041,36.27648734],[-121.65227139,36.27646591],[-121.65194307,36.27649277],[-121.65138056,36.27666936],[-121.65071827,36.27692013],[-121.65032899,36.27708995],[-121.6499347,36.27717562],[-121.64954376,36.27731739],[-121.64930954,36.2773066],[-121.64921293,36.27730216],[-121.64886395,36.27727357],[-121.64796893,36.27740686],[-121.64776046,36.27743625],[-121.64769341,36.27744571],[-121.64746486,36.27739837],[-121.64715444,36.27723855],[-121.64612223,36.27671955],[-121.64541511,36.27650807],[-121.64508012,36.27645225],[-121.64480109,36.27640575],[-121.64473114,36.27639409],[-121.64407366,36.27643374],[-121.64403958,36.27644316],[-121.6431853,36.27667921],[-121.64236873,36.27696405],[-121.64218249,36.2770312],[-121.64175671,36.2771847],[-121.64114552,36.27741937],[-121.64055982,36.27749838],[-121.64012588,36.2775012],[-121.63980905,36.27742916],[-121.63932465,36.2771668],[-121.63893721,36.27675685],[-121.63879971,36.27651713],[-121.63866305,36.27627888],[-121.63831582,36.27567351],[-121.63792276,36.2755743],[-121.63752044,36.27543728],[-121.63712435,36.2751996],[-121.63696011,36.27506538],[-121.63673324,36.27504608],[-121.63628033,36.2750215],[-121.63617701,36.27493287],[-121.6360608,36.27483319],[-121.63555994,36.27458551],[-121.63541956,36.27426759],[-121.63540294,36.27398704],[-121.63545894,36.27375991],[-121.63560641,36.27331833],[-121.63566158,36.27307717],[-121.6356541,36.27295092],[-121.63556652,36.27264501],[-121.63548144,36.27238118],[-121.63550196,36.27214136],[-121.63559343,36.27192691],[-121.6357434,36.27152742],[-121.63582975,36.27093355],[-121.63591209,36.2705648],[-121.6359326,36.27032499],[-121.63574263,36.26975592],[-121.63551149,36.26937122],[-121.63531986,36.2687741],[-121.6352801,36.26839602],[-121.63516761,36.26766929],[-121.63509577,36.26752556],[-121.63505174,36.26743745],[-121.63489187,36.2671176],[-121.6346261,36.26673425],[-121.63437279,36.26656131],[-121.63409801,36.2663189],[-121.63389631,36.26525819],[-121.63373757,36.26433641],[-121.6336302,36.26398908],[-121.63325459,36.26321632],[-121.63286831,36.26255644],[-121.63276676,36.26230731],[-121.63250683,36.26202214],[-121.63225924,36.26165214],[-121.63190856,36.26130019],[-121.63169158,36.26115396],[-121.63135169,36.26098437],[-121.63111573,36.26081075],[-121.63082719,36.26065734],[-121.6307214,36.26060109],[-121.63046895,36.26044217],[-121.6303194,36.26032148],[-121.62990379,36.25998606],[-121.62936592,36.25969761],[-121.6288859,36.25956624],[-121.62846598,36.25945131],[-121.62804531,36.25938327],[-121.62795124,36.25926038],[-121.62798274,36.25876858],[-121.62798735,36.25869658],[-121.62788978,36.25792708],[-121.62775216,36.25779569],[-121.6277058,36.25775143],[-121.62747889,36.25743685],[-121.62746196,36.25739433],[-121.6273891,36.25721123],[-121.62727501,36.25692455],[-121.6271644,36.25684998],[-121.62705805,36.2567783],[-121.62667774,36.25651184],[-121.62635386,36.25634074],[-121.62627077,36.25628935],[-121.62601287,36.25612988],[-121.62587754,36.25589611],[-121.62519029,36.25513539],[-121.62500964,36.25501585],[-121.62482816,36.25488228],[-121.62467145,36.2548743],[-121.62433575,36.25477482],[-121.62401322,36.25460454],[-121.62370719,36.25441956],[-121.62325349,36.25408564],[-121.62235763,36.25331892],[-121.62200869,36.252995],[-121.62179092,36.25283471],[-121.62147089,36.2527065],[-121.62125494,36.25259378],[-121.62121604,36.2525662],[-121.62115991,36.25243734],[-121.621145,36.25218485],[-121.62093214,36.25181347],[-121.62063027,36.25169862],[-121.62031024,36.25157041],[-121.62008017,36.2513622],[-121.62006146,36.25133229],[-121.61987301,36.25092651],[-121.61918912,36.24992661],[-121.61887154,36.24954522],[-121.61827272,36.24910442],[-121.61779762,36.248701],[-121.61723102,36.24851202],[-121.6169561,36.24833233],[-121.61690606,36.24829963],[-121.61690174,36.24822639],[-121.61687298,36.24773851],[-121.61675579,36.24722283],[-121.61620887,36.24618949],[-121.61590864,36.24580742],[-121.61567387,36.2454592],[-121.6155853,36.24532782],[-121.61549398,36.24496357],[-121.61540378,36.24460373],[-121.61520005,36.24438664],[-121.6149312,36.24424238],[-121.6137526,36.24279759],[-121.61361568,36.24253574],[-121.61341855,36.24213562],[-121.61325691,36.24204345],[-121.61284378,36.24210159],[-121.61270795,36.24215509],[-121.61260629,36.24219513],[-121.61234323,36.24214905],[-121.61212403,36.24209913],[-121.61207934,36.24208895],[-121.61202261,36.24208905],[-121.61169754,36.24208964],[-121.61132892,36.24201952],[-121.61096196,36.24197745],[-121.61071952,36.24198682],[-121.61037483,36.24202825],[-121.6100557,36.24220929],[-121.60987016,36.24230082],[-121.60968215,36.24235026],[-121.6092756,36.24222536],[-121.60873216,36.24213386],[-121.60838581,36.24214723],[-121.60786712,36.24218131],[-121.60741687,36.24219869],[-121.60708701,36.24219736],[-121.6069036,36.24217372],[-121.60666727,36.24214326],[-121.60620547,36.2422595],[-121.60572059,36.24227821],[-121.60539873,36.24229062],[-121.60497593,36.24230693],[-121.60446631,36.24220005],[-121.60431049,36.24199258],[-121.60413976,36.24166431],[-121.60402918,36.24137754],[-121.60401689,36.24134566],[-121.60358232,36.24074378],[-121.60343555,36.24031358],[-121.60329702,36.24002367],[-121.60302078,36.23975312],[-121.60253922,36.2392374],[-121.60236523,36.23923005],[-121.60214507,36.23902764],[-121.60143921,36.23882989],[-121.60092714,36.2386809],[-121.60071977,36.2386228],[-121.60066245,36.23860674],[-121.60044723,36.2384885],[-121.60021884,36.2381458],[-121.60007964,36.23784724],[-121.59998057,36.23763476],[-121.59975632,36.23706694],[-121.59952876,36.23673827],[-121.59920803,36.2363007],[-121.59900433,36.23615555],[-121.59860256,36.23586924],[-121.59861936,36.2354376],[-121.59869853,36.23530801],[-121.59873935,36.23526426],[-121.59886181,36.235133],[-121.59899128,36.23497335],[-121.59902451,36.23477925],[-121.59903005,36.2347469],[-121.59905463,36.23469252],[-121.59915293,36.23447502],[-121.5992585,36.23420381],[-121.59928078,36.23399206],[-121.59925443,36.23354315],[-121.59923854,36.23341144],[-121.59918687,36.23298335],[-121.59929328,36.23243091],[-121.59914985,36.23205682],[-121.59901794,36.23187912],[-121.59891572,36.23161592],[-121.59884895,36.23136541],[-121.59872698,36.23076552],[-121.59848958,36.23021043],[-121.59842527,36.23006009],[-121.59839858,36.22986647],[-121.59833465,36.22940275],[-121.59809477,36.22886365],[-121.59787707,36.22835873],[-121.59771312,36.22797851],[-121.59767277,36.22758638],[-121.597813,36.22701858],[-121.59781876,36.22693336],[-121.59785016,36.22646881],[-121.59779664,36.22585223],[-121.59751972,36.22497711],[-121.59736722,36.22474396],[-121.59699791,36.2243645],[-121.59654286,36.22400239],[-121.59634505,36.22358821],[-121.59592052,36.22315463],[-121.59556853,36.2227745],[-121.59537073,36.2223603],[-121.59519765,36.22207171],[-121.59499733,36.22191069],[-121.59456948,36.22171626],[-121.59410208,36.22143898],[-121.5935011,36.2212512],[-121.59314087,36.22102604],[-121.59293645,36.22079488],[-121.59280129,36.22056105],[-121.59244681,36.22043409],[-121.59206018,36.22035054],[-121.59151115,36.22016075],[-121.59144235,36.22013168],[-121.59129765,36.22007054],[-121.59113033,36.21988013],[-121.59108667,36.21972715],[-121.59098355,36.21937912],[-121.59091366,36.21914328],[-121.59081067,36.21886603],[-121.59070029,36.21846254],[-121.59055604,36.21836966],[-121.59027042,36.21819191],[-121.59038797,36.21786996],[-121.59051662,36.21769629],[-121.59084814,36.2171352],[-121.59103289,36.21673442],[-121.59119533,36.21654539],[-121.59141135,36.21638243],[-121.59160513,36.21613595],[-121.59226317,36.21522486],[-121.59240583,36.21499442],[-121.59255063,36.21476439],[-121.5927233,36.2144901],[-121.59290798,36.21438458],[-121.59298131,36.21435472],[-121.5930605,36.21432248],[-121.59311199,36.21434313],[-121.59322041,36.21438663],[-121.59345943,36.21461645],[-121.59392186,36.21480957],[-121.59432069,36.21481441],[-121.59447747,36.21481631],[-121.59485176,36.21468943],[-121.59517492,36.21457857],[-121.59544533,36.21445569],[-121.59583445,36.21428605],[-121.59626066,36.21415717],[-121.59667367,36.21409909],[-121.59729359,36.21401899],[-121.59777831,36.21400032],[-121.59831249,36.21393758],[-121.59888459,36.2139296],[-121.5991253,36.21389221],[-121.59932646,36.21377199],[-121.59967683,36.21353353],[-121.59998764,36.21321224],[-121.60032316,36.21301653],[-121.60054556,36.21292894],[-121.60067929,36.21287627],[-121.60091346,36.21285772],[-121.60102469,36.21284891],[-121.60136762,36.21277945],[-121.60187542,36.21256304],[-121.60193444,36.21253731],[-121.60212744,36.21245316],[-121.60226452,36.21239339],[-121.6025819,36.21218432],[-121.60291329,36.21191846],[-121.60324633,36.21168067],[-121.60374918,36.21138008],[-121.60406656,36.21117101],[-121.60442184,36.21101671],[-121.60475652,36.21080696],[-121.60505411,36.21055647],[-121.6051475,36.21046676],[-121.60548112,36.21014632],[-121.60611749,36.20975622],[-121.60621595,36.20972413],[-121.60650903,36.20962863],[-121.60669368,36.20952309],[-121.60658322,36.20941487],[-121.60638787,36.20933805],[-121.60617356,36.20923383],[-121.60581913,36.20881164],[-121.6056312,36.20856581],[-121.60505423,36.20789912],[-121.604441,36.20720571],[-121.6042572,36.20703001],[-121.6041237,36.20668036],[-121.6040932,36.20660048],[-121.60408322,36.20636561],[-121.60416741,36.20609145],[-121.60430838,36.20583294],[-121.60434384,36.20555037],[-121.60437683,36.20522572],[-121.60432903,36.2050026],[-121.60422931,36.20478149],[-121.60407026,36.20443612],[-121.60383536,36.20427645],[-121.60363178,36.20405934],[-121.60352054,36.20364183],[-121.60353458,36.20328979],[-121.60373901,36.20293041],[-121.60395087,36.20240202],[-121.60408525,36.20203128],[-121.60436799,36.20152828],[-121.60454521,36.20129649],[-121.60479578,36.20113217],[-121.6046499,36.20101125],[-121.60446282,36.20077944],[-121.60425185,36.20043608],[-121.60420324,36.20019893],[-121.60418514,36.19959505],[-121.60427686,36.19951329],[-121.604305,36.19948982],[-121.60478847,36.19923434],[-121.60526323,36.19875206],[-121.60551628,36.19833456],[-121.6059325,36.19803731],[-121.60595632,36.1980134],[-121.60606355,36.19790572],[-121.60614503,36.19788825],[-121.60630339,36.19785429],[-121.60657207,36.19770333],[-121.60688032,36.19733994],[-121.60696523,36.19701328],[-121.60698666,36.19678749],[-121.60689024,36.19662249],[-121.60688599,36.19655013],[-121.60688448,36.1965243],[-121.60694877,36.19643746],[-121.60704823,36.19632296],[-121.60728998,36.19604468],[-121.60750179,36.19581154],[-121.60779824,36.19562684],[-121.60788668,36.19557174],[-121.60817618,36.19545767],[-121.60859874,36.19529118],[-121.6098193,36.19451296],[-121.61023549,36.1942157],[-121.61073207,36.19404089],[-121.61103074,36.19395097],[-121.61110329,36.19392912],[-121.61129943,36.19372471],[-121.61127058,36.19352898],[-121.61103735,36.19310213],[-121.61103653,36.19279284],[-121.61109668,36.1923406],[-121.61101509,36.19213285],[-121.61069699,36.19203265],[-121.61051823,36.19203955],[-121.61035086,36.19204601],[-121.60982179,36.19219297],[-121.60970374,36.19225053],[-121.60960257,36.19229985],[-121.6093232,36.19226845],[-121.60917569,36.19211948],[-121.60916337,36.19205693],[-121.60910152,36.19174273],[-121.60889386,36.19116022],[-121.60878422,36.19046637],[-121.60875297,36.18994243],[-121.60879088,36.18970195],[-121.60882611,36.18965285],[-121.60896724,36.18945613],[-121.60940813,36.1889892],[-121.60964405,36.18864386],[-121.60974354,36.18849821],[-121.60994544,36.18809674],[-121.61011742,36.1876823],[-121.61018854,36.1875109],[-121.61033678,36.1871277],[-121.61035418,36.18708271],[-121.61042004,36.18656631],[-121.61073984,36.18656166],[-121.61129195,36.18651223],[-121.61171139,36.18656634],[-121.61193636,36.18655765],[-121.61212681,36.18643213],[-121.61225361,36.18634856],[-121.61277355,36.18632848],[-121.61287659,36.1863245],[-121.61317078,36.18631314],[-121.61331174,36.18629919],[-121.61363636,36.18626704],[-121.61392313,36.18642468],[-121.61432171,36.18673067],[-121.61435906,36.18675934],[-121.61441537,36.18678386],[-121.61471506,36.18691431],[-121.6149106,36.18694601],[-121.61494608,36.18695176],[-121.61513533,36.18698243],[-121.61556548,36.18692363],[-121.61590745,36.18684012],[-121.61608184,36.18672318],[-121.61617444,36.18666108],[-121.61633018,36.18665506],[-121.61655679,36.18667443],[-121.6168507,36.18677968],[-121.61705288,36.18685209],[-121.6172828,36.18698716],[-121.61759184,36.1871687],[-121.61824945,36.18743853],[-121.61900512,36.18760615],[-121.61945179,36.1878279],[-121.62007563,36.18811309],[-121.62030803,36.18823065],[-121.62075057,36.18838224],[-121.62181362,36.18846765],[-121.62224129,36.18836674],[-121.62234628,36.18837211],[-121.62302415,36.18840675],[-121.62328823,36.18848418],[-121.62344774,36.18853095],[-121.6239432,36.18857232],[-121.62402294,36.18857898],[-121.62416301,36.18860657],[-121.62432126,36.18863773],[-121.62458827,36.18875394],[-121.62481572,36.18878731],[-121.6251066,36.1887198],[-121.62528704,36.1885441],[-121.62540977,36.18827221],[-121.6255465,36.18794354],[-121.62571404,36.18744885],[-121.62573628,36.18740525],[-121.62595752,36.18697155],[-121.62611403,36.18668429],[-121.62626889,36.18636897],[-121.62648145,36.18614984],[-121.62663382,36.18579244],[-121.6269567,36.185091],[-121.62743944,36.18445367],[-121.62833334,36.1837301],[-121.62861924,36.18357842],[-121.62914408,36.18336125],[-121.62937806,36.18321158],[-121.62957578,36.1830352],[-121.62970511,36.18287553],[-121.62971,36.18266444],[-121.62972227,36.18228435],[-121.62973951,36.18198842],[-121.62975261,36.18162236],[-121.62975254,36.1813271],[-121.62978211,36.18094634],[-121.62977136,36.18076398],[-121.6299344,36.18029368],[-121.63002085,36.17999508],[-121.63010812,36.17971049],[-121.63019208,36.1793698],[-121.63039965,36.1790665],[-121.63062782,36.17881864],[-121.63082305,36.17860017],[-121.6310018,36.17839641],[-121.63124479,36.17810579],[-121.63151253,36.17794075],[-121.63179592,36.17774698],[-121.63207682,36.17751114],[-121.63228675,36.17714184],[-121.63232861,36.17713137],[-121.63233347,36.17713806],[-121.63256333,36.17735164],[-121.6329489,36.17748538],[-121.63325471,36.17768895],[-121.63331848,36.17777915],[-121.6333749,36.17788465],[-121.63357583,36.17795579],[-121.63387384,36.17797612],[-121.6342054,36.1779041],[-121.63445168,36.17795095],[-121.6344924,36.17795869],[-121.63457567,36.17800566],[-121.63471058,36.17808176],[-121.63479626,36.17810301],[-121.63535271,36.17824099],[-121.63545672,36.17824773],[-121.63566634,36.17836593],[-121.63575475,36.17838642],[-121.63607254,36.17836363],[-121.63616425,36.17839976],[-121.63625795,36.17848088],[-121.63686051,36.17890402],[-121.63711074,36.17893611],[-121.63719087,36.1789983],[-121.63729457,36.17898491],[-121.63814357,36.17902715],[-121.63846049,36.17907878],[-121.63861221,36.17912262],[-121.6386733,36.17914027],[-121.63867667,36.17913985],[-121.63871828,36.17915097],[-121.63885409,36.17917032],[-121.63887979,36.17918835],[-121.63905432,36.17923101],[-121.63973517,36.179545],[-121.6403671,36.17980519],[-121.64073729,36.17993144],[-121.64082929,36.17995299],[-121.6409651,36.18005302],[-121.64133269,36.18032377],[-121.64150345,36.18044321],[-121.64154698,36.18043567],[-121.64174217,36.18041861],[-121.64187434,36.18039027],[-121.64204932,36.18035462],[-121.64219671,36.18031324],[-121.64228626,36.18029014],[-121.64231955,36.18028156],[-121.64241294,36.18023081],[-121.64249103,36.18016469],[-121.64276337,36.17991832],[-121.64289854,36.17984718],[-121.64303215,36.17983895],[-121.6431766,36.17988189],[-121.64328225,36.17991647],[-121.64345457,36.17996053],[-121.64367437,36.18007016],[-121.64385099,36.18013209],[-121.64395506,36.1801377],[-121.64406183,36.18012243],[-121.64433336,36.18008839],[-121.64454624,36.1801031],[-121.64471282,36.18015233],[-121.6447679,36.18021343],[-121.64477594,36.18030424],[-121.64473661,36.18056971],[-121.644803,36.18089312],[-121.64478838,36.18095184],[-121.64474238,36.18101126],[-121.64436833,36.18130599],[-121.64414642,36.1814601],[-121.64412215,36.18160317],[-121.64410964,36.18182039],[-121.6440907,36.18207833],[-121.64411106,36.1821588],[-121.64417158,36.18225653],[-121.64424787,36.18230165],[-121.64446033,36.18236464],[-121.64458963,36.18241304],[-121.64499373,36.18264731],[-121.64561725,36.18292534],[-121.64581395,36.18308863],[-121.64597949,36.18339485],[-121.64605768,36.18348889],[-121.64624367,36.18358733],[-121.64658924,36.18363391],[-121.64679321,36.1837595],[-121.64696213,36.18391413],[-121.64712156,36.18409472],[-121.6471731,36.18419837],[-121.64725832,36.18431475],[-121.64740381,36.18438411],[-121.64755526,36.1844059],[-121.64774387,36.18447233],[-121.64795173,36.18463761],[-121.64817848,36.1847613],[-121.64840514,36.184882],[-121.64860384,36.184957],[-121.64882348,36.18496397],[-121.64900485,36.18494794],[-121.64923457,36.18491435],[-121.64936216,36.18491782],[-121.64959439,36.18506817],[-121.64993142,36.1850765],[-121.6500004,36.18508587],[-121.65009749,36.18512357],[-121.65021201,36.18522561],[-121.65024492,36.18540203],[-121.65026258,36.18544328],[-121.65040185,36.18551257],[-121.65064659,36.18559468],[-121.65072632,36.18565802],[-121.65079864,36.18578456],[-121.65088721,36.18590819],[-121.65107001,36.18606954],[-121.65121088,36.18621985],[-121.65130977,36.18633068],[-121.6515519,36.18639038],[-121.65162638,36.18654368],[-121.65161109,36.18663685],[-121.65156532,36.18672995],[-121.65147961,36.186925],[-121.65132719,36.18719746],[-121.65133155,36.18746096],[-121.65138207,36.18763989],[-121.65132226,36.18780888],[-121.65127586,36.18785042],[-121.65129492,36.18799918],[-121.65142924,36.18834908],[-121.65160891,36.18862702],[-121.65196121,36.18868154],[-121.65236255,36.18879626],[-121.65258236,36.18886761],[-121.65291684,36.18926009],[-121.6530343,36.18951972],[-121.65307488,36.18959375],[-121.65309065,36.18961845],[-121.65309899,36.18963151],[-121.65322783,36.18969085],[-121.65352489,36.18975118],[-121.65383811,36.18990326],[-121.65423033,36.19003071],[-121.65453612,36.19011519],[-121.655196,36.19029204],[-121.65552934,36.1903991],[-121.6558391,36.19054562],[-121.65599876,36.19059669],[-121.65635102,36.19063379],[-121.65654285,36.19057547],[-121.65682717,36.19048903],[-121.65717354,36.19040901],[-121.65740463,36.19041017],[-121.65757777,36.19043486],[-121.65780744,36.19050906],[-121.65799475,36.19050017],[-121.65823658,36.19034706],[-121.65850245,36.19033475],[-121.65866646,36.19043582],[-121.65887393,36.19066289],[-121.65906662,36.19091568],[-121.65929455,36.19115755],[-121.65934505,36.19138558],[-121.65930449,36.19157378],[-121.65933207,36.19180806],[-121.65951171,36.19191098],[-121.65966794,36.19189575],[-121.65984747,36.19193341],[-121.65990315,36.19201744],[-121.66000161,36.19214855],[-121.66050256,36.19280391],[-121.66106854,36.19297848],[-121.6613044,36.19323348],[-121.66132253,36.19342035],[-121.66125819,36.1937575],[-121.66118003,36.19406469],[-121.66106181,36.19427058],[-121.66105483,36.19463896],[-121.66123701,36.19492055],[-121.66133967,36.19503278],[-121.66162391,36.19529664],[-121.6618135,36.19538521],[-121.66196082,36.19545301],[-121.66210672,36.19563985],[-121.66225637,36.1958042],[-121.66232058,36.19595323],[-121.66230109,36.19608703],[-121.66230636,36.19609308],[-121.66256792,36.19639854],[-121.66300446,36.19664456],[-121.66326018,36.19678495],[-121.66347416,36.19690244],[-121.66380967,36.19708663],[-121.66396257,36.19726977],[-121.66405427,36.1973796],[-121.66424035,36.19778008],[-121.66446662,36.19831052],[-121.66470284,36.19873535],[-121.66486031,36.19887594],[-121.66494278,36.19894958],[-121.66560074,36.19937108],[-121.66602189,36.19963084],[-121.66645299,36.19978499],[-121.66712539,36.19990339],[-121.66761237,36.19999535],[-121.6680354,36.20019665],[-121.66813359,36.20026197],[-121.66812404,36.20028748],[-121.66812864,36.20036206],[-121.66813721,36.20040454],[-121.66813897,36.2005161],[-121.66813256,36.2005879],[-121.66810663,36.20087835],[-121.66815188,36.20101282],[-121.6682631,36.20121244],[-121.66829689,36.2013629],[-121.66827489,36.20161043],[-121.66826695,36.20170194],[-121.66829925,36.20186291],[-121.66829056,36.20190577],[-121.66831179,36.2020131],[-121.66841083,36.20220775],[-121.6686178,36.20246374],[-121.66921192,36.20307754],[-121.66934018,36.203129],[-121.66960417,36.20320776],[-121.66979469,36.20331818],[-121.66992735,36.20352331],[-121.67002455,36.2036641],[-121.67011499,36.20375906],[-121.67047454,36.20400867],[-121.67074391,36.20406261],[-121.67095423,36.20410251],[-121.67104992,36.20415153],[-121.67115097,36.20424283],[-121.67124902,36.20438818],[-121.67134755,36.20447629],[-121.67142141,36.20453317],[-121.67154651,36.20468131],[-121.67159917,36.20476048],[-121.67163207,36.20485781],[-121.6716916,36.20519259],[-121.67180069,36.20559886],[-121.67184354,36.20571693],[-121.6719331,36.2058504],[-121.6721541,36.20597734],[-121.67232474,36.20609235],[-121.67239054,36.20615225],[-121.67241215,36.20621689],[-121.67239936,36.20627482],[-121.67222152,36.20650267],[-121.67206922,36.20672095],[-121.67203859,36.20692082],[-121.67213449,36.20709007],[-121.6723094,36.20722907],[-121.67252944,36.20731139],[-121.67279852,36.20736667],[-121.67290742,36.20742556],[-121.67295749,36.20758683],[-121.67303918,36.20771792],[-121.67309785,36.20775851],[-121.67320051,36.20779067],[-121.67332992,36.20779858],[-121.67351124,36.207762],[-121.67365746,36.20774066],[-121.673821,36.20783441],[-121.67383349,36.20813282],[-121.67388984,36.20824719],[-121.6739353,36.20843027],[-121.67408977,36.20852847],[-121.67425343,36.20859254],[-121.67457271,36.20871606],[-121.67470657,36.20884885],[-121.67479,36.2090723],[-121.67478426,36.20919835],[-121.67482843,36.20927655],[-121.67495055,36.20949687],[-121.67502155,36.20957856],[-121.67541296,36.20978138],[-121.67572118,36.20990411],[-121.67600038,36.20991334],[-121.6761765,36.20981765],[-121.67631815,36.20972239],[-121.6764809,36.2096711],[-121.67677703,36.20963828],[-121.67697658,36.20961206],[-121.67708092,36.20957818],[-121.67715446,36.20951971],[-121.67719083,36.20947095],[-121.67722735,36.20939394],[-121.67732458,36.20935764],[-121.67759064,36.20933692],[-121.67769548,36.20935027],[-121.67771813,36.20941789],[-121.67772609,36.20951502],[-121.67770457,36.20961433],[-121.67777253,36.20971011],[-121.67783385,36.20982775],[-121.67794085,36.20993088],[-121.67813475,36.21000731],[-121.67856116,36.21026646],[-121.67865987,36.21028968],[-121.67877694,36.21025559],[-121.6788485,36.21017628],[-121.67898007,36.21001145],[-121.67918692,36.20999403],[-121.6794337,36.21004012],[-121.67977071,36.21004216],[-121.6799366,36.2100512],[-121.68011342,36.21014302],[-121.6802177,36.21021972],[-121.68039815,36.21025636],[-121.68069086,36.21044063],[-121.68091976,36.2106765],[-121.68111396,36.21078964],[-121.68161939,36.21074002],[-121.68198782,36.21070121],[-121.68214464,36.21067573],[-121.68225358,36.21064706],[-121.68233594,36.21057108],[-121.68239709,36.21041549],[-121.68245614,36.21029146],[-121.68256433,36.21006068],[-121.68289703,36.20990055],[-121.6830133,36.20980115],[-121.68315773,36.20967661],[-121.68319942,36.2095731],[-121.68305171,36.2094417],[-121.68301474,36.20936094],[-121.68305276,36.20927942],[-121.68317717,36.20916411],[-121.68358489,36.20920157],[-121.6837297,36.2093411],[-121.68386672,36.20939609],[-121.68422458,36.2093227],[-121.68467456,36.20930596],[-121.68526554,36.20938291],[-121.68571556,36.20950186],[-121.68595843,36.20948663],[-121.68617569,36.20954534],[-121.68625136,36.20959677],[-121.68629935,36.20965974],[-121.68633314,36.20974464],[-121.68641705,36.20995996],[-121.68652184,36.21012664],[-121.68659301,36.21020812],[-121.68668823,36.21026401],[-121.68715488,36.21024212],[-121.68759862,36.21025119],[-121.68800454,36.21023237],[-121.68844134,36.21031217],[-121.68869601,36.21030117],[-121.68909936,36.21017578],[-121.68941867,36.21017845],[-121.68968841,36.21028537],[-121.6898813,36.2104815],[-121.69016511,36.21092808],[-121.69061625,36.21125845],[-121.69074402,36.21129372],[-121.69087062,36.21124144],[-121.69100843,36.2111395],[-121.69141917,36.21088178],[-121.69170437,36.21085569],[-121.69190844,36.2107732],[-121.69202877,36.21070009],[-121.69214013,36.21066163],[-121.69234664,36.2106764],[-121.69244556,36.21073179],[-121.6925346,36.21079565],[-121.69264293,36.21081588],[-121.69290213,36.21083538],[-121.69310941,36.21084765],[-121.69355175,36.21106523],[-121.69392015,36.21113995],[-121.69442198,36.2111754],[-121.69500781,36.21123826],[-121.6954168,36.21117182],[-121.69562878,36.21119817],[-121.69576552,36.21128889],[-121.69601675,36.21150325],[-121.69639064,36.21172217],[-121.69663963,36.21169718],[-121.696923,36.21165584],[-121.69718066,36.2118385],[-121.69750659,36.21197288],[-121.69764225,36.21215946],[-121.69783036,36.21244264],[-121.69793967,36.21253148],[-121.69805589,36.21263289],[-121.69850657,36.21268252],[-121.69866129,36.21274861],[-121.69881733,36.21274655],[-121.69923074,36.21262709],[-121.69940269,36.21279401],[-121.69953469,36.21300046],[-121.69984009,36.21344546],[-121.69991917,36.21348503],[-121.70000059,36.21349593],[-121.70008547,36.21345878],[-121.70017298,36.2133984],[-121.70029982,36.21327348],[-121.70051003,36.21311918],[-121.70077062,36.21310405],[-121.70116315,36.21320814],[-121.70133823,36.21327527],[-121.70157092,36.21340546],[-121.70167449,36.21351464],[-121.70174361,36.21361637],[-121.701838,36.21380736],[-121.70189855,36.2139018],[-121.70193263,36.21392208],[-121.70197495,36.21399405],[-121.7020301,36.21400592],[-121.70213121,36.21409138],[-121.70222751,36.21413994],[-121.70258381,36.21427979],[-121.70271381,36.21436719],[-121.70289812,36.21446847],[-121.70290076,36.2145013],[-121.70292992,36.21449617],[-121.70314767,36.21462399],[-121.70337359,36.21458709],[-121.70369676,36.21441783],[-121.70396071,36.21439349],[-121.70406431,36.21442721],[-121.70413438,36.21450171],[-121.70421872,36.21463547],[-121.70420873,36.21483596],[-121.70417614,36.2149503],[-121.70413191,36.21505985],[-121.70417239,36.21526779],[-121.70415233,36.21530193],[-121.70412025,36.2153319],[-121.70382079,36.21550698],[-121.70354631,36.21573046],[-121.70350886,36.21587264],[-121.70360134,36.21600847],[-121.70368273,36.21606425],[-121.70382945,36.21611256],[-121.70408462,36.21603174],[-121.70443813,36.2159119],[-121.70455265,36.21584228],[-121.70466413,36.21574611],[-121.70481004,36.21572561],[-121.70516275,36.21574675],[-121.70556041,36.21585454],[-121.70576788,36.21583084],[-121.70596238,36.21578838],[-121.7062298,36.21569469],[-121.706328,36.21572912],[-121.70636777,36.21578361],[-121.70637989,36.21588218],[-121.70636673,36.21618648],[-121.70642054,36.21629146],[-121.70648294,36.21635891],[-121.70666127,36.21641983],[-121.70689579,36.21635621],[-121.70705523,36.21623878],[-121.70724053,36.21617466],[-121.70747314,36.2161424],[-121.7077483,36.2160852],[-121.70785179,36.21603268],[-121.70795114,36.21596753],[-121.70819237,36.21575839],[-121.70840787,36.21568609],[-121.70861085,36.21569115],[-121.70873737,36.21575071],[-121.7087784,36.21577475],[-121.7087826,36.21577459],[-121.70888735,36.21587202],[-121.70893114,36.21601549],[-121.70892759,36.21628508],[-121.70893695,36.21642111],[-121.70888706,36.21655308],[-121.70871721,36.2167379],[-121.70851658,36.21700415],[-121.7084721,36.21708003],[-121.70843204,36.21720738],[-121.70843506,36.21728974],[-121.70852269,36.21737865],[-121.70874989,36.21745139],[-121.70912736,36.21737927],[-121.70921979,36.217301],[-121.70928222,36.21721383],[-121.70936111,36.217031],[-121.70942353,36.21667118],[-121.70953915,36.21660483],[-121.70974102,36.21654189],[-121.70994809,36.21642406],[-121.70995102,36.21588213],[-121.7097643,36.21545795],[-121.7098903,36.21535874],[-121.71002972,36.2153301],[-121.71038055,36.21529737],[-121.71056824,36.21532826],[-121.71073753,36.21533487],[-121.71088457,36.21531279],[-121.71125994,36.21526827],[-121.711805,36.21526534],[-121.71196941,36.21526446],[-121.71213292,36.21529395],[-121.71221233,36.21537224],[-121.7121992,36.21544829],[-121.71218646,36.21552074],[-121.71216952,36.21561445],[-121.71218202,36.21569558],[-121.71223841,36.21590839],[-121.71239715,36.21624837],[-121.71235547,36.21637215],[-121.71223635,36.21643247],[-121.71215489,36.21646429],[-121.71203904,36.21650954],[-121.71171987,36.21669582],[-121.71169503,36.21675179],[-121.71169286,36.21682221],[-121.71172241,36.21687468],[-121.7117816,36.21692947],[-121.71244983,36.21720314],[-121.71255337,36.21728462],[-121.71258434,36.21735128],[-121.71256198,36.21739896],[-121.71252974,36.21742814],[-121.71244248,36.21746907],[-121.71228313,36.2175094],[-121.71218693,36.21755876],[-121.71211509,36.21772435],[-121.71201229,36.21810453],[-121.71199173,36.21821377],[-121.71201686,36.21834521],[-121.71212293,36.21845257],[-121.7122633,36.21863651],[-121.71240846,36.21871927],[-121.71292769,36.21868247],[-121.71315672,36.21871971],[-121.71331686,36.21877933],[-121.71358206,36.21891324],[-121.71379345,36.21895752],[-121.71403644,36.21893503],[-121.71412776,36.21890449],[-121.71418011,36.21884889],[-121.71420412,36.21873655],[-121.71421946,36.21869951],[-121.71424177,36.21857099],[-121.71427807,36.21847284],[-121.71434289,36.21842419],[-121.71445154,36.21838727],[-121.7145348,36.21833745],[-121.71458856,36.21828595],[-121.71463124,36.21821546],[-121.71464465,36.21812308],[-121.71461644,36.21806059],[-121.71454628,36.21795165],[-121.71431898,36.21768586],[-121.71416548,36.21768189],[-121.71410479,36.21769002],[-121.71403794,36.21768032],[-121.71396935,36.21764746],[-121.71391419,36.21760231],[-121.71388351,36.21749072],[-121.71389771,36.21739457],[-121.71394378,36.21725877],[-121.71396079,36.21705775],[-121.71392277,36.21694782],[-121.71384978,36.2168417],[-121.71386868,36.21674065],[-121.71400705,36.21668912],[-121.71420825,36.21670996],[-121.7143316,36.21672361],[-121.71454136,36.21677794],[-121.71480444,36.21681253],[-121.71547228,36.21679362],[-121.71587345,36.21689505],[-121.71623304,36.2170252],[-121.71641797,36.21721946],[-121.71662998,36.2176798],[-121.71680366,36.21782405],[-121.71698697,36.21779051],[-121.71712354,36.21773582],[-121.71722553,36.2176704],[-121.71732867,36.21751281],[-121.71741994,36.21737017],[-121.71778897,36.21738407],[-121.71796689,36.21742249],[-121.71808837,36.21748998],[-121.71813641,36.21755353],[-121.71840255,36.21805384],[-121.7184555,36.21821282],[-121.71847023,36.21840886],[-121.71852404,36.2191254]]]},"properties":{"OBJECTID":1097901,"COUNTY":"MONTEREY","CITY":"MRY","ZONE_NAME":null,"ZONE_ID":"US-CA-XMY-MRY-F029","STATUS":"Evacuation Order","EVENT_TYPE":null,"CRITICAL_INFO":null,"PUBLIC_INFO":null,"EDIT_DATE":1787428885000,"STATEWIDE_LAST_UPDATED":null,"NOTES":"Monterey County Sheriff's Office is issuing an Evacuation Order for Monterey County Zone MRY-F029.","SHAPE__Area":181156817.4140625,"SHAPE__Length":69941.400148343964,"GlobalID":"d0039bef-9fbe-4aef-874c-f3f43e39c522","CreationDate":1789488934708,"Creator":"CalOES_Scripts","EditDate":1789488934708,"Editor":"CalOES_Scripts"}},{"type":"Feature","id":1097907,"geometry":{"type":"Polygon","coordinates":[[[-121.76347077,36.24762814],[-121.7628532,36.24757888],[-121.76179306,36.24758217],[-121.76073363,36.24754264],[-121.75967451,36.24748859],[-121.75907718,36.24726786],[-121.75841066,36.24696037],[-121.75777748,36.24678199],[-121.75752859,36.24687957],[-121.75743971,36.24699615],[-121.7574246,36.24698092],[-121.75717944,36.2468601],[-121.75700567,36.24662247],[-121.75696153,36.2465086],[-121.75682533,36.24612415],[-121.75641673,36.24547607],[-121.75613071,36.24494882],[-121.75543609,36.24430074],[-121.75498663,36.24376249],[-121.75449631,36.24322424],[-121.75393789,36.24293864],[-121.75318879,36.24262008],[-121.75231754,36.24229979],[-121.75122752,36.24191705],[-121.7501924,36.24147766],[-121.74953864,36.2413019],[-121.74919814,36.24118106],[-121.74932072,36.24076363],[-121.74918452,36.24042309],[-121.74895725,36.24025225],[-121.74883452,36.24023426],[-121.74870063,36.24029725],[-121.74848864,36.24032874],[-121.74844959,36.24027925],[-121.74836033,36.24013977],[-121.74830454,36.23998678],[-121.74820413,36.2398338],[-121.74822644,36.23969431],[-121.74827665,36.23952333],[-121.74830454,36.23928035],[-121.74837149,36.23900138],[-121.74844401,36.23867741],[-121.74848864,36.23849743],[-121.7484719,36.23838044],[-121.74837149,36.23824995],[-121.74826549,36.23815996],[-121.74811486,36.23802497],[-121.74800329,36.23788098],[-121.74787498,36.23774599],[-121.7476853,36.2376605],[-121.74755699,36.237593],[-121.74739521,36.23748051],[-121.74722785,36.23741751],[-121.74702143,36.23734102],[-121.7467927,36.23729602],[-121.74659745,36.23727352],[-121.74637988,36.23721953],[-121.74621252,36.23717903],[-121.74597821,36.23709804],[-121.74583874,36.23706204],[-121.74569369,36.23705754],[-121.74550401,36.23720153],[-121.74538686,36.23735002],[-121.74527529,36.23749401],[-121.74509119,36.237629],[-121.74499635,36.23774149],[-121.74486804,36.23785398],[-121.74478436,36.23797997],[-121.74452216,36.23802947],[-121.74433248,36.23802947],[-121.74416512,36.23796197],[-121.74408144,36.23782248],[-121.74409259,36.23766499],[-121.74412049,36.23751651],[-121.74408701,36.23739052],[-121.7439085,36.23735002],[-121.74370208,36.23739502],[-121.74346777,36.23748501],[-121.74325578,36.237548],[-121.74311631,36.23751201],[-121.74305495,36.23740851],[-121.74300474,36.23721953],[-121.74297127,36.23699454],[-121.74293222,36.23681006],[-121.74288201,36.23667506],[-121.74280948,36.23659857],[-121.7425696,36.23630609],[-121.74221814,36.23595961],[-121.74215677,36.23578412],[-121.74221814,36.23550513],[-121.74219582,36.23524864],[-121.74210656,36.23511365],[-121.74200615,36.23501465],[-121.74184436,36.23500565],[-121.74159343,36.23502052],[-121.74191665,36.23492212],[-121.74200102,36.23478074],[-121.74198355,36.23449207],[-121.74197829,36.23443271],[-121.74193789,36.2343751],[-121.74177706,36.2342284],[-121.74174818,36.23418527],[-121.74173782,36.23413454],[-121.74174609,36.23407179],[-121.74178909,36.23399357],[-121.74187069,36.23387469],[-121.7419105,36.23362511],[-121.74196818,36.23350726],[-121.74202008,36.2334075],[-121.74201426,36.23335049],[-121.74198217,36.23327864],[-121.7418152,36.23313887],[-121.74160459,36.23300512],[-121.74147318,36.23287113],[-121.74141424,36.2327582],[-121.74136507,36.2326532],[-121.74132264,36.23238844],[-121.74127883,36.23216385],[-121.74136995,36.23200006],[-121.74141677,36.23192214],[-121.74147572,36.23186363],[-121.74155869,36.23183777],[-121.74164473,36.23184505],[-121.74170647,36.23189305],[-121.74176044,36.23199103],[-121.74177879,36.23212646],[-121.7417555,36.23236453],[-121.74175615,36.23251753],[-121.74177008,36.23258504],[-121.74180431,36.23264063],[-121.74193204,36.23272185],[-121.74211436,36.23278328],[-121.74217257,36.23278502],[-121.74223709,36.23277658],[-121.74229635,36.23274324],[-121.74239984,36.23260716],[-121.74244426,36.23256886],[-121.74255739,36.23256104],[-121.74267933,36.23258602],[-121.74281708,36.23257279],[-121.74285493,36.23255963],[-121.74291715,36.23248209],[-121.74328918,36.23213541],[-121.74337704,36.23204696],[-121.74340404,36.23199933],[-121.74344917,36.2319006],[-121.74352534,36.23181697],[-121.74364179,36.23168667],[-121.74375596,36.23149115],[-121.74380569,36.23127956],[-121.74385472,36.23121047],[-121.74394226,36.2311791],[-121.74403617,36.23119314],[-121.74412814,36.23123349],[-121.74416182,36.23122415],[-121.74423847,36.23124317],[-121.7442731,36.23126516],[-121.74431405,36.23131504],[-121.74462001,36.23111231],[-121.74496518,36.23091446],[-121.74533131,36.23079469],[-121.74575398,36.23080419],[-121.74624142,36.23081112],[-121.74663295,36.23080349],[-121.74689002,36.23079848],[-121.74694198,36.23078189],[-121.74792521,36.23046795],[-121.74832214,36.23032064],[-121.74873685,36.23019892],[-121.74912314,36.2301441],[-121.74947957,36.23009633],[-121.74951317,36.23336479],[-121.75676689,36.23343225],[-121.76496084,36.2335079],[-121.76612861,36.23351865],[-121.76613067,36.23352307],[-121.76713767,36.23351145],[-121.76725756,36.23375286],[-121.76742648,36.23404951],[-121.76774454,36.23466972],[-121.76787206,36.23488296],[-121.76805554,36.23514963],[-121.7683208,36.23546983],[-121.76872197,36.23598116],[-121.76889984,36.23618501],[-121.76913609,36.23639161],[-121.76933183,36.23652799],[-121.77058794,36.23733888],[-121.77075436,36.23745816],[-121.77159358,36.2381433],[-121.77193302,36.23835763],[-121.77213022,36.23845235],[-121.7724446,36.23856793],[-121.77281751,36.23864709],[-121.77317038,36.23870086],[-121.77363181,36.23875726],[-121.77415994,36.2388948],[-121.77456964,36.2390234],[-121.7747704,36.23911039],[-121.77512501,36.23929608],[-121.77628833,36.23984667],[-121.77688992,36.24011547],[-121.77711756,36.24022041],[-121.77726626,36.24017815],[-121.77727426,36.24019536],[-121.77742129,36.24018828],[-121.77787079,36.24018198],[-121.7780521,36.24024273],[-121.77811727,36.24036664],[-121.77809344,36.24044701],[-121.77808854,36.24051135],[-121.77808356,36.24058768],[-121.77815368,36.24066213],[-121.77816881,36.24104494],[-121.7780807,36.24099673],[-121.77420923,36.24223792],[-121.77415494,36.2422388],[-121.77397771,36.2423566],[-121.77380964,36.24245174],[-121.77376773,36.24251623],[-121.77373742,36.24255628],[-121.77353325,36.24296111],[-121.77340594,36.24328195],[-121.77314677,36.2435787],[-121.77303139,36.24377994],[-121.77306651,36.24445455],[-121.77304893,36.24456586],[-121.77276033,36.24487858],[-121.77272847,36.24527365],[-121.77286877,36.24541737],[-121.77298759,36.24560218],[-121.77307089,36.24569683],[-121.7731234,36.24572723],[-121.77319213,36.2457353],[-121.77330427,36.24574071],[-121.77361204,36.24579623],[-121.77374544,36.24578455],[-121.77379279,36.24578449],[-121.77338852,36.24611328],[-121.7721184,36.2470834],[-121.77186856,36.24728558],[-121.77129758,36.24763739],[-121.77055905,36.24793312],[-121.77055896,36.24793315],[-121.77054949,36.24793696],[-121.77042641,36.2479863],[-121.77005414,36.24828602],[-121.76953171,36.24870694],[-121.76834183,36.24909531],[-121.76714677,36.24869651],[-121.76630141,36.2485161],[-121.76564799,36.24850951],[-121.76564566,36.24850881],[-121.76564563,36.2485088],[-121.76462801,36.24819825],[-121.76415376,36.24802176],[-121.76385254,36.24784809],[-121.76384555,36.24784405],[-121.76384548,36.24784401],[-121.76347077,36.24762814]]]},"properties":{"OBJECTID":1097907,"COUNTY":"MONTEREY","CITY":"MRY","ZONE_NAME":null,"ZONE_ID":"US-CA-XMY-MRY-F025","STATUS":"Evacuation Warning","EVENT_TYPE":null,"CRITICAL_INFO":null,"PUBLIC_INFO":null,"EDIT_DATE":1788440492000,"STATEWIDE_LAST_UPDATED":null,"NOTES":"Timber Fire","SHAPE__Area":5317836.875,"SHAPE__Length":11983.016227375972,"GlobalID":"cf7325ab-49f5-4e12-828f-d7101637e8d2","CreationDate":1789488934708,"Creator":"CalOES_Scripts","EditDate":1789488934708,"Editor":"CalOES_Scripts"}},{"type":"Feature","id":1097909,"geometry":{"type":"Polygon","coordinates":[[[-121.8017201,36.35933493],[-121.80129911,36.35932869],[-121.80109142,36.35932561],[-121.80105703,36.3593251],[-121.8005784,36.35927338],[-121.80021787,36.35924643],[-121.80059703,36.35877252],[-121.80101026,36.35846191],[-121.80120311,36.35795163],[-121.80145105,36.3573526],[-121.80158334,36.35708798],[-121.80171296,36.35682868],[-121.80188849,36.35651588],[-121.80206409,36.35638614],[-121.80232336,36.35624128],[-121.80261336,36.35605048],[-121.80277349,36.35592848],[-121.80294909,36.35582548],[-121.80306349,36.35574914],[-121.80321609,36.35556608],[-121.80330769,36.35541348],[-121.80336875,36.35531048],[-121.80340676,36.35515408],[-121.80343736,36.35500908],[-121.80346029,36.35486414],[-121.80354416,36.35470014],[-121.80365869,36.35457428],[-121.80376549,36.35442168],[-121.80384936,36.35429574],[-121.80391036,36.35413548],[-121.80394856,36.35395248],[-121.80396389,36.35380368],[-121.80397909,36.35366634],[-121.80391809,36.35337648],[-121.80384936,36.35307508],[-121.80376549,36.35286148],[-121.80366636,36.35271654],[-121.80364349,36.35255248],[-121.80365869,36.35237694],[-121.80373496,36.35219008],[-121.80384949,36.35200694],[-121.80395629,36.35178194],[-121.80404789,36.35162174],[-121.80414696,36.35147288],[-121.80426909,36.35129368],[-121.80438349,36.35107994],[-121.80449036,36.35089688],[-121.80467335,36.35057648],[-121.80474969,36.35040107],[-121.80483376,36.35025214],[-121.80494816,36.35014154],[-121.80511596,36.34992788],[-121.80520756,36.34979448],[-121.80528375,36.34964194],[-121.80536016,36.34948934],[-121.80540589,36.34934434],[-121.80541349,36.34919174],[-121.80541356,36.34906214],[-121.80543649,36.34893614],[-121.80547456,36.34880268],[-121.80552029,36.34869208],[-121.80556615,36.34850508],[-121.80558896,36.34823048],[-121.80557376,36.34805887],[-121.80554315,36.34792148],[-121.80556616,36.34783374],[-121.80562716,36.34774214],[-121.80574929,36.34762774],[-121.80589429,36.34753248],[-121.80606976,36.34743314],[-121.80624516,36.34733014],[-121.80639789,36.34723867],[-121.80652755,36.34715467],[-121.80666489,36.34707074],[-121.80678696,36.34698307],[-121.80692429,36.34685727],[-121.80700816,36.34675414],[-121.80702349,36.34659774],[-121.80697009,36.34639934],[-121.80687095,36.34615914],[-121.80669535,36.34587687],[-121.80614595,36.34511767],[-121.80603935,36.34490787],[-121.80602395,36.34473627],[-121.80602409,36.34456447],[-121.80610035,36.34443107],[-121.80620715,36.34426707],[-121.80631389,36.34414114],[-121.80647415,36.34403048],[-121.80662675,36.34397327],[-121.80684036,36.34384354],[-121.80694729,36.34377867],[-121.80700816,36.34361854],[-121.80700069,36.34347747],[-121.80692436,36.34335907],[-121.80649709,36.34283654],[-121.80618429,36.34240547],[-121.80601649,36.34214594],[-121.80587916,36.34192094],[-121.80574949,36.34159667],[-121.80563495,36.34123814],[-121.80556629,36.34103974],[-121.80557389,36.34090247],[-121.80560455,36.34079947],[-121.80562991,36.34075413],[-121.80565789,36.34070407],[-121.80569609,36.34063547],[-121.80613089,36.34057054],[-121.80644375,36.34048667],[-121.80697015,36.34027307],[-121.80734409,36.34009754],[-121.80756536,36.34000987],[-121.80769509,36.33997934],[-121.80785509,36.33997547],[-121.80800015,36.34005567],[-121.80811469,36.34014707],[-121.80824435,36.34021587],[-121.80842749,36.34025394],[-121.80861049,36.34026154],[-121.80879369,36.34025394],[-121.80899955,36.34024634],[-121.80919036,36.34023874],[-121.80935069,36.34024254],[-121.80946509,36.34025774],[-121.80961009,36.34025774],[-121.80972456,36.34025027],[-121.80980076,36.34026927],[-121.80988469,36.34034547],[-121.80993049,36.34046374],[-121.81022049,36.34088714],[-121.81041116,36.34128394],[-121.81051029,36.34158914],[-121.81054089,36.34165787],[-121.81060956,36.34169974],[-121.81075436,36.34174554],[-121.81101376,36.34171887],[-121.81122736,36.34168827],[-121.81141056,36.34167307],[-121.81164709,36.34164634],[-121.81183029,36.34161194],[-121.81194476,36.34155867],[-121.81203629,36.34147474],[-121.81205909,36.34135634],[-121.81202109,36.34120767],[-121.81190649,36.34108934],[-121.81175389,36.34099027],[-121.81163956,36.34092534],[-121.81152509,36.34088347],[-121.81146396,36.34080714],[-121.81144876,36.34068507],[-121.81146409,36.34053627],[-121.81148689,36.34042187],[-121.81159369,36.34033027],[-121.81173109,36.34026547],[-121.81191416,36.34023874],[-121.81212776,36.34023114],[-121.81228796,36.34023494],[-121.81247876,36.34029607],[-121.81265416,36.34038754],[-121.81281449,36.34052487],[-121.81290609,36.34063927],[-121.81297469,36.34077287],[-121.81326469,36.34116567],[-121.81347056,36.34140227],[-121.81357736,36.34151667],[-121.81376809,36.34163487],[-121.81405036,36.34179507],[-121.81422596,36.34189427],[-121.81437089,36.34197827],[-121.81457676,36.34202787],[-121.81468376,36.34203167],[-121.81489729,36.34198967],[-121.81503469,36.34193247],[-121.81524829,36.34182187],[-121.81548476,36.34169214],[-121.81572896,36.34158527],[-121.81595029,36.34148234],[-121.81611049,36.34141367],[-121.81630116,36.34135647],[-121.81649956,36.34131067],[-121.81680476,36.34126107],[-121.81744569,36.34112374],[-121.81762116,36.34103607],[-121.81772029,36.34093294],[-121.81776609,36.34083387],[-121.81778136,36.34075747],[-121.81775076,36.34064687],[-121.81765929,36.34049434],[-121.81749909,36.34033407],[-121.81738456,36.34020447],[-121.81728536,36.34006714],[-121.81722436,36.33997174],[-121.81719389,36.33985734],[-121.81722449,36.33973894],[-121.81730069,36.33969327],[-121.81746096,36.33963987],[-121.81764409,36.33963607],[-121.81783476,36.33967034],[-121.81801789,36.33973527],[-121.81817056,36.33981534],[-121.81833836,36.33987254],[-121.81859009,36.33988787],[-121.81878089,36.33987254],[-121.81923869,36.33979247],[-121.81944469,36.33977334],[-121.81955828,36.33974145],[-121.81956676,36.33973907],[-121.81958956,36.33971234],[-121.81957436,36.33966274],[-121.8195451,36.33964808],[-121.81950569,36.33962834],[-121.81939129,36.33956354],[-121.81936076,36.33951014],[-121.81936069,36.33941094],[-121.81940656,36.33933847],[-121.81949036,36.33925454],[-121.81962776,36.33916307],[-121.81981096,36.33909434],[-121.82000929,36.33906394],[-121.82020009,36.33904094],[-121.82039069,36.33904094],[-121.82061969,36.33908674],[-121.82087136,36.33914774],[-121.82103929,36.33918587],[-121.82118416,36.33924694],[-121.82129109,36.33934234],[-121.82137496,36.33944147],[-121.82142836,36.33960174],[-121.82149696,36.33974667],[-121.82153516,36.33987254],[-121.82155036,36.34000227],[-121.82155036,36.34015107],[-121.82158856,36.34029214],[-121.82164956,36.34040287],[-121.82168009,36.34048294],[-121.82181736,36.34068134],[-121.82201589,36.34076134],[-121.82216076,36.34079194],[-121.82230569,36.34078814],[-121.82245829,36.34078427],[-121.82253469,36.34072327],[-121.82259569,36.34065454],[-121.82259569,36.34053627],[-121.82253469,36.34043327],[-121.82249649,36.34025014],[-121.82253469,36.34010147],[-121.82255756,36.33992594],[-121.82258036,36.33979254],[-121.82261869,36.33964754],[-121.82271769,36.33948727],[-121.82278636,36.33938427],[-121.82282469,36.33927367],[-121.82287036,36.33917834],[-121.82293896,36.33903334],[-121.82298476,36.33891514],[-121.82301529,36.33881587],[-121.82306109,36.33873967],[-121.82309929,36.33863274],[-121.82310696,36.33849554],[-121.82308396,36.33840774],[-121.82304589,36.33831627],[-121.82293136,36.33822467],[-121.82279409,36.33815594],[-121.82248136,36.33799194],[-121.82223716,36.33786987],[-121.82211509,36.33777447],[-121.82204649,36.33762954],[-121.82203876,36.33743887],[-121.82204649,36.33732814],[-121.82208456,36.33722907],[-121.82214556,36.33716034],[-121.82222949,36.33708787],[-121.82235169,36.33704207],[-121.82245076,36.33702307],[-121.82255756,36.33702674],[-121.82268729,36.33700774],[-121.82281696,36.33693907],[-121.82295436,36.33687427],[-121.82306869,36.33679034],[-121.82311449,36.33670634],[-121.82313749,36.33659574],[-121.82311456,36.33645847],[-121.82298496,36.33622574],[-121.82274829,36.33598534],[-121.82262616,36.33595494],[-121.82253469,36.33598154],[-121.82240509,36.33604254],[-121.82232109,36.33606554],[-121.82216856,36.33606174],[-121.82208449,36.33600454],[-121.82205409,36.33589767],[-121.82207689,36.33576414],[-121.82216089,36.33563827],[-121.82227529,36.33553147],[-121.82242036,36.33543994],[-121.82261096,36.33533314],[-121.82283989,36.33523767],[-121.82303069,36.33515387],[-121.82319856,36.33507767],[-121.82339689,36.33498227],[-121.82355709,36.33492494],[-121.82374016,36.33484487],[-121.82385476,36.33482954],[-121.82396149,36.33482194],[-121.82406069,36.33481427],[-121.82419796,36.33482954],[-121.82430489,36.33495547],[-121.82432769,36.33508514],[-121.82439636,36.33536367],[-121.82442689,36.33552767],[-121.82443449,36.33559634],[-121.82444976,36.33562307],[-121.82454136,36.33567267],[-121.82467856,36.33568034],[-121.82483129,36.33569174],[-121.82503716,36.33571834],[-121.82517449,36.33574894],[-121.82529669,36.33579474],[-121.82538056,36.33584427],[-121.82549496,36.33593967],[-121.82557136,36.33598927],[-121.82570109,36.33601207],[-121.82588409,36.33603494],[-121.82607489,36.33602734],[-121.82623509,36.33605034],[-121.82629616,36.33605407],[-121.82636476,36.33601214],[-121.82641816,36.33590527],[-121.82644109,36.33579094],[-121.82641816,36.33567647],[-121.82639536,36.33557727],[-121.82633436,36.33546287],[-121.82618169,36.33510807],[-121.82612836,36.33496307],[-121.82612829,36.33478754],[-121.82613589,36.33465407],[-121.82615129,36.33445574],[-121.82618936,36.33426507],[-121.82621989,36.33415434],[-121.82626569,36.33400947],[-121.82629616,36.33397507],[-121.82641056,36.33387974],[-121.82654029,36.33381107],[-121.82679969,36.33370427],[-121.82695989,36.33364694],[-121.82721169,36.33355174],[-121.82757036,36.33340287],[-121.82779156,36.33331514],[-121.82792116,36.33323887],[-121.82802049,36.33313587],[-121.82810436,36.33299854],[-121.82813489,36.33288794],[-121.82813496,36.33276587],[-121.82821116,36.33267434],[-121.82826456,36.33262854],[-121.82841729,36.33256747],[-121.82863089,36.33252934],[-121.82884456,36.33250654],[-121.82901996,36.33247594],[-121.82918776,36.33246454],[-121.82938616,36.33244547],[-121.82958469,36.33244167],[-121.82976769,36.33243014],[-121.82995849,36.33240347],[-121.83028649,36.33231574],[-121.83112569,36.33212507],[-121.83149969,36.33196107],[-121.83166749,36.33188094],[-121.83178189,36.33179694],[-121.83188889,36.33172067],[-121.83193456,36.33166347],[-121.83196496,36.33158334],[-121.83198029,36.33149174],[-121.83193456,36.33139647],[-121.83188869,36.33128194],[-121.83180489,36.33113694],[-121.83156829,36.33082047],[-121.83150729,36.33070974],[-121.83148436,36.33063354],[-121.83149969,36.33053427],[-121.83148429,36.33043514],[-121.83151489,36.33034354],[-121.83156076,36.33027107],[-121.83159116,36.33021774],[-121.83167516,36.33012994],[-121.83186589,36.33011074],[-121.83199549,36.33014147],[-121.83220916,36.33019487],[-121.83238476,36.33028634],[-121.83268989,36.33043514],[-121.83281956,36.33048087],[-121.83288829,36.33049994],[-121.83294169,36.33049627],[-121.83302556,36.33046187],[-121.83304836,36.33038547],[-121.83302556,36.33026727],[-121.83302556,36.33008794],[-121.83304849,36.32992774],[-121.83310176,36.32980954],[-121.83312476,36.32972174],[-121.83320109,36.32964554],[-121.83328496,36.32957687],[-121.83336129,36.32955014],[-121.83352909,36.32952347],[-121.83368176,36.32951574],[-121.83389529,36.32953874],[-121.83410129,36.32958447],[-121.83427689,36.32964554],[-121.83453616,36.32978274],[-121.83487189,36.32994687],[-121.83507029,36.33007274],[-121.83539076,36.33021387],[-121.83552809,36.33028254],[-121.83563489,36.33032067],[-121.83575696,36.33041607],[-121.83600116,36.33042754],[-121.83611556,36.33042374],[-121.83621476,36.33039327],[-121.83629096,36.33029014],[-121.83635209,36.33019474],[-121.83639016,36.33011094],[-121.83648189,36.33005367],[-121.83662676,36.32998494],[-121.83671829,36.32997354],[-121.83684796,36.32998127],[-121.83703869,36.33004607],[-121.83716076,36.33013754],[-121.83732096,36.33025974],[-121.83740496,36.33037027],[-121.83743549,36.33050767],[-121.83748129,36.33066027],[-121.83749649,36.33087387],[-121.83751936,36.33106847],[-121.83754989,36.33162534],[-121.83758036,36.33177794],[-121.83765676,36.33190007],[-121.83780176,36.33203734],[-121.83791616,36.33212507],[-121.83806869,36.33219754],[-121.83819849,36.33221274],[-121.83835096,36.33221287],[-121.83848069,36.33219374],[-121.83859509,36.33213647],[-121.83872489,36.33206027],[-121.83880116,36.33198387],[-121.83890809,36.33188854],[-121.83901476,36.33183134],[-121.83913676,36.33179707],[-121.83928189,36.33178934],[-121.83935816,36.33180454],[-121.83948029,36.33189614],[-121.83970149,36.33209834],[-121.83994556,36.33232347],[-121.84002189,36.33235774],[-121.84010576,36.33235394],[-121.84018209,36.33233114],[-121.84025076,36.33227767],[-121.84031189,36.33221287],[-121.84033469,36.33215174],[-121.84033469,36.33203734],[-121.84031176,36.33187327],[-121.84031189,36.33176267],[-121.84031936,36.33165967],[-121.84038049,36.33156047],[-121.84042629,36.33148414],[-121.84049496,36.33137747],[-121.84060176,36.33131647],[-121.84073149,36.33129727],[-121.84089169,36.33127447],[-121.84106716,36.33123254],[-121.84179969,36.33109887],[-121.84209709,36.33107594],[-121.84231849,36.33106087],[-121.84257796,36.33101887],[-121.84282956,36.33100354],[-121.84303569,36.33097687],[-121.84327216,36.33095014],[-121.84350096,36.33094634],[-121.84363849,36.33093874],[-121.84382149,36.33095014],[-121.84396649,36.33099214],[-121.84405029,36.33105314],[-121.84424116,36.33117514],[-121.84437836,36.33125147],[-121.84448516,36.33130114],[-121.84459976,36.33133534],[-121.84469876,36.33137354],[-121.84480556,36.33139267],[-121.84496589,36.33138134],[-121.84512609,36.33130107],[-121.84527116,36.33118667],[-121.84535509,36.33110274],[-121.84544669,36.33101127],[-121.84551516,36.33091587],[-121.84553829,36.33083574],[-121.84578989,36.33057254],[-121.84599589,36.33048854],[-121.84620196,36.33042754],[-121.84634689,36.33042754],[-121.84662169,36.33044287],[-121.84679709,36.33056107],[-121.84696489,36.33071367],[-121.84704889,36.33082427],[-121.84714036,36.33098454],[-121.84723196,36.33118674],[-121.84739216,36.33197634],[-121.84755996,36.33281554],[-121.84765156,36.33293767],[-121.84781176,36.33302547],[-121.84794149,36.33306354],[-121.84802529,36.33310167],[-121.84814736,36.33310154],[-121.84826196,36.33304827],[-121.84834576,36.33292234],[-121.84844509,36.33275834],[-121.84850609,36.33259814],[-121.84858236,36.33247607],[-121.84865109,36.33240354],[-121.84871976,36.33234254],[-121.84878836,36.33230434],[-121.84888749,36.33230054],[-121.84898676,36.33231594],[-121.84910889,36.33235787],[-121.84921569,36.33243794],[-121.84932236,36.33253334],[-121.84953609,36.33273927],[-121.84961996,36.33278887],[-121.84976496,36.33281567],[-121.84995556,36.33281174],[-121.85010069,36.33276987],[-121.85023796,36.33271267],[-121.85036756,36.33259434],[-121.85046689,36.33247234],[-121.85050496,36.33234267],[-121.85055849,36.33222047],[-121.85061176,36.33210227],[-121.85071109,36.33198027],[-121.85085609,36.33184274],[-121.85097809,36.33169027],[-121.85106196,36.33143467],[-121.85110776,36.33129354],[-121.85120696,36.33111807],[-121.85129089,36.33099607],[-121.85135956,36.33094267],[-121.85143589,36.33091587],[-121.85158089,36.33089294],[-121.85175636,36.33092734],[-121.85190889,36.33099214],[-121.85213789,36.33107987],[-121.85230569,36.33115627],[-121.85246589,36.33127067],[-121.85280916,36.33158347],[-121.85312189,36.33194194],[-121.85329749,36.33214807],[-121.85345009,36.33231967],[-121.85358749,36.33243414],[-121.85374769,36.33250287],[-121.85393829,36.33253334],[-121.85409096,36.33251807],[-121.85423589,36.33244934],[-121.85436556,36.33235394],[-121.85486156,36.33206414],[-121.85518196,36.33193054],[-121.85551769,36.33181994],[-121.85581529,36.33172074],[-121.85605169,36.33165974],[-121.85628069,36.33162927],[-121.85647136,36.33162154],[-121.85664689,36.33163307],[-121.85684516,36.33166747],[-121.85703596,36.33169407],[-121.85724189,36.33173227],[-121.85744036,36.33175887],[-121.8577303,36.33175907],[-121.85801249,36.33177427],[-121.85872216,36.33186194],[-121.85898156,36.33194207],[-121.85917989,36.33202214],[-121.8593401,36.33212134],[-121.85953096,36.33222047],[-121.8599123,36.33238454],[-121.86009549,36.33243794],[-121.8603855,36.33249134],[-121.86067529,36.33252187],[-121.8609499,36.33254474],[-121.8611255,36.33251047],[-121.8612857,36.33241127],[-121.86140789,36.33233114],[-121.8615681,36.33224727],[-121.86169769,36.33215947],[-121.86184256,36.33203747],[-121.86194189,36.33189627],[-121.86198756,36.33177427],[-121.8621097,36.33152627],[-121.86218596,36.33139654],[-121.86221656,36.33127827],[-121.8622471,36.33108754],[-121.8622623,36.33092354],[-121.8622623,36.33078247],[-121.8622623,36.33064127],[-121.8622775,36.33052687],[-121.8622929,36.33048874],[-121.8623157,36.33043907],[-121.8623921,36.33037814],[-121.8624683,36.33035514],[-121.86258276,36.33033987],[-121.86268196,36.33034754],[-121.86287276,36.33032087],[-121.86304056,36.33029027],[-121.8632313,36.33024087],[-121.8635975,36.33041247],[-121.8637577,36.33052314],[-121.86397896,36.33069847],[-121.8643605,36.33096554],[-121.86469616,36.33118674],[-121.86500136,36.33135467],[-121.8652913,36.33147667],[-121.86561936,36.33160634],[-121.86583296,36.33169034],[-121.8660161,36.33174374],[-121.8661305,36.33177807],[-121.86635936,36.33181627],[-121.86662636,36.33182014],[-121.86686296,36.33182754],[-121.86743539,36.33181003],[-121.86773276,36.33180094],[-121.8681067,36.33182767],[-121.86883136,36.33181634],[-121.86913656,36.33182007],[-121.86947996,36.33187347],[-121.86979276,36.33190774],[-121.8700903,36.33195734],[-121.87034196,36.33201454],[-121.8705481,36.33207174],[-121.8707617,36.33212147],[-121.8709525,36.33213667],[-121.87112796,36.33210994],[-121.8714865,36.33200314],[-121.87187556,36.33183147],[-121.8721961,36.33172087],[-121.8725013,36.33158727],[-121.8727683,36.33147674],[-121.8729667,36.33144614],[-121.8731727,36.33141567],[-121.8733863,36.33137374],[-121.87366856,36.33140054],[-121.8739281,36.33140047],[-121.87423316,36.33143094],[-121.87452316,36.33146914],[-121.8748207,36.33149974],[-121.87507236,36.33152634],[-121.8752709,36.33152254],[-121.8754463,36.33152254],[-121.87566756,36.33154154],[-121.87588876,36.33158354],[-121.87607956,36.33159127],[-121.87641136,36.33157487],[-121.87677796,36.33164094],[-121.8773485,36.33161934],[-121.87768116,36.33167994],[-121.8785975,36.33237827],[-121.8788079,36.33258734],[-121.87900476,36.33271934],[-121.8791203,36.33276334],[-121.87935116,36.33277447],[-121.87956156,36.33284054],[-121.8801321,36.33284634],[-121.88068216,36.33280267],[-121.8816673,36.33246247],[-121.88188905,36.33250221],[-121.88230545,36.33238323],[-121.88266237,36.33217503],[-121.88295981,36.33202631],[-121.88334647,36.33196683],[-121.8836439,36.33199657],[-121.88420902,36.33214529],[-121.88468491,36.33238323],[-121.88516081,36.33262118],[-121.88574177,36.33296447],[-121.88604737,36.33317333],[-121.88641397,36.33336587],[-121.88650897,36.33338794],[-121.8870931,36.33337714],[-121.8875617,36.33341033],[-121.8880167,36.33349294],[-121.8881525,36.33349307],[-121.88819997,36.33352053],[-121.8884513,36.33355353],[-121.88877717,36.33363614],[-121.88909657,36.33364727],[-121.8891577,36.33366934],[-121.88926538,36.33392988],[-121.88947358,36.33401911],[-121.88986024,36.33401911],[-121.89024691,36.33398937],[-121.89066331,36.3338704],[-121.89084177,36.33381091],[-121.89102023,36.33375142],[-121.8913173,36.33385167],[-121.89146657,36.33402207],[-121.89167017,36.33431333],[-121.89194837,36.33460474],[-121.8920841,36.33484107],[-121.8923691,36.33522587],[-121.89262017,36.33547327],[-121.8927289,36.33548427],[-121.89287837,36.33543487],[-121.8929191,36.33539647],[-121.8929939,36.33524807],[-121.8930009,36.33503927],[-121.8931979,36.33483054],[-121.89326365,36.33480259],[-121.89333362,36.33478025],[-121.89335191,36.33480377],[-121.8933761,36.33482719],[-121.8933944,36.33485071],[-121.89342438,36.33486928],[-121.89344267,36.3348928],[-121.89346686,36.33491622],[-121.89349106,36.33493964],[-121.89346804,36.33496383],[-121.89345695,36.33499258],[-121.89345766,36.33502115],[-121.89334406,36.3350996],[-121.89338069,36.33542554],[-121.89339827,36.33570598],[-121.89332481,36.33591987],[-121.89300607,36.33610165],[-121.89270818,36.3363388],[-121.89238944,36.33652058],[-121.89206718,36.33664627],[-121.8911107,36.33691044],[-121.89067478,36.33688615],[-121.89048414,36.33689397],[-121.89010812,36.33699374],[-121.88976589,36.33707807],[-121.88943836,36.33711962],[-121.88895132,36.33711148],[-121.888667,36.33701067],[-121.88826838,36.33702701],[-121.88786713,36.33700129],[-121.88711837,36.33697575],[-121.88655005,36.33698782],[-121.88640691,36.33699086],[-121.8859659,36.33702435],[-121.88508206,36.33719979],[-121.88479269,36.337296],[-121.88419223,36.337419],[-121.88378856,36.33763235],[-121.88356084,36.33788067],[-121.88321289,36.33842914],[-121.8828985,36.338681],[-121.88267691,36.33902748],[-121.88269007,36.33923781],[-121.88282302,36.33969628],[-121.88292744,36.34025434],[-121.8829746,36.34073038],[-121.88284494,36.34115744],[-121.88284779,36.34148066],[-121.88288267,36.3417604],[-121.88293313,36.34201138],[-121.88295419,36.34234791],[-121.88267116,36.34282343],[-121.88242455,36.34332556],[-121.88218737,36.34370079],[-121.8816215,36.34493297],[-121.88130203,36.34538186],[-121.88107077,36.34557408],[-121.88094875,36.34557908],[-121.88088011,36.34558189],[-121.88069867,36.3454977],[-121.87962731,36.34500055],[-121.87919883,36.34454011],[-121.87899598,36.34440999],[-121.87871189,36.34422775],[-121.8786014,36.34415687],[-121.87849821,36.3441236],[-121.87817577,36.34401965],[-121.87785238,36.34385013],[-121.87731836,36.34364704],[-121.87702939,36.34354457],[-121.87682076,36.34347058],[-121.87645505,36.34333083],[-121.8763223,36.3432801],[-121.87561145,36.34302801],[-121.87550473,36.34296721],[-121.87519702,36.34279191],[-121.87514076,36.34278002],[-121.87509466,36.34277029],[-121.87486244,36.34272124],[-121.87467109,36.34277704],[-121.87447643,36.34283562],[-121.87396063,36.34330638],[-121.87310274,36.34348204],[-121.87270495,36.34351235],[-121.87247262,36.34340939],[-121.87182429,36.34332341],[-121.87092034,36.34331818],[-121.86950515,36.3434744],[-121.86879449,36.34350342],[-121.86804041,36.34339363],[-121.86754634,36.34327322],[-121.86711984,36.34312194],[-121.86673327,36.34305337],[-121.86622886,36.34304584],[-121.86565686,36.34306919],[-121.86539949,36.34312187],[-121.86508152,36.3433176],[-121.8645659,36.34340893],[-121.86393753,36.34336428],[-121.86353886,36.34338054],[-121.86335082,36.34343039],[-121.86244788,36.34372027],[-121.86201382,36.34400508],[-121.86179547,36.34412645],[-121.86149992,36.34412445],[-121.86122463,36.34402678],[-121.86118006,36.34401097],[-121.86073081,36.34398402],[-121.8607081,36.34398266],[-121.86048235,36.34396912],[-121.86005163,36.34402886],[-121.85993389,36.34404519],[-121.85962092,36.34408859],[-121.85951599,36.34409674],[-121.85924045,36.34411816],[-121.85893543,36.34424306],[-121.85866596,36.34438056],[-121.85832277,36.34445078],[-121.8579241,36.34446703],[-121.85735745,36.34485564],[-121.85694156,36.34515375],[-121.85649799,36.34556545],[-121.85602137,36.34572545],[-121.85541043,36.34596121],[-121.8549676,36.34610577],[-121.85460108,36.34635969],[-121.85395198,36.34654076],[-121.85331509,36.34691815],[-121.85281163,36.34720576],[-121.85233237,36.34732367],[-121.85187644,36.34725788],[-121.85145468,36.3471629],[-121.85134769,36.34713881],[-121.85131135,36.34714029],[-121.85084499,36.34715927],[-121.8504585,36.34737181],[-121.84997498,36.34770077],[-121.84966644,36.34776955],[-121.84918107,36.3477893],[-121.84905257,36.34775868],[-121.84882828,36.34770524],[-121.84874488,36.34789188],[-121.84862994,36.34814912],[-121.84817846,36.34843459],[-121.84783874,36.34856087],[-121.84755015,36.34867102],[-121.84716277,36.34886953],[-121.84677365,36.34903999],[-121.84628749,36.34932687],[-121.84601274,36.34938021],[-121.84536098,36.34951917],[-121.84508884,36.34961458],[-121.84427939,36.35001299],[-121.84372387,36.35030268],[-121.84357482,36.3504212],[-121.84350295,36.35066312],[-121.84346661,36.35091764],[-121.8431833,36.35139308],[-121.84281593,36.35191411],[-121.84247016,36.35222339],[-121.84215558,36.35247516],[-121.84183403,36.35261474],[-121.84156623,36.35278027],[-121.84117019,36.35311969],[-121.84098993,36.35329572],[-121.84087815,36.3534549],[-121.84086176,36.35375079],[-121.84080902,36.35430121],[-121.84057501,36.3544513],[-121.84028378,36.35451936],[-121.83984254,36.35441075],[-121.83891582,36.35404068],[-121.83867117,36.35388179],[-121.83826387,36.35361726],[-121.83818141,36.35361113],[-121.83814165,36.35360817],[-121.83762504,36.35368537],[-121.83726881,36.35382635],[-121.83705735,36.35405987],[-121.83689181,36.35419311],[-121.83640639,36.3542128],[-121.83557685,36.35428863],[-121.83504725,36.35443664],[-121.83466758,36.35448016],[-121.83445694,36.35444652],[-121.83411542,36.35454472],[-121.83376869,36.35455879],[-121.8333318,36.35452026],[-121.83289839,36.35453784],[-121.83285725,36.35453184],[-121.83150064,36.3543342],[-121.83116209,36.35428487],[-121.83065064,36.35416501],[-121.8301054,36.35406058],[-121.82966192,36.35398321],[-121.82906051,36.3538783],[-121.82892822,36.35385522],[-121.8285234,36.35377321],[-121.82834502,36.35368955],[-121.82786112,36.35346262],[-121.82766087,36.35331609],[-121.82752696,36.35332151],[-121.82741816,36.35332592],[-121.82728815,36.35347177],[-121.82697609,36.35371982],[-121.82684089,36.35382729],[-121.82653366,36.35411153],[-121.82636416,36.35426834],[-121.82614486,36.35437563],[-121.82571231,36.3544072],[-121.82567289,36.35439116],[-121.82505263,36.35413868],[-121.82483332,36.35396479],[-121.82447667,36.35396668],[-121.82443371,36.3539669],[-121.82400208,36.35392652],[-121.82390927,36.35391783],[-121.82365054,36.35387485],[-121.8233649,36.35382739],[-121.82330587,36.35376996],[-121.8230875,36.35355745],[-121.82288553,36.35338286],[-121.82251799,36.35334149],[-121.82233072,36.35337974],[-121.8220031,36.35344667],[-121.82146826,36.35351048],[-121.82090768,36.35366042],[-121.82040292,36.35370821],[-121.82006833,36.35363738],[-121.81976841,36.35328399],[-121.81936968,36.35301894],[-121.81931833,36.35303994],[-121.81921711,36.35308134],[-121.81886257,36.35325032],[-121.81854965,36.3532489],[-121.81770276,36.35304414],[-121.81757296,36.35295747],[-121.81728583,36.35276576],[-121.81721779,36.35274535],[-121.81716188,36.35272859],[-121.81671025,36.35301395],[-121.81611039,36.35315066],[-121.81550967,36.35327333],[-121.81508231,36.35338901],[-121.81469568,36.35360144],[-121.81449976,36.35380618],[-121.81403077,36.35409223],[-121.81362766,36.35431939],[-121.8131578,36.35459141],[-121.81281885,36.35473163],[-121.81269313,36.35494758],[-121.81257434,36.35527573],[-121.81249108,36.35561649],[-121.81224573,36.3558654],[-121.81187469,36.35604908],[-121.81158774,36.35618719],[-121.81134321,36.35673129],[-121.81112471,36.35713375],[-121.8107519,36.35757055],[-121.81036956,36.35785309],[-121.81017794,36.35812794],[-121.80980256,36.3582415],[-121.80947141,36.35822674],[-121.80879078,36.35802386],[-121.80858722,36.35796319],[-121.80839131,36.35790479],[-121.8078565,36.35778018],[-121.80777411,36.35776098],[-121.80774011,36.35776792],[-121.80743081,36.35783106],[-121.80721492,36.35799441],[-121.80667653,36.35828324],[-121.80601158,36.35849281],[-121.80567691,36.35870313],[-121.80539081,36.35885525],[-121.80507261,36.35905084],[-121.8048073,36.35925835],[-121.80420218,36.35931086],[-121.80394392,36.35926151],[-121.80353382,36.35918315],[-121.80305638,36.35900556],[-121.80272417,36.35901895],[-121.80248575,36.35909885],[-121.80221438,36.35920819],[-121.80182251,36.35933645],[-121.8017201,36.35933493]]]},"properties":{"OBJECTID":1097909,"COUNTY":"MONTEREY","CITY":"MRY","ZONE_NAME":null,"ZONE_ID":"US-CA-XMY-MRY-F014","STATUS":"Evacuation Warning","EVENT_TYPE":null,"CRITICAL_INFO":null,"PUBLIC_INFO":null,"EDIT_DATE":1787947137000,"STATEWIDE_LAST_UPDATED":null,"NOTES":"Timber Fire","SHAPE__Area":19752912.45703125,"SHAPE__Length":30687.253078194517,"GlobalID":"1bd6e682-2f80-4803-a765-2cea73dd0873","CreationDate":1789488934708,"Creator":"CalOES_Scripts","EditDate":1789488934708,"Editor":"CalOES_Scripts"}},{"type":"Feature","id":1097911,"geometry":{"type":"Polygon","coordinates":[[[-121.53265992,36.3277089],[-121.5324987,36.32772816],[-121.53238328,36.32768187],[-121.53225958,36.32763226],[-121.53219952,36.32760817],[-121.53168827,36.32741342],[-121.53135285,36.32728566],[-121.53046672,36.32712227],[-121.53026538,36.3271241],[-121.5300124,36.32712639],[-121.52969147,36.32719112],[-121.52965275,36.32736337],[-121.52980363,36.32772545],[-121.5299106,36.32791731],[-121.52990946,36.32791731],[-121.52718833,36.32793509],[-121.52656949,36.32793914],[-121.52645066,36.32785634],[-121.52584441,36.3273825],[-121.52540556,36.32693052],[-121.5249848,36.32650406],[-121.52479959,36.32619287],[-121.52472183,36.32606757],[-121.52446027,36.32597644],[-121.52415629,36.32586823],[-121.5236968,36.32552082],[-121.52349179,36.32520757],[-121.52343524,36.32500823],[-121.52359076,36.32472915],[-121.52412802,36.32437034],[-121.52412802,36.32426213],[-121.52398663,36.32421087],[-121.52373921,36.32425643],[-121.5225047,36.32396819],[-121.5225047,36.3229173],[-121.52238787,36.32286991],[-121.5223381,36.32272411],[-121.52227024,36.32265849],[-121.52203498,36.3223122],[-121.52192187,36.32210442],[-121.52173637,36.32199507],[-121.52155088,36.32191487],[-121.52139705,36.32177635],[-121.52131562,36.32159409],[-121.52116632,36.32141548],[-121.52099439,36.3212806],[-121.52074103,36.32115302],[-121.52058537,36.32100339],[-121.52054654,36.32084696],[-121.52045917,36.3207922],[-121.51979902,36.32056537],[-121.51943012,36.32043239],[-121.51884763,36.3198301],[-121.51836223,36.31948594],[-121.51828457,36.31923563],[-121.51811953,36.3190479],[-121.51780887,36.31884453],[-121.51743026,36.31864897],[-121.51719727,36.31850818],[-121.51660158,36.31793153],[-121.51652703,36.31759111],[-121.51647111,36.31741589],[-121.5163717,36.3173458],[-121.51624743,36.31726069],[-121.51606104,36.31719561],[-121.5159927,36.31707546],[-121.51589329,36.31687521],[-121.51572553,36.316705],[-121.51558884,36.31664493],[-121.51542109,36.31651476],[-121.5153341,36.31637959],[-121.51527427,36.31625525],[-121.51525333,36.31609924],[-121.51530304,36.31584892],[-121.51522848,36.3156737],[-121.51499238,36.31548847],[-121.51483705,36.31537332],[-121.51475007,36.31524816],[-121.514719,36.31513301],[-121.5146258,36.31498282],[-121.51451397,36.31484765],[-121.51450776,36.31471748],[-121.51450776,36.31459232],[-121.51451397,36.31442211],[-121.51438971,36.31426691],[-121.51418169,36.31415556],[-121.51395901,36.31411071],[-121.51364487,36.31408828],[-121.51346991,36.31398895],[-121.51328302,36.31361407],[-121.5131518,36.31319432],[-121.51296093,36.31292838],[-121.51261498,36.31258233],[-121.51253546,36.31220103],[-121.51240026,36.31196392],[-121.51219763,36.31191385],[-121.51216851,36.31174957],[-121.51201514,36.31151694],[-121.51058922,36.31150575],[-121.50228689,36.31144061],[-121.5000063,36.31148522],[-121.49947696,36.31151074],[-121.49927732,36.31152882],[-121.49498113,36.31148774],[-121.49478565,36.3114858],[-121.49043844,36.31144425],[-121.49023668,36.31144226],[-121.48589596,36.31140079],[-121.48579506,36.3115303],[-121.48569778,36.31161759],[-121.48565289,36.3116461],[-121.48369171,36.31164021],[-121.48130242,36.30809183],[-121.48107278,36.30783394],[-121.48074141,36.30768262],[-121.48038795,36.3075224],[-121.47986085,36.30745049],[-121.47978911,36.30735804],[-121.47968753,36.30727318],[-121.47952898,36.30715471],[-121.47942729,36.30706637],[-121.47932549,36.30697455],[-121.47923657,36.30688246],[-121.47911592,36.30673884],[-121.47900485,36.30662634],[-121.47888135,36.30652802],[-121.4787324,36.30644066],[-121.47856593,36.30634324],[-121.4784465,36.30623787],[-121.47831715,36.30609095],[-121.47819606,36.30593342],[-121.47804863,36.30575905],[-121.47796335,36.30564601],[-121.47786199,36.3055681],[-121.47781307,36.30551693],[-121.47771116,36.30542163],[-121.47765265,36.30533934],[-121.47762444,36.30526338],[-121.4776297,36.30515889],[-121.47763408,36.30502658],[-121.47763846,36.30489427],[-121.47759318,36.30482214],[-121.47750119,36.30476839],[-121.4773712,36.30473631],[-121.47729177,36.30467186],[-121.47727137,36.30457138],[-121.47728523,36.30446671],[-121.47730834,36.30438272],[-121.47733135,36.30429525],[-121.47732384,36.3041945],[-121.47729077,36.30410124],[-121.47727148,36.30403554],[-121.4772392,36.30396662],[-121.47722309,36.30386605],[-121.47719929,36.30379348],[-121.47714771,36.30365886],[-121.47706936,36.30349348],[-121.47697812,36.30332837],[-121.47686541,36.3031637],[-121.47675258,36.30299557],[-121.47665056,36.30289679],[-121.47656132,36.30279427],[-121.47650193,36.30268417],[-121.47644517,36.30252181],[-121.47639349,36.30238371],[-121.47637254,36.30226585],[-121.47635466,36.30210964],[-121.47635342,36.3019357],[-121.47637069,36.30180311],[-121.47639192,36.30166001],[-121.47642219,36.30153064],[-121.47646127,36.30140804],[-121.47649109,36.30126476],[-121.47651773,36.30115634],[-121.47652322,36.3010588],[-121.47652397,36.30094744],[-121.47649795,36.30080532],[-121.47646829,36.30068416],[-121.47642168,36.30057031],[-121.47634422,36.30043275],[-121.47625728,36.30026755],[-121.47617982,36.30012998],[-121.47609267,36.29995783],[-121.4759837,36.29977569],[-121.4758581,36.2996113],[-121.47574584,36.29946054],[-121.47562443,36.29929258],[-121.47552053,36.29913469],[-121.47541675,36.29898028],[-121.47531396,36.29885717],[-121.47527309,36.29878843],[-121.47521955,36.29872692],[-121.47519167,36.29866139],[-121.4752116,36.29861226],[-121.47528219,36.29853424],[-121.47535818,36.2984909],[-121.47543935,36.29847528],[-121.4755343,36.29848722],[-121.47565602,36.29852991],[-121.47574711,36.29855585],[-121.4758468,36.2985816],[-121.47598822,36.29856821],[-121.47615519,36.29854733],[-121.47629651,36.29853046],[-121.47638186,36.29851128],[-121.47645378,36.29847499],[-121.47651689,36.29843192],[-121.47655807,36.29837538],[-121.47658933,36.29827731],[-121.47662049,36.29817575],[-121.47665638,36.29808801],[-121.47671815,36.29800322],[-121.47678455,36.29792876],[-121.47685095,36.2978543],[-121.47693332,36.29774124],[-121.47698221,36.29765671],[-121.47699673,36.2975729],[-121.47698548,36.29748963],[-121.47695286,36.29741028],[-121.47688599,36.29733513],[-121.47670411,36.29715799],[-121.47646044,36.29692995],[-121.4762519,36.29672554],[-121.47605603,36.2965139],[-121.4758746,36.29635067],[-121.47563444,36.2960982],[-121.47543528,36.29591794],[-121.47527555,36.29576122],[-121.47512837,36.2955938],[-121.47505169,36.29548057],[-121.47500146,36.29538768],[-121.47496751,36.2952666],[-121.47497267,36.29515863],[-121.47494269,36.29502704],[-121.47485962,36.29484784],[-121.47464336,36.29453571],[-121.47445532,36.29429955],[-121.47429537,36.29413587],[-121.47409307,36.29392436],[-121.47397278,36.29379117],[-121.47385315,36.29367884],[-121.47368991,36.29354655],[-121.47364056,36.29348147],[-121.47357952,36.29331921],[-121.47356187,36.29316996],[-121.4735266,36.29300716],[-121.47349596,36.2928547],[-121.47346059,36.29268842],[-121.4734566,36.29256324],[-121.4734524,36.29243111],[-121.47347022,36.29231591],[-121.47350104,36.29220393],[-121.47351887,36.29208873],[-121.47350607,36.29195678],[-121.47348976,36.29184925],[-121.47346386,36.29171061],[-121.4734428,36.29158927],[-121.47339113,36.29145117],[-121.47332613,36.29129943],[-121.47325176,36.29112352],[-121.47319502,36.29096117],[-121.47314786,36.29082993],[-121.4730953,36.29066401],[-121.47306312,36.29046287],[-121.47306717,36.29032013],[-121.47306419,36.29022625],[-121.47300018,36.2901058],[-121.47295458,36.29002324],[-121.47284873,36.28993846],[-121.47273418,36.28985038],[-121.47260586,36.28973476],[-121.47247709,36.28960522],[-121.47238281,36.28947844],[-121.47231077,36.28937556],[-121.47222826,36.28921375],[-121.47216381,36.28907939],[-121.47212602,36.28897231],[-121.47209098,36.28881647],[-121.47206718,36.28874389],[-121.47203402,36.28864716],[-121.47194985,36.28843318],[-121.47188353,36.28823971],[-121.47182283,36.28808788],[-121.47178879,36.28796333],[-121.47176034,36.28774472],[-121.47173312,36.28756435],[-121.47172781,36.28739744],[-121.47173088,36.28722341],[-121.471765,36.28708004],[-121.4717793,36.28698927],[-121.47178958,36.28683944],[-121.47179408,36.2867106],[-121.47180794,36.28660593],[-121.47181255,36.28648057],[-121.47178743,36.28636627],[-121.47173665,36.28625599],[-121.47167353,36.28616336],[-121.4716233,36.28607046],[-121.47160017,36.28601875],[-121.47158408,36.28591818],[-121.47158329,36.28575814],[-121.47157545,36.28564696],[-121.47153448,36.28557474],[-121.47144219,36.28551055],[-121.47133338,36.28546759],[-121.47120387,36.28544941],[-121.4711053,36.28545842],[-121.47099871,36.285485],[-121.47090554,36.28552869],[-121.47078353,36.28561127],[-121.47067959,36.28572129],[-121.47055417,36.28583177],[-121.47045263,36.2858826],[-121.47038414,36.28589099],[-121.47031464,36.28586808],[-121.47028744,36.28582341],[-121.47029745,36.28573273],[-121.47039115,36.28557073],[-121.4704636,36.28541612],[-121.47050808,36.28532821],[-121.47053923,36.28522665],[-121.47055872,36.28516361],[-121.4705564,36.28509059],[-121.47050969,36.28497326],[-121.47045561,36.28489436],[-121.47034393,36.28476099],[-121.4702502,36.2846516],[-121.47011308,36.28452919],[-121.46996826,36.28443478],[-121.46981837,36.28431612],[-121.46970702,36.28419318],[-121.46959391,36.2840146],[-121.46949401,36.28384619],[-121.46941647,36.28370514],[-121.46933474,36.28356766],[-121.46926876,36.28338463],[-121.46928405,36.28318946],[-121.4693021,36.28309432],[-121.46933889,36.28292203],[-121.46934518,36.28281381],[-121.46931735,36.28271651],[-121.46928433,36.28265709],[-121.46923873,36.28257453],[-121.46923212,36.2825016],[-121.46926031,36.28244186],[-121.46935341,36.28217688],[-121.46949701,36.28191867],[-121.46958083,36.28163649],[-121.4694435,36.28155249],[-121.46933663,36.28144956],[-121.4692833,36.28132369],[-121.4692527,36.28112156],[-121.4693061,36.28080489],[-121.4693825,36.28061416],[-121.46948163,36.28043096],[-121.46957323,36.28012969],[-121.4695503,36.27983216],[-121.4694129,36.27951556],[-121.4692375,36.27927516],[-121.4690391,36.27910349],[-121.4688331,36.27897756],[-121.4685965,36.27882509],[-121.46829903,36.27860376],[-121.4680701,36.27840929],[-121.4678183,36.27808889],[-121.46764283,36.27776849],[-121.46753603,36.27742129],[-121.46748263,36.27710469],[-121.4674979,36.27690249],[-121.4676199,36.27671549],[-121.46774963,36.27662396],[-121.46794803,36.27652869],[-121.4681159,36.27641796],[-121.4681769,36.27630356],[-121.4682303,36.27612429],[-121.46819223,36.27587249],[-121.46809303,36.27561689],[-121.4679709,36.27545289],[-121.46785643,36.27529269],[-121.4678107,36.27513236],[-121.46778783,36.27499896],[-121.4677725,36.27485396],[-121.46774963,36.27467089],[-121.46767343,36.27453349],[-121.4675283,36.27431609],[-121.4673223,36.27412156],[-121.4671087,36.27399569],[-121.4668187,36.27385836],[-121.4664679,36.27370956],[-121.4662313,36.27357989],[-121.46601003,36.27344256],[-121.46579643,36.27326709],[-121.4656515,36.27308016],[-121.46553703,36.27289329],[-121.4654073,36.27272916],[-121.46527763,36.27254996],[-121.4650411,36.27239349],[-121.46485803,36.27232109],[-121.4646671,36.27228669],[-121.46446123,36.27230589],[-121.4641407,36.27228676],[-121.4638431,36.27224096],[-121.4635075,36.27219529],[-121.46323644,36.27211869],[-121.46309354,36.26866258],[-121.45901245,36.26860412],[-121.45882663,36.26503561],[-121.45864082,36.26146711],[-121.45845502,36.25789863],[-121.45826312,36.25429585],[-121.45807122,36.25069303],[-121.45787935,36.24709025],[-121.45768752,36.24348747],[-121.45764319,36.2399145],[-121.46204352,36.2401082],[-121.46200016,36.23651611],[-121.46640146,36.23669051],[-121.47084949,36.2368666],[-121.47428322,36.2370024],[-121.47444583,36.23721249],[-121.47466963,36.23718109],[-121.47561875,36.23725326],[-121.47578573,36.23728347],[-121.47634923,36.23748235],[-121.4765935,36.23761521],[-121.47671009,36.23770175],[-121.47760211,36.23770147],[-121.47817373,36.23772151],[-121.47826329,36.23774809],[-121.47855329,36.23779769],[-121.47873643,36.23780909],[-121.47904923,36.23779389],[-121.47936963,36.23774035],[-121.47966723,36.23766029],[-121.47997243,36.23759169],[-121.4802165,36.23752295],[-121.48046823,36.23742755],[-121.4805396,36.23739766],[-121.48062314,36.23737813],[-121.48104963,36.23725474],[-121.48158523,36.23696105],[-121.48217346,36.23668227],[-121.48286783,36.23640498],[-121.48297009,36.23630465],[-121.4831693,36.23627549],[-121.4835735,36.23626015],[-121.48391689,36.23621449],[-121.4842603,36.23616869],[-121.4845731,36.23612669],[-121.48565649,36.23596269],[-121.48593123,36.23591675],[-121.48612189,36.23582909],[-121.48634323,36.23575275],[-121.4866483,36.23567649],[-121.48695363,36.23563069],[-121.4871901,36.23561929],[-121.48737323,36.23560395],[-121.48761743,36.23560775],[-121.48790743,36.23561929],[-121.48812863,36.23565355],[-121.4884109,36.23563449],[-121.48869323,36.23563449],[-121.4889831,36.23562689],[-121.4895095,36.23572215],[-121.48972323,36.23577949],[-121.48983763,36.23584429],[-121.4899215,36.23591675],[-121.4900131,36.23600449],[-121.49014283,36.23606175],[-121.4902725,36.23607315],[-121.4903869,36.23603495],[-121.4905243,36.23599689],[-121.49070743,36.23594729],[-121.4908523,36.23592435],[-121.4910889,36.23588615],[-121.49130263,36.23589769],[-121.4914475,36.23592435],[-121.49166123,36.23595095],[-121.49191303,36.23600055],[-121.49228683,36.23611889],[-121.49250803,36.23616469],[-121.49271403,36.23616469],[-121.4928743,36.23613789],[-121.4930269,36.23604255],[-121.4931337,36.23588995],[-121.4931795,36.23574495],[-121.49316423,36.23553135],[-121.49316423,36.23536729],[-121.4931643,36.23521095],[-121.49311083,36.23503929],[-121.49305743,36.23488289],[-121.4930269,36.23465395],[-121.49301163,36.23449375],[-121.49292763,36.23418855],[-121.49295063,36.23403975],[-121.49298883,36.23387955],[-121.4930803,36.23374229],[-121.49314143,36.23357449],[-121.49318723,36.23337989],[-121.4932939,36.23315475],[-121.49337023,36.23296409],[-121.49342363,36.23283815],[-121.49346943,36.23273135],[-121.4935381,36.23266269],[-121.4936525,36.23260169],[-121.49382043,36.23255209],[-121.4939729,36.23252915],[-121.4941485,36.23253295],[-121.4943545,36.23252915],[-121.49465203,36.23251009],[-121.4948581,36.23249855],[-121.4951175,36.23248335],[-121.4953845,36.23245669],[-121.4955829,36.23244135],[-121.49575843,36.23239555],[-121.49591103,36.23234595],[-121.4960635,36.23224689],[-121.49617803,36.23214375],[-121.4962771,36.23205229],[-121.49633823,36.23195689],[-121.4963993,36.23187295],[-121.4964679,36.23179675],[-121.49672743,36.23149915],[-121.4968417,36.23131609],[-121.4969333,36.23111769],[-121.4970477,36.23083535],[-121.49720043,36.23059889],[-121.4975209,36.23039669],[-121.49773443,36.23018309],[-121.49783363,36.22999989],[-121.4978641,36.22985115],[-121.49786423,36.22970995],[-121.4977879,36.22958415],[-121.49770403,36.22944675],[-121.4975971,36.22934755],[-121.4974293,36.22925988],[-121.49725383,36.22918735],[-121.49709363,36.22913395],[-121.49685703,36.22911109],[-121.4964221,36.22917989],[-121.49606363,36.22918749],[-121.49556763,36.22917215],[-121.49535403,36.22914549],[-121.49506403,36.22907309],[-121.49493443,36.22897009],[-121.49479703,36.22884795],[-121.49469783,36.22868775],[-121.49453629,36.22838603],[-121.49240423,36.22830046],[-121.49236635,36.22825354],[-121.49234043,36.22803938],[-121.49231272,36.22798523],[-121.4922752,36.22794953],[-121.4920857,36.22787353],[-121.4920409,36.22782675],[-121.49210929,36.22752851],[-121.49208929,36.22744473],[-121.49200358,36.2273104],[-121.49197548,36.22708225],[-121.49192787,36.22700186],[-121.49187251,36.22694969],[-121.49176873,36.22689995],[-121.49171417,36.22687303],[-121.49158917,36.2268097],[-121.49154419,36.22675732],[-121.49155318,36.22665077],[-121.49169644,36.2265359],[-121.49185994,36.22639493],[-121.49197337,36.22625923],[-121.49215199,36.22599586],[-121.49234194,36.22576171],[-121.49292952,36.22536158],[-121.49322258,36.22519097],[-121.49380262,36.22521245],[-121.49433139,36.22533604],[-121.49542243,36.2253675],[-121.49574801,36.22520882],[-121.49593389,36.22508297],[-121.49605968,36.22486882],[-121.49636247,36.22472421],[-121.49696283,36.22475787],[-121.49740736,36.22479341],[-121.49754414,36.22485017],[-121.49769023,36.22491098],[-121.49779961,36.22495355],[-121.49794938,36.22492513],[-121.49806747,36.2246111],[-121.49811731,36.22443744],[-121.49813322,36.22390804],[-121.49814216,36.22370086],[-121.49811232,36.2235808],[-121.49798217,36.22341093],[-121.49777754,36.22324123],[-121.49764384,36.22317668],[-121.49734254,36.22307077],[-121.49714608,36.22299351],[-121.49696913,36.22298461],[-121.49639539,36.22289814],[-121.49599919,36.22274051],[-121.49579798,36.22273701],[-121.49571808,36.22272398],[-121.49552673,36.22264381],[-121.49541279,36.22262765],[-121.49533753,36.22263095],[-121.49523802,36.22260638],[-121.49507168,36.2225536],[-121.49490013,36.22254754],[-121.49484522,36.2225094],[-121.49468317,36.22230327],[-121.4946378,36.22212253],[-121.49465704,36.22205098],[-121.49477115,36.22197416],[-121.49486055,36.22200805],[-121.49502929,36.22214762],[-121.49517369,36.22218895],[-121.49537097,36.22217191],[-121.49553148,36.22210985],[-121.49571212,36.22201445],[-121.49583295,36.22198185],[-121.49594475,36.2219981],[-121.49616115,36.22211736],[-121.49630179,36.22217091],[-121.49643664,36.22213516],[-121.49658092,36.2220076],[-121.4966261,36.22192937],[-121.49664267,36.22184028],[-121.49660637,36.22176568],[-121.49640004,36.22165505],[-121.49634085,36.22157185],[-121.496316,36.22145788],[-121.4963331,36.22133015],[-121.49638682,36.22113294],[-121.49650827,36.22095435],[-121.4968012,36.22078072],[-121.49718091,36.22055948],[-121.49746615,36.22058638],[-121.49766913,36.2205821],[-121.49790553,36.22051844],[-121.49804916,36.22052774],[-121.49821041,36.22055209],[-121.49865838,36.22059765],[-121.4989396,36.22059674],[-121.49901733,36.22054366],[-121.49902856,36.22045326],[-121.4990222,36.22031027],[-121.49907423,36.22017035],[-121.49922823,36.22009177],[-121.49931656,36.22003816],[-121.49933954,36.22000444],[-121.49933002,36.21991437],[-121.49931859,36.21980615],[-121.499475,36.21960736],[-121.49975219,36.219502],[-121.50024083,36.21913722],[-121.50030704,36.21908779],[-121.50031601,36.21901924],[-121.50029163,36.21895973],[-121.50012941,36.21876835],[-121.50009368,36.21869619],[-121.50006348,36.2185809],[-121.50008958,36.21845869],[-121.50013986,36.21831952],[-121.5001528,36.21825602],[-121.50027232,36.21828281],[-121.50064147,36.21841842],[-121.50098583,36.21852382],[-121.50113642,36.21859415],[-121.50118334,36.21861606],[-121.50158337,36.21888757],[-121.50187313,36.2191134],[-121.50225196,36.21936748],[-121.50235614,36.21989267],[-121.50260613,36.22036297],[-121.50293712,36.22090499],[-121.50323174,36.22121141],[-121.5032724,36.2212537],[-121.50357664,36.22159735],[-121.50405324,36.22199681],[-121.50430685,36.22219574],[-121.50443974,36.22229997],[-121.50479197,36.22254212],[-121.50511088,36.22277754],[-121.5051622,36.22281227],[-121.5052274,36.22283729],[-121.5058924,36.22309249],[-121.50640375,36.2232504],[-121.50663792,36.22348801],[-121.50709084,36.22414378],[-121.50732694,36.22435895],[-121.50767509,36.22467622],[-121.50788791,36.22487277],[-121.50835985,36.22530863],[-121.50846159,36.22540259],[-121.50894085,36.22581276],[-121.50932827,36.22608271],[-121.50962442,36.22628906],[-121.50985709,36.22653133],[-121.50994934,36.22686751],[-121.50997477,36.22730959],[-121.50988599,36.22766738],[-121.50990342,36.22828698],[-121.50998147,36.22858119],[-121.50999651,36.22863789],[-121.51006992,36.22872031],[-121.51062008,36.22933797],[-121.51097376,36.22978242],[-121.51147341,36.23019324],[-121.5119827,36.230527],[-121.51236071,36.23082989],[-121.51265153,36.23106291],[-121.51284409,36.23114916],[-121.51308635,36.23125767],[-121.51314459,36.23128298],[-121.51351841,36.23140598],[-121.51386264,36.23151925],[-121.51431021,36.23169431],[-121.51476201,36.23194305],[-121.51513513,36.23209139],[-121.51550256,36.23221028],[-121.51554377,36.23222362],[-121.51578616,36.23231783],[-121.51590124,36.23241685],[-121.51634675,36.23287257],[-121.51652199,36.23338282],[-121.51671966,36.23396606],[-121.51701338,36.23463428],[-121.51726138,36.23514178],[-121.51746536,36.23551803],[-121.51778903,36.23575683],[-121.51816386,36.23593463],[-121.51848613,36.23616044],[-121.5185438,36.23620085],[-121.51863338,36.23624122],[-121.51890295,36.23636269],[-121.51893682,36.23637795],[-121.51959845,36.23647106],[-121.52036156,36.2364274],[-121.52067419,36.23647463],[-121.52108116,36.23657737],[-121.52134431,36.23671508],[-121.52157109,36.23685417],[-121.52187209,36.23692693],[-121.52194084,36.23694355],[-121.52211135,36.23705523],[-121.52232929,36.2373571],[-121.5226239,36.23755539],[-121.52276552,36.23765071],[-121.52299822,36.23776083],[-121.52345896,36.23797887],[-121.52379829,36.23817276],[-121.52413762,36.23836665],[-121.52437377,36.23866783],[-121.52465938,36.23887853],[-121.52478321,36.23895757],[-121.52494329,36.23905975],[-121.52571579,36.23917815],[-121.52650136,36.23920744],[-121.5266156,36.23920311],[-121.52693793,36.23919089],[-121.52719855,36.23928438],[-121.52739036,36.23976445],[-121.52762652,36.24006562],[-121.52785557,36.24055904],[-121.52800078,36.24086366],[-121.52803455,36.24176322],[-121.52815105,36.24220184],[-121.52856968,36.24282098],[-121.52887321,36.24334111],[-121.52929271,36.24397498],[-121.52945443,36.24424943],[-121.52960051,36.24456879],[-121.52967212,36.24486142],[-121.52984974,36.24572599],[-121.53002054,36.24647267],[-121.53024337,36.24717307],[-121.53043011,36.24756472],[-121.5305563,36.24785529],[-121.53069939,36.24804284],[-121.5315651,36.2482748],[-121.53175299,36.24837105],[-121.53224189,36.2489432],[-121.53305348,36.24984155],[-121.53319642,36.24999978],[-121.53334648,36.25017116],[-121.5336845,36.25055719],[-121.53433205,36.2510347],[-121.53437809,36.25106738],[-121.53484942,36.2514021],[-121.535493,36.25187667],[-121.5360749,36.25216468],[-121.5361188,36.25220302],[-121.53659343,36.25261755],[-121.5366624,36.25271005],[-121.53685042,36.25296221],[-121.53717336,36.25318622],[-121.53752981,36.25330063],[-121.53770953,36.25335831],[-121.5377493,36.25337108],[-121.537964,36.25341659],[-121.53804466,36.25343369],[-121.53819703,36.25354604],[-121.5386124,36.25410619],[-121.53891263,36.25456735],[-121.53913496,36.25494286],[-121.5393087,36.25542359],[-121.53960014,36.25604752],[-121.53972554,36.25632334],[-121.53991551,36.25708404],[-121.54002528,36.25740476],[-121.54038243,36.25821817],[-121.54047571,36.25856905],[-121.54055422,36.25897956],[-121.54055971,36.25970298],[-121.54053931,36.26029446],[-121.54058033,36.26100176],[-121.54080526,36.26142147],[-121.54077571,36.26154073],[-121.54026942,36.26192919],[-121.54011738,36.26245184],[-121.53991734,36.26340459],[-121.539661,36.26432994],[-121.53950016,36.26501538],[-121.53954032,36.26570794],[-121.53969505,36.26617462],[-121.54018694,36.2664808],[-121.54105046,36.26690576],[-121.54135357,36.26710097],[-121.54134991,36.26735216],[-121.54144321,36.26770304],[-121.54185759,36.26855857],[-121.54237066,36.26954326],[-121.5424978,36.26984854],[-121.54252003,36.27023166],[-121.54250673,36.27063089],[-121.54229844,36.2711205],[-121.54247073,36.27126728],[-121.54314892,36.27164019],[-121.54376158,36.27201371],[-121.54392409,36.27211279],[-121.54402467,36.27215039],[-121.54439014,36.27228702],[-121.54468751,36.27238987],[-121.5449671,36.27248657],[-121.54507714,36.27249715],[-121.54547063,36.27236402],[-121.54571341,36.27214802],[-121.54587376,36.27208284],[-121.54644643,36.27220871],[-121.54679427,36.27222555],[-121.54695853,36.2722335],[-121.54729035,36.2722947],[-121.54733796,36.2723149],[-121.54776537,36.27249633],[-121.54859928,36.27285029],[-121.54894334,36.27295246],[-121.54916422,36.2729469],[-121.54926123,36.27294321],[-121.54975256,36.27292448],[-121.55008011,36.27291199],[-121.55019166,36.27295913],[-121.55031663,36.27301194],[-121.55052884,36.27310163],[-121.55076178,36.2733438],[-121.55125099,36.27391585],[-121.55155639,36.27431927],[-121.55168562,36.27448998],[-121.5522365,36.2748677],[-121.55227139,36.27489253],[-121.55382973,36.2760014],[-121.55391079,36.27605908],[-121.55429164,36.27623218],[-121.5543604,36.27626344],[-121.554545,36.2764048],[-121.55533396,36.27700897],[-121.55621931,36.27749204],[-121.55652421,36.27771668],[-121.55680662,36.27786834],[-121.55714792,36.27809159],[-121.55748679,36.27851029],[-121.55782435,36.27874507],[-121.55790441,36.27879285],[-121.55812669,36.2789255],[-121.55839606,36.27916626],[-121.55883008,36.2794155],[-121.55927801,36.27959037],[-121.55968341,36.27962928],[-121.55992471,36.27965244],[-121.56010382,36.27967696],[-121.56025714,36.27980401],[-121.5605619,36.28033876],[-121.5608009,36.28068405],[-121.56095235,36.28109176],[-121.56115394,36.28173383],[-121.5613011,36.28206786],[-121.56149769,36.2823114],[-121.56158065,36.28279556],[-121.56163067,36.28289508],[-121.56187341,36.28337802],[-121.56207587,36.28378083],[-121.56221422,36.28409326],[-121.56239097,36.2844924],[-121.56252595,36.28493026],[-121.56276074,36.28516426],[-121.56279708,36.28520048],[-121.5629556,36.28536655],[-121.56320507,36.28562791],[-121.5638627,36.28595718],[-121.56440856,36.28624642],[-121.56555488,36.28682281],[-121.5666181,36.28722515],[-121.56703147,36.28734883],[-121.56723075,36.28740845],[-121.5674933,36.28753131],[-121.56768993,36.28777483],[-121.56800093,36.28810258],[-121.56851632,36.28880646],[-121.56900552,36.28999868],[-121.56937199,36.29033907],[-121.56949772,36.29040598],[-121.56957909,36.29044928],[-121.57008021,36.29053919],[-121.56978465,36.2911353],[-121.56974825,36.29117529],[-121.56957249,36.29136839],[-121.56953945,36.29149186],[-121.56951547,36.29158148],[-121.56965071,36.29181532],[-121.569715,36.29202376],[-121.56962905,36.29233637],[-121.56933516,36.29265695],[-121.56874491,36.29322297],[-121.56869374,36.29327204],[-121.56816214,36.29368608],[-121.5680785,36.29375637],[-121.56786414,36.29393651],[-121.56750092,36.29425974],[-121.56717233,36.29452963],[-121.56707,36.29461368],[-121.56668808,36.29512857],[-121.56648546,36.29531094],[-121.56631871,36.2954298],[-121.56611239,36.29546582],[-121.56582761,36.29564544],[-121.56568064,36.29580572],[-121.56538918,36.29616838],[-121.56508448,36.29660184],[-121.56489699,36.29696052],[-121.56466406,36.29743342],[-121.56464824,36.29775741],[-121.56455572,36.29795779],[-121.56432865,36.29823362],[-121.56414539,36.29836717],[-121.56387164,36.29862315],[-121.56393306,36.29889552],[-121.56408236,36.29907259],[-121.56481819,36.29977557],[-121.56561,36.30084196],[-121.56581153,36.30121887],[-121.56594151,36.30146198],[-121.56604267,36.301579],[-121.56616506,36.30172057],[-121.56629621,36.30188427],[-121.56631834,36.30226305],[-121.56631756,36.30259847],[-121.56631637,36.3031091],[-121.56627354,36.30324088],[-121.56610919,36.30370198],[-121.56607755,36.30379076],[-121.56596429,36.30423096],[-121.56597812,36.30428783],[-121.56605575,36.30460709],[-121.56644852,36.3050125],[-121.56655487,36.30512227],[-121.56663084,36.30527878],[-121.56682402,36.30567675],[-121.56693008,36.30589527],[-121.56705212,36.30619992],[-121.56767317,36.30731502],[-121.56778946,36.30752147],[-121.56799898,36.30783683],[-121.56843946,36.30853703],[-121.56863084,36.30883902],[-121.56874353,36.30987516],[-121.56860803,36.31023185],[-121.56845192,36.31053309],[-121.56839319,36.31084872],[-121.56821457,36.31219171],[-121.56807024,36.31249936],[-121.56786037,36.3127964],[-121.56725252,36.31322689],[-121.56688899,36.31334067],[-121.56682216,36.31336159],[-121.56676599,36.31340144],[-121.56598057,36.31395866],[-121.56593545,36.31398118],[-121.56587036,36.31401366],[-121.56523931,36.31432857],[-121.5645196,36.31478961],[-121.56384847,36.31524878],[-121.56345047,36.31538223],[-121.56327376,36.31538899],[-121.56312515,36.31539468],[-121.56291602,36.31540268],[-121.56263611,36.31533456],[-121.56259849,36.31531876],[-121.56212027,36.31511784],[-121.56198823,36.31510959],[-121.56185962,36.31510154],[-121.56158429,36.31511207],[-121.56090638,36.3151774],[-121.56050986,36.31519256],[-121.56037193,36.31519783],[-121.56006321,36.31520963],[-121.55990226,36.31521578],[-121.55967813,36.3151469],[-121.55952212,36.31509895],[-121.55912524,36.31505683],[-121.55888514,36.31503135],[-121.55848611,36.3149527],[-121.55833571,36.31492307],[-121.5573137,36.31452653],[-121.5569374,36.31438472],[-121.55595281,36.31401366],[-121.55425795,36.31361861],[-121.55419369,36.31361587],[-121.55411439,36.3136125],[-121.55393252,36.31360476],[-121.55380446,36.31360965],[-121.55362481,36.31361651],[-121.55329082,36.31373435],[-121.55267427,36.31389049],[-121.55261902,36.31390449],[-121.55214155,36.31406721],[-121.55162296,36.3142682],[-121.55142727,36.31434405],[-121.55111252,36.31451369],[-121.55069754,36.31463461],[-121.55049113,36.31464249],[-121.55043841,36.3146445],[-121.54980924,36.31443204],[-121.54892646,36.31404535],[-121.54836988,36.31368562],[-121.54758832,36.31326676],[-121.54744393,36.31318938],[-121.54706621,36.3130391],[-121.54643319,36.31285207],[-121.54612327,36.31280771],[-121.54593119,36.31278022],[-121.54581298,36.31279789],[-121.54522318,36.31288602],[-121.54471026,36.31299751],[-121.54432157,36.31301232],[-121.54381342,36.31292659],[-121.54343745,36.31294205],[-121.54289867,36.31310593],[-121.54236174,36.31336282],[-121.54210947,36.31349066],[-121.54181642,36.31347554],[-121.54140392,36.31335988],[-121.54108782,36.31322741],[-121.54103979,36.31318909],[-121.54067933,36.31290142],[-121.54045107,36.31288384],[-121.54014082,36.31312218],[-121.54010924,36.31314644],[-121.53970186,36.31339839],[-121.53896732,36.31388611],[-121.53893016,36.31390213],[-121.53836559,36.31414546],[-121.53833415,36.31415971],[-121.53820744,36.31421716],[-121.537902,36.31426819],[-121.53754981,36.31443119],[-121.53754451,36.31482037],[-121.53757039,36.31526602],[-121.53784662,36.31610938],[-121.53787403,36.31658124],[-121.53780426,36.3170568],[-121.53739436,36.3175453],[-121.53714549,36.31772723],[-121.53695837,36.31786402],[-121.53646693,36.31806662],[-121.53590288,36.31841648],[-121.535625,36.31861742],[-121.53540437,36.31877697],[-121.53490281,36.31908504],[-121.53467979,36.31918183],[-121.53420613,36.31938739],[-121.53400242,36.31951336],[-121.53392121,36.31979231],[-121.53393719,36.32006756],[-121.53391145,36.32013863],[-121.53386773,36.32025933],[-121.53379727,36.32045383],[-121.53376238,36.32069161],[-121.53378525,36.32073225],[-121.53387097,36.32088453],[-121.53406436,36.32113991],[-121.53424079,36.32138279],[-121.53426361,36.32177601],[-121.53419001,36.32218603],[-121.53415718,36.32273901],[-121.53397019,36.32315334],[-121.53398161,36.32334995],[-121.53400574,36.32404526],[-121.53419054,36.32443233],[-121.53420804,36.3247338],[-121.53419163,36.32501028],[-121.53402163,36.32513485],[-121.53392691,36.32520425],[-121.53366828,36.32550308],[-121.53348303,36.32566776],[-121.53335926,36.3259052],[-121.53332235,36.325976],[-121.53316471,36.32633667],[-121.53302175,36.32667052],[-121.5327181,36.3273126],[-121.53265992,36.3277089]]]},"properties":{"OBJECTID":1097911,"COUNTY":"MONTEREY","CITY":"MRY","ZONE_NAME":null,"ZONE_ID":"US-CA-XMY-MRY-D088","STATUS":"Evacuation Warning","EVENT_TYPE":null,"CRITICAL_INFO":null,"PUBLIC_INFO":null,"EDIT_DATE":1787515218000,"STATEWIDE_LAST_UPDATED":null,"NOTES":"Timber Fire","SHAPE__Area":105531637.421875,"SHAPE__Length":51606.984313811321,"GlobalID":"b5885842-4029-498f-beff-dd3a093b477d","CreationDate":1789488934708,"Creator":"CalOES_Scripts","EditDate":1789488934708,"Editor":"CalOES_Scripts"}},{"type":"Feature","id":1097914,"geometry":{"type":"Polygon","coordinates":[[[-123.01263669,39.22107028],[-122.98484651,39.2208626],[-122.98031845,39.22087941],[-122.97579035,39.22089622],[-122.97126229,39.22091303],[-122.96697115,39.22092894],[-122.96682721,39.22085465],[-122.964281,39.22296],[-122.964098,39.222796],[-122.963892,39.222664],[-122.963169,39.222451],[-122.962617,39.222272],[-122.962428,39.222201],[-122.962168,39.222056],[-122.961986,39.221948],[-122.961772,39.221785],[-122.961456,39.221556],[-122.961266,39.22146],[-122.9611,39.22137],[-122.960934,39.221244],[-122.960769,39.22119],[-122.960612,39.221161],[-122.960023,39.221105],[-122.959404,39.221079],[-122.959168,39.221057],[-122.959026,39.220991],[-122.958696,39.220914],[-122.95816,39.220718],[-122.957876,39.220568],[-122.957622,39.220332],[-122.957454,39.220077],[-122.95738,39.219791],[-122.957299,39.219621],[-122.957179,39.219409],[-122.956706,39.219206],[-122.956499,39.219018],[-122.956349,39.218898],[-122.956284,39.218734],[-122.95621,39.218515],[-122.956041,39.21815],[-122.955897,39.217932],[-122.95573,39.21775],[-122.955516,39.217575],[-122.955396,39.2174],[-122.955275,39.217175],[-122.955059,39.216854],[-122.954869,39.216703],[-122.954718,39.216546],[-122.95463,39.216376],[-122.954445,39.21606],[-122.954404,39.215871],[-122.954386,39.215719],[-122.95447,39.215591],[-122.954617,39.215413],[-122.954779,39.215247],[-122.954824,39.215112],[-122.954789,39.214789],[-122.954747,39.214588],[-122.954666,39.214418],[-122.954601,39.214242],[-122.954543,39.214041],[-122.95451,39.213895],[-122.954469,39.213768],[-122.95445065,39.21375296],[-122.954358,39.213677],[-122.954256,39.213648],[-122.954031,39.213777],[-122.954009,39.213794],[-122.953914,39.213864],[-122.953727,39.213914],[-122.953538,39.213867],[-122.953515,39.213848],[-122.953451,39.213794],[-122.953332,39.213722],[-122.953214,39.21368],[-122.953111,39.213553],[-122.953069,39.213395],[-122.953021,39.21328],[-122.952894,39.213177],[-122.952658,39.213112],[-122.952501,39.213125],[-122.952337,39.213169],[-122.952221,39.213244],[-122.952191,39.213329],[-122.952208,39.213457],[-122.952257,39.213585],[-122.952392,39.213712],[-122.952513,39.213967],[-122.952524,39.21421],[-122.952495,39.214375],[-122.952441,39.214467],[-122.952332,39.214535],[-122.952191,39.21453],[-122.952073,39.214476],[-122.952041,39.214403],[-122.951969,39.214294],[-122.951738,39.21404],[-122.95169,39.213937],[-122.951661,39.213589],[-122.951682,39.21337],[-122.951653,39.212943],[-122.951604,39.21281],[-122.951539,39.21267],[-122.951498,39.212548],[-122.951529,39.212457],[-122.951583,39.212414],[-122.951621,39.212358],[-122.951636,39.212255],[-122.951548,39.212182],[-122.951375,39.212123],[-122.951185,39.211978],[-122.951002,39.211784],[-122.950859,39.21159],[-122.950794,39.211463],[-122.950723,39.211402],[-122.950628,39.211312],[-122.950515,39.211118],[-122.950417,39.210808],[-122.950322,39.210692],[-122.950217,39.210517],[-122.950169,39.210425],[-122.950051,39.210365],[-122.949917,39.210312],[-122.949814,39.210209],[-122.949773,39.210112],[-122.949764,39.21002],[-122.949645,39.20993],[-122.949535,39.2099],[-122.949464,39.209828],[-122.94939,39.209566],[-122.949331,39.209317],[-122.949345,39.209189],[-122.949429,39.209005],[-122.949355,39.208762],[-122.949299,39.208634],[-122.949226,39.208488],[-122.949084,39.208398],[-122.948926,39.208271],[-122.948806,39.20815],[-122.948726,39.208023],[-122.948615,39.207908],[-122.948488,39.207799],[-122.948307,39.207746],[-122.948016,39.207639],[-122.947859,39.207616],[-122.94779429,39.20725505],[-122.94768063,39.20714438],[-122.94746312,39.20685391],[-122.94739842,39.20681097],[-122.94704345,39.20657544],[-122.94688501,39.20646746],[-122.94679476,39.20640594],[-122.94643724,39.20620009],[-122.94631288,39.20613955],[-122.94606409,39.20610314],[-122.94598036,39.20608572],[-122.94592404,39.20607401],[-122.94583085,39.20605463],[-122.94545782,39.20581248],[-122.94517799,39.20569136],[-122.94488268,39.20549764],[-122.9444941,39.20525547],[-122.94433423,39.20513094],[-122.9441211,39.20496492],[-122.94404879,39.20487729],[-122.963562,39.201491],[-122.998843,39.213783],[-123.01263669,39.22107028]]]},"properties":{"OBJECTID":1097914,"COUNTY":"LAKE","CITY":"UPP","ZONE_NAME":null,"ZONE_ID":"US-CA-XLK-UPP-E023-B","STATUS":"Evacuation Order","EVENT_TYPE":null,"CRITICAL_INFO":null,"PUBLIC_INFO":null,"EDIT_DATE":1789504687000,"STATEWIDE_LAST_UPDATED":null,"NOTES":"Zone reduced to WARNING.\nMore information: response.lakecountyca.gov","SHAPE__Area":11881038.6171875,"SHAPE__Length":18193.391366592979,"GlobalID":"f1ceee6c-e9ce-4328-901e-091ebdaec053","CreationDate":1789504835877,"Creator":"CalOES_Scripts","EditDate":1789504835877,"Editor":"CalOES_Scripts"}},{"type":"Feature","id":1097915,"geometry":{"type":"Polygon","coordinates":[[[-122.98835894,39.18215279],[-122.98834565,39.18246211],[-122.98822638,39.18263738],[-122.98816012,39.18277141],[-122.98822634,39.18291577],[-122.9883853,39.18297765],[-122.98863702,39.18300861],[-122.98869114,39.18300441],[-122.98890199,39.18298802],[-122.98898147,39.18302927],[-122.98903445,39.183153],[-122.98907145,39.18324664],[-122.98908742,39.18328705],[-122.98921986,39.18353452],[-122.98932585,39.18359639],[-122.98969876,39.18364618],[-122.98978953,39.1836583],[-122.99010749,39.18370988],[-122.99025321,39.18385424],[-122.99042541,39.18405017],[-122.99048792,39.18411653],[-122.99057112,39.18420484],[-122.99088907,39.18438015],[-122.99110104,39.18446265],[-122.991419,39.18447299],[-122.99168397,39.18455549],[-122.99201409,39.18456579],[-122.9922669,39.18454522],[-122.99245238,39.18455554],[-122.9925981,39.18469991],[-122.99273057,39.18492675],[-122.99279679,39.18514328],[-122.99299548,39.18554542],[-122.9931147,39.18576195],[-122.99330017,39.18590631],[-122.99355188,39.18615379],[-122.99371086,39.18623628],[-122.99376385,39.18631877],[-122.9937889,39.18637728],[-122.99381683,39.1864425],[-122.99390956,39.18659717],[-122.99401554,39.18676215],[-122.9942805,39.18690651],[-122.99454548,39.18701994],[-122.9948502,39.18712307],[-122.99502244,39.18708183],[-122.99507009,39.18708183],[-122.99527418,39.18708184],[-122.99559216,39.1871231],[-122.99585713,39.18722622],[-122.99620161,39.18730871],[-122.99634735,39.18730872],[-122.99663884,39.18729842],[-122.99678457,39.18732935],[-122.99685081,39.18741184],[-122.99710254,39.18759744],[-122.99719138,39.18766658],[-122.99723503,39.18770055],[-122.99748676,39.18781398],[-122.99779149,39.18788616],[-122.99838771,39.18794804],[-122.99882494,39.18788617],[-122.99904859,39.18784416],[-122.99908345,39.18783762],[-122.99920917,39.187814],[-122.99964639,39.1877109],[-123.00004387,39.18756654],[-123.00032691,39.18745641],[-123.00052084,39.18738095],[-123.00099181,39.1872243],[-123.00143503,39.18710255],[-123.00158495,39.18697032],[-123.00163376,39.18692726],[-123.00187224,39.18679322],[-123.0021643,39.18672097],[-123.00241545,39.1866901],[-123.00261418,39.1865973],[-123.00295865,39.18654574],[-123.00324858,39.18650983],[-123.00354161,39.18647355],[-123.00371334,39.18654991],[-123.00392584,39.18667975],[-123.00421733,39.18677254],[-123.00437632,39.18679315],[-123.00453531,39.18682408],[-123.0046943,39.18689625],[-123.00495929,39.18707152],[-123.00538328,39.18723647],[-123.00580727,39.18742205],[-123.00615177,39.18758701],[-123.00652276,39.18776227],[-123.00678775,39.18782412],[-123.00698688,39.18780115],[-123.00714547,39.18778285],[-123.00734421,39.18775191],[-123.00746346,39.1877519],[-123.00758272,39.18792718],[-123.00767547,39.1880509],[-123.00782965,39.18821084],[-123.00796699,39.18831896],[-123.00816575,39.18845299],[-123.00856325,39.18860762],[-123.0089475,39.18878288],[-123.0093347,39.18893499],[-123.00961001,39.1890406],[-123.00995452,39.1891643],[-123.01012676,39.18917459],[-123.01033876,39.18918489],[-123.01040652,39.18915522],[-123.01055073,39.18909207],[-123.01061466,39.18920149],[-123.01078926,39.18931888],[-123.01105426,39.18941166],[-123.01130601,39.18945288],[-123.0115975,39.18945285],[-123.01182527,39.18944671],[-123.01198174,39.1894425],[-123.01233948,39.18944246],[-123.01251173,39.18944244],[-123.01272374,39.18954553],[-123.01310801,39.1897517],[-123.01357178,39.189896],[-123.01381029,39.18997846],[-123.0141283,39.19007122],[-123.01447281,39.19016397],[-123.01494982,39.19029795],[-123.01514859,39.1903701],[-123.01514861,39.19045259],[-123.01510889,39.19061757],[-123.01516194,39.1908444],[-123.01533426,39.191164],[-123.0154138,39.1913599],[-123.0154271,39.19161767],[-123.01528143,39.19194764],[-123.01521524,39.19222604],[-123.01520207,39.19260754],[-123.01522862,39.19284468],[-123.01525517,39.19309214],[-123.01534799,39.19337052],[-123.01554681,39.19369013],[-123.01582513,39.19393755],[-123.01590464,39.19400971],[-123.01590465,39.19407158],[-123.01582519,39.19421594],[-123.01562649,39.19449436],[-123.0154808,39.19477277],[-123.0154676,39.19504085],[-123.01545437,39.19512334],[-123.01533515,39.19525739],[-123.01517981,39.19548873],[-123.01503048,39.19571111],[-123.01499078,39.19594826],[-123.01499082,39.19616479],[-123.01507035,39.19625758],[-123.01524264,39.19642252],[-123.01540172,39.19671121],[-123.01570654,39.1969277],[-123.01585232,39.19703078],[-123.01597162,39.19717512],[-123.0160644,39.19730915],[-123.01614394,39.19742255],[-123.01634273,39.19755657],[-123.0163845,39.19759097],[-123.01656804,39.19774213],[-123.01680663,39.19799986],[-123.01700544,39.19820605],[-123.017244,39.19831944],[-123.01745603,39.19838127],[-123.01761507,39.19849467],[-123.01768135,39.19856683],[-123.01766815,39.19878336],[-123.01770795,39.19898957],[-123.01772126,39.19919578],[-123.01777496,39.19942239],[-123.01781411,39.19958758],[-123.01790695,39.19986595],[-123.01799973,39.19994843],[-123.01806319,39.19999074],[-123.0180925,39.20001027],[-123.01823832,39.20020616],[-123.0185167,39.20053606],[-123.01875531,39.20084534],[-123.01900719,39.20121649],[-123.01912654,39.20149487],[-123.01921939,39.2018351],[-123.01918839,39.20194376],[-123.01916643,39.20202071],[-123.01913997,39.20220631],[-123.01917977,39.20234034],[-123.01928583,39.20251561],[-123.01941838,39.202629],[-123.01944493,39.20277335],[-123.01952447,39.20289706],[-123.01975811,39.20314835],[-123.0198774,39.20320246],[-123.02000665,39.20328687],[-123.02010599,39.20314829],[-123.020141,39.20311082],[-123.02018547,39.20306321],[-123.02022388,39.20301836],[-123.02024509,39.20299361],[-123.02029432,39.20299839],[-123.02040412,39.20300904],[-123.02080553,39.20304331],[-123.02118361,39.20306677],[-123.02145828,39.20306672],[-123.02160996,39.20306669],[-123.02187926,39.20306664],[-123.02224045,39.20308062],[-123.02235318,39.20308499],[-123.02243871,39.2030883],[-123.02453096,39.20687751],[-123.02440947,39.21369899],[-123.02107616,39.21369951],[-123.02085025,39.22087666],[-123.0131334,39.22106275],[-123.01277743,39.22107134],[-123.01263669,39.22107028],[-122.998843,39.213783],[-122.963562,39.201491],[-122.94404879,39.20487729],[-122.94398128,39.20479547],[-122.94417907,39.20440302],[-122.94436215,39.20403972],[-122.95218835,39.20099492],[-122.96146385,39.19877362],[-122.96307418,39.1974508],[-122.96497437,39.19610299],[-122.96624653,39.19496731],[-122.96743817,39.19372553],[-122.96736566,39.19226163],[-122.967683,39.192259],[-122.96805055,39.19226362],[-122.971104,39.192256],[-122.9713,39.192242],[-122.97148,39.192252],[-122.97235,39.192251],[-122.972349,39.191822],[-122.97236,39.191581],[-122.97236462,39.19112609],[-122.972365,39.191089],[-122.972386,39.190476],[-122.972394,39.190317],[-122.972382,39.189999],[-122.9723848,39.189821],[-122.972387,39.189679],[-122.972384,39.18952],[-122.972387,39.189213],[-122.972383,39.189061],[-122.972383,39.188634],[-122.97239,39.188509],[-122.972397,39.18774],[-122.972406,39.187645],[-122.972421,39.187552],[-122.972421,39.187458],[-122.972408,39.187354],[-122.972398,39.186925],[-122.972411,39.186334],[-122.972401,39.186253],[-122.97314615,39.18625886],[-122.97399333,39.18620258],[-122.97505835,39.18603373],[-122.97607496,39.18605249],[-122.97711577,39.18633391],[-122.97789193,39.18631647],[-122.97776038,39.18488895],[-122.97814686,39.18359082],[-122.98162517,39.18189324],[-122.98835894,39.18215279]]]},"properties":{"OBJECTID":1097915,"COUNTY":"LAKE","CITY":"UPP","ZONE_NAME":null,"ZONE_ID":"US-CA-XLK-UPP-E023-A","STATUS":"Evacuation Warning","EVENT_TYPE":null,"CRITICAL_INFO":null,"PUBLIC_INFO":null,"EDIT_DATE":1789504644000,"STATEWIDE_LAST_UPDATED":null,"NOTES":"Zone reduced to WARNING.\nMore information: response.lakecountyca.gov","SHAPE__Area":22768612.2734375,"SHAPE__Length":25406.592375679294,"GlobalID":"4df755cb-6868-4f5e-b7b3-5ac496ddc9ef","CreationDate":1789504835877,"Creator":"CalOES_Scripts","EditDate":1789504835877,"Editor":"CalOES_Scripts"}},{"type":"Feature","id":1097917,"geometry":{"type":"Polygon","coordinates":[[[-120.00388722,39.40298243],[-120.00441436,39.37490921],[-120.00443175,39.37390797],[-120.00612759,39.37392655],[-120.00733245,39.37392451],[-120.00779171,39.37392432],[-120.01194915,39.37390672],[-120.01273402,39.3739061],[-120.01632109,39.37388143],[-120.01734522,39.37387926],[-120.02094965,39.37385225],[-120.0219738,39.37385007],[-120.0255782,39.37382307],[-120.02660236,39.37382089],[-120.02926476,39.37380298],[-120.02983984,39.37378805],[-120.03140986,39.37374727],[-120.03243193,39.37372072],[-120.0321316,39.3740828],[-120.0312821,39.3754542],[-120.0305418,39.3761342],[-120.0286277,39.376956],[-120.0256888,39.3779026],[-120.0245126,39.3783144],[-120.0241152,39.3785227],[-120.0237648,39.3787971],[-120.0229633,39.3795306],[-120.0226223,39.3802141],[-120.0224417,39.3812856],[-120.0225994,39.3820272],[-120.0228888,39.3827756],[-120.0238789,39.3842861],[-120.0243359,39.3849389],[-120.0247664,39.3856885],[-120.0248709,39.3863263],[-120.0247919,39.3873827],[-120.0245151,39.3887332],[-120.0245481,39.3893372],[-120.0247859,39.3899703],[-120.0253625,39.391663],[-120.0255545,39.3923189],[-120.0256227,39.3928095],[-120.0255999,39.3933216],[-120.0255375,39.393734],[-120.025399,39.3941605],[-120.0252588,39.394516],[-120.0251335,39.3947549],[-120.02498898,39.39496491],[-120.0249724,39.394989],[-120.0248209,39.3951715],[-120.0246638,39.3953278],[-120.0239698,39.395989],[-120.0233442,39.3965735],[-120.0229227,39.3969831],[-120.0225836,39.3973884],[-120.0223519,39.3977351],[-120.0221618,39.3981005],[-120.0220199,39.3984857],[-120.0219289,39.3989468],[-120.0218853,39.3993967],[-120.0219362,39.3998494],[-120.0220308,39.4002374],[-120.0223609,39.4014426],[-120.022531,39.401784],[-120.0227497,39.4021322],[-120.0230409,39.4024706],[-120.0233704,39.4027723],[-120.02363284,39.40296716],[-120.02234897,39.40296684],[-120.01613405,39.40296527],[-120.00711859,39.40299027],[-120.00711351,39.40299028],[-120.00530026,39.40299216],[-120.00516816,39.40299125],[-120.00388722,39.40298243]]]},"properties":{"OBJECTID":1097917,"COUNTY":"NEVADA","CITY":"NCO","ZONE_NAME":null,"ZONE_ID":"US-CA-XNE-NCO-E105","STATUS":"Evacuation Warning","EVENT_TYPE":null,"CRITICAL_INFO":null,"PUBLIC_INFO":null,"EDIT_DATE":1789585054000,"STATEWIDE_LAST_UPDATED":null,"NOTES":"The Nevada County Sheriff's Office has issued an EVACUATION WARNING for zone NCO-E105 and NCO-E106 on 09/16/2026 at 11:54 AM for a wildland fire in the area of Highway 80 at Floriston. Those who require additional time to evacuate, and those with pets and livestock should consider leaving now. Check https://protect.genasys.com/ for updates and available shel","SHAPE__Area":9573819.15625,"SHAPE__Length":14525.789157864523,"GlobalID":"1403ec9d-f197-452b-8f53-632632aacf34","CreationDate":1789585233327,"Creator":"CalOES_Scripts","EditDate":1789585233327,"Editor":"CalOES_Scripts"}},{"type":"Feature","id":1097918,"geometry":{"type":"Polygon","coordinates":[[[-120.00530026,39.40299216],[-120.00711351,39.40299028],[-120.00711859,39.40299027],[-120.01613405,39.40296527],[-120.02234897,39.40296684],[-120.02363284,39.40296716],[-120.0237611,39.4030624],[-120.0242519,39.4033463],[-120.024492,39.4034834],[-120.02464982,39.40357063],[-120.0249215,39.4037208],[-120.0252724,39.403968],[-120.0254839,39.4040872],[-120.025889,39.404417],[-120.0263466,39.4049245],[-120.026646,39.4054061],[-120.0267664,39.4056711],[-120.0268494,39.4059433],[-120.0268931,39.4061192],[-120.0269275,39.4062878],[-120.0269497,39.4066612],[-120.0270629,39.4081732],[-120.0271008,39.4089292],[-120.0271527,39.4096744],[-120.027163,39.4097813],[-120.0272203,39.4100466],[-120.0273003,39.4102875],[-120.0277912,39.4112681],[-120.0281115,39.4119118],[-120.0282374,39.4122481],[-120.0283418,39.4125844],[-120.0284306,39.4130322],[-120.0284873,39.41348],[-120.0285952,39.414388],[-120.0287505,39.4149715],[-120.0290024,39.415555],[-120.0292397,39.415928],[-120.029775,39.4165914],[-120.0315632,39.4186845],[-120.0327821,39.4201214],[-120.033344,39.4206717],[-120.0347037,39.4218088],[-120.0350884,39.4221952],[-120.03521103,39.42238767],[-120.0353421,39.4225934],[-120.035595,39.4230575],[-120.0357325,39.4235536],[-120.0357702,39.4239476],[-120.0357268,39.4243547],[-120.035635,39.4246764],[-120.0355991,39.4248],[-120.0343566,39.4279674],[-120.0338098,39.4293628],[-120.0335161,39.4301053],[-120.0331264,39.4306686],[-120.0326726,39.4311538],[-120.0319909,39.4316379],[-120.0303025,39.4325742],[-120.0290038,39.4333504],[-120.027693,39.4341782],[-120.0253797,39.4357039],[-120.0224822,39.4376059],[-120.0209692,39.4385882],[-120.0195429,39.4395443],[-120.0184935,39.4402315],[-120.0179954,39.4405101],[-120.0174953,39.4407322],[-120.0167298,39.4409997],[-120.0158581,39.4412797],[-120.0143062,39.4417671],[-120.0135355,39.4420726],[-120.0131264,39.4422861],[-120.0126932,39.4425231],[-120.012297,39.4427818],[-120.0119247,39.4430564],[-120.0115841,39.4433588],[-120.0112303,39.443753],[-120.01107905,39.44393737],[-120.0109503,39.4440943],[-120.0107637,39.4444034],[-120.0104911,39.4448542],[-120.01037217,39.44514149],[-120.00957246,39.44514176],[-120.00911067,39.44514192],[-120.00608778,39.44514295],[-120.00316761,39.44514394],[-120.00387729,39.40351113],[-120.00388722,39.40298243],[-120.00516816,39.40299125],[-120.00530026,39.40299216]]]},"properties":{"OBJECTID":1097918,"COUNTY":"NEVADA","CITY":"NCO","ZONE_NAME":null,"ZONE_ID":"US-CA-XNE-NCO-E106","STATUS":"Evacuation Warning","EVENT_TYPE":null,"CRITICAL_INFO":null,"PUBLIC_INFO":null,"EDIT_DATE":1789585054000,"STATEWIDE_LAST_UPDATED":null,"NOTES":"The Nevada County Sheriff's Office has issued an EVACUATION WARNING for zone NCO-E105 and NCO-E106 on 09/16/2026 at 11:54 AM for a wildland fire in the area of Highway 80 at Floriston. Those who require additional time to evacuate, and those with pets and livestock should consider leaving now. Check https://protect.genasys.com/ for updates and available shel","SHAPE__Area":16237922.10546875,"SHAPE__Length":16855.208514545819,"GlobalID":"91752b72-6551-49d6-ba91-e273ec6ce75b","CreationDate":1789585233327,"Creator":"CalOES_Scripts","EditDate":1789585233327,"Editor":"CalOES_Scripts"}},{"type":"Feature","id":1097921,"geometry":{"type":"Polygon","coordinates":[[[-120.03075784,39.3762506],[-120.0309783,39.3761177],[-120.0317208,39.3753344],[-120.0322594,39.3741756],[-120.0327735,39.373637],[-120.0334335,39.3731483],[-120.0392779,39.370826],[-120.0406725,39.3705199],[-120.0423046,39.3702832],[-120.0453075,39.3698671],[-120.0471925,39.3697691],[-120.0485794,39.3701078],[-120.0496487,39.370577],[-120.0518356,39.3717194],[-120.0528475,39.3720948],[-120.0541041,39.3722741],[-120.0616768,39.3730822],[-120.0631928,39.373377],[-120.0666616,39.374648],[-120.0669478,39.3747617],[-120.0690372,39.37562],[-120.0703354,39.3763054],[-120.0709222,39.376893],[-120.0714282,39.3776192],[-120.0723829,39.3791452],[-120.0729067,39.3797464],[-120.0734437,39.3801325],[-120.0756062,39.3814626],[-120.0773116,39.3824745],[-120.0783317,39.3830294],[-120.0794578,39.3834129],[-120.0805104,39.3837216],[-120.08110417,39.38383988],[-120.0818211,39.3839827],[-120.08215759,39.38403663],[-120.0827909,39.3841391],[-120.08317385,39.38416213],[-120.0837104,39.3841944],[-120.08602377,39.38404106],[-120.0885621,39.3838728],[-120.0929415,39.3833831],[-120.09344363,39.38324265],[-120.0937366,39.3831607],[-120.0944653,39.3828354],[-120.0993609,39.3798528],[-120.1011268,39.378779],[-120.102197,39.3780568],[-120.1028158,39.377643],[-120.1036689,39.3770237],[-120.10399554,39.37678802],[-120.10447,39.3764457],[-120.1046908,39.3762886],[-120.1049148,39.3761358],[-120.1051667,39.3759727],[-120.1054045,39.3758277],[-120.1056678,39.3756751],[-120.1059206,39.3755338],[-120.1062091,39.3753774],[-120.1064922,39.3752382],[-120.1067678,39.3751077],[-120.1070597,39.3749793],[-120.1073558,39.3748555],[-120.107651,39.3747412],[-120.1079875,39.3746166],[-120.10877771,39.37433979],[-120.11144099,39.37438999],[-120.11208461,39.37440212],[-120.11402119,39.37443862],[-120.11404369,39.37443827],[-120.11409731,39.37443744],[-120.11519819,39.37442038],[-120.11614026,39.37440577],[-120.11629907,39.37440331],[-120.116649,39.37439788],[-120.11699892,39.37439245],[-120.11851321,39.37436894],[-120.11928252,39.37435699],[-120.12069514,39.37433503],[-120.12080265,39.37433336],[-120.12147958,39.37432283],[-120.12240657,39.3743084],[-120.1230512,39.37429837],[-120.12317649,39.37429628],[-120.12341756,39.37429226],[-120.12427967,39.37427789],[-120.12495203,39.37426667],[-120.12630984,39.37424401],[-120.1284311,39.37420857],[-120.12944318,39.37419165],[-120.13017816,39.37417936],[-120.13043612,39.37417505],[-120.13171679,39.37415361],[-120.13256123,39.37413947],[-120.1325744,39.37413925],[-120.13293506,39.37413321],[-120.13307468,39.37413087],[-120.13339523,39.3741255],[-120.13394682,39.37411625],[-120.13586043,39.37408416],[-120.1364937,39.37407354],[-120.13700169,39.37406501],[-120.135756,39.3800981],[-120.1357089,39.3802383],[-120.1357131,39.38039],[-120.1357646,39.3807019],[-120.136374,39.3829973],[-120.137381,39.3867688],[-120.1375258,39.3870674],[-120.1377511,39.3873286],[-120.1380086,39.3875607],[-120.1410127,39.3896047],[-120.1412541,39.3897539],[-120.1415324,39.3898366],[-120.1420641,39.3899073],[-120.1418442,39.3900483],[-120.1417583,39.3901395],[-120.1415813,39.3903965],[-120.1410459,39.3913932],[-120.1408484,39.3917275],[-120.1404354,39.392177],[-120.1402046,39.3925519],[-120.1401435,39.3931362],[-120.1401099,39.393437],[-120.1400272,39.3936236],[-120.1395951,39.3941891],[-120.1390853,39.3954707],[-120.138926,39.395786],[-120.1379312,39.3970797],[-120.1373623,39.3977992],[-120.1363716,39.3991531],[-120.1359088,39.3997138],[-120.1353555,39.4001809],[-120.1350186,39.4005771],[-120.1347126,39.4009355],[-120.1337087,39.4020636],[-120.1327658,39.4030905],[-120.13303178,39.41768909],[-120.14144492,39.42178452],[-120.12391239,39.435997],[-120.12104594,39.43940995],[-120.12018157,39.44239159],[-120.1202392,39.44430511],[-120.12044113,39.44570856],[-120.10421517,39.44517925],[-120.10002,39.440674],[-120.090279,39.43665],[-120.088623,39.429803],[-120.09286,39.408786],[-120.097097,39.387769],[-120.09359,39.389086],[-120.092373,39.39078],[-120.089938,39.395109],[-120.08005,39.392436],[-120.068661,39.382577],[-120.052142,39.376964],[-120.03075784,39.3762506]]]},"properties":{"OBJECTID":1097921,"COUNTY":"NEVADA","CITY":"NCO","ZONE_NAME":null,"ZONE_ID":"US-CA-XNE-NCO-E379-B","STATUS":"Evacuation Warning","EVENT_TYPE":null,"CRITICAL_INFO":null,"PUBLIC_INFO":null,"EDIT_DATE":1789600485000,"STATEWIDE_LAST_UPDATED":null,"NOTES":"The Nevada County Sheriff's Office has issued an EVACUATION WARNING for zone NCO-E379 on 09/16/2026 at 12:53 PM for a wildland fire in the area of Highway 80 at Floriston. Those who require additional time to evacuate, and those with pets and livestock should consider leaving now. Check https://protect.genasys.com/ for updates and available shelter locations","SHAPE__Area":51492893.0390625,"SHAPE__Length":45437.026538392995,"GlobalID":"0eeea495-af10-4c4f-b339-b6d7d5f511c3","CreationDate":1789600533367,"Creator":"CalOES_Scripts","EditDate":1789600533367,"Editor":"CalOES_Scripts"}},{"type":"Feature","id":1097924,"geometry":{"type":"Polygon","coordinates":[[[-120.10016475,39.4451502],[-120.08519952,39.44511758],[-120.06971307,39.4451607],[-120.05760729,39.44515056],[-120.04835712,39.44514282],[-120.03627558,39.4451327],[-120.01110582,39.44514124],[-120.01047161,39.44514146],[-120.0106297,39.444801],[-120.0108247,39.444456],[-120.0110594,39.4441026],[-120.0113881,39.4436807],[-120.0117505,39.4433397],[-120.0121715,39.44297],[-120.0125809,39.4426802],[-120.0130015,39.4424191],[-120.0135829,39.4421332],[-120.0142492,39.4418642],[-120.0152735,39.4415388],[-120.0163017,39.4412135],[-120.0175432,39.4407936],[-120.0180835,39.4405551],[-120.0185573,39.4402836],[-120.0193668,39.4397525],[-120.0210634,39.4386436],[-120.0245031,39.4363774],[-120.0284119,39.4338068],[-120.0307133,39.4324414],[-120.0319132,39.4317906],[-120.0325103,39.431455],[-120.0330428,39.4310519],[-120.0334483,39.4306233],[-120.0336956,39.4301706],[-120.0342505,39.4287752],[-120.0352624,39.4261966],[-120.0357193,39.4250379],[-120.0358744,39.4244259],[-120.035895,39.4238716],[-120.035868,39.423576],[-120.0358219,39.4233966],[-120.0357414,39.4231332],[-120.0356192,39.4228344],[-120.0354624,39.422569],[-120.0353505,39.4223827],[-120.03531604,39.42234041],[-120.0351657,39.4221559],[-120.0351102,39.4220833],[-120.034883,39.4218541],[-120.0345171,39.4215098],[-120.0338884,39.4210076],[-120.0333134,39.4204972],[-120.0329421,39.4201453],[-120.0326245,39.4197933],[-120.0320213,39.4190646],[-120.0309952,39.4178815],[-120.0300012,39.4166984],[-120.0293299,39.4158577],[-120.0290766,39.4154594],[-120.0288768,39.4150032],[-120.0287203,39.4143738],[-120.0286281,39.4137279],[-120.0285102,39.4128372],[-120.0284223,39.4124476],[-120.028255,39.4119834],[-120.0280448,39.4115358],[-120.0274857,39.4104802],[-120.0274128,39.4102917],[-120.0272969,39.4099594],[-120.0272418,39.4096667],[-120.0272006,39.408971],[-120.0271547,39.4081382],[-120.0270177,39.4062462],[-120.0269586,39.4058784],[-120.0268964,39.4056945],[-120.0268341,39.4055178],[-120.0267584,39.4053454],[-120.0266733,39.4051801],[-120.0264657,39.4048496],[-120.0262082,39.4045565],[-120.0258863,39.4042634],[-120.0254783,39.4038949],[-120.0248328,39.4034909],[-120.02461706,39.40338579],[-120.0242454,39.4031838],[-120.0239467,39.4030198],[-120.0236777,39.4028424],[-120.023366,39.4026002],[-120.0231117,39.4023637],[-120.02284,39.4020241],[-120.0226853,39.4017663],[-120.02246,39.4012781],[-120.0221419,39.4000525],[-120.0220712,39.3996957],[-120.0220535,39.3993578],[-120.0220889,39.3989259],[-120.0222192,39.3983301],[-120.0224821,39.3978163],[-120.0227074,39.3974732],[-120.0229357,39.3972043],[-120.0233453,39.3967914],[-120.0247845,39.3954128],[-120.0249542,39.3952517],[-120.02507031,39.39510753],[-120.0252286,39.394911],[-120.0253393,39.394745],[-120.0255202,39.394283],[-120.0256403,39.3939255],[-120.025722,39.393521],[-120.0257785,39.3931154],[-120.0257648,39.3927329],[-120.0257266,39.3923881],[-120.0253402,39.3911262],[-120.0248174,39.3895249],[-120.0248511,39.3885843],[-120.0250948,39.3869789],[-120.0251073,39.3861901],[-120.0248337,39.3852816],[-120.0242053,39.3843595],[-120.0228489,39.3821652],[-120.0226876,39.3811036],[-120.02281,39.3804426],[-120.0230551,39.3798497],[-120.0236586,39.3791696],[-120.0246945,39.3784495],[-120.0277283,39.3774223],[-120.0296191,39.3768309],[-120.0303594,39.3764908],[-120.03075784,39.3762506],[-120.052142,39.376964],[-120.068661,39.382577],[-120.08005,39.392436],[-120.089938,39.395109],[-120.092373,39.39078],[-120.09359,39.389086],[-120.097097,39.387769],[-120.09286,39.408786],[-120.088623,39.429803],[-120.090279,39.43665],[-120.10002,39.440674],[-120.10421517,39.44517925],[-120.1035508,39.44515758],[-120.10016475,39.4451502]]]},"properties":{"OBJECTID":1097924,"COUNTY":"NEVADA","CITY":"NCO","ZONE_NAME":null,"ZONE_ID":"US-CA-XNE-NCO-E379-A","STATUS":"Evacuation Order","EVENT_TYPE":null,"CRITICAL_INFO":null,"PUBLIC_INFO":null,"EDIT_DATE":1789602520000,"STATEWIDE_LAST_UPDATED":null,"NOTES":"Wildfire in the area of Boca Reservoir and West Hinton Road.. Evacuation mandatory in zone NCO-E379-A. Follow the directives of Law Enforcement in the area.  For more information go to https://protect.genasys.com/","SHAPE__Area":67183740.12109375,"SHAPE__Length":40834.110806747289,"GlobalID":"a463567b-6a22-460d-9315-6f9628b818ab","CreationDate":1789602633592,"Creator":"CalOES_Scripts","EditDate":1789602633592,"Editor":"CalOES_Scripts"}},{"type":"Feature","id":1097925,"geometry":{"type":"Polygon","coordinates":[[[-120.00464821,39.46566346],[-120.0068848,39.4622068],[-120.00704771,39.46195536],[-120.007161,39.4617805],[-120.0074319,39.4613335],[-120.0077061,39.4608443],[-120.0079414,39.4603687],[-120.0087131,39.4586956],[-120.0088528,39.4583872],[-120.0089576,39.4581182],[-120.0091003,39.4577036],[-120.0091948,39.4573052],[-120.0092768,39.4569088],[-120.0093337,39.4565406],[-120.0093605,39.4561774],[-120.0093696,39.4558058],[-120.0092125,39.4509321],[-120.0092024,39.4505056],[-120.0091965,39.4503225],[-120.0091888,39.4501558],[-120.0091947,39.4497622],[-120.0092264,39.4494129],[-120.0092844,39.4490809],[-120.0093998,39.4486278],[-120.0097912,39.4472654],[-120.010038,39.446469],[-120.0101851,39.4459978],[-120.0103155,39.4455385],[-120.0104115,39.4452709],[-120.01047161,39.44514146],[-120.01110582,39.44514124],[-120.03627558,39.4451327],[-120.05719661,39.44515022],[-120.05760729,39.44515056],[-120.0576077,39.44545479],[-120.05760862,39.4461362],[-120.05761013,39.44725689],[-120.05756313,39.45097217],[-120.05295596,39.45099134],[-120.05292266,39.45470879],[-120.05288938,39.45842607],[-120.05285607,39.46214324],[-120.04829007,39.46216922],[-120.04829079,39.46581386],[-120.04371193,39.46588992],[-120.03913305,39.46596585],[-120.03913305,39.46596668],[-120.00464821,39.46566346]]]},"properties":{"OBJECTID":1097925,"COUNTY":"SIERRA","CITY":"SIE","ZONE_NAME":null,"ZONE_ID":"US-CA-XSI-SIE-E100-B","STATUS":"Evacuation Warning","EVENT_TYPE":null,"CRITICAL_INFO":null,"PUBLIC_INFO":null,"EDIT_DATE":1789602669000,"STATEWIDE_LAST_UPDATED":null,"NOTES":"EVACUATION WARNING\n\nDue to the Floriston Fire, the following zones are being placed under an EVACUATION WARNING:\n\nSIE-E 100B\n\n Be prepared to evacuate if conditions change.","SHAPE__Area":14913237.90625,"SHAPE__Length":17182.057544051127,"GlobalID":"5fff056d-56b8-4dd6-aae3-13d0dec2ac0d","CreationDate":1789602933827,"Creator":"CalOES_Scripts","EditDate":1789602933827,"Editor":"CalOES_Scripts"}},{"type":"Feature","id":1097926,"geometry":{"type":"Polygon","coordinates":[[[-120.10509357,39.47289365],[-120.10508,39.472901],[-120.104882,39.473013],[-120.104769,39.473076],[-120.104682,39.47313],[-120.104607,39.473187],[-120.104465,39.473316],[-120.104402,39.473391],[-120.104284,39.47357],[-120.104233,39.473661],[-120.104199,39.473753],[-120.104155,39.473894],[-120.10405696,39.47426938],[-120.10310903,39.47700651],[-120.103013,39.477049],[-120.10294097,39.47706718],[-120.10226408,39.47703968],[-120.10179871,39.47702077],[-120.101791,39.477022],[-120.101686,39.477052],[-120.101521,39.477117],[-120.101434,39.477156],[-120.101346,39.477204],[-120.101232,39.477275],[-120.1011517,39.47733065],[-120.10013758,39.47841271],[-120.09999607,39.4785637],[-120.09793614,39.48065052],[-120.0978802,39.48070969],[-120.097131,39.481413],[-120.096893,39.481655],[-120.096841,39.481714],[-120.096802,39.481772],[-120.096764,39.48184],[-120.096734,39.481912],[-120.096706,39.482003],[-120.096674,39.482175],[-120.096671,39.482255],[-120.096675,39.482337],[-120.09668451,39.48239598],[-120.09660576,39.48283666],[-120.09630535,39.48313476],[-120.09632026,39.48314935],[-120.09750698,39.4843106],[-120.09764661,39.48439527],[-120.09870861,39.48503928],[-120.09937046,39.48702573],[-120.099398,39.487256],[-120.099385,39.48745],[-120.099361,39.487621],[-120.09934444,39.48769101],[-120.09894465,39.48866601],[-120.09807283,39.48970492],[-120.0976525,39.49020581],[-120.097623,39.490242],[-120.09744149,39.49048161],[-120.09702559,39.49120727],[-120.09667663,39.49181612],[-120.096402,39.492258],[-120.096149,39.492725],[-120.095827,39.493242],[-120.095577,39.493692],[-120.095518,39.493772],[-120.095451,39.49385],[-120.095368,39.493918],[-120.09530381,39.49396278],[-120.09386269,39.49463467],[-120.093768,39.494656],[-120.093681,39.494671],[-120.093591,39.494676],[-120.093194,39.494657],[-120.092428,39.494574],[-120.092117,39.494551],[-120.091907,39.494544],[-120.091647,39.494566],[-120.09156244,39.4945838],[-120.091495,39.494598],[-120.0913838,39.49462839],[-120.0899767,39.49524887],[-120.089819,39.495354],[-120.08980958,39.49536178],[-120.089733,39.495425],[-120.089672,39.495488],[-120.089617,39.495554],[-120.089564,39.495648],[-120.0895045,39.49581954],[-120.089487,39.49587],[-120.089455,39.496306],[-120.08943796,39.49645614],[-120.089413,39.496676],[-120.08939,39.496933],[-120.089301,39.49715],[-120.08908325,39.49762638],[-120.08901913,39.49775066],[-120.088223,39.499147],[-120.087911,39.499708],[-120.087862,39.499793],[-120.087809,39.499883],[-120.08767,39.500121],[-120.087637,39.500206],[-120.087602,39.500338],[-120.08759,39.500451],[-120.087594,39.500531],[-120.087611,39.500648],[-120.087663,39.500818],[-120.087702,39.500901],[-120.0882434,39.501788],[-120.088969,39.503039],[-120.089395,39.503732],[-120.089581,39.504053],[-120.08991,39.504593],[-120.09002,39.504751],[-120.09015,39.50489],[-120.090212,39.504949],[-120.090419,39.50513],[-120.090676,39.50533],[-120.090919,39.505531],[-120.091112,39.505709],[-120.0912049,39.5058032],[-120.091558,39.506161],[-120.091751,39.506366],[-120.091961,39.506574],[-120.092167,39.506762],[-120.091835,39.507086],[-120.091765,39.507163],[-120.091701,39.507218],[-120.091638,39.507264],[-120.091553,39.507312],[-120.09147,39.507349],[-120.091383,39.507379],[-120.091292,39.507402],[-120.091198,39.507418],[-120.090928,39.507438],[-120.090795,39.50746],[-120.090666,39.507493],[-120.090534,39.507534],[-120.090408,39.507597],[-120.089743,39.508077],[-120.089213,39.508498],[-120.089035,39.508634],[-120.088864,39.508773],[-120.088675,39.508899],[-120.08845,39.509025],[-120.088372,39.509079],[-120.088266,39.509139],[-120.088152,39.50919],[-120.0881022,39.5092074],[-120.088032,39.509232],[-120.087907,39.509264],[-120.087779,39.509285],[-120.087437,39.509309],[-120.08703,39.509321],[-120.086624,39.509368],[-120.086414,39.509402],[-120.08621,39.509445],[-120.085844,39.509544],[-120.08566,39.509605],[-120.085532,39.509663],[-120.085412,39.50973],[-120.085302,39.509807],[-120.085246,39.509857],[-120.085075,39.510025],[-120.08488,39.510193],[-120.084556,39.510441],[-120.084355,39.510623],[-120.08423,39.510756],[-120.0839615,39.5111005],[-120.08394,39.511128],[-120.083832,39.511202],[-120.083806,39.51122],[-120.083404,39.511452],[-120.083191,39.511607],[-120.082857,39.511927],[-120.082684,39.512118],[-120.08257,39.512274],[-120.082497,39.512411],[-120.082473,39.512522],[-120.082467,39.512695],[-120.082452,39.512769],[-120.082437,39.512806],[-120.082393,39.512873],[-120.082331,39.512932],[-120.082295,39.512958],[-120.082213,39.512999],[-120.082049,39.513066],[-120.081915,39.513112],[-120.081797,39.513165],[-120.081687,39.513227],[-120.081585,39.513299],[-120.081514,39.513361],[-120.081429,39.513461],[-120.081361,39.513557],[-120.081303,39.513652],[-120.081259,39.513754],[-120.081179,39.514076],[-120.08116,39.514173],[-120.081132,39.514277],[-120.081093,39.514369],[-120.081043,39.514457],[-120.080981,39.51454],[-120.080908,39.514619],[-120.080825,39.51469],[-120.080754,39.514741],[-120.080513,39.514854],[-120.080402,39.514913],[-120.080268,39.514997],[-120.079986,39.515215],[-120.079826,39.515376],[-120.0796,39.515617],[-120.079359,39.515838],[-120.079246,39.515951],[-120.079163,39.51605],[-120.079127,39.516102],[-120.079067,39.516208],[-120.079021,39.516318],[-120.07899,39.516432],[-120.078973,39.516586],[-120.078972,39.516845],[-120.078961,39.516902],[-120.078934,39.516957],[-120.078893,39.517006],[-120.078751,39.517132],[-120.078646,39.517219],[-120.078595,39.517275],[-120.07855,39.51734],[-120.078492,39.517436],[-120.078417,39.517531],[-120.07833,39.517656],[-120.078236,39.517781],[-120.077885,39.518123],[-120.077799,39.518224],[-120.077718,39.518336],[-120.077665,39.518423],[-120.07764,39.518502],[-120.077623,39.518595],[-120.077613,39.518845],[-120.077644,39.519015],[-120.077639,39.519093],[-120.077629,39.519131],[-120.077593,39.519203],[-120.077539,39.519269],[-120.077468,39.519324],[-120.077284,39.519418],[-120.077234,39.519453],[-120.07719,39.519491],[-120.077151,39.519533],[-120.077118,39.519578],[-120.077091,39.519625],[-120.07707,39.519674],[-120.077056,39.519725],[-120.077049,39.519782],[-120.077048,39.519932],[-120.077068,39.520096],[-120.077097,39.520232],[-120.077094,39.520278],[-120.077079,39.520322],[-120.077036,39.520381],[-120.076971,39.520426],[-120.076919,39.520447],[-120.076862,39.520459],[-120.076787,39.52046],[-120.076693,39.520446],[-120.076574,39.520436],[-120.076454,39.520436],[-120.076335,39.520446],[-120.076218,39.520466],[-120.076104,39.520495],[-120.075944,39.520554],[-120.075787,39.520639],[-120.075503,39.520843],[-120.075237,39.521073],[-120.075066,39.521215],[-120.074816,39.5215],[-120.07472,39.521646],[-120.074584,39.521809],[-120.074398,39.522013],[-120.074207,39.522214],[-120.074,39.52246],[-120.073799,39.522674],[-120.073613,39.52286],[-120.073298,39.523154],[-120.073038,39.523384],[-120.072335,39.523942],[-120.0721,39.524135],[-120.071497,39.52466],[-120.071178,39.525038],[-120.071016,39.525206],[-120.070893,39.525314],[-120.070566,39.525531],[-120.070465,39.525604],[-120.070099,39.526057],[-120.070056,39.526153],[-120.069944,39.52637],[-120.069816,39.526762],[-120.069777,39.527038],[-120.069748,39.527195],[-120.069705,39.527354],[-120.069655,39.527465],[-120.069559,39.527633],[-120.069441,39.527793],[-120.069302,39.527942],[-120.069183,39.528047],[-120.069003,39.528176],[-120.068224,39.528592],[-120.067979,39.528736],[-120.067898,39.528795],[-120.067799,39.528876],[-120.067662,39.529019],[-120.067486,39.529232],[-120.067441,39.529296],[-120.067294,39.52946],[-120.067184,39.52957],[-120.06704,39.529696],[-120.06684676,39.52989143],[-120.06681433,39.5276319],[-120.06222722,39.52766617],[-120.06219203,39.52402314],[-120.06215683,39.52038003],[-120.05760176,39.52041263],[-120.05758193,39.51673388],[-120.05302868,39.51677276],[-120.05301069,39.51310017],[-120.05299269,39.50942742],[-120.04844317,39.50947866],[-120.04842701,39.50581224],[-120.04382424,39.50586068],[-120.043814,39.50223851],[-120.04380368,39.49861624],[-120.03920525,39.49866765],[-120.03919702,39.4950464],[-120.03918877,39.49142515],[-120.04378285,39.49137107],[-120.04376618,39.48773299],[-120.04374951,39.48409479],[-120.04373285,39.48045629],[-120.04371618,39.47681771],[-120.03913952,39.47688769],[-120.03913735,39.47324738],[-120.03913628,39.47142723],[-120.03913521,39.46960708],[-120.03913305,39.46596585],[-120.04371193,39.46588992],[-120.04829079,39.46581386],[-120.04829007,39.46216922],[-120.05285607,39.46214324],[-120.05288938,39.45842607],[-120.05292266,39.45470879],[-120.05295596,39.45099134],[-120.05756313,39.45097217],[-120.05761013,39.44725689],[-120.05760862,39.4461362],[-120.0576077,39.44545479],[-120.05760729,39.44515056],[-120.06971307,39.4451607],[-120.08519952,39.44511758],[-120.09595559,39.44514103],[-120.10016475,39.4451502],[-120.10027619,39.4454634],[-120.10026132,39.4457198],[-120.10024612,39.4460482],[-120.10034552,39.44624427],[-120.10062012,39.44652147],[-120.10114612,39.44691747],[-120.10154299,39.4471526],[-120.10183292,39.44732647],[-120.10201619,39.4475608],[-120.10204652,39.44777767],[-120.10215332,39.4479156],[-120.10236699,39.44812347],[-120.10271032,39.4483888],[-120.10293139,39.44853847],[-120.10321372,39.44898247],[-120.10336659,39.44928807],[-120.10341992,39.44961367],[-120.10352652,39.4498776],[-120.10360312,39.4501858],[-120.10363372,39.45056947],[-120.10359112,39.4507136],[-120.10342312,39.45086907],[-120.10333759,39.4511216],[-120.10306699,39.4520084],[-120.10316039,39.4521072],[-120.10294132,39.4522168],[-120.10277219,39.45260527],[-120.10273872,39.4527426],[-120.10288599,39.452821],[-120.10262939,39.45296],[-120.10247139,39.4532798],[-120.10220072,39.45376507],[-120.10169079,39.45417967],[-120.10116879,39.45468467],[-120.10102579,39.4549098],[-120.10100979,39.455298],[-120.10101479,39.45531614],[-120.10110172,39.4556326],[-120.10132232,39.4557998],[-120.10128312,39.4558874],[-120.10140459,39.45604587],[-120.10173959,39.4562916],[-120.10212839,39.45644807],[-120.10261692,39.45648607],[-120.10277199,39.4563766],[-120.10285599,39.45649207],[-120.10322112,39.45654867],[-120.10371979,39.4568762],[-120.10406139,39.4570708],[-120.10392039,39.4571402],[-120.10398932,39.457293],[-120.10408579,39.45778307],[-120.10423659,39.4578724],[-120.10406659,39.45797687],[-120.10407892,39.45811747],[-120.10406139,39.4584752],[-120.10409346,39.45855054],[-120.10411719,39.4586062],[-120.10437632,39.45866647],[-120.10460959,39.458681],[-120.10493119,39.45856987],[-120.10503279,39.4586808],[-120.10521512,39.45871547],[-120.10545759,39.4586956],[-120.10540359,39.4588022],[-120.10549332,39.458921],[-120.10556599,39.459117],[-120.10556159,39.45913034],[-120.10552592,39.4592378],[-120.10545752,39.45943427],[-120.10535019,39.45953527],[-120.10532012,39.45957947],[-120.10531212,39.45968287],[-120.10510659,39.4600156],[-120.10502252,39.46018467],[-120.10502212,39.4604234],[-120.10502979,39.4604822],[-120.10509672,39.4605514],[-120.10521299,39.4606714],[-120.10555652,39.46088267],[-120.10601419,39.4610562],[-120.10616659,39.46130327],[-120.10619719,39.46137147],[-120.10619732,39.46149307],[-120.10606032,39.4619402],[-120.10604459,39.4623722],[-120.10612112,39.4625768],[-120.10617439,39.4627628],[-120.10629672,39.46298647],[-120.10644199,39.463247],[-120.10652532,39.4634472],[-120.10651019,39.463618],[-120.10643372,39.4638504],[-120.10639572,39.4638944],[-120.10622059,39.46399807],[-120.10563279,39.4641772],[-120.10535072,39.4642918],[-120.10519059,39.4644544],[-120.10487759,39.46469887],[-120.10467172,39.464901],[-120.10441232,39.46509267],[-120.10415312,39.46532047],[-120.10381732,39.46556887],[-120.10371072,39.46574187],[-120.10372559,39.46583687],[-120.10365852,39.46613387],[-120.10345979,39.46639127],[-120.10319472,39.46679867],[-120.10301619,39.46719747],[-120.10300099,39.46759787],[-120.10301772,39.467756],[-120.10304339,39.4679954],[-120.10304639,39.468027],[-120.10313092,39.4682858],[-120.10329099,39.468488],[-120.10347379,39.4685962],[-120.10349712,39.4686328],[-120.10351179,39.46871427],[-120.10351219,39.46888087],[-120.10342079,39.46917587],[-120.10342052,39.46927047],[-120.10352772,39.469611],[-120.10358072,39.469752],[-120.10363419,39.4698614],[-120.10364991,39.46998664],[-120.10366912,39.47013967],[-120.10361366,39.47018634],[-120.10359344,39.47028724],[-120.10355283,39.47057744],[-120.10352031,39.47075101],[-120.10366678,39.47099108],[-120.10374579,39.47125346],[-120.10376432,39.471315],[-120.10445052,39.47205727],[-120.10504592,39.4727478],[-120.10509357,39.47289365]]]},"properties":{"OBJECTID":1097926,"COUNTY":"SIERRA","CITY":"SIE","ZONE_NAME":null,"ZONE_ID":"US-CA-XSI-SIE-E099","STATUS":"Evacuation Warning","EVENT_TYPE":null,"CRITICAL_INFO":null,"PUBLIC_INFO":null,"EDIT_DATE":1789602866000,"STATEWIDE_LAST_UPDATED":null,"NOTES":"EVACUATION WARNING\n\nDue to the Floriston Fire, the following zones are being placed under an EVACUATION WARNING:\n\nSIE-E 099 \n\n Be prepared to evacuate if conditions change.","SHAPE__Area":60464949.63671875,"SHAPE__Length":38902.548642201182,"GlobalID":"3d3983f6-2c3e-40a0-b671-3a1c21779040","CreationDate":1789602933827,"Creator":"CalOES_Scripts","EditDate":1789602933827,"Editor":"CalOES_Scripts"}},{"type":"Feature","id":1097927,"geometry":{"type":"Polygon","coordinates":[[[-121.59823567,36.29649579],[-121.59804752,36.29624996],[-121.59802674,36.29623053],[-121.59764317,36.29587186],[-121.59708287,36.29549977],[-121.59604064,36.29520249],[-121.5956531,36.29507604],[-121.59538544,36.29498871],[-121.59522983,36.29485725],[-121.59489199,36.29457185],[-121.59451159,36.2943053],[-121.59402637,36.29432398],[-121.59354952,36.2944393],[-121.59295443,36.29440743],[-121.59278499,36.29440151],[-121.59218865,36.29438067],[-121.59161348,36.29434657],[-121.59112744,36.29435121],[-121.59038393,36.29440794],[-121.58998535,36.29442327],[-121.58936221,36.29434983],[-121.58927716,36.29435373],[-121.58868071,36.29438909],[-121.58816248,36.29443714],[-121.58805781,36.2944209],[-121.58766695,36.29436025],[-121.58757779,36.29429949],[-121.58725399,36.29405027],[-121.58716494,36.29396158],[-121.58699574,36.29379306],[-121.58691695,36.2937739],[-121.58669621,36.29372022],[-121.58665407,36.29372184],[-121.58643627,36.29373021],[-121.58604263,36.2938297],[-121.58593615,36.29386036],[-121.58547899,36.29399197],[-121.58465995,36.2942944],[-121.58445898,36.2943686],[-121.5842099,36.29441296],[-121.58375422,36.2944941],[-121.58319275,36.29457443],[-121.58308248,36.29459021],[-121.58271939,36.29461821],[-121.58257595,36.29462372],[-121.58221683,36.29463752],[-121.58199155,36.29464617],[-121.58163009,36.29470223],[-121.58153684,36.29473831],[-121.5813074,36.2948271],[-121.58068847,36.29493522],[-121.58039797,36.29501667],[-121.58023711,36.29500127],[-121.58008358,36.29498656],[-121.57931532,36.29472515],[-121.57916552,36.29464819],[-121.57833597,36.29421003],[-121.57820395,36.29417662],[-121.57812389,36.29415637],[-121.57741923,36.29397806],[-121.57701408,36.29388113],[-121.57606269,36.29365048],[-121.57588447,36.29357295],[-121.57569229,36.29325694],[-121.57556195,36.29310727],[-121.57512799,36.29281459],[-121.57490979,36.29271866],[-121.57453971,36.29255595],[-121.57439248,36.29249726],[-121.57386396,36.29228659],[-121.57344324,36.2919231],[-121.57322462,36.29174869],[-121.57262979,36.29137781],[-121.57219257,36.291029],[-121.57186517,36.29047914],[-121.57175299,36.29034283],[-121.57156155,36.29033611],[-121.57134113,36.29037671],[-121.57091208,36.29051565],[-121.57054981,36.29055765],[-121.57008021,36.29053919],[-121.56957909,36.29044928],[-121.56949772,36.29040598],[-121.56937199,36.29033907],[-121.56900552,36.28999868],[-121.56851632,36.28880646],[-121.56800093,36.28810258],[-121.56768993,36.28777483],[-121.5674933,36.28753131],[-121.56723075,36.28740845],[-121.56703147,36.28734883],[-121.5666181,36.28722515],[-121.56555488,36.28682281],[-121.56440856,36.28624642],[-121.5638627,36.28595718],[-121.56320507,36.28562791],[-121.5629556,36.28536655],[-121.56279708,36.28520048],[-121.56276074,36.28516426],[-121.56252595,36.28493026],[-121.56239097,36.2844924],[-121.56221422,36.28409326],[-121.56207587,36.28378083],[-121.56187341,36.28337802],[-121.56163067,36.28289508],[-121.56158065,36.28279556],[-121.56149769,36.2823114],[-121.5613011,36.28206786],[-121.56115394,36.28173383],[-121.56095235,36.28109176],[-121.5608009,36.28068405],[-121.5605619,36.28033876],[-121.56025714,36.27980401],[-121.56010382,36.27967696],[-121.55992471,36.27965244],[-121.55968341,36.27962928],[-121.55927801,36.27959037],[-121.55883008,36.2794155],[-121.55839606,36.27916626],[-121.55812669,36.2789255],[-121.55790441,36.27879285],[-121.55782435,36.27874507],[-121.55748679,36.27851029],[-121.55714792,36.27809159],[-121.55680662,36.27786834],[-121.55652421,36.27771668],[-121.55621931,36.27749204],[-121.55533396,36.27700897],[-121.554545,36.2764048],[-121.55448642,36.27625984],[-121.55386884,36.27573098],[-121.55378551,36.27560082],[-121.55370353,36.27536481],[-121.55365062,36.27522747],[-121.55340558,36.27508643],[-121.55332927,36.27499793],[-121.55333921,36.27480959],[-121.55329829,36.27474253],[-121.55303671,36.27462586],[-121.55289672,36.27454691],[-121.55280762,36.27444217],[-121.55278498,36.27430699],[-121.55275489,36.27422561],[-121.55258247,36.27412041],[-121.55253413,36.27405695],[-121.55245067,36.27393904],[-121.55233249,36.27387757],[-121.55220052,36.2738386],[-121.55209414,36.27379255],[-121.55207635,36.27374198],[-121.55210424,36.27365777],[-121.55217256,36.27357661],[-121.55217738,36.27352686],[-121.55212206,36.27347357],[-121.55191753,36.27332734],[-121.55185917,36.27326981],[-121.551848,36.27322433],[-121.55200215,36.2730367],[-121.55228055,36.2727951],[-121.55249506,36.2725759],[-121.55301769,36.27230634],[-121.55325597,36.27220113],[-121.55330458,36.27215828],[-121.55330422,36.27209819],[-121.55327475,36.27203611],[-121.55313361,36.27181575],[-121.55309947,36.27173418],[-121.55314128,36.27158752],[-121.55329899,36.27132489],[-121.55328275,36.27122334],[-121.55322283,36.27115187],[-121.55311878,36.27114326],[-121.55301091,36.27119915],[-121.55283252,36.2713676],[-121.55269493,36.27147998],[-121.55255297,36.27156152],[-121.55228406,36.27160979],[-121.55211132,36.27171104],[-121.55199475,36.27177233],[-121.55185703,36.27179183],[-121.55165621,36.27173128],[-121.5515931,36.27167646],[-121.55154844,36.27159381],[-121.55155926,36.27131697],[-121.55153594,36.27121846],[-121.55138646,36.27108256],[-121.55127894,36.27091439],[-121.55118465,36.27080283],[-121.55091083,36.27057916],[-121.55063907,36.27040623],[-121.55021466,36.27035396],[-121.55010463,36.27029492],[-121.54999188,36.2701832],[-121.54989585,36.27010698],[-121.54972251,36.2700495],[-121.54955326,36.27003635],[-121.54940024,36.27009321],[-121.54925212,36.2702009],[-121.54908274,36.27029991],[-121.54889136,36.2704229],[-121.54857844,36.27057246],[-121.54842042,36.27061855],[-121.54829462,36.27061995],[-121.54777349,36.27029931],[-121.54764084,36.27018981],[-121.5475657,36.27006175],[-121.54745318,36.26994628],[-121.54729982,36.2697889],[-121.54709462,36.26968855],[-121.5468936,36.26964018],[-121.54667366,36.2696313],[-121.54653476,36.26961914],[-121.54645744,36.26957377],[-121.54649887,36.2693116],[-121.54665017,36.26900526],[-121.54683319,36.26883018],[-121.546924,36.26867548],[-121.54708844,36.26843547],[-121.54715926,36.26829407],[-121.54714758,36.26823292],[-121.54707345,36.26816135],[-121.54681003,36.26799979],[-121.54656976,36.26780637],[-121.54644629,36.26773064],[-121.54639961,36.26768461],[-121.5463984,36.26759841],[-121.54649155,36.2675307],[-121.54685509,36.26730752],[-121.54733137,36.26703601],[-121.54735668,36.26692557],[-121.54737929,36.26671248],[-121.54745603,36.26658147],[-121.54786418,36.26629707],[-121.5483524,36.26583586],[-121.54840143,36.26576274],[-121.5483763,36.26554652],[-121.5484601,36.26533188],[-121.54846207,36.2652443],[-121.5483724,36.26509514],[-121.54828139,36.26480139],[-121.5482216,36.26474911],[-121.54811613,36.26472103],[-121.54798716,36.26470842],[-121.54781869,36.26473754],[-121.54741615,36.26475988],[-121.54725549,36.26478032],[-121.54715753,36.26474454],[-121.54710843,36.26467374],[-121.54697434,36.26442187],[-121.5471845,36.26404171],[-121.5472113,36.26388174],[-121.54725746,36.2637077],[-121.54726412,36.26356646],[-121.5471543,36.26341466],[-121.54691249,36.26327223],[-121.54656427,36.26323006],[-121.54643604,36.2631074],[-121.5463127,36.263065],[-121.54612679,36.26302972],[-121.54612571,36.26294966],[-121.54622465,36.26287143],[-121.54656518,36.26271727],[-121.54759191,36.26230838],[-121.54803631,36.26233686],[-121.54925272,36.26218088],[-121.54938651,36.26212165],[-121.5494643,36.26204261],[-121.5498752,36.26177408],[-121.54995977,36.26169649],[-121.54999008,36.26163705],[-121.54998162,36.26157583],[-121.54992454,36.26150782],[-121.5495895,36.26122761],[-121.54954336,36.26114891],[-121.54958627,36.26108005],[-121.5497204,36.26103797],[-121.55017971,36.26095102],[-121.55026662,36.26089558],[-121.55026239,36.26066835],[-121.55037115,36.26049226],[-121.55038172,36.26032052],[-121.5502902,36.26018829],[-121.5502719,36.26012206],[-121.55030976,36.26004678],[-121.55046481,36.25990496],[-121.55051453,36.25965045],[-121.55048765,36.25955497],[-121.55032461,36.25936842],[-121.55021652,36.25922051],[-121.55026149,36.25914642],[-121.55038923,36.25906578],[-121.55064003,36.25891623],[-121.55067443,36.25886968],[-121.55062878,36.25870736],[-121.55067396,36.25859759],[-121.55087828,36.25839628],[-121.55090758,36.25835515],[-121.5509026,36.25830169],[-121.55074307,36.25806082],[-121.55072424,36.25792928],[-121.55092671,36.25771762],[-121.5510045,36.25762146],[-121.55104503,36.25734239],[-121.55098571,36.25709799],[-121.55080379,36.25686283],[-121.55075002,36.25679735],[-121.5507724,36.256742],[-121.55098932,36.25656881],[-121.55123276,36.25641725],[-121.55133483,36.25630792],[-121.55150548,36.25605211],[-121.55159314,36.25597053],[-121.5517166,36.25589863],[-121.55222439,36.2556434],[-121.55239935,36.25556778],[-121.55264968,36.2555036],[-121.55280653,36.25546625],[-121.55293224,36.2554139],[-121.55308016,36.25530098],[-121.55354242,36.25513294],[-121.55368886,36.25502396],[-121.55380297,36.25481509],[-121.55392141,36.25459045],[-121.55392222,36.25446762],[-121.55389712,36.25439108],[-121.55364672,36.25423187],[-121.55353604,36.25412415],[-121.55361306,36.25399351],[-121.5536929,36.2538655],[-121.55377557,36.25374012],[-121.55386106,36.25361737],[-121.55394938,36.25349724],[-121.55404053,36.25337974],[-121.55413451,36.25326488],[-121.55423131,36.25315263],[-121.55433094,36.25304302],[-121.55443339,36.25293604],[-121.55453867,36.25283168],[-121.55464678,36.25272995],[-121.55475771,36.25263085],[-121.55487148,36.25253438],[-121.55498806,36.25244054],[-121.55510748,36.25234932],[-121.55518019,36.252298],[-121.55525796,36.25224845],[-121.55534095,36.2522006],[-121.55542938,36.2521543],[-121.55552338,36.25210948],[-121.55562343,36.2520659],[-121.55573001,36.25202335],[-121.55584382,36.25198156],[-121.55594127,36.25194824],[-121.55604484,36.25191491],[-121.55615557,36.25188121],[-121.55627559,36.2518465],[-121.55650112,36.25178489],[-121.5570422,36.25164277],[-121.55718379,36.25160377],[-121.55730968,36.2515674],[-121.55743947,36.25152761],[-121.55755869,36.25148836],[-121.55766935,36.25144901],[-121.55777247,36.25140918],[-121.55787664,36.25136512],[-121.55797358,36.25131985],[-121.55806379,36.25127313],[-121.55814762,36.25122479],[-121.55822541,36.25117461],[-121.5582973,36.25112251],[-121.55836344,36.25106837],[-121.55842395,36.25101207],[-121.55847094,36.25096362],[-121.55851641,36.25091318],[-121.55856037,36.25086074],[-121.55860285,36.25080627],[-121.55864385,36.25074976],[-121.55868341,36.25069118],[-121.55872153,36.25063049],[-121.55875824,36.25056768],[-121.55879352,36.25050277],[-121.55882744,36.25043564],[-121.55886002,36.25036627],[-121.55889128,36.25029457],[-121.55892126,36.25022051],[-121.55894999,36.25014399],[-121.55897751,36.25006491],[-121.55900385,36.24998317],[-121.55904853,36.24982853],[-121.55908987,36.24966362],[-121.55912824,36.24948695],[-121.55916431,36.24929541],[-121.55919189,36.24912984],[-121.55921967,36.24894549],[-121.55930817,36.24829216],[-121.5593452,36.24804033],[-121.55935609,36.24796279],[-121.55936463,36.2478831],[-121.55937085,36.24780112],[-121.55937476,36.24771663],[-121.55937637,36.24762949],[-121.5593757,36.24753927],[-121.55937273,36.24744557],[-121.55936746,36.24734777],[-121.55935363,36.2471756],[-121.55933283,36.24698312],[-121.5593089,36.24679522],[-121.55924514,36.24632759],[-121.55921598,36.2460794],[-121.55920405,36.2459508],[-121.55919566,36.24583122],[-121.55919066,36.24571846],[-121.559189,36.24561139],[-121.55919137,36.24548958],[-121.55919853,36.24537366],[-121.55921052,36.24526288],[-121.55922738,36.24515675],[-121.55924923,36.24505473],[-121.5592761,36.24495664],[-121.55930807,36.24486222],[-121.5593452,36.24477128],[-121.55938624,36.24468371],[-121.55943154,36.24459587],[-121.55948107,36.24450778],[-121.55953484,36.24441946],[-121.55959284,36.2443309],[-121.55965504,36.24424213],[-121.55972145,36.24415318],[-121.55979205,36.24406404],[-121.55986684,36.24397473],[-121.55994579,36.24388529],[-121.56002888,36.24379573],[-121.56011609,36.24370608],[-121.56020739,36.24361636],[-121.56030276,36.2435266],[-121.56040217,36.24343683],[-121.56050558,36.24334708],[-121.56061345,36.24325698],[-121.56072527,36.24316697],[-121.560841,36.2430771],[-121.56096057,36.2429874],[-121.56108394,36.24289792],[-121.56121101,36.24280873],[-121.56134171,36.24271987],[-121.56147593,36.24263142],[-121.56161378,36.24254331],[-121.56175493,36.24245577],[-121.56189925,36.24236886],[-121.56204656,36.24228271],[-121.56219673,36.24219738],[-121.56234948,36.24211305],[-121.56250456,36.24202983],[-121.56266167,36.2419479],[-121.56275682,36.24190113],[-121.56285633,36.24185641],[-121.56296041,36.24181364],[-121.56306935,36.2417727],[-121.56318332,36.24173353],[-121.56330295,36.24169589],[-121.5634288,36.24165961],[-121.56356175,36.24162444],[-121.56367419,36.24159685],[-121.56379289,36.24156954],[-121.56391909,36.24154221],[-121.56405523,36.24151435],[-121.56431002,36.24146543],[-121.56493091,36.24135137],[-121.56509814,36.24131891],[-121.56524786,36.2412882],[-121.5654048,36.24125377],[-121.56555049,36.24121921],[-121.56568735,36.24118395],[-121.56581668,36.24114764],[-121.5659498,36.24110668],[-121.56607602,36.24106391],[-121.56619598,36.2410191],[-121.56631012,36.24097209],[-121.56641893,36.24092267],[-121.56652255,36.24087078],[-121.56662123,36.24081628],[-121.56671514,36.24075908],[-121.56690115,36.24063735],[-121.56707038,36.24052081],[-121.56722566,36.24040748],[-121.56736805,36.24029661],[-121.56743489,36.2402417],[-121.56749872,36.24018721],[-121.5675596,36.24013312],[-121.56761755,36.24007938],[-121.56767261,36.24002595],[-121.5677248,36.23997284],[-121.56777414,36.23992001],[-121.56782064,36.23986745],[-121.56787079,36.2398055],[-121.56791742,36.23974041],[-121.5679606,36.23967206],[-121.56800045,36.23960028],[-121.56803703,36.23952495],[-121.56807052,36.23944574],[-121.56810107,36.23936231],[-121.56812884,36.23927418],[-121.56815102,36.23919274],[-121.56817141,36.23910657],[-121.5681902,36.23901485],[-121.56820773,36.23891597],[-121.56823645,36.23872025],[-121.56828297,36.23834276],[-121.56830373,36.23818914],[-121.56832917,36.23803134],[-121.56835704,36.23789156],[-121.56837599,36.23781156],[-121.56839645,36.23773549],[-121.56841858,36.23766286],[-121.56844248,36.23759331],[-121.56846828,36.2375265],[-121.56849602,36.2374623],[-121.56852579,36.23740055],[-121.56855763,36.23734111],[-121.56869517,36.23710061],[-121.56881606,36.23689672],[-121.56893148,36.23671065],[-121.56904338,36.23653936],[-121.56915512,36.23637792],[-121.56926577,36.2362279],[-121.56937594,36.23608847],[-121.56948598,36.23595921],[-121.56954204,36.2358972],[-121.56959817,36.23583771],[-121.56965439,36.23578071],[-121.56971071,36.23572618],[-121.56976717,36.23567411],[-121.56982377,36.23562448],[-121.56988052,36.23557728],[-121.56993744,36.2355325],[-121.56999456,36.23549012],[-121.57005187,36.23545014],[-121.57010938,36.23541257],[-121.57016709,36.23537739],[-121.57022501,36.2353446],[-121.57028315,36.23531419],[-121.57034152,36.23528618],[-121.57040012,36.23526054],[-121.57046303,36.23523578],[-121.57052826,36.23521293],[-121.57059582,36.23519198],[-121.57066573,36.23517293],[-121.57073799,36.23515578],[-121.57081264,36.23514052],[-121.57088969,36.23512714],[-121.57096919,36.23511564],[-121.57105109,36.23510602],[-121.57113549,36.23509827],[-121.57122243,36.23509238],[-121.57131196,36.23508836],[-121.57140413,36.23508619],[-121.57149901,36.23508588],[-121.57159668,36.23508743],[-121.57169725,36.23509083],[-121.57179499,36.23509575],[-121.57189553,36.23510234],[-121.57210561,36.23512056],[-121.5723289,36.2351456],[-121.57256826,36.23517779],[-121.57280465,36.23521392],[-121.57306677,36.23525783],[-121.57331804,36.23530253],[-121.57390084,36.23540915],[-121.57400356,36.23542889],[-121.57410766,36.23545156],[-121.57421338,36.23547721],[-121.574321,36.23550591],[-121.57443071,36.2355377],[-121.57454312,36.23557275],[-121.57465877,36.23561124],[-121.57477848,36.23565343],[-121.57498034,36.23572928],[-121.57520395,36.23581879],[-121.57541619,36.2359074],[-121.57591917,36.23612141],[-121.57617196,36.23622547],[-121.57629527,36.23627416],[-121.5764118,36.23631854],[-121.57652336,36.23635929],[-121.57663094,36.23639678],[-121.57673398,36.23643085],[-121.57683445,36.23646218],[-121.57693276,36.2364909],[-121.57702922,36.23651711],[-121.57712418,36.2365409],[-121.57721778,36.23656229],[-121.57731019,36.23658133],[-121.57740157,36.23659806],[-121.57747804,36.2366103],[-121.57755656,36.23662119],[-121.57763729,36.23663074],[-121.57772045,36.23663898],[-121.5778062,36.23664593],[-121.57789497,36.23665163],[-121.57808356,36.2366594],[-121.57824877,36.23666225],[-121.57843378,36.23666223],[-121.57904149,36.23665248],[-121.57926137,36.23665084],[-121.57947336,36.23665312],[-121.57966355,36.23665995],[-121.57975952,36.23666558],[-121.57985187,36.23667264],[-121.57994106,36.23668115],[-121.58002742,36.23669115],[-121.5801113,36.23670267],[-121.58019284,36.23671575],[-121.5802722,36.23673041],[-121.58034955,36.23674667],[-121.58087466,36.23686217],[-121.58103037,36.23689849],[-121.58116944,36.23693296],[-121.581311,36.23697071],[-121.58144168,36.23700864],[-121.58156335,36.23704729],[-121.58167694,36.23708695],[-121.58178988,36.23713061],[-121.58189497,36.23717591],[-121.58199259,36.23722302],[-121.58208302,36.23727206],[-121.58216651,36.23732319],[-121.58224315,36.23737646],[-121.58231304,36.23743195],[-121.58237628,36.23748972],[-121.5823963,36.2375107],[-121.58241544,36.23753338],[-121.58243375,36.23755782],[-121.58245126,36.23758407],[-121.58248408,36.23764227],[-121.58251451,36.23770905],[-121.58253825,36.23777144],[-121.58256191,36.2378434],[-121.58263179,36.23808964],[-121.58265927,36.23817826],[-121.58269049,36.23826235],[-121.58270662,36.23829894],[-121.58272335,36.23833251],[-121.58274407,36.23836859],[-121.58276598,36.23840114],[-121.58278922,36.23843035],[-121.58281392,36.23845635],[-121.58284019,36.23847927],[-121.58286808,36.23849915],[-121.58289767,36.23851604],[-121.58292903,36.23852999],[-121.58296478,36.23854239],[-121.58300363,36.23855316],[-121.58304555,36.23856229],[-121.58309053,36.23856976],[-121.58313853,36.23857558],[-121.58318953,36.23857974],[-121.58324349,36.23858223],[-121.58330035,36.23858307],[-121.58336027,36.23858223],[-121.58342298,36.23857971],[-121.58348838,36.23857553],[-121.58355636,36.23856967],[-121.58369954,36.23855301],[-121.58385027,36.23852999],[-121.58390693,36.23851816],[-121.58396301,36.23850203],[-121.58401864,36.23848156],[-121.58407395,36.23845669],[-121.58412905,36.2384274],[-121.58418422,36.23839352],[-121.58423973,36.23835491],[-121.58429597,36.2383113],[-121.58434178,36.23827258],[-121.58438875,36.23823009],[-121.58443737,36.23818341],[-121.58448857,36.23813162],[-121.58458141,36.23803239],[-121.58479736,36.23779304],[-121.58485434,36.23773249],[-121.58490643,36.23767953],[-121.58496066,36.2376274],[-121.58501262,36.2375808],[-121.58506316,36.237539],[-121.58511272,36.23750162],[-121.58516217,36.23746805],[-121.58521128,36.23743852],[-121.58526027,36.2374129],[-121.5853093,36.23739111],[-121.58535855,36.23737305],[-121.5854081,36.23735872],[-121.58545806,36.23734808],[-121.58550851,36.23734111],[-121.58555221,36.23733753],[-121.58559752,36.23733547],[-121.58564452,36.23733494],[-121.58569332,36.23733593],[-121.58579677,36.23734246],[-121.58590961,36.2373552],[-121.58601484,36.23737109],[-121.58613329,36.23739234],[-121.58650032,36.2374676],[-121.586614,36.23748972],[-121.58675025,36.23751785],[-121.58688716,36.23755204],[-121.58702501,36.23759239],[-121.58716418,36.23763899],[-121.5873049,36.2376919],[-121.58744794,36.23775142],[-121.58759395,36.2378178],[-121.58774396,36.23789152],[-121.58786798,36.23795634],[-121.58799645,36.23802684],[-121.58813069,36.23810372],[-121.58827329,36.23818847],[-121.58853537,36.23835047],[-121.58915944,36.23874631],[-121.58932717,36.2388494],[-121.58947934,36.23893987],[-121.5896402,36.23903145],[-121.58979268,36.23911366],[-121.58993933,36.23918784],[-121.5900815,36.2392547],[-121.59023028,36.23931886],[-121.59037607,36.23937556],[-121.5904481,36.23940121],[-121.59051963,36.2394251],[-121.59059074,36.23944724],[-121.59066148,36.23946765],[-121.59073198,36.23948637],[-121.59080221,36.23950339],[-121.59087222,36.23951872],[-121.59094204,36.23953236],[-121.59101172,36.23954433],[-121.59108129,36.23955463],[-121.59115078,36.23956326],[-121.59122022,36.23957024],[-121.59145567,36.2395892],[-121.59166957,36.23960243],[-121.59186861,36.23961032],[-121.59205476,36.23961294],[-121.59223049,36.23961028],[-121.59231424,36.23960696],[-121.59239534,36.2396023],[-121.59247386,36.2395963],[-121.59254982,36.23958896],[-121.59262326,36.23958027],[-121.59269421,36.23957024],[-121.59276082,36.23955877],[-121.59282681,36.23954495],[-121.5928922,36.23952876],[-121.59295704,36.2395102],[-121.59302134,36.23948926],[-121.59308517,36.23946591],[-121.59314856,36.23944015],[-121.59321157,36.23941195],[-121.59327415,36.23938133],[-121.59333647,36.23934824],[-121.59339859,36.23931262],[-121.59346057,36.23927445],[-121.59352249,36.23923368],[-121.59358446,36.23919023],[-121.59364659,36.23914404],[-121.59370901,36.23909501],[-121.59381164,36.23900876],[-121.5939163,36.23891394],[-121.59402407,36.23880956],[-121.59413699,36.23869363],[-121.5942363,36.23858699],[-121.59434547,36.23846577],[-121.59472311,36.2380332],[-121.59487433,36.23786359],[-121.59503155,36.23769505],[-121.5951053,36.23761961],[-121.59517699,36.23754883],[-121.59526065,36.23746969],[-121.59534283,36.23739578],[-121.59542405,36.23732664],[-121.59550466,36.23726197],[-121.59558505,36.23720146],[-121.59566535,36.23714504],[-121.59574576,36.23709255],[-121.59582643,36.23704389],[-121.59595601,36.23696987],[-121.59608674,36.23689705],[-121.59621862,36.23682543],[-121.59635164,36.23675501],[-121.59648581,36.23668579],[-121.59662113,36.23661777],[-121.5967576,36.23655095],[-121.59689521,36.23648533],[-121.59703397,36.23642092],[-121.59717388,36.2363577],[-121.59731493,36.23629568],[-121.59745713,36.23623487],[-121.59760048,36.23617525],[-121.59774498,36.23611683],[-121.59789062,36.23605962],[-121.59803742,36.23600361],[-121.59860256,36.23586924],[-121.59900433,36.23615555],[-121.59920803,36.2363007],[-121.59952876,36.23673827],[-121.59975632,36.23706694],[-121.59998057,36.23763476],[-121.60007964,36.23784724],[-121.60021884,36.2381458],[-121.60044723,36.2384885],[-121.60066245,36.23860674],[-121.60071977,36.2386228],[-121.60092714,36.2386809],[-121.60143921,36.23882989],[-121.60214507,36.23902764],[-121.60236523,36.23923005],[-121.60253922,36.2392374],[-121.60302078,36.23975312],[-121.60329702,36.24002367],[-121.60343555,36.24031358],[-121.60358232,36.24074378],[-121.60401689,36.24134566],[-121.60402918,36.24137754],[-121.60388013,36.24142128],[-121.60373634,36.24146765],[-121.6035978,36.24151666],[-121.60346452,36.24156831],[-121.60333649,36.24162259],[-121.60321372,36.24167951],[-121.60309621,36.24173906],[-121.60298395,36.24180125],[-121.60287695,36.24186608],[-121.60277521,36.24193355],[-121.60267872,36.24200365],[-121.60258749,36.24207639],[-121.60250152,36.24215176],[-121.6024208,36.24222977],[-121.60234534,36.24231042],[-121.60227514,36.2423937],[-121.60224549,36.24243355],[-121.60221847,36.24247556],[-121.60219403,36.24251982],[-121.60217212,36.24256641],[-121.60215269,36.24261541],[-121.60213568,36.24266701],[-121.60212103,36.24272137],[-121.60210865,36.24277877],[-121.60209873,36.24283786],[-121.60209083,36.24290058],[-121.60208488,36.24296749],[-121.60208079,36.24303967],[-121.60207776,36.24318987],[-121.60208044,36.24349588],[-121.60207943,36.24362482],[-121.60207354,36.243758],[-121.60206202,36.24387509],[-121.60205177,36.24394233],[-121.60203906,36.24400582],[-121.60202379,36.24406601],[-121.60200591,36.24412316],[-121.6019853,36.24417758],[-121.60196192,36.24422935],[-121.60193572,36.24427862],[-121.60190664,36.24432549],[-121.60186959,36.24437899],[-121.60182962,36.24443298],[-121.60178674,36.24448745],[-121.60174099,36.24454235],[-121.60169238,36.24459767],[-121.60164096,36.24465335],[-121.60158677,36.24470934],[-121.60152987,36.2447656],[-121.60147016,36.24482219],[-121.60140786,36.24487892],[-121.60127579,36.24499249],[-121.60113451,36.24510557],[-121.6009854,36.24521707],[-121.60093112,36.24525467],[-121.60087457,36.2452906],[-121.60081573,36.24532488],[-121.60075458,36.24535753],[-121.60069108,36.24538855],[-121.60062522,36.24541795],[-121.60055695,36.24544577],[-121.60048624,36.245472],[-121.60041311,36.24549665],[-121.60033746,36.24551975],[-121.60025921,36.24554133],[-121.60017831,36.2455614],[-121.6000947,36.24557998],[-121.60000827,36.24559709],[-121.59991891,36.24561276],[-121.59982651,36.245627],[-121.59973874,36.24563885],[-121.59964813,36.24564954],[-121.59945764,36.2456675],[-121.59925335,36.24568105],[-121.59903191,36.24569041],[-121.5988228,36.2456953],[-121.59858871,36.24569742],[-121.59835509,36.24569718],[-121.59775946,36.24569375],[-121.59743763,36.24569548],[-121.59726811,36.24569899],[-121.59711249,36.2457045],[-121.59696767,36.24571212],[-121.5968321,36.24572193],[-121.59667261,36.24573755],[-121.59652436,36.24575695],[-121.59638623,36.24578026],[-121.59632073,36.24579342],[-121.5962575,36.24580761],[-121.59619637,36.24582287],[-121.59613741,36.24583918],[-121.59608055,36.24585657],[-121.59602575,36.24587504],[-121.59597297,36.24589461],[-121.59592217,36.24591529],[-121.59587334,36.2459371],[-121.59582643,36.24596004],[-121.59577358,36.24598813],[-121.5957224,36.24601745],[-121.5956729,36.246048],[-121.59562507,36.24607978],[-121.5955789,36.2461128],[-121.59553439,36.24614705],[-121.59549153,36.24618256],[-121.59545031,36.24621931],[-121.59541073,36.24625732],[-121.59537278,36.2462966],[-121.59533646,36.24633714],[-121.59530175,36.24637896],[-121.59526866,36.24642206],[-121.59523717,36.24646646],[-121.59520728,36.24651216],[-121.59517898,36.24655917],[-121.5951523,36.24660744],[-121.5951272,36.24665704],[-121.59510367,36.24670797],[-121.5950817,36.24676027],[-121.59506129,36.24681393],[-121.59504243,36.24686896],[-121.59502512,36.2469254],[-121.59500936,36.24698325],[-121.59499513,36.24704252],[-121.59498244,36.24710324],[-121.59496163,36.24722913],[-121.5949469,36.2473611],[-121.59493822,36.24749942],[-121.59493557,36.24762738],[-121.59493764,36.24776077],[-121.59494444,36.24789987],[-121.59495598,36.24804503],[-121.59497228,36.24819652],[-121.5949934,36.24835506],[-121.59501944,36.24852131],[-121.59505055,36.24869625],[-121.59508265,36.24886009],[-121.59511918,36.24903312],[-121.59516052,36.24921704],[-121.59520736,36.24941503],[-121.59530743,36.24981538],[-121.59551909,36.2506283],[-121.59560728,36.25097475],[-121.59569453,36.25133508],[-121.59576684,36.25165758],[-121.59580529,36.25184324],[-121.59583952,36.25202104],[-121.59586975,36.25219213],[-121.5958961,36.25235723],[-121.59591872,36.25251717],[-121.59593761,36.25267217],[-121.59595283,36.25282263],[-121.59596441,36.25296883],[-121.59597364,36.2531421],[-121.59597748,36.25330973],[-121.59597593,36.25347204],[-121.595969,36.25362926],[-121.59595666,36.25378165],[-121.5959389,36.25392934],[-121.59591572,36.25407245],[-121.59588708,36.25421113],[-121.59585291,36.25434566],[-121.59581324,36.25447593],[-121.59576802,36.25460203],[-121.59571724,36.25472405],[-121.59566087,36.25484204],[-121.59559888,36.25495605],[-121.59556577,36.25501158],[-121.59553124,36.25506613],[-121.5954953,36.25511971],[-121.59545794,36.25517233],[-121.59518594,36.2555521],[-121.59510655,36.25565733],[-121.59503305,36.25574924],[-121.59495346,36.25584166],[-121.59487563,36.25592414],[-121.59479835,36.25599797],[-121.59472094,36.25606378],[-121.59468655,36.25609004],[-121.59465055,36.2561152],[-121.59461294,36.25613928],[-121.5945737,36.25616228],[-121.59453281,36.25618421],[-121.59449026,36.25620509],[-121.59444602,36.25622493],[-121.59440005,36.25624373],[-121.5943524,36.2562615],[-121.59430297,36.25627825],[-121.59419863,36.2563088],[-121.59408668,36.25633548],[-121.59396657,36.25635843],[-121.59384781,36.25637641],[-121.59372063,36.25639146],[-121.59358386,36.25640371],[-121.59343527,36.25641337],[-121.59329395,36.25641983],[-121.59313547,36.25642476],[-121.59256507,36.25643468],[-121.59234041,36.25644089],[-121.59222186,36.25644607],[-121.59211307,36.25645249],[-121.59201186,36.25646029],[-121.59191716,36.25646954],[-121.59180604,36.25648337],[-121.59170286,36.25649977],[-121.59160685,36.25651886],[-121.59151753,36.25654073],[-121.59143437,36.25656552],[-121.59135725,36.25659329],[-121.59128592,36.25662412],[-121.59122022,36.25665808],[-121.59116027,36.25669426],[-121.59110367,36.25673317],[-121.59105039,36.25677485],[-121.59100041,36.25681931],[-121.5909537,36.25686657],[-121.59091024,36.25691666],[-121.59086998,36.25696962],[-121.59083291,36.25702547],[-121.59079903,36.25708421],[-121.59076828,36.25714593],[-121.59074062,36.25721069],[-121.59071602,36.25727855],[-121.59069447,36.25734958],[-121.59067593,36.25742388],[-121.59066038,36.25750155],[-121.59064778,36.25758272],[-121.59063875,36.25766106],[-121.59063221,36.25774267],[-121.59062815,36.25782769],[-121.59062657,36.25791636],[-121.59062746,36.25800881],[-121.59063082,36.25810547],[-121.59063666,36.25820673],[-121.59064501,36.25831317],[-121.59066653,36.25851984],[-121.59069722,36.25875379],[-121.590734,36.25899857],[-121.59084513,36.25969761],[-121.59087584,36.259913],[-121.5908998,36.26010523],[-121.59092149,36.26032195],[-121.59093505,36.26052166],[-121.59093887,36.26061641],[-121.59094072,36.26070805],[-121.59094061,36.26079683],[-121.59093854,36.26088291],[-121.59093328,36.26098554],[-121.59092503,36.26108453],[-121.59091377,36.26118008],[-121.59089948,36.26127233],[-121.59088213,36.26136145],[-121.59086171,36.26144751],[-121.5908382,36.2615306],[-121.59081158,36.26161079],[-121.59078177,36.26168825],[-121.5907488,36.26176294],[-121.59071264,36.2618349],[-121.59067327,36.26190417],[-121.59063066,36.2619708],[-121.59058479,36.26203481],[-121.59053566,36.26209624],[-121.59048322,36.26215511],[-121.59042992,36.26220828],[-121.5903687,36.26226266],[-121.590299,36.26231876],[-121.59021956,36.2623776],[-121.59014467,36.26242967],[-121.59005853,36.26248684],[-121.58975657,36.26267883],[-121.58964418,36.2627523],[-121.58953576,36.26282768],[-121.58944567,36.26289637],[-121.58939826,36.26293605],[-121.58935578,36.26297467],[-121.58931794,36.26301249],[-121.58928457,36.26304969],[-121.58925549,36.26308646],[-121.58923065,36.26312288],[-121.58921,36.26315905],[-121.58919348,36.26319505],[-121.58917928,36.26323535],[-121.5891687,36.26327675],[-121.58916171,36.26331927],[-121.58915833,36.26336292],[-121.58915855,36.26340769],[-121.58916238,36.26345362],[-121.58916981,36.26350071],[-121.58918084,36.26354897],[-121.58919547,36.2635984],[-121.58921372,36.26364906],[-121.58923558,36.26370095],[-121.58926108,36.26375413],[-121.58929023,36.26380862],[-121.58932305,36.26386446],[-121.58935957,36.2639217],[-121.58939983,36.26398042],[-121.58944004,36.26403555],[-121.58948347,36.26409205],[-121.58958033,36.2642095],[-121.5896911,36.26433363],[-121.58981736,36.26446621],[-121.58993481,36.26458368],[-121.59006875,36.26471297],[-121.59051729,36.2651316],[-121.59066747,36.26527488],[-121.59081277,36.26541276],[-121.59096404,36.26554888],[-121.5911208,36.26568281],[-121.59128255,36.26581414],[-121.59144877,36.26594244],[-121.59161898,36.26606732],[-121.59179266,36.26618843],[-121.59196931,36.2663054],[-121.59214818,36.26641776],[-121.59232903,36.26652536],[-121.59251142,36.26662795],[-121.59269489,36.26672526],[-121.59287897,36.26681705],[-121.5930633,36.26690315],[-121.5932475,36.26698336],[-121.5934312,36.26705754],[-121.59352795,36.26709244],[-121.59362946,36.26712393],[-121.59373595,36.26715208],[-121.5938477,36.26717695],[-121.59396487,36.2671986],[-121.59408807,36.26721714],[-121.59421785,36.26723266],[-121.59435507,36.26724527],[-121.59447272,36.26725343],[-121.594597,36.26725981],[-121.59472916,36.26726446],[-121.59487169,36.26726749],[-121.59514011,36.26726917],[-121.59579544,36.26726676],[-121.59597265,36.26726839],[-121.59613056,36.26727201],[-121.5962986,36.26727894],[-121.59645345,36.26728894],[-121.59659784,36.26730221],[-121.59673319,36.26731886],[-121.59680745,36.26733004],[-121.59687921,36.26734242],[-121.59694861,36.267356],[-121.59701575,36.26737082],[-121.59708074,36.26738689],[-121.59714363,36.26740424],[-121.5972045,36.26742288],[-121.59726339,36.26744283],[-121.59732043,36.26746413],[-121.59737559,36.26748677],[-121.5974289,36.26751078],[-121.59748041,36.26753616],[-121.59753014,36.26756294],[-121.59757812,36.26759112],[-121.59762437,36.26762072],[-121.59766892,36.26765176],[-121.59775393,36.26771562],[-121.59783682,36.26778211],[-121.59791759,36.26785123],[-121.59799623,36.26792297],[-121.59807275,36.26799734],[-121.59814715,36.26807433],[-121.59821943,36.26815396],[-121.59828958,36.2682362],[-121.59835761,36.26832108],[-121.59842352,36.26840858],[-121.59848731,36.2684987],[-121.59854898,36.26859145],[-121.59860852,36.26868683],[-121.59866594,36.26878483],[-121.59872124,36.26888546],[-121.59877441,36.26898872],[-121.59877441,36.26913727],[-121.5989166,36.26918305],[-121.59905364,36.2692314],[-121.59918555,36.2692823],[-121.59931232,36.26933577],[-121.59943395,36.2693918],[-121.59955043,36.26945038],[-121.59966178,36.26951153],[-121.59976799,36.26957524],[-121.59986906,36.26964151],[-121.59996499,36.26971035],[-121.60005579,36.26978174],[-121.60014144,36.26985569],[-121.60022195,36.26993221],[-121.60029732,36.27001128],[-121.60036756,36.27009292],[-121.60043265,36.27017711],[-121.60045822,36.27021422],[-121.60048197,36.27025314],[-121.60050395,36.27029396],[-121.60052421,36.27033676],[-121.60054279,36.27038162],[-121.60055978,36.27042876],[-121.60057525,36.27047836],[-121.60058929,36.27053072],[-121.60061059,36.27062941],[-121.60062873,36.27074152],[-121.60064299,36.27085617],[-121.60067625,36.27116617],[-121.6006888,36.27125816],[-121.60070254,36.27133979],[-121.60072193,36.27143092],[-121.60074457,36.27151417],[-121.60077088,36.27159113],[-121.60080115,36.27166258],[-121.60083312,36.27172835],[-121.60086735,36.27179422],[-121.60090385,36.27186019],[-121.60094262,36.27192626],[-121.60098366,36.27199245],[-121.60102698,36.27205876],[-121.60107258,36.2721252],[-121.60112048,36.27219178],[-121.60117066,36.2722585],[-121.60122315,36.27232539],[-121.60127795,36.27239245],[-121.60133509,36.2724597],[-121.60145641,36.27259485],[-121.60158724,36.272731],[-121.60172657,36.27286718],[-121.60187569,36.27300479],[-121.60203496,36.27314413],[-121.60220492,36.2732857],[-121.60238549,36.27342946],[-121.60257865,36.27357704],[-121.60278612,36.27372975],[-121.60301213,36.27389072],[-121.60309773,36.27394914],[-121.60318699,36.27400683],[-121.6032801,36.27406389],[-121.60337729,36.27412048],[-121.60347872,36.27417669],[-121.6035849,36.2742328],[-121.60369628,36.27428906],[-121.60381356,36.27434583],[-121.60402724,36.27444391],[-121.60426899,36.27454865],[-121.60451119,36.27464927],[-121.60514463,36.2749073],[-121.6053287,36.27498463],[-121.60549265,36.27505577],[-121.60567464,36.27513819],[-121.60584209,36.27521817],[-121.60599814,36.27529721],[-121.60614436,36.27537612],[-121.60623578,36.27542862],[-121.60632775,36.27548443],[-121.60642045,36.27554367],[-121.60651411,36.27560647],[-121.60660888,36.27567294],[-121.60670521,36.27574337],[-121.6068035,36.27581808],[-121.60690435,36.27589751],[-121.60708387,36.2760451],[-121.60728011,36.27621397],[-121.60747206,36.27638451],[-121.60796239,36.27682672],[-121.60810582,36.27695312],[-121.60823555,36.27706462],[-121.60838322,36.27718729],[-121.60852287,36.27729829],[-121.60865721,36.27739976],[-121.60878762,36.27749275],[-121.60886695,36.27754646],[-121.60894538,36.27759735],[-121.60902309,36.27764552],[-121.60910021,36.27769106],[-121.6091769,36.27773406],[-121.60925322,36.27777456],[-121.60932927,36.2778126],[-121.60940514,36.27784823],[-121.609481,36.27788153],[-121.6095568,36.27791247],[-121.60963262,36.27794108],[-121.6097085,36.27796738],[-121.60978449,36.27799139],[-121.60986064,36.27801311],[-121.60993699,36.27803256],[-121.61001358,36.27804976],[-121.6100914,36.27806372],[-121.61017321,36.27807386],[-121.61025919,36.27808019],[-121.61034953,36.27808272],[-121.61044439,36.27808147],[-121.61054421,36.27807644],[-121.61064944,36.2780676],[-121.61076074,36.27805491],[-121.61085758,36.27804149],[-121.6109599,36.27802528],[-121.61106873,36.27800612],[-121.61118607,36.27798366],[-121.61140867,36.27793735],[-121.61195668,36.27781734],[-121.61210645,36.27778678],[-121.61223936,36.2777618],[-121.61238288,36.27773797],[-121.61251427,36.27771993],[-121.61263596,36.27770733],[-121.61274921,36.27770005],[-121.61281347,36.27769821],[-121.61287518,36.27769826],[-121.61293445,36.2777002],[-121.61299139,36.27770403],[-121.6130461,36.27770976],[-121.61309862,36.2777174],[-121.61314903,36.27772695],[-121.61319736,36.27773842],[-121.61324374,36.27775186],[-121.61328813,36.27776724],[-121.61333056,36.27778459],[-121.61337106,36.27780391],[-121.61340967,36.27782522],[-121.6134464,36.27784854],[-121.61348127,36.27787387],[-121.61351431,36.27790122],[-121.61355129,36.27793766],[-121.61358634,36.27797994],[-121.61361985,36.27802854],[-121.61365251,36.27808444],[-121.61367867,36.27813553],[-121.61370609,36.27819464],[-121.61379202,36.27839817],[-121.61382546,36.27847324],[-121.61386076,36.27854429],[-121.61389579,36.27860541],[-121.61393496,36.2786631],[-121.61397619,36.27871307],[-121.61399779,36.27873541],[-121.6140201,36.27875606],[-121.61404317,36.27877505],[-121.61406705,36.27879242],[-121.61409073,36.27880744],[-121.61411645,36.27882157],[-121.61414425,36.27883485],[-121.6141742,36.27884731],[-121.61424087,36.27886988],[-121.61431769,36.27888971],[-121.61438844,36.27890408],[-121.61447014,36.27891763],[-121.61473799,36.27895344],[-121.6148276,36.27896682],[-121.61490855,36.27898172],[-121.61497746,36.27899799],[-121.61503869,36.27901684],[-121.61509117,36.27903818],[-121.61511438,36.27904989],[-121.61513566,36.27906232],[-121.61515503,36.27907551],[-121.61517254,36.27908948],[-121.61519874,36.27911506],[-121.61522128,36.27914328],[-121.61524022,36.27917419],[-121.61525562,36.2792079],[-121.6152675,36.27924445],[-121.61527594,36.27928404],[-121.61528099,36.27932685],[-121.61528266,36.27937317],[-121.61528148,36.27941504],[-121.61527793,36.27946],[-121.61527197,36.27950852],[-121.61526351,36.27956149],[-121.61524248,36.2796668],[-121.61519458,36.27987578],[-121.61517602,36.27996251],[-121.61515995,36.28005116],[-121.61514954,36.28012942],[-121.6151439,36.28021498],[-121.61514391,36.28025453],[-121.61514581,36.28029218],[-121.61514962,36.28032812],[-121.61515533,36.28036239],[-121.61516297,36.28039508],[-121.61517254,36.28042625],[-121.61519635,36.28048954],[-121.61522415,36.28055353],[-121.61525596,36.2806183],[-121.61529181,36.28068392],[-121.61533175,36.28075045],[-121.61537585,36.28081803],[-121.6154242,36.28088681],[-121.61547694,36.28095696],[-121.6155327,36.28102685],[-121.61559303,36.28109858],[-121.61565824,36.28117252],[-121.61572892,36.28124933],[-121.61580413,36.28132809],[-121.61588698,36.28141216],[-121.61609379,36.28161447],[-121.61637597,36.28188611],[-121.61647305,36.28197648],[-121.61656236,36.28205686],[-121.61665301,36.28213512],[-121.61674003,36.28220662],[-121.61682454,36.28227228],[-121.61690714,36.28233256],[-121.61699245,36.28239051],[-121.61707653,36.28244313],[-121.61715969,36.28249061],[-121.61724211,36.28253306],[-121.61732404,36.28257061],[-121.61740555,36.28260328],[-121.61748677,36.28263111],[-121.61756778,36.28265414],[-121.61767444,36.28267893],[-121.61778312,36.28269939],[-121.61789381,36.28271553],[-121.61800652,36.28272735],[-121.61812124,36.28273485],[-121.61823797,36.28273802],[-121.61835672,36.28273687],[-121.61847749,36.2827314],[-121.61849399,36.28276483],[-121.61881569,36.28346774],[-121.61881401,36.28375154],[-121.61858512,36.28426638],[-121.61829632,36.2846958],[-121.61830303,36.28572413],[-121.6182313,36.28597999],[-121.6180979,36.28609366],[-121.617851,36.28630402],[-121.61746332,36.28679706],[-121.61726616,36.28698747],[-121.6163421,36.28722006],[-121.61583961,36.2872395],[-121.61547574,36.28725357],[-121.6150302,36.28735517],[-121.61483056,36.28750349],[-121.61473239,36.2876057],[-121.61449152,36.2879384],[-121.61446105,36.28830513],[-121.61437944,36.28868791],[-121.61435166,36.28877482],[-121.6142475,36.28910075],[-121.6141246,36.28937264],[-121.61385481,36.28950961],[-121.6135817,36.28959047],[-121.61339872,36.28968337],[-121.61331191,36.28972744],[-121.61320317,36.28995543],[-121.61301611,36.29012381],[-121.6129642,36.29016701],[-121.61272038,36.29029864],[-121.61240356,36.29052179],[-121.61165768,36.29083182],[-121.61144096,36.29102486],[-121.61131117,36.29114047],[-121.61116431,36.2913008],[-121.61077569,36.29148454],[-121.61039695,36.29154136],[-121.61010971,36.29158598],[-121.60991507,36.29161622],[-121.60958034,36.29173575],[-121.60935895,36.29190484],[-121.60911143,36.2921253],[-121.60888124,36.29234509],[-121.60862796,36.29276261],[-121.60840355,36.2930806],[-121.60837394,36.29310081],[-121.60822329,36.29320364],[-121.60811971,36.29327434],[-121.60781606,36.29342667],[-121.60758669,36.29366048],[-121.60755741,36.29377903],[-121.60750256,36.29400117],[-121.607359,36.29421761],[-121.60700666,36.29442806],[-121.60653223,36.29492441],[-121.60629871,36.29508809],[-121.6059967,36.29526846],[-121.60562621,36.29546555],[-121.60532833,36.29571607],[-121.60510142,36.29599196],[-121.60496857,36.29609551],[-121.6049359,36.29609882],[-121.60481548,36.29611101],[-121.60474411,36.29611823],[-121.60414087,36.29590249],[-121.6035744,36.2957948],[-121.60352609,36.29578562],[-121.60314401,36.2957863],[-121.60259774,36.29594797],[-121.60193157,36.29624421],[-121.60183608,36.29628667],[-121.60166227,36.29629338],[-121.60095228,36.29632076],[-121.60030515,36.29641173],[-121.59971198,36.29649512],[-121.59919457,36.29655725],[-121.5984494,36.29658597],[-121.59823567,36.29649579]]]},"properties":{"OBJECTID":1097927,"COUNTY":"MONTEREY","CITY":"MRY","ZONE_NAME":null,"ZONE_ID":"US-CA-XMY-MRY-D089","STATUS":"Evacuation Warning","EVENT_TYPE":null,"CRITICAL_INFO":null,"PUBLIC_INFO":null,"EDIT_DATE":1789603106000,"STATEWIDE_LAST_UPDATED":null,"NOTES":"Timber Fire","SHAPE__Area":39229400.03515625,"SHAPE__Length":31891.254470827367,"GlobalID":"57154155-a13b-477d-ad29-6835bff0c431","CreationDate":1789603232560,"Creator":"CalOES_Scripts","EditDate":1789603232560,"Editor":"CalOES_Scripts"}},{"type":"Feature","id":1097928,"geometry":{"type":"Polygon","coordinates":[[[-121.53082827,36.11673736],[-121.53105372,36.11678175],[-121.53143589,36.11685699],[-121.53214452,36.1171254],[-121.53313063,36.11739734],[-121.53383038,36.11751141],[-121.53437774,36.1176875],[-121.53484188,36.11792299],[-121.53568612,36.11843931],[-121.53632642,36.11872435],[-121.53657305,36.11909463],[-121.5369648,36.11927661],[-121.53721417,36.11939369],[-121.53780857,36.11948361],[-121.5382433,36.11950929],[-121.53876095,36.11977085],[-121.53911974,36.11998219],[-121.53935344,36.12012798],[-121.53999023,36.12065216],[-121.54068811,36.12103341],[-121.54100475,36.12141507],[-121.54126222,36.12167244],[-121.54164561,36.12200939],[-121.54188823,36.1223095],[-121.54232998,36.12275671],[-121.54304436,36.12312326],[-121.54367391,36.12352114],[-121.54435211,36.12386093],[-121.54492249,36.12413452],[-121.54532806,36.12455497],[-121.54582767,36.12480312],[-121.54619965,36.12499273],[-121.54623838,36.12501247],[-121.54662856,36.12516635],[-121.54674722,36.12522799],[-121.54705737,36.12538907],[-121.54723968,36.12552838],[-121.5475832,36.12579088],[-121.54799716,36.12605634],[-121.54858325,36.12630119],[-121.54890102,36.12640158],[-121.54947981,36.12652016],[-121.55005212,36.12652649],[-121.55085841,36.12638331],[-121.55154283,36.12623071],[-121.55181011,36.12615441],[-121.55205432,36.12608469],[-121.55263092,36.12586589],[-121.55312244,36.12597371],[-121.55331323,36.12627577],[-121.55333678,36.12668263],[-121.55325332,36.12703732],[-121.55326627,36.12726105],[-121.55326793,36.12728984],[-121.55357816,36.12755924],[-121.5541124,36.12780603],[-121.55468146,36.12775623],[-121.55518053,36.12769503],[-121.55538138,36.1276701],[-121.55583443,36.12761387],[-121.55617867,36.12757263],[-121.55672475,36.12742527],[-121.55788206,36.12743188],[-121.5580077,36.12743259],[-121.55821685,36.12745274],[-121.5585084,36.12739944],[-121.55886816,36.12722692],[-121.5593684,36.12698701],[-121.56016145,36.12691458],[-121.56056244,36.12695552],[-121.56101023,36.12720558],[-121.56145799,36.12757432],[-121.56148344,36.12759528],[-121.5616564,36.12763028],[-121.56181315,36.127662],[-121.56200956,36.12770174],[-121.5625662,36.12773674],[-121.56309069,36.12781514],[-121.56375923,36.12798646],[-121.56431831,36.12806354],[-121.56449827,36.12804688],[-121.56535265,36.12796779],[-121.56583931,36.12799139],[-121.56633227,36.12814604],[-121.56666431,36.12817077],[-121.56746468,36.12822456],[-121.56792515,36.12820696],[-121.56799562,36.12820427],[-121.56803536,36.12820275],[-121.56846851,36.12820026],[-121.56891324,36.1280989],[-121.56918558,36.12807961],[-121.56934475,36.12806834],[-121.56968119,36.12815114],[-121.56989004,36.12820253],[-121.57013599,36.12826306],[-121.57072133,36.12849376],[-121.57105121,36.12870553],[-121.57127944,36.12885204],[-121.57169267,36.12910338],[-121.57208741,36.1292688],[-121.57249208,36.12943838],[-121.57260455,36.12951792],[-121.57292587,36.12974517],[-121.57327892,36.13015346],[-121.57344226,36.13031982],[-121.57375792,36.13064131],[-121.57405256,36.13093936],[-121.57462146,36.13118473],[-121.5746503,36.13120144],[-121.57470455,36.13123287],[-121.57521337,36.13152764],[-121.57574901,36.13239293],[-121.57612183,36.13284265],[-121.57658161,36.13327667],[-121.57670871,36.13339665],[-121.57712382,36.1336865],[-121.57772045,36.13410309],[-121.57892818,36.13490044],[-121.57895189,36.13492009],[-121.57985789,36.13567076],[-121.5799444,36.13574243],[-121.58020023,36.1358546],[-121.58027501,36.13609321],[-121.58028255,36.13611728],[-121.58029899,36.13614359],[-121.58031349,36.13616066],[-121.5803454,36.1361707],[-121.58040619,36.13620254],[-121.58057263,36.13624566],[-121.58089237,36.13646778],[-121.58091649,36.13667899],[-121.58088651,36.13693651],[-121.58108937,36.13717945],[-121.58124864,36.13727572],[-121.58153614,36.13730266],[-121.58175946,36.13732359],[-121.5819543,36.13739223],[-121.58219221,36.13759232],[-121.58243678,36.13766324],[-121.5830321,36.13773749],[-121.58342231,36.13790932],[-121.58349293,36.13795941],[-121.58356149,36.13800803],[-121.5837239,36.13807701],[-121.58432174,36.1382228],[-121.58529926,36.13833996],[-121.58650664,36.1382374],[-121.58719492,36.13805638],[-121.5874511,36.13810527],[-121.5877734,36.13840368],[-121.5884674,36.13855512],[-121.58859013,36.13864269],[-121.58851822,36.13892542],[-121.58828699,36.13912963],[-121.58829536,36.1393017],[-121.58819999,36.13952247],[-121.58820761,36.13962296],[-121.58835046,36.13981592],[-121.58840464,36.13988593],[-121.58857407,36.13996206],[-121.5891005,36.14009286],[-121.58925999,36.14012756],[-121.58946389,36.14008663],[-121.58988977,36.13989163],[-121.59005389,36.1398082],[-121.59015791,36.13984758],[-121.59027925,36.14002195],[-121.59037459,36.14005805],[-121.59033102,36.14016313],[-121.59034106,36.14033647],[-121.59049373,36.14042338],[-121.59056538,36.140519],[-121.59063289,36.1407065],[-121.59056177,36.1409252],[-121.59055333,36.14105729],[-121.59070172,36.14114429],[-121.59083614,36.14119689],[-121.59092328,36.14124357],[-121.59093632,36.14127765],[-121.59077544,36.14143078],[-121.59075647,36.14153086],[-121.5907862,36.14159235],[-121.59089691,36.14160862],[-121.59120483,36.14158094],[-121.59140283,36.14159607],[-121.59150496,36.14169081],[-121.59172142,36.14195156],[-121.59195083,36.14215828],[-121.59200431,36.14228133],[-121.59201261,36.14272506],[-121.59204234,36.1428505],[-121.59206814,36.14295141],[-121.59216014,36.14305345],[-121.59240857,36.14333547],[-121.59246253,36.1434039],[-121.59263053,36.14351551],[-121.5927144,36.14353987],[-121.59288302,36.14355938],[-121.59303183,36.14359355],[-121.5932175,36.14370926],[-121.59332209,36.14385669],[-121.59343844,36.14405251],[-121.5935103,36.14432567],[-121.59356503,36.14447269],[-121.59378603,36.14473434],[-121.59393977,36.14480584],[-121.59409404,36.14483764],[-121.59418776,36.14493589],[-121.59427911,36.14512021],[-121.59437169,36.14520148],[-121.59442565,36.14522525],[-121.59447028,36.14558109],[-121.59447364,36.14560794],[-121.59452288,36.14589542],[-121.59451783,36.14609318],[-121.59450809,36.14647475],[-121.59449908,36.14658282],[-121.59447949,36.14681784],[-121.59455801,36.14705874],[-121.59459805,36.14718158],[-121.59483833,36.14768533],[-121.59496761,36.14793601],[-121.59498466,36.14796908],[-121.59509244,36.14801263],[-121.59521416,36.14806181],[-121.59554941,36.14819728],[-121.59580535,36.14823883],[-121.59613885,36.14829299],[-121.59706882,36.14866498],[-121.59736011,36.14876577],[-121.59758197,36.14884254],[-121.59764185,36.14885094],[-121.59861216,36.14898705],[-121.59928944,36.14919775],[-121.60042052,36.14968035],[-121.6006902,36.14975382],[-121.6016807,36.15002367],[-121.60273873,36.15066304],[-121.60333534,36.15098868],[-121.60425995,36.15154496],[-121.60473304,36.15186872],[-121.6047875,36.15192974],[-121.60502813,36.15219934],[-121.60536331,36.15238372],[-121.60585875,36.15281185],[-121.60629177,36.15328183],[-121.60638132,36.15344103],[-121.60654524,36.15373243],[-121.60704834,36.15484423],[-121.60733881,36.15537232],[-121.60780111,36.15606478],[-121.60825494,36.1568891],[-121.60834547,36.15702871],[-121.60851246,36.15728621],[-121.60875987,36.1576667],[-121.60903628,36.15804277],[-121.60935529,36.15850399],[-121.60976448,36.15884335],[-121.61009737,36.15954079],[-121.61017553,36.15960519],[-121.61038712,36.15977953],[-121.61075508,36.15999794],[-121.61082407,36.16003889],[-121.61100026,36.16018501],[-121.61109687,36.16026512],[-121.61129492,36.16059947],[-121.61150607,36.16088069],[-121.61170554,36.16100793],[-121.61175884,36.16104193],[-121.61182925,36.16105614],[-121.61188321,36.1610502],[-121.61213942,36.16101012],[-121.61240782,36.16097575],[-121.61258525,36.16092617],[-121.6128455,36.16086877],[-121.61300014,36.16080299],[-121.61320023,36.16057349],[-121.61343525,36.16053461],[-121.6136372,36.16055561],[-121.61381392,36.16056743],[-121.61405991,36.16055301],[-121.61431984,36.16051811],[-121.61444604,36.16054215],[-121.6145662,36.16056504],[-121.61456857,36.16057673],[-121.61458006,36.16057063],[-121.61466821,36.16060621],[-121.61492498,36.16079195],[-121.61500918,36.16084839],[-121.61519068,36.16121001],[-121.61546037,36.16172171],[-121.61564888,36.1619889],[-121.61573577,36.16210227],[-121.61604408,36.16237618],[-121.61627264,36.16258447],[-121.61664125,36.1628515],[-121.61674285,36.16289507],[-121.61713997,36.16306537],[-121.61721346,36.1631094],[-121.61731133,36.16324723],[-121.61738745,36.16333958],[-121.6175759,36.16342164],[-121.61761294,36.16348443],[-121.617741,36.1635343],[-121.61813628,36.16386754],[-121.61820872,36.16390786],[-121.61848081,36.16401039],[-121.6186245,36.16411052],[-121.61871431,36.16425525],[-121.61874332,36.16432198],[-121.61877765,36.16446421],[-121.61881203,36.16463562],[-121.61882419,36.1649835],[-121.61883164,36.16508135],[-121.61887522,36.16522411],[-121.61892612,36.16541987],[-121.61896414,36.1655897],[-121.61898772,36.16565955],[-121.61905017,36.16578693],[-121.61912754,36.16594616],[-121.61919026,36.16608177],[-121.6192335,36.16615941],[-121.61930083,36.16621257],[-121.61948683,36.16636267],[-121.61953431,36.16645669],[-121.61958761,36.16666886],[-121.61978843,36.16688296],[-121.61994351,36.16701111],[-121.62018051,36.16725118],[-121.62029809,36.16737029],[-121.62034152,36.16742622],[-121.62036113,36.16746022],[-121.6204484,36.16756845],[-121.62054039,36.16765688],[-121.62064465,36.16776461],[-121.620969,36.16810253],[-121.62107559,36.16830679],[-121.62112545,36.16836183],[-121.62121107,36.16843704],[-121.62139832,36.16856913],[-121.62157875,36.16871785],[-121.62188479,36.16896836],[-121.62205363,36.16911158],[-121.6221562,36.16922384],[-121.62224785,36.16930182],[-121.62237265,36.16935063],[-121.62263571,36.16945352],[-121.62274585,36.16951621],[-121.62301984,36.16970178],[-121.62319327,36.16979655],[-121.62338396,36.16984942],[-121.62363683,36.16992841],[-121.62385937,36.17001181],[-121.62402565,36.17009898],[-121.62413279,36.17018017],[-121.62429051,36.17033609],[-121.62436755,36.17043399],[-121.62455371,36.17077804],[-121.6246798,36.17093237],[-121.62481628,36.17107421],[-121.62494795,36.17120203],[-121.62503465,36.17127035],[-121.62516727,36.17128726],[-121.62542334,36.17126997],[-121.62551497,36.17127692],[-121.62561981,36.17129551],[-121.62599614,36.17139052],[-121.62615392,36.17144241],[-121.62624657,36.17147928],[-121.62640975,36.17149962],[-121.62662556,36.17149259],[-121.62679969,36.17150894],[-121.62712041,36.17157369],[-121.6272502,36.17158952],[-121.62734238,36.17158523],[-121.62760187,36.17155926],[-121.627728,36.17157593],[-121.62780184,36.17160274],[-121.62788889,36.17166518],[-121.62797436,36.17176285],[-121.62807427,36.17193281],[-121.62820202,36.17205199],[-121.62843014,36.17232765],[-121.62871421,36.1724007],[-121.62898733,36.17250551],[-121.62915517,36.17258105],[-121.62926253,36.17273835],[-121.62933611,36.17293561],[-121.62933424,36.17309885],[-121.62930826,36.17323192],[-121.62928228,36.17328266],[-121.62927263,36.17335249],[-121.62930414,36.17343788],[-121.62939106,36.17371517],[-121.62944953,36.17380595],[-121.62947926,36.17383898],[-121.62952758,36.17386251],[-121.629639,36.17383917],[-121.6297851,36.17379101],[-121.62988728,36.17380063],[-121.62995641,36.17395781],[-121.63002565,36.17416072],[-121.63009117,36.17424161],[-121.63022082,36.17436225],[-121.63032997,36.17444426],[-121.63051283,36.17456087],[-121.63077903,36.17473313],[-121.63086161,36.17482711],[-121.63086902,36.17495083],[-121.63090137,36.17512941],[-121.63096103,36.17525535],[-121.6310942,36.17539836],[-121.63115311,36.17552955],[-121.63117455,36.17572671],[-121.63118483,36.17580805],[-121.63119997,36.17592783],[-121.63120979,36.17594201],[-121.63131211,36.17619343],[-121.63133689,36.17621343],[-121.63154122,36.17633091],[-121.63163312,36.17645463],[-121.63171587,36.1765808],[-121.6317761,36.17664031],[-121.63189657,36.17670929],[-121.63199727,36.17676544],[-121.63214996,36.17688481],[-121.63223943,36.17700829],[-121.63230952,36.17710501],[-121.63232861,36.17713137],[-121.63228675,36.17714184],[-121.63207682,36.17751114],[-121.63179592,36.17774698],[-121.63151253,36.17794075],[-121.63124479,36.17810579],[-121.6310018,36.17839641],[-121.63082305,36.17860017],[-121.63062782,36.17881864],[-121.63039965,36.1790665],[-121.63019208,36.1793698],[-121.63010812,36.17971049],[-121.63002085,36.17999508],[-121.6299344,36.18029368],[-121.62977136,36.18076398],[-121.62978211,36.18094634],[-121.62975254,36.1813271],[-121.62975261,36.18162236],[-121.62973951,36.18198842],[-121.62972227,36.18228435],[-121.62971,36.18266444],[-121.62970511,36.18287553],[-121.62957578,36.1830352],[-121.62937806,36.18321158],[-121.62914408,36.18336125],[-121.62861924,36.18357842],[-121.62833334,36.1837301],[-121.62743944,36.18445367],[-121.6269567,36.185091],[-121.62663382,36.18579244],[-121.62648145,36.18614984],[-121.62626889,36.18636897],[-121.62611403,36.18668429],[-121.62595752,36.18697155],[-121.62573628,36.18740525],[-121.62571404,36.18744885],[-121.6255465,36.18794354],[-121.62540977,36.18827221],[-121.62528704,36.1885441],[-121.6251066,36.1887198],[-121.62481572,36.18878731],[-121.62458827,36.18875394],[-121.62432126,36.18863773],[-121.62416301,36.18860657],[-121.62402294,36.18857898],[-121.6239432,36.18857232],[-121.62344774,36.18853095],[-121.62328823,36.18848418],[-121.62302415,36.18840675],[-121.62234628,36.18837211],[-121.62224129,36.18836674],[-121.62181362,36.18846765],[-121.62075057,36.18838224],[-121.62030803,36.18823065],[-121.62007563,36.18811309],[-121.61945179,36.1878279],[-121.61900512,36.18760615],[-121.61824945,36.18743853],[-121.61759184,36.1871687],[-121.6172828,36.18698716],[-121.61705288,36.18685209],[-121.6168507,36.18677968],[-121.61655679,36.18667443],[-121.61633018,36.18665506],[-121.61617444,36.18666108],[-121.61608184,36.18672318],[-121.61590745,36.18684012],[-121.61556548,36.18692363],[-121.61513533,36.18698243],[-121.61494608,36.18695176],[-121.6149106,36.18694601],[-121.61471506,36.18691431],[-121.61441537,36.18678386],[-121.61435906,36.18675934],[-121.61432171,36.18673067],[-121.61392313,36.18642468],[-121.61363636,36.18626704],[-121.61331174,36.18629919],[-121.61317078,36.18631314],[-121.61287659,36.1863245],[-121.61277355,36.18632848],[-121.61225361,36.18634856],[-121.61212681,36.18643213],[-121.61193636,36.18655765],[-121.61171139,36.18656634],[-121.61129195,36.18651223],[-121.61073984,36.18656166],[-121.61042004,36.18656631],[-121.61035418,36.18708271],[-121.61033678,36.1871277],[-121.61018854,36.1875109],[-121.61011742,36.1876823],[-121.60994544,36.18809674],[-121.60974354,36.18849821],[-121.60964405,36.18864386],[-121.60940813,36.1889892],[-121.60896724,36.18945613],[-121.60882611,36.18965285],[-121.60879088,36.18970195],[-121.60875297,36.18994243],[-121.60878422,36.19046637],[-121.60889386,36.19116022],[-121.60910152,36.19174273],[-121.60916337,36.19205693],[-121.60917569,36.19211948],[-121.6093232,36.19226845],[-121.60960257,36.19229985],[-121.60970374,36.19225053],[-121.60982179,36.19219297],[-121.61035086,36.19204601],[-121.61051823,36.19203955],[-121.61069699,36.19203265],[-121.61101509,36.19213285],[-121.61109668,36.1923406],[-121.61103653,36.19279284],[-121.61103735,36.19310213],[-121.61127058,36.19352898],[-121.61129943,36.19372471],[-121.61110329,36.19392912],[-121.61103074,36.19395097],[-121.61073207,36.19404089],[-121.61023549,36.1942157],[-121.6098193,36.19451296],[-121.60859874,36.19529118],[-121.60817618,36.19545767],[-121.60788668,36.19557174],[-121.60779824,36.19562684],[-121.60750179,36.19581154],[-121.60728998,36.19604468],[-121.60704823,36.19632296],[-121.60694877,36.19643746],[-121.60688448,36.1965243],[-121.60688599,36.19655013],[-121.60689024,36.19662249],[-121.60698666,36.19678749],[-121.60696523,36.19701328],[-121.60688032,36.19733994],[-121.60657207,36.19770333],[-121.60630339,36.19785429],[-121.60614503,36.19788825],[-121.60606355,36.19790572],[-121.60595632,36.1980134],[-121.6059325,36.19803731],[-121.60551628,36.19833456],[-121.60526323,36.19875206],[-121.60478847,36.19923434],[-121.604305,36.19948982],[-121.60427686,36.19951329],[-121.60418514,36.19959505],[-121.60420324,36.20019893],[-121.60425185,36.20043608],[-121.60446282,36.20077944],[-121.6046499,36.20101125],[-121.60479578,36.20113217],[-121.60454521,36.20129649],[-121.60436799,36.20152828],[-121.60408525,36.20203128],[-121.60395087,36.20240202],[-121.60373901,36.20293041],[-121.60353458,36.20328979],[-121.60352054,36.20364183],[-121.60363178,36.20405934],[-121.60383536,36.20427645],[-121.60407026,36.20443612],[-121.60422931,36.20478149],[-121.60432903,36.2050026],[-121.60437683,36.20522572],[-121.60434384,36.20555037],[-121.60430838,36.20583294],[-121.60416741,36.20609145],[-121.60408322,36.20636561],[-121.6040932,36.20660048],[-121.6041237,36.20668036],[-121.6042572,36.20703001],[-121.604441,36.20720571],[-121.60505423,36.20789912],[-121.6056312,36.20856581],[-121.60581913,36.20881164],[-121.60617356,36.20923383],[-121.60638787,36.20933805],[-121.60658322,36.20941487],[-121.60669368,36.20952309],[-121.60650903,36.20962863],[-121.60621595,36.20972413],[-121.60611749,36.20975622],[-121.60548112,36.21014632],[-121.6051475,36.21046676],[-121.60505411,36.21055647],[-121.60475652,36.21080696],[-121.60442184,36.21101671],[-121.60406656,36.21117101],[-121.60374918,36.21138008],[-121.60324633,36.21168067],[-121.60291329,36.21191846],[-121.6025819,36.21218432],[-121.60226452,36.21239339],[-121.60212744,36.21245316],[-121.60193444,36.21253731],[-121.60187542,36.21256304],[-121.60136762,36.21277945],[-121.60102469,36.21284891],[-121.60091346,36.21285772],[-121.60067929,36.21287627],[-121.60054556,36.21292894],[-121.60032316,36.21301653],[-121.59998764,36.21321224],[-121.59967683,36.21353353],[-121.59932646,36.21377199],[-121.5991253,36.21389221],[-121.59888459,36.2139296],[-121.59831249,36.21393758],[-121.59777831,36.21400032],[-121.59729359,36.21401899],[-121.59667367,36.21409909],[-121.59626066,36.21415717],[-121.59583445,36.21428605],[-121.59544533,36.21445569],[-121.59517492,36.21457857],[-121.59485176,36.21468943],[-121.59447747,36.21481631],[-121.59432069,36.21481441],[-121.59392186,36.21480957],[-121.59345943,36.21461645],[-121.59322041,36.21438663],[-121.59311199,36.21434313],[-121.5930605,36.21432248],[-121.59298131,36.21435472],[-121.59290798,36.21438458],[-121.5927233,36.2144901],[-121.59255063,36.21476439],[-121.59240583,36.21499442],[-121.59226317,36.21522486],[-121.59160513,36.21613595],[-121.59141135,36.21638243],[-121.59119533,36.21654539],[-121.59103289,36.21673442],[-121.59084814,36.2171352],[-121.59051662,36.21769629],[-121.59038797,36.21786996],[-121.59027042,36.21819191],[-121.59007339,36.21813385],[-121.58953216,36.21800808],[-121.58910661,36.2179302],[-121.58855005,36.21787536],[-121.58786024,36.21800881],[-121.58733789,36.21815175],[-121.58688312,36.21815386],[-121.58606364,36.21807783],[-121.58555214,36.21808211],[-121.58509915,36.21811486],[-121.58466867,36.21820819],[-121.5842967,36.21832998],[-121.58332942,36.21864357],[-121.58258011,36.21879519],[-121.58217211,36.21894908],[-121.5820451,36.21904611],[-121.58189381,36.21905191],[-121.58180802,36.21895488],[-121.5814473,36.21854685],[-121.58106143,36.21821706],[-121.58094854,36.21812058],[-121.58065881,36.2179849],[-121.5805039,36.21791235],[-121.58040289,36.21786505],[-121.58030027,36.21773684],[-121.58011665,36.21750742],[-121.57999423,36.21735853],[-121.57926675,36.2169103],[-121.57908402,36.21670229],[-121.57869607,36.21622568],[-121.57839182,36.21588409],[-121.57838376,36.21574618],[-121.57851269,36.21535726],[-121.57855063,36.21503327],[-121.57845172,36.21463774],[-121.57838885,36.2142101],[-121.5783638,36.21378101],[-121.57836883,36.21373331],[-121.5783882,36.2135497],[-121.5785198,36.21320676],[-121.57871019,36.2130229],[-121.5787351,36.21299884],[-121.57877751,36.21275147],[-121.57874071,36.21244571],[-121.5786634,36.21209542],[-121.57857267,36.21151527],[-121.57853229,36.21114821],[-121.57830432,36.210777],[-121.57798963,36.21029356],[-121.57766943,36.20952486],[-121.57754883,36.20923534],[-121.57728064,36.20886165],[-121.57724179,36.20882091],[-121.57657054,36.20810862],[-121.57650306,36.20787777],[-121.57650691,36.20729398],[-121.57649528,36.20709477],[-121.57630901,36.20682545],[-121.57570776,36.20626485],[-121.57547026,36.20576711],[-121.57539477,36.20544746],[-121.57548766,36.20509065],[-121.57547604,36.20489143],[-121.57542482,36.20466301],[-121.57525567,36.20436231],[-121.57495328,36.20405136],[-121.57424412,36.20326451],[-121.57392804,36.20303145],[-121.57384808,36.2029725],[-121.57345508,36.20261322],[-121.57326758,36.20244181],[-121.57310279,36.20223837],[-121.57300212,36.20211408],[-121.57283278,36.2019796],[-121.57248551,36.20170381],[-121.57245136,36.20167654],[-121.57153149,36.20094167],[-121.57130207,36.20058184],[-121.57080795,36.20023214],[-121.57047045,36.1999686],[-121.57006535,36.19984587],[-121.56954325,36.19966618],[-121.5692516,36.19953911],[-121.56892214,36.19941348],[-121.56864957,36.19939943],[-121.56858002,36.19939585],[-121.56825859,36.19940814],[-121.56782584,36.19948566],[-121.56726826,36.19932315],[-121.56664984,36.19911641],[-121.5664563,36.19904701],[-121.56625615,36.19905467],[-121.5659458,36.19906653],[-121.56555231,36.19914301],[-121.56511476,36.19911366],[-121.56480697,36.19892978],[-121.56456484,36.19878142],[-121.56438492,36.19882266],[-121.56376073,36.19896574],[-121.56256866,36.19899592],[-121.56209864,36.19905995],[-121.56131966,36.1993508],[-121.56125372,36.19935668],[-121.56108975,36.19937129],[-121.5607164,36.19940456],[-121.56044991,36.19938401],[-121.56028348,36.19922805],[-121.56022945,36.19917741],[-121.56016179,36.19916552],[-121.55995666,36.19912946],[-121.55959837,36.19907863],[-121.55943235,36.19905358],[-121.55894116,36.19897886],[-121.55827593,36.19882193],[-121.55811844,36.19872043],[-121.55787552,36.19845323],[-121.55780634,36.19824085],[-121.55764973,36.19815467],[-121.5574668,36.1981552],[-121.55721397,36.19815594],[-121.55685384,36.19815432],[-121.55631675,36.1981304],[-121.55518196,36.19807986],[-121.55425549,36.19811519],[-121.55407579,36.19815648],[-121.55368121,36.19824866],[-121.55335357,36.19836147],[-121.55319287,36.19841681],[-121.55276155,36.19849468],[-121.55251664,36.19851938],[-121.55223692,36.19845547],[-121.55217096,36.1984404],[-121.55204849,36.19841757],[-121.55169204,36.19835114],[-121.55110792,36.19808158],[-121.55029756,36.19815853],[-121.54972322,36.19805753],[-121.54946137,36.1978851],[-121.54879724,36.19744773],[-121.5484915,36.19737118],[-121.54810502,36.19727442],[-121.54793108,36.19724613],[-121.54779894,36.19722464],[-121.54720048,36.19725735],[-121.54687336,36.19727523],[-121.5464178,36.19726186],[-121.54564081,36.19726071],[-121.54448922,36.19733525],[-121.54414621,36.19730222],[-121.5437385,36.19713342],[-121.54327496,36.19698211],[-121.54300273,36.1968413],[-121.54261861,36.1967482],[-121.54230185,36.19674903],[-121.5420489,36.19675227],[-121.54161403,36.19676881],[-121.54130949,36.1966291],[-121.54108844,36.19652769],[-121.54041603,36.19636894],[-121.53990376,36.19635769],[-121.53961295,36.19635634],[-121.5391835,36.19635435],[-121.53891429,36.19644656],[-121.53883046,36.19647528],[-121.53879961,36.19650273],[-121.53852409,36.19674802],[-121.53795036,36.19698485],[-121.53778601,36.1970505],[-121.5377014,36.1970843],[-121.53732461,36.19723481],[-121.53721637,36.19728178],[-121.53675502,36.1976139],[-121.53639281,36.19790412],[-121.53615232,36.19800541],[-121.53584448,36.19792495],[-121.53528374,36.19773121],[-121.5351864,36.19773491],[-121.53492449,36.19774485],[-121.53484467,36.1977948],[-121.53474161,36.19785931],[-121.5341253,36.19834348],[-121.53368124,36.19852928],[-121.533275,36.19871365],[-121.53310305,36.19868946],[-121.53300895,36.19840028],[-121.53296481,36.19826465],[-121.53264723,36.1980156],[-121.53221797,36.1978015],[-121.53178872,36.1975874],[-121.53174204,36.197569],[-121.53093552,36.19725115],[-121.53085125,36.1972338],[-121.53049445,36.19716037],[-121.52989997,36.19704464],[-121.52925892,36.19698671],[-121.52865185,36.19675411],[-121.52811447,36.19663625],[-121.52800663,36.19662631],[-121.52799207,36.19662497],[-121.53082827,36.11673736]]]},"properties":{"OBJECTID":1097928,"COUNTY":"MONTEREY","CITY":"MRY","ZONE_NAME":null,"ZONE_ID":"US-CA-XMY-MRY-F031-A","STATUS":"Evacuation Warning","EVENT_TYPE":null,"CRITICAL_INFO":null,"PUBLIC_INFO":null,"EDIT_DATE":1789603106000,"STATEWIDE_LAST_UPDATED":null,"NOTES":"Timber Fire","SHAPE__Area":94393325.71484375,"SHAPE__Length":46305.840217925914,"GlobalID":"b79ab85e-5c15-4301-ac80-6faae04144fa","CreationDate":1789603232560,"Creator":"CalOES_Scripts","EditDate":1789603232560,"Editor":"CalOES_Scripts"}},{"type":"Feature","id":1097929,"geometry":{"type":"Polygon","coordinates":[[[-121.5543604,36.27626344],[-121.55429164,36.27623218],[-121.55391079,36.27605908],[-121.55382973,36.2760014],[-121.55227139,36.27489253],[-121.5522365,36.2748677],[-121.55168562,36.27448998],[-121.55155639,36.27431927],[-121.55125099,36.27391585],[-121.55076178,36.2733438],[-121.55052884,36.27310163],[-121.55031663,36.27301194],[-121.55019166,36.27295913],[-121.55008011,36.27291199],[-121.54975256,36.27292448],[-121.54926123,36.27294321],[-121.54916422,36.2729469],[-121.54894334,36.27295246],[-121.54859928,36.27285029],[-121.54776537,36.27249633],[-121.54733796,36.2723149],[-121.54729035,36.2722947],[-121.54695853,36.2722335],[-121.54679427,36.27222555],[-121.54644643,36.27220871],[-121.54587376,36.27208284],[-121.54571341,36.27214802],[-121.54547063,36.27236402],[-121.54507714,36.27249715],[-121.5449671,36.27248657],[-121.54468751,36.27238987],[-121.54439014,36.27228702],[-121.54402467,36.27215039],[-121.54392409,36.27211279],[-121.54376158,36.27201371],[-121.54314892,36.27164019],[-121.54247073,36.27126728],[-121.54229844,36.2711205],[-121.54250673,36.27063089],[-121.54252003,36.27023166],[-121.5424978,36.26984854],[-121.54237066,36.26954326],[-121.54185759,36.26855857],[-121.54144321,36.26770304],[-121.54134991,36.26735216],[-121.54135357,36.26710097],[-121.54105046,36.26690576],[-121.54018694,36.2664808],[-121.53969505,36.26617462],[-121.53954032,36.26570794],[-121.53950016,36.26501538],[-121.539661,36.26432994],[-121.53991734,36.26340459],[-121.54011738,36.26245184],[-121.54026942,36.26192919],[-121.54077571,36.26154073],[-121.54080526,36.26142147],[-121.54058033,36.26100176],[-121.54053931,36.26029446],[-121.54055971,36.25970298],[-121.54055422,36.25897956],[-121.54047571,36.25856905],[-121.54038243,36.25821817],[-121.54002528,36.25740476],[-121.53991551,36.25708404],[-121.53972554,36.25632334],[-121.53960014,36.25604752],[-121.5393087,36.25542359],[-121.53913496,36.25494286],[-121.53891263,36.25456735],[-121.5386124,36.25410619],[-121.53819703,36.25354604],[-121.53804466,36.25343369],[-121.537964,36.25341659],[-121.5377493,36.25337108],[-121.53770953,36.25335831],[-121.53752981,36.25330063],[-121.53717336,36.25318622],[-121.53685042,36.25296221],[-121.5366624,36.25271005],[-121.53659343,36.25261755],[-121.5361188,36.25220302],[-121.5360749,36.25216468],[-121.535493,36.25187667],[-121.53484942,36.2514021],[-121.53437809,36.25106738],[-121.53433205,36.2510347],[-121.5336845,36.25055719],[-121.53334648,36.25017116],[-121.53319642,36.24999978],[-121.53305348,36.24984155],[-121.53224189,36.2489432],[-121.53175299,36.24837105],[-121.5315651,36.2482748],[-121.53069939,36.24804284],[-121.5305563,36.24785529],[-121.53043011,36.24756472],[-121.53024337,36.24717307],[-121.53002054,36.24647267],[-121.52984974,36.24572599],[-121.52967212,36.24486142],[-121.52960051,36.24456879],[-121.52945443,36.24424943],[-121.52929271,36.24397498],[-121.52887321,36.24334111],[-121.52856968,36.24282098],[-121.52815105,36.24220184],[-121.52803455,36.24176322],[-121.52800078,36.24086366],[-121.52785557,36.24055904],[-121.52762652,36.24006562],[-121.52739036,36.23976445],[-121.52719855,36.23928438],[-121.52693793,36.23919089],[-121.5266156,36.23920311],[-121.52650136,36.23920744],[-121.52571579,36.23917815],[-121.52494329,36.23905975],[-121.52478321,36.23895757],[-121.52465938,36.23887853],[-121.52437377,36.23866783],[-121.52413762,36.23836665],[-121.52379829,36.23817276],[-121.52345896,36.23797887],[-121.52299822,36.23776083],[-121.52276552,36.23765071],[-121.5226239,36.23755539],[-121.52232929,36.2373571],[-121.52211135,36.23705523],[-121.52194084,36.23694355],[-121.52187209,36.23692693],[-121.52157109,36.23685417],[-121.52134431,36.23671508],[-121.52108116,36.23657737],[-121.52067419,36.23647463],[-121.52036156,36.2364274],[-121.51959845,36.23647106],[-121.51893682,36.23637795],[-121.51890295,36.23636269],[-121.51863338,36.23624122],[-121.5185438,36.23620085],[-121.51848613,36.23616044],[-121.51816386,36.23593463],[-121.51778903,36.23575683],[-121.51746536,36.23551803],[-121.51726138,36.23514178],[-121.51701338,36.23463428],[-121.51671966,36.23396606],[-121.51652199,36.23338282],[-121.51634675,36.23287257],[-121.51590124,36.23241685],[-121.51578616,36.23231783],[-121.51554377,36.23222362],[-121.51550256,36.23221028],[-121.51513513,36.23209139],[-121.51476201,36.23194305],[-121.51431021,36.23169431],[-121.51386264,36.23151925],[-121.51351841,36.23140598],[-121.51314459,36.23128298],[-121.51308635,36.23125767],[-121.51284409,36.23114916],[-121.51265153,36.23106291],[-121.51236071,36.23082989],[-121.5119827,36.230527],[-121.51147341,36.23019324],[-121.51097376,36.22978242],[-121.51062008,36.22933797],[-121.51006992,36.22872031],[-121.50999651,36.22863789],[-121.50998147,36.22858119],[-121.50990342,36.22828698],[-121.50988599,36.22766738],[-121.50997477,36.22730959],[-121.50994934,36.22686751],[-121.50985709,36.22653133],[-121.50962442,36.22628906],[-121.50932827,36.22608271],[-121.50894085,36.22581276],[-121.50846159,36.22540259],[-121.50835985,36.22530863],[-121.50788791,36.22487277],[-121.50767509,36.22467622],[-121.50732694,36.22435895],[-121.50709084,36.22414378],[-121.50663792,36.22348801],[-121.50640375,36.2232504],[-121.5058924,36.22309249],[-121.5052274,36.22283729],[-121.5051622,36.22281227],[-121.50511088,36.22277754],[-121.50479197,36.22254212],[-121.50443974,36.22229997],[-121.50430685,36.22219574],[-121.50405324,36.22199681],[-121.50357664,36.22159735],[-121.5032724,36.2212537],[-121.50323174,36.22121141],[-121.50293712,36.22090499],[-121.50260613,36.22036297],[-121.50235614,36.21989267],[-121.50225196,36.21936748],[-121.50274004,36.21906774],[-121.50311435,36.21865429],[-121.50326922,36.21835575],[-121.50328501,36.2183253],[-121.50377453,36.21727777],[-121.50412903,36.2168497],[-121.50438062,36.21660983],[-121.50495549,36.21638847],[-121.50603308,36.21600991],[-121.50612081,36.21598073],[-121.50655385,36.21583667],[-121.50760505,36.21565877],[-121.50878424,36.21539922],[-121.5091726,36.21523097],[-121.50937094,36.21505453],[-121.50969375,36.21473515],[-121.51006712,36.21430636],[-121.51017044,36.21419802],[-121.51037101,36.21398769],[-121.51054034,36.21396594],[-121.5109698,36.21390444],[-121.51112311,36.21388249],[-121.5115286,36.21368286],[-121.51229383,36.2131471],[-121.51285806,36.2127418],[-121.51324463,36.21254288],[-121.51338711,36.2123839],[-121.5135485,36.21222421],[-121.51364698,36.21195938],[-121.51369137,36.21174268],[-121.51380435,36.2114005],[-121.51394153,36.21114957],[-121.51437248,36.21073394],[-121.51464645,36.21055464],[-121.51504751,36.21027837],[-121.51536674,36.20989768],[-121.51592388,36.20936976],[-121.51626732,36.20908031],[-121.51667752,36.20884318],[-121.51683591,36.20875162],[-121.51705316,36.2087434],[-121.51747889,36.2087273],[-121.51777617,36.2086239],[-121.51794019,36.20851018],[-121.51821982,36.20810027],[-121.51846868,36.20781439],[-121.51869951,36.20754455],[-121.51877906,36.20728043],[-121.51877112,36.2071425],[-121.51844029,36.20666352],[-121.51829203,36.20639267],[-121.51808615,36.20610863],[-121.51801441,36.20585024],[-121.51806056,36.20566418],[-121.51842464,36.20540466],[-121.5186977,36.20521002],[-121.51905207,36.20478191],[-121.51951901,36.20433419],[-121.51988662,36.20413597],[-121.52038659,36.20393274],[-121.52060115,36.20370959],[-121.52108168,36.20316919],[-121.52145147,36.20288701],[-121.52153242,36.20285869],[-121.52196638,36.20273636],[-121.52265933,36.20226471],[-121.52287652,36.20208753],[-121.52335792,36.20156245],[-121.52401126,36.20106157],[-121.5242007,36.20073186],[-121.52421746,36.20070564],[-121.52424138,36.20066823],[-121.52439191,36.20043279],[-121.52484077,36.20000109],[-121.52561495,36.19929595],[-121.52589981,36.19897798],[-121.52600451,36.19876546],[-121.52606945,36.19863365],[-121.52621034,36.19837582],[-121.52637798,36.19806903],[-121.52672432,36.19750297],[-121.52696693,36.1971098],[-121.52726273,36.19665318],[-121.5275239,36.19658184],[-121.52800663,36.19662631],[-121.52811447,36.19663625],[-121.52865185,36.19675411],[-121.52925892,36.19698671],[-121.52989997,36.19704464],[-121.53049445,36.19716037],[-121.53085125,36.1972338],[-121.53093552,36.19725115],[-121.53174204,36.197569],[-121.53178872,36.1975874],[-121.53221797,36.1978015],[-121.53264723,36.1980156],[-121.53296481,36.19826465],[-121.53300895,36.19840028],[-121.53310305,36.19868946],[-121.533275,36.19871365],[-121.53368124,36.19852928],[-121.5341253,36.19834348],[-121.53474161,36.19785931],[-121.53484467,36.1977948],[-121.53492449,36.19774485],[-121.5351864,36.19773491],[-121.53528374,36.19773121],[-121.53584448,36.19792495],[-121.53615232,36.19800541],[-121.53639281,36.19790412],[-121.53675502,36.1976139],[-121.53721637,36.19728178],[-121.53732461,36.19723481],[-121.5377014,36.1970843],[-121.53778601,36.1970505],[-121.53795036,36.19698485],[-121.53852409,36.19674802],[-121.53879961,36.19650273],[-121.53883046,36.19647528],[-121.53891429,36.19644656],[-121.5391835,36.19635435],[-121.53961295,36.19635634],[-121.53990376,36.19635769],[-121.54041603,36.19636894],[-121.54108844,36.19652769],[-121.54130949,36.1966291],[-121.54161403,36.19676881],[-121.5420489,36.19675227],[-121.54230185,36.19674903],[-121.54261861,36.1967482],[-121.54300273,36.1968413],[-121.54327496,36.19698211],[-121.5437385,36.19713342],[-121.54414621,36.19730222],[-121.54448922,36.19733525],[-121.54564081,36.19726071],[-121.5464178,36.19726186],[-121.54687336,36.19727523],[-121.54720048,36.19725735],[-121.54779894,36.19722464],[-121.54793108,36.19724613],[-121.54810502,36.19727442],[-121.5484915,36.19737118],[-121.54879724,36.19744773],[-121.54946137,36.1978851],[-121.54972322,36.19805753],[-121.55029756,36.19815853],[-121.55110792,36.19808158],[-121.55169204,36.19835114],[-121.55204849,36.19841757],[-121.55217096,36.1984404],[-121.55223692,36.19845547],[-121.55251664,36.19851938],[-121.55276155,36.19849468],[-121.55319287,36.19841681],[-121.55335357,36.19836147],[-121.55368121,36.19824866],[-121.55407579,36.19815648],[-121.55425549,36.19811519],[-121.55518196,36.19807986],[-121.55631675,36.1981304],[-121.55685384,36.19815432],[-121.55721397,36.19815594],[-121.5574668,36.1981552],[-121.55764973,36.19815467],[-121.55780634,36.19824085],[-121.55787552,36.19845323],[-121.55811844,36.19872043],[-121.55827593,36.19882193],[-121.55894116,36.19897886],[-121.55943235,36.19905358],[-121.55959837,36.19907863],[-121.55995666,36.19912946],[-121.56016179,36.19916552],[-121.56022945,36.19917741],[-121.56028348,36.19922805],[-121.56044991,36.19938401],[-121.5607164,36.19940456],[-121.56108975,36.19937129],[-121.56125372,36.19935668],[-121.56131966,36.1993508],[-121.56209864,36.19905995],[-121.56256866,36.19899592],[-121.56376073,36.19896574],[-121.56438492,36.19882266],[-121.56456484,36.19878142],[-121.56480697,36.19892978],[-121.56511476,36.19911366],[-121.56555231,36.19914301],[-121.5659458,36.19906653],[-121.56625615,36.19905467],[-121.5664563,36.19904701],[-121.56664984,36.19911641],[-121.56726826,36.19932315],[-121.56782584,36.19948566],[-121.56825859,36.19940814],[-121.56858002,36.19939585],[-121.56864957,36.19939943],[-121.56892214,36.19941348],[-121.5692516,36.19953911],[-121.56954325,36.19966618],[-121.57006535,36.19984587],[-121.57047045,36.1999686],[-121.57080795,36.20023214],[-121.57130207,36.20058184],[-121.57153149,36.20094167],[-121.57245136,36.20167654],[-121.57248551,36.20170381],[-121.57283278,36.2019796],[-121.57300212,36.20211408],[-121.57310279,36.20223837],[-121.57326758,36.20244181],[-121.57345508,36.20261322],[-121.57384808,36.2029725],[-121.57392804,36.20303145],[-121.57424412,36.20326451],[-121.57495328,36.20405136],[-121.57525567,36.20436231],[-121.57542482,36.20466301],[-121.57547604,36.20489143],[-121.57548766,36.20509065],[-121.57539477,36.20544746],[-121.57547026,36.20576711],[-121.57570776,36.20626485],[-121.57630901,36.20682545],[-121.57649528,36.20709477],[-121.57650691,36.20729398],[-121.57650306,36.20787777],[-121.57657054,36.20810862],[-121.57724179,36.20882091],[-121.57728064,36.20886165],[-121.57754883,36.20923534],[-121.57766943,36.20952486],[-121.57798963,36.21029356],[-121.57830432,36.210777],[-121.57853229,36.21114821],[-121.57857267,36.21151527],[-121.5786634,36.21209542],[-121.57874071,36.21244571],[-121.57877751,36.21275147],[-121.5787351,36.21299884],[-121.57871019,36.2130229],[-121.5785198,36.21320676],[-121.5783882,36.2135497],[-121.57836883,36.21373331],[-121.5783638,36.21378101],[-121.57838885,36.2142101],[-121.57845172,36.21463774],[-121.57855063,36.21503327],[-121.57851269,36.21535726],[-121.57838376,36.21574618],[-121.57839182,36.21588409],[-121.57869607,36.21622568],[-121.57908402,36.21670229],[-121.57926675,36.2169103],[-121.57999423,36.21735853],[-121.58011665,36.21750742],[-121.58030027,36.21773684],[-121.58040289,36.21786505],[-121.5805039,36.21791235],[-121.58065881,36.2179849],[-121.58094854,36.21812058],[-121.58106143,36.21821706],[-121.5814473,36.21854685],[-121.58180802,36.21895488],[-121.58189381,36.21905191],[-121.5820451,36.21904611],[-121.58217211,36.21894908],[-121.58258011,36.21879519],[-121.58332942,36.21864357],[-121.5842967,36.21832998],[-121.58466867,36.21820819],[-121.58509915,36.21811486],[-121.58555214,36.21808211],[-121.58606364,36.21807783],[-121.58688312,36.21815386],[-121.58733789,36.21815175],[-121.58786024,36.21800881],[-121.58855005,36.21787536],[-121.58910661,36.2179302],[-121.58953216,36.21800808],[-121.59007339,36.21813385],[-121.59027042,36.21819191],[-121.59055604,36.21836966],[-121.59070029,36.21846254],[-121.59081067,36.21886603],[-121.59091366,36.21914328],[-121.59098355,36.21937912],[-121.59108667,36.21972715],[-121.59113033,36.21988013],[-121.59129765,36.22007054],[-121.59144235,36.22013168],[-121.59151115,36.22016075],[-121.59206018,36.22035054],[-121.59244681,36.22043409],[-121.59280129,36.22056105],[-121.59293645,36.22079488],[-121.59314087,36.22102604],[-121.5935011,36.2212512],[-121.59410208,36.22143898],[-121.59456948,36.22171626],[-121.59499733,36.22191069],[-121.59519765,36.22207171],[-121.59537073,36.2223603],[-121.59556853,36.2227745],[-121.59592052,36.22315463],[-121.59634505,36.22358821],[-121.59654286,36.22400239],[-121.59699791,36.2243645],[-121.59736722,36.22474396],[-121.59751972,36.22497711],[-121.59779664,36.22585223],[-121.59785016,36.22646881],[-121.59781876,36.22693336],[-121.597813,36.22701858],[-121.59767277,36.22758638],[-121.59771312,36.22797851],[-121.59787707,36.22835873],[-121.59809477,36.22886365],[-121.59833465,36.22940275],[-121.59839858,36.22986647],[-121.59842527,36.23006009],[-121.59848958,36.23021043],[-121.59872698,36.23076552],[-121.59884895,36.23136541],[-121.59891572,36.23161592],[-121.59901794,36.23187912],[-121.59914985,36.23205682],[-121.59929328,36.23243091],[-121.59918687,36.23298335],[-121.59923854,36.23341144],[-121.59925443,36.23354315],[-121.59928078,36.23399206],[-121.5992585,36.23420381],[-121.59915293,36.23447502],[-121.59905463,36.23469252],[-121.59903005,36.2347469],[-121.59902451,36.23477925],[-121.59899128,36.23497335],[-121.59886181,36.235133],[-121.59873935,36.23526426],[-121.59869853,36.23530801],[-121.59861936,36.2354376],[-121.59860256,36.23586924],[-121.59803742,36.23600361],[-121.59789062,36.23605962],[-121.59774498,36.23611683],[-121.59760048,36.23617525],[-121.59745713,36.23623487],[-121.59731493,36.23629568],[-121.59717388,36.2363577],[-121.59703397,36.23642092],[-121.59689521,36.23648533],[-121.5967576,36.23655095],[-121.59662113,36.23661777],[-121.59648581,36.23668579],[-121.59635164,36.23675501],[-121.59621862,36.23682543],[-121.59608674,36.23689705],[-121.59595601,36.23696987],[-121.59582643,36.23704389],[-121.59574576,36.23709255],[-121.59566535,36.23714504],[-121.59558505,36.23720146],[-121.59550466,36.23726197],[-121.59542405,36.23732664],[-121.59534283,36.23739578],[-121.59526065,36.23746969],[-121.59517699,36.23754883],[-121.5951053,36.23761961],[-121.59503155,36.23769505],[-121.59487433,36.23786359],[-121.59472311,36.2380332],[-121.59434547,36.23846577],[-121.5942363,36.23858699],[-121.59413699,36.23869363],[-121.59402407,36.23880956],[-121.5939163,36.23891394],[-121.59381164,36.23900876],[-121.59370901,36.23909501],[-121.59364659,36.23914404],[-121.59358446,36.23919023],[-121.59352249,36.23923368],[-121.59346057,36.23927445],[-121.59339859,36.23931262],[-121.59333647,36.23934824],[-121.59327415,36.23938133],[-121.59321157,36.23941195],[-121.59314856,36.23944015],[-121.59308517,36.23946591],[-121.59302134,36.23948926],[-121.59295704,36.2395102],[-121.5928922,36.23952876],[-121.59282681,36.23954495],[-121.59276082,36.23955877],[-121.59269421,36.23957024],[-121.59262326,36.23958027],[-121.59254982,36.23958896],[-121.59247386,36.2395963],[-121.59239534,36.2396023],[-121.59231424,36.23960696],[-121.59223049,36.23961028],[-121.59205476,36.23961294],[-121.59186861,36.23961032],[-121.59166957,36.23960243],[-121.59145567,36.2395892],[-121.59122022,36.23957024],[-121.59115078,36.23956326],[-121.59108129,36.23955463],[-121.59101172,36.23954433],[-121.59094204,36.23953236],[-121.59087222,36.23951872],[-121.59080221,36.23950339],[-121.59073198,36.23948637],[-121.59066148,36.23946765],[-121.59059074,36.23944724],[-121.59051963,36.2394251],[-121.5904481,36.23940121],[-121.59037607,36.23937556],[-121.59023028,36.23931886],[-121.5900815,36.2392547],[-121.58993933,36.23918784],[-121.58979268,36.23911366],[-121.5896402,36.23903145],[-121.58947934,36.23893987],[-121.58932717,36.2388494],[-121.58915944,36.23874631],[-121.58853537,36.23835047],[-121.58827329,36.23818847],[-121.58813069,36.23810372],[-121.58799645,36.23802684],[-121.58786798,36.23795634],[-121.58774396,36.23789152],[-121.58759395,36.2378178],[-121.58744794,36.23775142],[-121.5873049,36.2376919],[-121.58716418,36.23763899],[-121.58702501,36.23759239],[-121.58688716,36.23755204],[-121.58675025,36.23751785],[-121.586614,36.23748972],[-121.58650032,36.2374676],[-121.58613329,36.23739234],[-121.58601484,36.23737109],[-121.58590961,36.2373552],[-121.58579677,36.23734246],[-121.58569332,36.23733593],[-121.58564452,36.23733494],[-121.58559752,36.23733547],[-121.58555221,36.23733753],[-121.58550851,36.23734111],[-121.58545806,36.23734808],[-121.5854081,36.23735872],[-121.58535855,36.23737305],[-121.5853093,36.23739111],[-121.58526027,36.2374129],[-121.58521128,36.23743852],[-121.58516217,36.23746805],[-121.58511272,36.23750162],[-121.58506316,36.237539],[-121.58501262,36.2375808],[-121.58496066,36.2376274],[-121.58490643,36.23767953],[-121.58485434,36.23773249],[-121.58479736,36.23779304],[-121.58458141,36.23803239],[-121.58448857,36.23813162],[-121.58443737,36.23818341],[-121.58438875,36.23823009],[-121.58434178,36.23827258],[-121.58429597,36.2383113],[-121.58423973,36.23835491],[-121.58418422,36.23839352],[-121.58412905,36.2384274],[-121.58407395,36.23845669],[-121.58401864,36.23848156],[-121.58396301,36.23850203],[-121.58390693,36.23851816],[-121.58385027,36.23852999],[-121.58369954,36.23855301],[-121.58355636,36.23856967],[-121.58348838,36.23857553],[-121.58342298,36.23857971],[-121.58336027,36.23858223],[-121.58330035,36.23858307],[-121.58324349,36.23858223],[-121.58318953,36.23857974],[-121.58313853,36.23857558],[-121.58309053,36.23856976],[-121.58304555,36.23856229],[-121.58300363,36.23855316],[-121.58296478,36.23854239],[-121.58292903,36.23852999],[-121.58289767,36.23851604],[-121.58286808,36.23849915],[-121.58284019,36.23847927],[-121.58281392,36.23845635],[-121.58278922,36.23843035],[-121.58276598,36.23840114],[-121.58274407,36.23836859],[-121.58272335,36.23833251],[-121.58270662,36.23829894],[-121.58269049,36.23826235],[-121.58265927,36.23817826],[-121.58263179,36.23808964],[-121.58256191,36.2378434],[-121.58253825,36.23777144],[-121.58251451,36.23770905],[-121.58248408,36.23764227],[-121.58245126,36.23758407],[-121.58243375,36.23755782],[-121.58241544,36.23753338],[-121.5823963,36.2375107],[-121.58237628,36.23748972],[-121.58231304,36.23743195],[-121.58224315,36.23737646],[-121.58216651,36.23732319],[-121.58208302,36.23727206],[-121.58199259,36.23722302],[-121.58189497,36.23717591],[-121.58178988,36.23713061],[-121.58167694,36.23708695],[-121.58156335,36.23704729],[-121.58144168,36.23700864],[-121.581311,36.23697071],[-121.58116944,36.23693296],[-121.58103037,36.23689849],[-121.58087466,36.23686217],[-121.58034955,36.23674667],[-121.5802722,36.23673041],[-121.58019284,36.23671575],[-121.5801113,36.23670267],[-121.58002742,36.23669115],[-121.57994106,36.23668115],[-121.57985187,36.23667264],[-121.57975952,36.23666558],[-121.57966355,36.23665995],[-121.57947336,36.23665312],[-121.57926137,36.23665084],[-121.57904149,36.23665248],[-121.57843378,36.23666223],[-121.57824877,36.23666225],[-121.57808356,36.2366594],[-121.57789497,36.23665163],[-121.5778062,36.23664593],[-121.57772045,36.23663898],[-121.57763729,36.23663074],[-121.57755656,36.23662119],[-121.57747804,36.2366103],[-121.57740157,36.23659806],[-121.57731019,36.23658133],[-121.57721778,36.23656229],[-121.57712418,36.2365409],[-121.57702922,36.23651711],[-121.57693276,36.2364909],[-121.57683445,36.23646218],[-121.57673398,36.23643085],[-121.57663094,36.23639678],[-121.57652336,36.23635929],[-121.5764118,36.23631854],[-121.57629527,36.23627416],[-121.57617196,36.23622547],[-121.57591917,36.23612141],[-121.57541619,36.2359074],[-121.57520395,36.23581879],[-121.57498034,36.23572928],[-121.57477848,36.23565343],[-121.57465877,36.23561124],[-121.57454312,36.23557275],[-121.57443071,36.2355377],[-121.574321,36.23550591],[-121.57421338,36.23547721],[-121.57410766,36.23545156],[-121.57400356,36.23542889],[-121.57390084,36.23540915],[-121.57331804,36.23530253],[-121.57306677,36.23525783],[-121.57280465,36.23521392],[-121.57256826,36.23517779],[-121.5723289,36.2351456],[-121.57210561,36.23512056],[-121.57189553,36.23510234],[-121.57179499,36.23509575],[-121.57169725,36.23509083],[-121.57159668,36.23508743],[-121.57149901,36.23508588],[-121.57140413,36.23508619],[-121.57131196,36.23508836],[-121.57122243,36.23509238],[-121.57113549,36.23509827],[-121.57105109,36.23510602],[-121.57096919,36.23511564],[-121.57088969,36.23512714],[-121.57081264,36.23514052],[-121.57073799,36.23515578],[-121.57066573,36.23517293],[-121.57059582,36.23519198],[-121.57052826,36.23521293],[-121.57046303,36.23523578],[-121.57040012,36.23526054],[-121.57034152,36.23528618],[-121.57028315,36.23531419],[-121.57022501,36.2353446],[-121.57016709,36.23537739],[-121.57010938,36.23541257],[-121.57005187,36.23545014],[-121.56999456,36.23549012],[-121.56993744,36.2355325],[-121.56988052,36.23557728],[-121.56982377,36.23562448],[-121.56976717,36.23567411],[-121.56971071,36.23572618],[-121.56965439,36.23578071],[-121.56959817,36.23583771],[-121.56954204,36.2358972],[-121.56948598,36.23595921],[-121.56937594,36.23608847],[-121.56926577,36.2362279],[-121.56915512,36.23637792],[-121.56904338,36.23653936],[-121.56893148,36.23671065],[-121.56881606,36.23689672],[-121.56869517,36.23710061],[-121.56855763,36.23734111],[-121.56852579,36.23740055],[-121.56849602,36.2374623],[-121.56846828,36.2375265],[-121.56844248,36.23759331],[-121.56841858,36.23766286],[-121.56839645,36.23773549],[-121.56837599,36.23781156],[-121.56835704,36.23789156],[-121.56832917,36.23803134],[-121.56830373,36.23818914],[-121.56828297,36.23834276],[-121.56823645,36.23872025],[-121.56820773,36.23891597],[-121.5681902,36.23901485],[-121.56817141,36.23910657],[-121.56815102,36.23919274],[-121.56812884,36.23927418],[-121.56810107,36.23936231],[-121.56807052,36.23944574],[-121.56803703,36.23952495],[-121.56800045,36.23960028],[-121.5679606,36.23967206],[-121.56791742,36.23974041],[-121.56787079,36.2398055],[-121.56782064,36.23986745],[-121.56777414,36.23992001],[-121.5677248,36.23997284],[-121.56767261,36.24002595],[-121.56761755,36.24007938],[-121.5675596,36.24013312],[-121.56749872,36.24018721],[-121.56743489,36.2402417],[-121.56736805,36.24029661],[-121.56722566,36.24040748],[-121.56707038,36.24052081],[-121.56690115,36.24063735],[-121.56671514,36.24075908],[-121.56662123,36.24081628],[-121.56652255,36.24087078],[-121.56641893,36.24092267],[-121.56631012,36.24097209],[-121.56619598,36.2410191],[-121.56607602,36.24106391],[-121.5659498,36.24110668],[-121.56581668,36.24114764],[-121.56568735,36.24118395],[-121.56555049,36.24121921],[-121.5654048,36.24125377],[-121.56524786,36.2412882],[-121.56509814,36.24131891],[-121.56493091,36.24135137],[-121.56431002,36.24146543],[-121.56405523,36.24151435],[-121.56391909,36.24154221],[-121.56379289,36.24156954],[-121.56367419,36.24159685],[-121.56356175,36.24162444],[-121.5634288,36.24165961],[-121.56330295,36.24169589],[-121.56318332,36.24173353],[-121.56306935,36.2417727],[-121.56296041,36.24181364],[-121.56285633,36.24185641],[-121.56275682,36.24190113],[-121.56266167,36.2419479],[-121.56250456,36.24202983],[-121.56234948,36.24211305],[-121.56219673,36.24219738],[-121.56204656,36.24228271],[-121.56189925,36.24236886],[-121.56175493,36.24245577],[-121.56161378,36.24254331],[-121.56147593,36.24263142],[-121.56134171,36.24271987],[-121.56121101,36.24280873],[-121.56108394,36.24289792],[-121.56096057,36.2429874],[-121.560841,36.2430771],[-121.56072527,36.24316697],[-121.56061345,36.24325698],[-121.56050558,36.24334708],[-121.56040217,36.24343683],[-121.56030276,36.2435266],[-121.56020739,36.24361636],[-121.56011609,36.24370608],[-121.56002888,36.24379573],[-121.55994579,36.24388529],[-121.55986684,36.24397473],[-121.55979205,36.24406404],[-121.55972145,36.24415318],[-121.55965504,36.24424213],[-121.55959284,36.2443309],[-121.55953484,36.24441946],[-121.55948107,36.24450778],[-121.55943154,36.24459587],[-121.55938624,36.24468371],[-121.5593452,36.24477128],[-121.55930807,36.24486222],[-121.5592761,36.24495664],[-121.55924923,36.24505473],[-121.55922738,36.24515675],[-121.55921052,36.24526288],[-121.55919853,36.24537366],[-121.55919137,36.24548958],[-121.559189,36.24561139],[-121.55919066,36.24571846],[-121.55919566,36.24583122],[-121.55920405,36.2459508],[-121.55921598,36.2460794],[-121.55924514,36.24632759],[-121.5593089,36.24679522],[-121.55933283,36.24698312],[-121.55935363,36.2471756],[-121.55936746,36.24734777],[-121.55937273,36.24744557],[-121.5593757,36.24753927],[-121.55937637,36.24762949],[-121.55937476,36.24771663],[-121.55937085,36.24780112],[-121.55936463,36.2478831],[-121.55935609,36.24796279],[-121.5593452,36.24804033],[-121.55930817,36.24829216],[-121.55921967,36.24894549],[-121.55919189,36.24912984],[-121.55916431,36.24929541],[-121.55912824,36.24948695],[-121.55908987,36.24966362],[-121.55904853,36.24982853],[-121.55900385,36.24998317],[-121.55897751,36.25006491],[-121.55894999,36.25014399],[-121.55892126,36.25022051],[-121.55889128,36.25029457],[-121.55886002,36.25036627],[-121.55882744,36.25043564],[-121.55879352,36.25050277],[-121.55875824,36.25056768],[-121.55872153,36.25063049],[-121.55868341,36.25069118],[-121.55864385,36.25074976],[-121.55860285,36.25080627],[-121.55856037,36.25086074],[-121.55851641,36.25091318],[-121.55847094,36.25096362],[-121.55842395,36.25101207],[-121.55836344,36.25106837],[-121.5582973,36.25112251],[-121.55822541,36.25117461],[-121.55814762,36.25122479],[-121.55806379,36.25127313],[-121.55797358,36.25131985],[-121.55787664,36.25136512],[-121.55777247,36.25140918],[-121.55766935,36.25144901],[-121.55755869,36.25148836],[-121.55743947,36.25152761],[-121.55730968,36.2515674],[-121.55718379,36.25160377],[-121.5570422,36.25164277],[-121.55650112,36.25178489],[-121.55627559,36.2518465],[-121.55615557,36.25188121],[-121.55604484,36.25191491],[-121.55594127,36.25194824],[-121.55584382,36.25198156],[-121.55573001,36.25202335],[-121.55562343,36.2520659],[-121.55552338,36.25210948],[-121.55542938,36.2521543],[-121.55534095,36.2522006],[-121.55525796,36.25224845],[-121.55518019,36.252298],[-121.55510748,36.25234932],[-121.55498806,36.25244054],[-121.55487148,36.25253438],[-121.55475771,36.25263085],[-121.55464678,36.25272995],[-121.55453867,36.25283168],[-121.55443339,36.25293604],[-121.55433094,36.25304302],[-121.55423131,36.25315263],[-121.55413451,36.25326488],[-121.55404053,36.25337974],[-121.55394938,36.25349724],[-121.55386106,36.25361737],[-121.55377557,36.25374012],[-121.5536929,36.2538655],[-121.55361306,36.25399351],[-121.55353604,36.25412415],[-121.55364672,36.25423187],[-121.55389712,36.25439108],[-121.55392222,36.25446762],[-121.55392141,36.25459045],[-121.55380297,36.25481509],[-121.55368886,36.25502396],[-121.55354242,36.25513294],[-121.55308016,36.25530098],[-121.55293224,36.2554139],[-121.55280653,36.25546625],[-121.55264968,36.2555036],[-121.55239935,36.25556778],[-121.55222439,36.2556434],[-121.5517166,36.25589863],[-121.55159314,36.25597053],[-121.55150548,36.25605211],[-121.55133483,36.25630792],[-121.55123276,36.25641725],[-121.55098932,36.25656881],[-121.5507724,36.256742],[-121.55075002,36.25679735],[-121.55080379,36.25686283],[-121.55098571,36.25709799],[-121.55104503,36.25734239],[-121.5510045,36.25762146],[-121.55092671,36.25771762],[-121.55072424,36.25792928],[-121.55074307,36.25806082],[-121.5509026,36.25830169],[-121.55090758,36.25835515],[-121.55087828,36.25839628],[-121.55067396,36.25859759],[-121.55062878,36.25870736],[-121.55067443,36.25886968],[-121.55064003,36.25891623],[-121.55038923,36.25906578],[-121.55026149,36.25914642],[-121.55021652,36.25922051],[-121.55032461,36.25936842],[-121.55048765,36.25955497],[-121.55051453,36.25965045],[-121.55046481,36.25990496],[-121.55030976,36.26004678],[-121.5502719,36.26012206],[-121.5502902,36.26018829],[-121.55038172,36.26032052],[-121.55037115,36.26049226],[-121.55026239,36.26066835],[-121.55026662,36.26089558],[-121.55017971,36.26095102],[-121.5497204,36.26103797],[-121.54958627,36.26108005],[-121.54954336,36.26114891],[-121.5495895,36.26122761],[-121.54992454,36.26150782],[-121.54998162,36.26157583],[-121.54999008,36.26163705],[-121.54995977,36.26169649],[-121.5498752,36.26177408],[-121.5494643,36.26204261],[-121.54938651,36.26212165],[-121.54925272,36.26218088],[-121.54803631,36.26233686],[-121.54759191,36.26230838],[-121.54656518,36.26271727],[-121.54622465,36.26287143],[-121.54612571,36.26294966],[-121.54612679,36.26302972],[-121.5463127,36.263065],[-121.54643604,36.2631074],[-121.54656427,36.26323006],[-121.54691249,36.26327223],[-121.5471543,36.26341466],[-121.54726412,36.26356646],[-121.54725746,36.2637077],[-121.5472113,36.26388174],[-121.5471845,36.26404171],[-121.54697434,36.26442187],[-121.54710843,36.26467374],[-121.54715753,36.26474454],[-121.54725549,36.26478032],[-121.54741615,36.26475988],[-121.54781869,36.26473754],[-121.54798716,36.26470842],[-121.54811613,36.26472103],[-121.5482216,36.26474911],[-121.54828139,36.26480139],[-121.5483724,36.26509514],[-121.54846207,36.2652443],[-121.5484601,36.26533188],[-121.5483763,36.26554652],[-121.54840143,36.26576274],[-121.5483524,36.26583586],[-121.54786418,36.26629707],[-121.54745603,36.26658147],[-121.54737929,36.26671248],[-121.54735668,36.26692557],[-121.54733137,36.26703601],[-121.54685509,36.26730752],[-121.54649155,36.2675307],[-121.5463984,36.26759841],[-121.54639961,36.26768461],[-121.54644629,36.26773064],[-121.54656976,36.26780637],[-121.54681003,36.26799979],[-121.54707345,36.26816135],[-121.54714758,36.26823292],[-121.54715926,36.26829407],[-121.54708844,36.26843547],[-121.546924,36.26867548],[-121.54683319,36.26883018],[-121.54665017,36.26900526],[-121.54649887,36.2693116],[-121.54645744,36.26957377],[-121.54653476,36.26961914],[-121.54667366,36.2696313],[-121.5468936,36.26964018],[-121.54709462,36.26968855],[-121.54729982,36.2697889],[-121.54745318,36.26994628],[-121.5475657,36.27006175],[-121.54764084,36.27018981],[-121.54777349,36.27029931],[-121.54829462,36.27061995],[-121.54842042,36.27061855],[-121.54857844,36.27057246],[-121.54889136,36.2704229],[-121.54908274,36.27029991],[-121.54925212,36.2702009],[-121.54940024,36.27009321],[-121.54955326,36.27003635],[-121.54972251,36.2700495],[-121.54989585,36.27010698],[-121.54999188,36.2701832],[-121.55010463,36.27029492],[-121.55021466,36.27035396],[-121.55063907,36.27040623],[-121.55091083,36.27057916],[-121.55118465,36.27080283],[-121.55127894,36.27091439],[-121.55138646,36.27108256],[-121.55153594,36.27121846],[-121.55155926,36.27131697],[-121.55154844,36.27159381],[-121.5515931,36.27167646],[-121.55165621,36.27173128],[-121.55185703,36.27179183],[-121.55199475,36.27177233],[-121.55211132,36.27171104],[-121.55228406,36.27160979],[-121.55255297,36.27156152],[-121.55269493,36.27147998],[-121.55283252,36.2713676],[-121.55301091,36.27119915],[-121.55311878,36.27114326],[-121.55322283,36.27115187],[-121.55328275,36.27122334],[-121.55329899,36.27132489],[-121.55314128,36.27158752],[-121.55309947,36.27173418],[-121.55313361,36.27181575],[-121.55327475,36.27203611],[-121.55330422,36.27209819],[-121.55330458,36.27215828],[-121.55325597,36.27220113],[-121.55301769,36.27230634],[-121.55249506,36.2725759],[-121.55228055,36.2727951],[-121.55200215,36.2730367],[-121.551848,36.27322433],[-121.55185917,36.27326981],[-121.55191753,36.27332734],[-121.55212206,36.27347357],[-121.55217738,36.27352686],[-121.55217256,36.27357661],[-121.55210424,36.27365777],[-121.55207635,36.27374198],[-121.55209414,36.27379255],[-121.55220052,36.2738386],[-121.55233249,36.27387757],[-121.55245067,36.27393904],[-121.55253413,36.27405695],[-121.55258247,36.27412041],[-121.55275489,36.27422561],[-121.55278498,36.27430699],[-121.55280762,36.27444217],[-121.55289672,36.27454691],[-121.55303671,36.27462586],[-121.55329829,36.27474253],[-121.55333921,36.27480959],[-121.55332927,36.27499793],[-121.55340558,36.27508643],[-121.55365062,36.27522747],[-121.55370353,36.27536481],[-121.55378551,36.27560082],[-121.55386884,36.27573098],[-121.55448642,36.27625984],[-121.554545,36.2764048],[-121.5543604,36.27626344]]]},"properties":{"OBJECTID":1097929,"COUNTY":"MONTEREY","CITY":"MRY","ZONE_NAME":null,"ZONE_ID":"US-CA-XMY-MRY-D091","STATUS":"Evacuation Warning","EVENT_TYPE":null,"CRITICAL_INFO":null,"PUBLIC_INFO":null,"EDIT_DATE":1789603106000,"STATEWIDE_LAST_UPDATED":null,"NOTES":"Timber Fire","SHAPE__Area":54262957.06640625,"SHAPE__Length":39992.01660887328,"GlobalID":"24bb70c0-f39f-4ecb-a223-6e7f1389ce22","CreationDate":1789603232560,"Creator":"CalOES_Scripts","EditDate":1789603232560,"Editor":"CalOES_Scripts"}}]}