{"type":"FeatureCollection","features":[{"type":"Feature","id":1097678,"geometry":{"type":"Polygon","coordinates":[[[-118.9918863,36.05436356],[-118.99063967,36.05421634],[-118.98971854,36.05384855],[-118.98881621,36.05365402],[-118.98748903,36.05304306],[-118.98704539,36.05264183],[-118.98395491,36.05241385],[-118.98276684,36.05264791],[-118.98181188,36.05225883],[-118.9810073,36.05232874],[-118.97980419,36.05234698],[-118.97879659,36.05217068],[-118.97823264,36.05196399],[-118.97663852,36.05215245],[-118.97508952,36.05263879],[-118.97451053,36.05279077],[-118.97415711,36.05291843],[-118.97339013,36.05274821],[-118.97272504,36.05271211],[-118.97273788,36.05132672],[-118.9728059,36.0513302],[-118.97303997,36.05132919],[-118.98169016,36.0512862],[-118.98223393,36.05128267],[-118.98629251,36.05218455],[-118.98770696,36.05259624],[-118.98881024,36.05303079],[-118.99098851,36.05378552],[-118.9918553,36.05381633],[-118.9918863,36.05436356]]]},"properties":{"OBJECTID":1097678,"COUNTY":"TULARE","CITY":"PVL","ZONE_NAME":null,"ZONE_ID":"US-CA-XTU-PVL-E044","STATUS":"Evacuation Order","EVENT_TYPE":null,"CRITICAL_INFO":null,"PUBLIC_INFO":null,"EDIT_DATE":1695249188000,"STATEWIDE_LAST_UPDATED":null,"NOTES":"Flooding","SHAPE__Area":247872.7890625,"SHAPE__Length":4705.1899556937969,"GlobalID":"67c10798-70df-43b5-921f-3603c81609ff","CreationDate":1788335714000,"Creator":"CalOES_Scripts","EditDate":1788335714000,"Editor":"CalOES_Scripts"}},{"type":"Feature","id":1097685,"geometry":{"type":"Polygon","coordinates":[[[-119.01663142,36.05593591],[-119.01691895,36.05595534],[-119.01779816,36.05601476],[-119.01969569,36.05614299],[-119.02551765,36.05653644],[-119.02613127,36.05670178],[-119.0261346,36.0567991],[-119.0261438,36.0570697],[-119.02615105,36.05726749],[-119.01661235,36.05653253],[-119.01663142,36.05593591]]]},"properties":{"OBJECTID":1097685,"COUNTY":"TULARE","CITY":"PVL","ZONE_NAME":null,"ZONE_ID":"US-CA-XTU-PVL-E036","STATUS":"Evacuation Order","EVENT_TYPE":null,"CRITICAL_INFO":null,"PUBLIC_INFO":null,"EDIT_DATE":1695249188000,"STATEWIDE_LAST_UPDATED":null,"NOTES":"Flooding","SHAPE__Area":93231.91796875,"SHAPE__Length":2291.4262048653245,"GlobalID":"85bd69e6-a089-4f50-a6a5-735da1e05308","CreationDate":1788335714000,"Creator":"CalOES_Scripts","EditDate":1788335714000,"Editor":"CalOES_Scripts"}},{"type":"Feature","id":1097693,"geometry":{"type":"Polygon","coordinates":[[[-119.01663989,36.05561998],[-119.0166333,36.0558772],[-119.01663142,36.05593591],[-119.01556698,36.05586397],[-119.01494685,36.05586337],[-119.01418722,36.05609623],[-119.01308538,36.05643397],[-119.01192945,36.05647877],[-119.00843398,36.05631517],[-119.00793534,36.05620523],[-119.00803219,36.05494595],[-119.00889542,36.05499765],[-119.01047961,36.05559228],[-119.01243157,36.05524922],[-119.01378944,36.05536357],[-119.01458154,36.05547792],[-119.01663989,36.05561998]]]},"properties":{"OBJECTID":1097693,"COUNTY":"TULARE","CITY":"PVL","ZONE_NAME":null,"ZONE_ID":"US-CA-XTU-PVL-E039","STATUS":"Evacuation Order","EVENT_TYPE":null,"CRITICAL_INFO":null,"PUBLIC_INFO":null,"EDIT_DATE":1695249188000,"STATEWIDE_LAST_UPDATED":null,"NOTES":"Flooding","SHAPE__Area":117016.9921875,"SHAPE__Length":2187.5932811268758,"GlobalID":"f5e1b2e3-04f1-4063-91db-1b28d6492ad8","CreationDate":1788335714000,"Creator":"CalOES_Scripts","EditDate":1788335714000,"Editor":"CalOES_Scripts"}},{"type":"Feature","id":1097706,"geometry":{"type":"Polygon","coordinates":[[[-119.03924344,36.0602806],[-119.03849882,36.06017579],[-119.03791805,36.06009404],[-119.03579421,36.0595524],[-119.03512778,36.05938244],[-119.03301385,36.05880857],[-119.02918145,36.05752364],[-119.02613127,36.05670178],[-119.02551765,36.05653644],[-119.01969569,36.05614299],[-119.01779816,36.05601476],[-119.01691895,36.05595534],[-119.01663142,36.05593591],[-119.0166333,36.0558772],[-119.01664,36.0556156],[-119.0166448,36.0554274],[-119.01664842,36.05532994],[-119.01836866,36.05537553],[-119.02227243,36.05566244],[-119.02415334,36.05586328],[-119.02635364,36.05620757],[-119.02798613,36.05649447],[-119.02968959,36.05686745],[-119.03199636,36.05792898],[-119.03341592,36.05835933],[-119.03508389,36.05861754],[-119.0360066,36.05893312],[-119.03778104,36.05962167],[-119.03925238,36.05968215],[-119.03924344,36.0602806]]]},"properties":{"OBJECTID":1097706,"COUNTY":"TULARE","CITY":"PVL","ZONE_NAME":null,"ZONE_ID":"US-CA-XTU-PVL-E034","STATUS":"Evacuation Order","EVENT_TYPE":null,"CRITICAL_INFO":null,"PUBLIC_INFO":null,"EDIT_DATE":1695249188000,"STATEWIDE_LAST_UPDATED":null,"NOTES":"Flooding","SHAPE__Area":217621.41796875,"SHAPE__Length":5393.0078694906724,"GlobalID":"7f617f43-831e-400c-b392-fe1e66343afe","CreationDate":1788335714000,"Creator":"CalOES_Scripts","EditDate":1788335714000,"Editor":"CalOES_Scripts"}},{"type":"Feature","id":1097722,"geometry":{"type":"Polygon","coordinates":[[[-119.00793534,36.05620523],[-119.00792992,36.05620403],[-119.00739118,36.05608524],[-119.0040543,36.0542285],[-119.00091118,36.05479994],[-118.99733194,36.05411908],[-118.99197812,36.0543744],[-118.9918863,36.05436356],[-118.9918553,36.05381633],[-118.99356282,36.05387701],[-118.99718383,36.05369404],[-119.00040868,36.05438014],[-119.00227576,36.05383125],[-119.00354877,36.05380838],[-119.00417114,36.05403708],[-119.006604,36.05486042],[-119.00803219,36.05494595],[-119.00793534,36.05620523]]]},"properties":{"OBJECTID":1097722,"COUNTY":"TULARE","CITY":"PVL","ZONE_NAME":null,"ZONE_ID":"US-CA-XTU-PVL-E042","STATUS":"Evacuation Order","EVENT_TYPE":null,"CRITICAL_INFO":null,"PUBLIC_INFO":null,"EDIT_DATE":1695249188000,"STATEWIDE_LAST_UPDATED":null,"NOTES":"Flooding","SHAPE__Area":129003.35546875,"SHAPE__Length":3995.5603295714513,"GlobalID":"391443c9-8ded-45bd-afdd-e51a7623c159","CreationDate":1788335714000,"Creator":"CalOES_Scripts","EditDate":1788335714000,"Editor":"CalOES_Scripts"}},{"type":"Feature","id":1097726,"geometry":{"type":"Polygon","coordinates":[[[-119.02614973,36.05723153],[-119.0261438,36.0570697],[-119.0261346,36.0567991],[-119.02613127,36.05670178],[-119.02918145,36.05752364],[-119.03301385,36.05880857],[-119.03512778,36.05938244],[-119.03579421,36.0595524],[-119.03791805,36.06009404],[-119.03849882,36.06017579],[-119.03924344,36.0602806],[-119.0392347,36.0608653],[-119.03923501,36.06098307],[-119.03700112,36.06058049],[-119.03487695,36.05996994],[-119.03401154,36.05993178],[-119.03283145,36.05941027],[-119.03130519,36.05893963],[-119.03042405,36.05865978],[-119.02925969,36.05820186],[-119.0272142,36.05741321],[-119.02614973,36.05723153]]]},"properties":{"OBJECTID":1097726,"COUNTY":"TULARE","CITY":"PVL","ZONE_NAME":null,"ZONE_ID":"US-CA-XTU-PVL-E032","STATUS":"Evacuation Order","EVENT_TYPE":null,"CRITICAL_INFO":null,"PUBLIC_INFO":null,"EDIT_DATE":1695249188000,"STATEWIDE_LAST_UPDATED":null,"NOTES":"Flooding","SHAPE__Area":131817.57421875,"SHAPE__Length":3269.8649269497946,"GlobalID":"6dd676fe-9b92-44c6-827a-82f47de49b7c","CreationDate":1788335714000,"Creator":"CalOES_Scripts","EditDate":1788335714000,"Editor":"CalOES_Scripts"}},{"type":"Feature","id":1097728,"geometry":{"type":"Polygon","coordinates":[[[-119.05750879,36.05476396],[-119.05751181,36.05514409],[-119.05601222,36.05521834],[-119.0511452,36.05500832],[-119.04711913,36.05624433],[-119.04610482,36.05715066],[-119.0455668,36.05784284],[-119.04478823,36.05861182],[-119.04471489,36.05954423],[-119.04287378,36.06050594],[-119.04001297,36.06100968],[-119.03923504,36.06099434],[-119.0392347,36.0608653],[-119.03924344,36.0602806],[-119.03949898,36.06031657],[-119.03955298,36.06032417],[-119.03974258,36.06030653],[-119.04028598,36.06025597],[-119.04119542,36.06003102],[-119.04333158,36.05950264],[-119.04372658,36.05927397],[-119.04485518,36.05829044],[-119.04521535,36.05780571],[-119.04635125,36.05627697],[-119.04671805,36.05595677],[-119.05091965,36.05463177],[-119.05148358,36.05458624],[-119.05647318,36.05468077],[-119.0574633,36.05474012],[-119.05751088,36.05474297],[-119.05750879,36.05476396]]]},"properties":{"OBJECTID":1097728,"COUNTY":"TULARE","CITY":"PVL","ZONE_NAME":null,"ZONE_ID":"US-CA-XTU-PVL-E030","STATUS":"Evacuation Order","EVENT_TYPE":null,"CRITICAL_INFO":null,"PUBLIC_INFO":null,"EDIT_DATE":1695249188000,"STATEWIDE_LAST_UPDATED":null,"NOTES":"Flooding","SHAPE__Area":160517.91796875,"SHAPE__Length":4876.2344771372282,"GlobalID":"45a63829-f723-41a4-ace4-7f53443f40df","CreationDate":1788335714000,"Creator":"CalOES_Scripts","EditDate":1788335714000,"Editor":"CalOES_Scripts"}},{"type":"Feature","id":1097731,"geometry":{"type":"Polygon","coordinates":[[[-119.00789512,36.05672891],[-119.007915,36.0564319],[-119.00792992,36.05620403],[-119.00843398,36.05631517],[-119.01192945,36.05647877],[-119.01308538,36.05643397],[-119.01418722,36.05609623],[-119.01494685,36.05586337],[-119.01556698,36.05586397],[-119.01663142,36.05593591],[-119.01661169,36.05655299],[-119.01604402,36.05653689],[-119.01478714,36.05651696],[-119.01332078,36.05677597],[-119.01239067,36.05671738],[-119.01047007,36.05665879],[-119.00932254,36.05664902],[-119.00789512,36.05672891]]]},"properties":{"OBJECTID":1097731,"COUNTY":"TULARE","CITY":"PVL","ZONE_NAME":null,"ZONE_ID":"US-CA-XTU-PVL-E038","STATUS":"Evacuation Order","EVENT_TYPE":null,"CRITICAL_INFO":null,"PUBLIC_INFO":null,"EDIT_DATE":1695249188000,"STATEWIDE_LAST_UPDATED":null,"NOTES":"Flooding","SHAPE__Area":54052.03125,"SHAPE__Length":2118.774775087265,"GlobalID":"d6db4803-de97-4a50-97d8-ead1ef1d9948","CreationDate":1788335714000,"Creator":"CalOES_Scripts","EditDate":1788335714000,"Editor":"CalOES_Scripts"}},{"type":"Feature","id":1098047,"geometry":{"type":"Polygon","coordinates":[[[-118.83845697,34.70205924],[-118.83861681,34.70238437],[-118.83865047,34.70245284],[-118.83895825,34.70307891],[-118.83926603,34.70370497],[-118.83929969,34.70377345],[-118.83984763,34.70488801],[-118.83988129,34.70495648],[-118.84052421,34.70626422],[-118.84116712,34.70757193],[-118.84120079,34.70764039],[-118.84602976,34.71746088],[-118.85548613,34.73669191],[-118.86202251,34.74998126],[-118.86379497,34.75379118],[-118.79605029,34.75826233],[-118.7961074,34.7581898],[-118.79610212,34.75814958],[-118.79607391,34.75793462],[-118.7960698,34.7579033],[-118.7960296,34.7574923],[-118.7960095,34.7570582],[-118.7958901,34.7519919],[-118.7958512,34.7498685],[-118.7958392,34.7491181],[-118.79585596,34.74863578],[-118.79543509,34.748773],[-118.7954351,34.7486283],[-118.7954404,34.7483594],[-118.7954941,34.7474382],[-118.79552837,34.74708816],[-118.79555905,34.7467749],[-118.79556625,34.74670132],[-118.7955692,34.7466712],[-118.7956094,34.74635385],[-118.7956496,34.7460365],[-118.7957516,34.7453753],[-118.7958029,34.74509121],[-118.79584762,34.74484364],[-118.7958608,34.74477062],[-118.79724064,34.73712966],[-118.7986269,34.7294524],[-118.79868055,34.72912615],[-118.7987342,34.7287999],[-118.79882,34.728165],[-118.79886025,34.7278035],[-118.7989005,34.727442],[-118.79890804,34.72733444],[-118.798913,34.72726373],[-118.79891817,34.72719002],[-118.79892042,34.72715788],[-118.79892559,34.72708418],[-118.7989337,34.72696851],[-118.7989444,34.726816],[-118.79896,34.7265007],[-118.7989756,34.7261854],[-118.79898095,34.7258878],[-118.7989863,34.7255902],[-118.7989836,34.7252882],[-118.7989809,34.7249862],[-118.7989675,34.72466435],[-118.7989541,34.7243425],[-118.7989111,34.7236631],[-118.79886723,34.72309168],[-118.79882618,34.72255709],[-118.79882052,34.7224834],[-118.79858116,34.71936594],[-118.79851582,34.71851492],[-118.7984349,34.71746088],[-118.7982083,34.7145094],[-118.7982002,34.71438913],[-118.79819458,34.71430572],[-118.79818962,34.71423199],[-118.79818685,34.71419088],[-118.7981816,34.7141129],[-118.79817687,34.71406716],[-118.79816925,34.71399358],[-118.79815588,34.71386439],[-118.7981387,34.7136984],[-118.79810655,34.71348015],[-118.7980744,34.7132619],[-118.7979885,34.7128562],[-118.7979295,34.71264675],[-118.7978705,34.7124373],[-118.79779535,34.71221885],[-118.7977202,34.7120004],[-118.7976397,34.71180635],[-118.7975592,34.7116123],[-118.79713444,34.71064223],[-118.79672489,34.7097069],[-118.79669447,34.70963742],[-118.79642099,34.70901283],[-118.7961323,34.7083535],[-118.7959124,34.7078551],[-118.79585377,34.70772095],[-118.79581034,34.70762155],[-118.79579513,34.70758675],[-118.79577996,34.70755205],[-118.79548228,34.70687086],[-118.7951694,34.70615491],[-118.79493587,34.70562878],[-118.79471772,34.70513734],[-118.7947023,34.70510259],[-118.79468693,34.70506797],[-118.79460741,34.70488883],[-118.7945125,34.704675],[-118.79448109,34.70460125],[-118.83845697,34.70205924]]]},"properties":{"OBJECTID":1098047,"COUNTY":"LOS ANGELES","CITY":"GOR","ZONE_NAME":null,"ZONE_ID":"US-CA-XLA-GOR-HUNGRYVALLEY-B","STATUS":"Evacuation Warning","EVENT_TYPE":null,"CRITICAL_INFO":null,"PUBLIC_INFO":null,"EDIT_DATE":1791502971000,"STATEWIDE_LAST_UPDATED":null,"NOTES":"Local authorities are responding to a Wildfire. An EVACUATION WARNING has been issued. PREPARE TO LEAVE.  Consider leaving now if you need more time to evacuate. Call 911 for emergency assistance. Visit AlertLA.org for more information.\n\n","SHAPE__Area":43590911,"SHAPE__Length":27464.7378345361,"GlobalID":"c6a5e52e-eb65-4871-bfe2-869caac478ef","CreationDate":1791503131000,"Creator":"CalOES_Scripts","EditDate":1791503131000,"Editor":"CalOES_Scripts"}},{"type":"Feature","id":1098049,"geometry":{"type":"Polygon","coordinates":[[[-118.86379497,34.75379118],[-118.86422694,34.7547197],[-118.86877624,34.76449761],[-118.87092878,34.76902506],[-118.873065,34.77351792],[-118.87309768,34.77358666],[-118.87450553,34.77654749],[-118.87592972,34.77954259],[-118.87674283,34.78121506],[-118.87753928,34.78285323],[-118.8775726,34.78292175],[-118.87790341,34.78360218],[-118.87823419,34.78428252],[-118.8782675,34.78435104],[-118.87929102,34.78645616],[-118.88033119,34.78859548],[-118.89303104,34.81472518],[-118.89383623,34.81638156],[-118.89455935,34.81786909],[-118.89312822,34.817864],[-118.891742,34.81785907],[-118.89165217,34.81785875],[-118.89127474,34.81785741],[-118.89118491,34.81785709],[-118.89058961,34.81785498],[-118.8899943,34.81785286],[-118.88990447,34.81785254],[-118.8869479,34.81784203],[-118.8839464,34.81783136],[-118.88382695,34.81783128],[-118.88334954,34.81783114],[-118.88289046,34.817831],[-118.88247631,34.81783088],[-118.88238647,34.81783085],[-118.88216905,34.81783078],[-118.88190671,34.81783071],[-118.88155245,34.8178306],[-118.88082139,34.81783038],[-118.88218992,34.81633526],[-118.88379969,34.81468122],[-118.88439044,34.81362929],[-118.88461626,34.81322705],[-118.88474359,34.81203429],[-118.88448732,34.81073457],[-118.8841072,34.81000933],[-118.88373273,34.80929484],[-118.88346639,34.8089594],[-118.883282,34.8087003],[-118.88309967,34.80849752],[-118.8830029,34.8083553],[-118.88285399,34.80818809],[-118.88231272,34.80750634],[-118.88134854,34.80670449],[-118.88064799,34.80614361],[-118.87994807,34.80555581],[-118.87946256,34.80511276],[-118.87889284,34.80466751],[-118.87828137,34.80417494],[-118.87770827,34.80369196],[-118.87715184,34.80322634],[-118.87712179,34.80322583],[-118.87688933,34.80302257],[-118.87675058,34.80290124],[-118.87592783,34.8021818],[-118.8725237,34.7992583],[-118.8721401,34.7989481],[-118.8717592,34.7986574],[-118.8713461,34.7983799],[-118.8709277,34.7981332],[-118.8704985,34.7979085],[-118.8700748,34.7977191],[-118.869592,34.7975297],[-118.8690716,34.7973623],[-118.8686156,34.7972389],[-118.8681328,34.7971288],[-118.867591,34.7970363],[-118.86706,34.7969702],[-118.8589517,34.7960161],[-118.8553039,34.7955624],[-118.8528792,34.7952408],[-118.8521872,34.7951527],[-118.8467155,34.7944435],[-118.8430677,34.7939633],[-118.8393019,34.7935183],[-118.8387734,34.7934548],[-118.8381779,34.7933579],[-118.8376361,34.793239],[-118.8371158,34.7931024],[-118.8365793,34.792935],[-118.8360751,34.79275],[-118.8355547,34.7925297],[-118.8350451,34.7922918],[-118.8345784,34.7920495],[-118.8341117,34.7917808],[-118.8336396,34.7914944],[-118.8331997,34.7911905],[-118.832768,34.7908619],[-118.8290597,34.788053],[-118.8284267,34.7875904],[-118.8276864,34.7870793],[-118.82693,34.7865903],[-118.8261468,34.7861012],[-118.8209073,34.7829581],[-118.8097225,34.7762432],[-118.8091036,34.7758591],[-118.808476,34.7754538],[-118.8079181,34.7750704],[-118.8073387,34.7746606],[-118.8067379,34.7742156],[-118.8061317,34.7737441],[-118.8056221,34.7733343],[-118.8051125,34.7729025],[-118.8045975,34.7724442],[-118.8041147,34.7719991],[-118.8036319,34.7715409],[-118.8031652,34.7710782],[-118.8027199,34.7706155],[-118.8018885,34.7696857],[-118.8015076,34.7692318],[-118.8011213,34.7687471],[-118.8007458,34.7682624],[-118.8003971,34.7677952],[-118.8000324,34.7672753],[-118.7996676,34.76672],[-118.79958632,34.76659512],[-118.79952618,34.76650272],[-118.79946313,34.76640586],[-118.7993779,34.7662749],[-118.798991,34.7656281],[-118.7987556,34.7652217],[-118.7973194,34.7626867],[-118.7970068,34.7621368],[-118.7967654,34.7616741],[-118.7965187,34.7611629],[-118.7962987,34.760634],[-118.796111,34.7600964],[-118.7959608,34.7595763],[-118.7958341,34.7590383],[-118.79576141,34.75868109],[-118.79585239,34.75856462],[-118.7960359,34.7582806],[-118.79605029,34.75826233],[-118.86379497,34.75379118]]]},"properties":{"OBJECTID":1098049,"COUNTY":"LOS ANGELES","CITY":"GOR","ZONE_NAME":null,"ZONE_ID":"US-CA-XLA-GOR-HUNGRYVALLEY-A","STATUS":"Evacuation Warning","EVENT_TYPE":null,"CRITICAL_INFO":null,"PUBLIC_INFO":null,"EDIT_DATE":1791502971000,"STATEWIDE_LAST_UPDATED":null,"NOTES":"Local authorities are responding to a Wildfire. An EVACUATION WARNING has been issued. PREPARE TO LEAVE.  Consider leaving now if you need more time to evacuate. Call 911 for emergency assistance. Visit AlertLA.org for more information.\n\n","SHAPE__Area":40087069.9921875,"SHAPE__Length":32453.668242672236,"GlobalID":"55168a14-9222-4b28-9ae0-beea93fa92a2","CreationDate":1791503131000,"Creator":"CalOES_Scripts","EditDate":1791503131000,"Editor":"CalOES_Scripts"}},{"type":"Feature","id":1098050,"geometry":{"type":"Polygon","coordinates":[[[-118.7328495,34.7646907],[-118.7327422,34.764607],[-118.7325491,34.7645232],[-118.7314869,34.7641134],[-118.7310578,34.7639327],[-118.7305911,34.7637124],[-118.7287141,34.7627326],[-118.7282956,34.7625346],[-118.7279551,34.7623349],[-118.7275848,34.7620706],[-118.7273491,34.7619661],[-118.7268852,34.7618032],[-118.7261445,34.7613668],[-118.7257517,34.7611609],[-118.7253554,34.7610065],[-118.7250521,34.7608597],[-118.7247529,34.7607613],[-118.7242553,34.7606568],[-118.7240043,34.7605818],[-118.7237204,34.7604649],[-118.7233223,34.7602749],[-118.7229065,34.760081],[-118.722523,34.7598628],[-118.7221475,34.7596094],[-118.7219007,34.7594287],[-118.7216271,34.7592657],[-118.7195404,34.7581771],[-118.7188255,34.7577507],[-118.7184527,34.7575052],[-118.7182679,34.7573913],[-118.7181107,34.7573559],[-118.7179166,34.7573381],[-118.7177872,34.7573457],[-118.7176301,34.757328],[-118.7175469,34.7572926],[-118.7174452,34.7572293],[-118.7173463,34.757137],[-118.7172111,34.7569686],[-118.7169332,34.7565464],[-118.7168903,34.7564186],[-118.7168689,34.7562775],[-118.7169011,34.7561321],[-118.7171103,34.7557707],[-118.7171402,34.7556902],[-118.7171587,34.7555941],[-118.7171402,34.7554751],[-118.7171248,34.7553966],[-118.7170801,34.7553459],[-118.7169892,34.7552802],[-118.7168594,34.7552444],[-118.716504,34.7552383],[-118.715984,34.7552383],[-118.714727,34.7553459],[-118.7146353,34.7553308],[-118.7145362,34.7552782],[-118.7144658,34.7552194],[-118.7144053,34.7551338],[-118.7144042,34.755065],[-118.7144127,34.7549832],[-118.7145824,34.7546595],[-118.7149536,34.7542809],[-118.7151832,34.7538059],[-118.7153314,34.7536293],[-118.7155268,34.7534915],[-118.7159632,34.7532879],[-118.7163853,34.7531639],[-118.7164631,34.7531263],[-118.7165178,34.7530728],[-118.7165429,34.7529992],[-118.7165517,34.7529158],[-118.7165331,34.752832],[-118.7164593,34.7527639],[-118.7163638,34.7527276],[-118.7160895,34.7526652],[-118.7159139,34.752645],[-118.7157841,34.7526139],[-118.7156767,34.7525589],[-118.7155903,34.7524948],[-118.7155165,34.7523766],[-118.7154161,34.75227],[-118.7151588,34.752064],[-118.7149715,34.7518687],[-118.7146524,34.7514793],[-118.7143528,34.7509977],[-118.7142323,34.7508585],[-118.7140043,34.7507114],[-118.7136672,34.7506083],[-118.7134995,34.7505013],[-118.7134197,34.7503434],[-118.7134197,34.7501615],[-118.7134897,34.7499367],[-118.7137666,34.7492651],[-118.7137877,34.7490577],[-118.7137154,34.7489121],[-118.7135754,34.7487047],[-118.7133881,34.7484973],[-118.7131211,34.7482565],[-118.7130918,34.7480759],[-118.7131455,34.7478458],[-118.7132497,34.7475942],[-118.7132058,34.7474069],[-118.7130218,34.747067],[-118.7130038,34.7469306],[-118.713038,34.746774],[-118.7131569,34.7464877],[-118.7133442,34.7462054],[-118.7133067,34.7460328],[-118.7131634,34.7458669],[-118.712872,34.7455591],[-118.7127596,34.7452661],[-118.7127189,34.7449343],[-118.7127459,34.7446512],[-118.7125416,34.7446493],[-118.7124467,34.7446342],[-118.71236054,34.74459311],[-118.71239098,34.74326291],[-118.71240871,34.74148126],[-118.71208901,34.74118444],[-118.71158915,34.7405958],[-118.71104808,34.74011234],[-118.71073883,34.73994486],[-118.7106119,34.7398761],[-118.71035115,34.73995037],[-118.7098752,34.74014461],[-118.70943654,34.74031047],[-118.70868798,34.74026525],[-118.70822465,34.74011541],[-118.70807143,34.73995777],[-118.70785604,34.73966466],[-118.70768175,34.73946818],[-118.70697287,34.73903111],[-118.70656745,34.7389005],[-118.70523261,34.73867745],[-118.70478818,34.73832993],[-118.70474849,34.73829882],[-118.70450464,34.73804267],[-118.70429129,34.73771157],[-118.70426498,34.73732997],[-118.70425287,34.73682966],[-118.70411221,34.73640487],[-118.70376383,34.73592595],[-118.70366299,34.73583025],[-118.70325585,34.73544812],[-118.70264993,34.73468442],[-118.70203806,34.73403468],[-118.70167346,34.73350789],[-118.70168528,34.73327991],[-118.70179596,34.73185095],[-118.70182497,34.73147672],[-118.70171232,34.7313115],[-118.70125853,34.73128537],[-118.70065032,34.7314542],[-118.70001524,34.73169823],[-118.6994719,34.73204144],[-118.69898781,34.73204643],[-118.69840533,34.73184035],[-118.69778815,34.73142374],[-118.69727685,34.73094396],[-118.697114,34.73073909],[-118.69675906,34.73021853],[-118.69579346,34.72932681],[-118.69584408,34.72921777],[-118.69604268,34.72875695],[-118.69606403,34.72872643],[-118.69624488,34.72846789],[-118.69685831,34.72794402],[-118.69749612,34.72754909],[-118.69759247,34.72749459],[-118.6980507,34.72723539],[-118.69869626,34.72696707],[-118.6999433,34.7267468],[-118.70081418,34.7265497],[-118.70084542,34.72654263],[-118.70090527,34.72652866],[-118.7021164,34.72624608],[-118.70240454,34.72620313],[-118.70311468,34.7260973],[-118.70365246,34.72567651],[-118.70384862,34.7254613],[-118.70414719,34.72478894],[-118.70451504,34.72327371],[-118.7047315,34.72272951],[-118.70484619,34.72244114],[-118.70493581,34.72222605],[-118.70512635,34.72176873],[-118.7051743,34.72146972],[-118.70523292,34.72110416],[-118.70550575,34.72052722],[-118.70570609,34.72010355],[-118.70585872,34.71985847],[-118.70634469,34.71907812],[-118.7065889,34.71862902],[-118.70674491,34.71834213],[-118.7069986,34.71790833],[-118.7071237,34.71769443],[-118.70782343,34.71707375],[-118.7079053,34.71701673],[-118.7084478,34.71663891],[-118.70916678,34.71622315],[-118.70931996,34.71611398],[-118.70979268,34.71577708],[-118.71028158,34.7153487],[-118.71033128,34.71530514],[-118.71078524,34.71506395],[-118.71135531,34.71463029],[-118.71197321,34.71433535],[-118.71235938,34.71419749],[-118.71285131,34.71418588],[-118.71300959,34.71421268],[-118.71317595,34.71424085],[-118.71334727,34.71430552],[-118.71352696,34.71437334],[-118.71400036,34.71464714],[-118.71435667,34.7148796],[-118.71447213,34.71502119],[-118.71454003,34.71510446],[-118.71475648,34.71526496],[-118.71490916,34.71537816],[-118.71541395,34.71544839],[-118.71551168,34.71543771],[-118.71569843,34.71541729],[-118.71584617,34.71538698],[-118.71596252,34.71536312],[-118.71607675,34.71534092],[-118.71632384,34.71529289],[-118.71667858,34.71519975],[-118.71717217,34.71509098],[-118.7174089,34.71505535],[-118.71759568,34.71502723],[-118.71836199,34.7148486],[-118.71871713,34.71468923],[-118.7189646,34.71457818],[-118.71909594,34.71437719],[-118.71921371,34.714197],[-118.71927515,34.71410299],[-118.71936007,34.71344466],[-118.71951096,34.71319437],[-118.71962347,34.71300775],[-118.7198762,34.71280495],[-118.72015922,34.71243683],[-118.72009879,34.7118992],[-118.71992612,34.711446],[-118.71982205,34.71129846],[-118.71956063,34.71092782],[-118.71940151,34.71070303],[-118.7193861,34.71068126],[-118.71933824,34.71059836],[-118.71940366,34.71030903],[-118.71949066,34.71017944],[-118.71953025,34.71012046],[-118.71964048,34.70995627],[-118.71986152,34.70978942],[-118.72005793,34.70964117],[-118.72012365,34.70960634],[-118.72025867,34.70953477],[-118.72033255,34.70945462],[-118.72073022,34.70902322],[-118.72083144,34.70856564],[-118.72086376,34.70841951],[-118.72070952,34.70787034],[-118.72042998,34.7075175],[-118.7202161,34.70723433],[-118.72020545,34.70671921],[-118.72029205,34.70646407],[-118.72040073,34.70614389],[-118.720398,34.70609579],[-118.72039209,34.70599173],[-118.72021997,34.70579607],[-118.72002,34.70556873],[-118.71968938,34.70538067],[-118.71954833,34.70530044],[-118.71936619,34.70521131],[-118.71905439,34.70505871],[-118.71860135,34.70480806],[-118.71847811,34.70474904],[-118.7181616,34.70459747],[-118.71792276,34.7043835],[-118.71785907,34.70434566],[-118.79443935,34.70450328],[-118.7945125,34.704675],[-118.79460741,34.70488883],[-118.79468693,34.70506797],[-118.7947023,34.70510259],[-118.79471772,34.70513734],[-118.79493587,34.70562878],[-118.7951694,34.70615491],[-118.79548228,34.70687086],[-118.79577996,34.70755205],[-118.79579513,34.70758675],[-118.79581034,34.70762155],[-118.79585377,34.70772095],[-118.7959124,34.7078551],[-118.7961323,34.7083535],[-118.79642099,34.70901283],[-118.79669447,34.70963742],[-118.79672489,34.7097069],[-118.79713444,34.71064223],[-118.7975592,34.7116123],[-118.7976397,34.71180635],[-118.7977202,34.7120004],[-118.79779535,34.71221885],[-118.7978705,34.7124373],[-118.7979295,34.71264675],[-118.7979885,34.7128562],[-118.7980744,34.7132619],[-118.79810655,34.71348015],[-118.7981387,34.7136984],[-118.79815588,34.71386439],[-118.79816925,34.71399358],[-118.79817687,34.71406716],[-118.7981816,34.7141129],[-118.79818685,34.71419088],[-118.79818962,34.71423199],[-118.79819458,34.71430572],[-118.7982002,34.71438913],[-118.7982083,34.7145094],[-118.79851582,34.71851492],[-118.79853692,34.7187897],[-118.79858116,34.71936594],[-118.79882052,34.7224834],[-118.79882618,34.72255709],[-118.79886723,34.72309168],[-118.7989111,34.7236631],[-118.7989541,34.7243425],[-118.7989675,34.72466435],[-118.7989809,34.7249862],[-118.7989836,34.7252882],[-118.7989863,34.7255902],[-118.79898095,34.7258878],[-118.7989756,34.7261854],[-118.79896,34.7265007],[-118.7989444,34.726816],[-118.7989337,34.72696851],[-118.79892559,34.72708418],[-118.79892042,34.72715788],[-118.79891817,34.72719002],[-118.798913,34.72726373],[-118.79890804,34.72733444],[-118.7989005,34.727442],[-118.79886025,34.7278035],[-118.79882,34.728165],[-118.7987342,34.7287999],[-118.79872756,34.72884028],[-118.79868055,34.72912615],[-118.7986269,34.7294524],[-118.79724064,34.73712966],[-118.7958608,34.74477062],[-118.79584762,34.74484364],[-118.7958029,34.74509121],[-118.7957516,34.7453753],[-118.7956496,34.7460365],[-118.7956094,34.74635385],[-118.7955692,34.7466712],[-118.79556625,34.74670132],[-118.79555905,34.7467749],[-118.79552837,34.74708816],[-118.7954941,34.7474382],[-118.7954404,34.7483594],[-118.7954351,34.7486283],[-118.79543509,34.748773],[-118.79585596,34.74863578],[-118.7958392,34.7491181],[-118.7958512,34.7498685],[-118.7958901,34.7519919],[-118.7960095,34.7570582],[-118.7960296,34.7574923],[-118.7960698,34.7579033],[-118.79607391,34.75793462],[-118.79610212,34.75814958],[-118.7961074,34.7581898],[-118.7960359,34.7582806],[-118.79585239,34.75856462],[-118.79576141,34.75868109],[-118.7956818,34.758783],[-118.7954332,34.7590445],[-118.7933,34.7611629],[-118.7929031,34.7615551],[-118.7906017,34.7638291],[-118.7889388,34.7654861],[-118.78878405,34.76563359],[-118.78870948,34.76570466],[-118.7886383,34.7657725],[-118.788295,34.7660722],[-118.7879463,34.7663454],[-118.7875976,34.7665922],[-118.785307,34.7681742],[-118.7844074,34.7688658],[-118.7823834,34.7702718],[-118.7801733,34.7718537],[-118.7788804,34.7727747],[-118.7784567,34.7730523],[-118.7780704,34.7732638],[-118.7776931,34.7734744],[-118.7772653,34.7736848],[-118.7768137,34.7738613],[-118.7763699,34.7740173],[-118.77593,34.7741671],[-118.7754794,34.7742993],[-118.7750074,34.7744139],[-118.7745567,34.7745064],[-118.7740793,34.7745901],[-118.7736658,34.7746449],[-118.7731298,34.7746915],[-118.7726524,34.7747179],[-118.7721589,34.7747267],[-118.7716868,34.7747135],[-118.7712094,34.7746782],[-118.7707426,34.7746298],[-118.7677225,34.7742024],[-118.7672275,34.7741156],[-118.7668803,34.7740481],[-118.766494,34.7739556],[-118.7648632,34.7735502],[-118.7622722,34.7729686],[-118.7622223,34.77295585],[-118.76218611,34.7729466],[-118.76215973,34.77293985],[-118.7621337,34.7729332],[-118.7619611,34.7728892],[-118.7616929,34.7728011],[-118.7614515,34.7727042],[-118.7598484,34.7720227],[-118.7596168,34.7719242],[-118.7572887,34.7709195],[-118.7568917,34.7707565],[-118.7564733,34.7705935],[-118.7560173,34.770448],[-118.7556043,34.7703423],[-118.7551858,34.770263],[-118.7547835,34.7702013],[-118.7499163,34.7695029],[-118.74984547,34.76949274],[-118.7475576,34.7691657],[-118.7444366,34.7687141],[-118.7440289,34.76867],[-118.7435944,34.7686348],[-118.7419478,34.7685566],[-118.7396033,34.7684453],[-118.7393082,34.7684232],[-118.7389971,34.7683704],[-118.7386967,34.768291],[-118.7383856,34.7681853],[-118.7380851,34.7680531],[-118.7377633,34.7678768],[-118.737479,34.7676829],[-118.7371786,34.7674185],[-118.736626,34.7668897],[-118.735934,34.7662331],[-118.7356873,34.7660172],[-118.7353976,34.76581],[-118.7350972,34.7656205],[-118.7347699,34.7654487],[-118.7344588,34.7653077],[-118.7341155,34.7651843],[-118.7337292,34.7650697],[-118.7333484,34.7649948],[-118.7329782,34.7649463],[-118.7329353,34.7648185],[-118.7328495,34.7646907]]]},"properties":{"OBJECTID":1098050,"COUNTY":"LOS ANGELES","CITY":"GOR","ZONE_NAME":null,"ZONE_ID":"US-CA-XLA-GOR-E004-A","STATUS":"Evacuation Order","EVENT_TYPE":null,"CRITICAL_INFO":null,"PUBLIC_INFO":null,"EDIT_DATE":1791504951000,"STATEWIDE_LAST_UPDATED":null,"NOTES":"Local authorities are responding to a fast-moving Wildfire. An EVACUATION ORDER has been issued. LEAVE NOW. Your safety is in danger if you stay. Call 911 if you need emergency assistance. Visit Alertla.org for more information.\n","SHAPE__Area":82066315.9921875,"SHAPE__Length":37485.701784464465,"GlobalID":"9b2eb9f8-e40a-4a29-86f2-e47af33b9a41","CreationDate":1791505230000,"Creator":"CalOES_Scripts","EditDate":1791505230000,"Editor":"CalOES_Scripts"}},{"type":"Feature","id":1098051,"geometry":{"type":"Polygon","coordinates":[[[-118.75168663,34.81778922],[-118.74290439,34.81779688],[-118.73160179,34.81780674],[-118.72545609,34.81782414],[-118.72368963,34.81782914],[-118.71638896,34.8178498],[-118.71476156,34.81785441],[-118.71375204,34.81785727],[-118.71155352,34.81786349],[-118.71035715,34.81786688],[-118.70899368,34.81787074],[-118.70626385,34.81787847],[-118.70592275,34.81787943],[-118.70529939,34.8178812],[-118.70331833,34.81788681],[-118.70266548,34.81788865],[-118.70115223,34.81789294],[-118.69833704,34.81790091],[-118.69386502,34.81791357],[-118.69113021,34.81792131],[-118.69086627,34.81792206],[-118.69062027,34.81792275],[-118.69057536,34.81792288],[-118.68923368,34.81792668],[-118.68769763,34.81793103],[-118.68473331,34.81793942],[-118.68267405,34.81794525],[-118.67889126,34.81795596],[-118.67527066,34.81797026],[-118.6732278,34.81797833],[-118.66989507,34.8179915],[-118.66170257,34.81802386],[-118.66168258,34.81802394],[-118.66167475,34.81802397],[-118.66094947,34.81802684],[-118.66094412,34.81802686],[-118.66085429,34.81802721],[-118.66062385,34.81802812],[-118.64989511,34.81807051],[-118.63934859,34.81811217],[-118.63893664,34.8181138],[-118.63890851,34.81811391],[-118.6388785,34.81811403],[-118.63884681,34.81811416],[-118.63796473,34.81811764],[-118.63793554,34.81811776],[-118.63790819,34.81811786],[-118.6378749,34.818118],[-118.63618934,34.81812465],[-118.63479371,34.81813017],[-118.63450378,34.81813131],[-118.63441395,34.81813167],[-118.63410749,34.81813288],[-118.63401766,34.81813323],[-118.62999202,34.81814914],[-118.62592132,34.81816522],[-118.62580136,34.81816535],[-118.62572631,34.81816543],[-118.6255949,34.8109599],[-118.625657,34.803754],[-118.6255841,34.7999444],[-118.6255183,34.7965064],[-118.625574,34.7953325],[-118.62551112,34.79453028],[-118.6255543,34.7891252],[-118.6255906,34.7854537],[-118.6255665,34.7832353],[-118.6343212,34.7832353],[-118.6387243,34.7832283],[-118.6422344,34.7832227],[-118.6429826,34.7832215],[-118.6431811,34.7832192],[-118.649721,34.7832211],[-118.6549415,34.7832212],[-118.6594439,34.7832213],[-118.6603022,34.7832142],[-118.66052376,34.78320543],[-118.66055388,34.78320424],[-118.6606156,34.7832018],[-118.66061598,34.78320178],[-118.66067886,34.78319929],[-118.66088681,34.78319106],[-118.6610146,34.783186],[-118.66139603,34.78315398],[-118.6617699,34.7831226],[-118.6624737,34.783045],[-118.6632445,34.7829169],[-118.6638985,34.7827912],[-118.6646538,34.782622],[-118.6653233,34.7824458],[-118.66564992,34.78234147],[-118.6659413,34.7822484],[-118.66642149,34.78207783],[-118.6665764,34.7820228],[-118.6671343,34.7818114],[-118.6676665,34.7815858],[-118.6682673,34.7813038],[-118.6688166,34.7810359],[-118.6695028,34.7806581],[-118.6700191,34.7803341],[-118.6704731,34.7800278],[-118.6708679,34.7797458],[-118.6714001,34.7793299],[-118.6717253,34.7790716],[-118.6720521,34.7787828],[-118.6724662,34.7783897],[-118.6729107,34.7779552],[-118.6733313,34.7775322],[-118.673872,34.7770034],[-118.67391012,34.77696606],[-118.67413759,34.77674329],[-118.6743183,34.7765663],[-118.6746359,34.7762914],[-118.6749935,34.7760261],[-118.6753407,34.7757785],[-118.6754383,34.7757246],[-118.6756825,34.7755898],[-118.6760321,34.7754152],[-118.6764791,34.7752065],[-118.676794,34.7750723],[-118.677114,34.77494],[-118.677363,34.774878],[-118.67760137,34.77481818],[-118.677626,34.774812],[-118.6784705,34.7746411],[-118.680954,34.7741855],[-118.68147513,34.77409225],[-118.68347815,34.77373385],[-118.6844503,34.7735599],[-118.6849729,34.77346498],[-118.68797835,34.7729191],[-118.68846092,34.77283145],[-118.68875712,34.77277765],[-118.69112175,34.77234816],[-118.69151329,34.77227704],[-118.6949711,34.771649],[-118.6961851,34.7714285],[-118.6967783,34.7713078],[-118.6973231,34.7711803],[-118.6982372,34.7709156],[-118.6987543,34.7707538],[-118.69878558,34.77074291],[-118.6998154,34.7703842],[-118.70108429,34.7699164],[-118.70210214,34.76954115],[-118.70235081,34.76944947],[-118.7024332,34.7694191],[-118.70534183,34.76835784],[-118.70695443,34.76776945],[-118.71038431,34.766518],[-118.7108875,34.7663344],[-118.7118156,34.7660172],[-118.7127007,34.7657483],[-118.71272701,34.76574167],[-118.7136449,34.7655104],[-118.714589,34.7653121],[-118.7155439,34.7651534],[-118.7164451,34.7650344],[-118.7173034,34.7649551],[-118.7181832,34.7649066],[-118.7190093,34.7648934],[-118.71980862,34.76489531],[-118.7226893,34.7649022],[-118.7256751,34.7649078],[-118.7265218,34.7649094],[-118.7280373,34.76491222],[-118.7321682,34.7649199],[-118.7326081,34.7649243],[-118.73297299,34.76494599],[-118.7329782,34.7649463],[-118.73306562,34.76495775],[-118.7333484,34.7649948],[-118.73337803,34.76500063],[-118.7337292,34.7650697],[-118.7341155,34.7651843],[-118.7344588,34.7653077],[-118.7347699,34.7654487],[-118.7350972,34.7656205],[-118.7353976,34.76581],[-118.7356873,34.7660172],[-118.735934,34.7662331],[-118.736626,34.7668897],[-118.7371786,34.7674185],[-118.737479,34.7676829],[-118.7377633,34.7678768],[-118.7380851,34.7680531],[-118.7383856,34.7681853],[-118.7386967,34.768291],[-118.7389971,34.7683704],[-118.7393082,34.7684232],[-118.7396033,34.7684453],[-118.74006151,34.76846705],[-118.7419478,34.7685566],[-118.7435944,34.7686348],[-118.7440289,34.76867],[-118.7444366,34.7687141],[-118.74611083,34.76895636],[-118.7475576,34.7691657],[-118.74984547,34.76949274],[-118.7499163,34.7695029],[-118.7547835,34.7702013],[-118.7551858,34.770263],[-118.7556043,34.7703423],[-118.7560173,34.770448],[-118.7564733,34.7705935],[-118.7568917,34.7707565],[-118.7572887,34.7709195],[-118.7596168,34.7719242],[-118.7598484,34.7720227],[-118.76014907,34.77215052],[-118.76116119,34.77258079],[-118.75460877,34.79230477],[-118.75168663,34.81778922]]]},"properties":{"OBJECTID":1098051,"COUNTY":"LOS ANGELES","CITY":"GOR","ZONE_NAME":null,"ZONE_ID":"US-CA-XLA-GOR-E001-C","STATUS":"Evacuation Warning","EVENT_TYPE":null,"CRITICAL_INFO":null,"PUBLIC_INFO":null,"EDIT_DATE":1791505077000,"STATEWIDE_LAST_UPDATED":null,"NOTES":"Local authorities are responding to a Wildfire. An EVACUATION WARNING has been issued. PREPARE TO LEAVE.  Consider leaving now if you need more time to evacuate. Call 911 for emergency assistance. Visit AlertLA.org for more information.\n","SHAPE__Area":85837655.00390625,"SHAPE__Length":40958.417085572059,"GlobalID":"76b14e1d-1052-43cb-8f28-adfdce990de9","CreationDate":1791505230000,"Creator":"CalOES_Scripts","EditDate":1791505230000,"Editor":"CalOES_Scripts"}},{"type":"Feature","id":1098052,"geometry":{"type":"Polygon","coordinates":[[[-118.79354674,34.8177527],[-118.79212809,34.81775394],[-118.79203826,34.81775402],[-118.79076476,34.81775513],[-118.77661836,34.81776747],[-118.77636035,34.81776769],[-118.77005857,34.81777319],[-118.76855746,34.8177745],[-118.76677186,34.81777606],[-118.75866871,34.81778313],[-118.7586238,34.81778317],[-118.75528698,34.81778608],[-118.75474102,34.81778655],[-118.75233126,34.81778865],[-118.75168663,34.81778922],[-118.75460877,34.79230477],[-118.76116119,34.77258079],[-118.7614515,34.7727042],[-118.7616929,34.7728011],[-118.7619611,34.7728892],[-118.7621223,34.77293029],[-118.7621337,34.7729332],[-118.76215973,34.77293985],[-118.76218611,34.7729466],[-118.7622223,34.77295585],[-118.7622722,34.7729686],[-118.7648632,34.7735502],[-118.766494,34.7739556],[-118.7668803,34.7740481],[-118.7672275,34.7741156],[-118.7677225,34.7742024],[-118.7707426,34.7746298],[-118.7712094,34.7746782],[-118.7716868,34.7747135],[-118.7721589,34.7747267],[-118.7726524,34.7747179],[-118.7731298,34.7746915],[-118.7736658,34.7746449],[-118.7740793,34.7745901],[-118.7745567,34.7745064],[-118.7750074,34.7744139],[-118.7754794,34.7742993],[-118.77593,34.7741671],[-118.7763699,34.7740173],[-118.7768137,34.7738613],[-118.7772653,34.7736848],[-118.7776931,34.7734744],[-118.7780704,34.7732638],[-118.7784567,34.7730523],[-118.7788804,34.7727747],[-118.7801733,34.7718537],[-118.7823834,34.7702718],[-118.7844074,34.7688658],[-118.785307,34.7681742],[-118.7875976,34.7665922],[-118.7879463,34.7663454],[-118.788295,34.7660722],[-118.7886383,34.7657725],[-118.78870948,34.76570466],[-118.78878405,34.76563359],[-118.7889388,34.7654861],[-118.7906017,34.7638291],[-118.7929031,34.7615551],[-118.7933,34.7611629],[-118.79443938,34.76003143],[-118.79331977,34.76965763],[-118.79354674,34.8177527]]]},"properties":{"OBJECTID":1098052,"COUNTY":"LOS ANGELES","CITY":"GOR","ZONE_NAME":null,"ZONE_ID":"US-CA-XLA-GOR-E001-B","STATUS":"Evacuation Warning","EVENT_TYPE":null,"CRITICAL_INFO":null,"PUBLIC_INFO":null,"EDIT_DATE":1791505077000,"STATEWIDE_LAST_UPDATED":null,"NOTES":"Local authorities are responding to a Wildfire. An EVACUATION WARNING has been issued. PREPARE TO LEAVE.  Consider leaving now if you need more time to evacuate. Call 911 for emergency assistance. Visit AlertLA.org for more information.\n","SHAPE__Area":26894534.94921875,"SHAPE__Length":23258.425449590992,"GlobalID":"40183305-152e-4365-bdd0-1474b140abf7","CreationDate":1791505230000,"Creator":"CalOES_Scripts","EditDate":1791505230000,"Editor":"CalOES_Scripts"}},{"type":"Feature","id":1098053,"geometry":{"type":"Polygon","coordinates":[[[-118.8061317,34.7737441],[-118.8067379,34.7742156],[-118.8073387,34.7746606],[-118.8079181,34.7750704],[-118.808476,34.7754538],[-118.8091036,34.7758591],[-118.8097225,34.7762432],[-118.8209073,34.7829581],[-118.8261468,34.7861012],[-118.82693,34.7865903],[-118.8276864,34.7870793],[-118.8284267,34.7875904],[-118.8290597,34.788053],[-118.832768,34.7908619],[-118.8331997,34.7911905],[-118.8336396,34.7914944],[-118.8341117,34.7917808],[-118.8345784,34.7920495],[-118.8350451,34.7922918],[-118.8355547,34.7925297],[-118.8360751,34.79275],[-118.8365793,34.792935],[-118.8371158,34.7931024],[-118.8376361,34.793239],[-118.8381779,34.7933579],[-118.8387734,34.7934548],[-118.8393019,34.7935183],[-118.8430677,34.7939633],[-118.8467155,34.7944435],[-118.8521872,34.7951527],[-118.8528792,34.7952408],[-118.8553039,34.7955624],[-118.8589517,34.7960161],[-118.86706,34.7969702],[-118.867591,34.7970363],[-118.8681328,34.7971288],[-118.8686156,34.7972389],[-118.8690716,34.7973623],[-118.869592,34.7975297],[-118.8700748,34.7977191],[-118.8704985,34.7979085],[-118.8709277,34.7981332],[-118.8713461,34.7983799],[-118.8717592,34.7986574],[-118.8721401,34.7989481],[-118.8725237,34.7992583],[-118.87592783,34.8021818],[-118.87675058,34.80290124],[-118.87688933,34.80302257],[-118.87712179,34.80322583],[-118.8770769,34.80322507],[-118.87694069,34.80322278],[-118.87684941,34.80322124],[-118.87680451,34.80322048],[-118.87677232,34.80321994],[-118.87674014,34.8032194],[-118.87669523,34.80321864],[-118.87629374,34.80321187],[-118.87589225,34.8032051],[-118.87580244,34.80320359],[-118.87570695,34.80320198],[-118.87555028,34.80319934],[-118.87539361,34.8031967],[-118.8753038,34.80319518],[-118.87499612,34.80319],[-118.87372918,34.80316864],[-118.87210966,34.80314133],[-118.86972431,34.80312426],[-118.86934888,34.80312157],[-118.86052493,34.8030584],[-118.85427129,34.80301363],[-118.85426716,34.80324212],[-118.8542665,34.803279],[-118.8542408,34.80470252],[-118.85419718,34.80711867],[-118.85417936,34.80810551],[-118.85412852,34.8109213],[-118.85412719,34.81099504],[-118.8540927,34.81290543],[-118.85405821,34.81481578],[-118.85405687,34.81488952],[-118.85403235,34.81624763],[-118.85400716,34.81764258],[-118.85393248,34.81764195],[-118.83662274,34.81771647],[-118.83425127,34.81771846],[-118.81599508,34.81773374],[-118.81264411,34.81773654],[-118.811013,34.81773772],[-118.8093819,34.81773889],[-118.80768446,34.81774037],[-118.80073254,34.81774643],[-118.79688794,34.81774979],[-118.79354674,34.8177527],[-118.79331977,34.76965763],[-118.79443938,34.76003143],[-118.79507523,34.75939999],[-118.7954332,34.7590445],[-118.7956818,34.758783],[-118.79576141,34.75868109],[-118.7958341,34.7590383],[-118.7959608,34.7595763],[-118.796111,34.7600964],[-118.7962987,34.760634],[-118.7965187,34.7611629],[-118.7967654,34.7616741],[-118.7970068,34.7621368],[-118.7973194,34.7626867],[-118.7987556,34.7652217],[-118.798991,34.7656281],[-118.7993779,34.7662749],[-118.79946313,34.76640586],[-118.79952618,34.76650272],[-118.79958632,34.76659512],[-118.7996676,34.76672],[-118.8000324,34.7672753],[-118.8003971,34.7677952],[-118.8007458,34.7682624],[-118.8011213,34.7687471],[-118.8015076,34.7692318],[-118.8018885,34.7696857],[-118.8027199,34.7706155],[-118.8031652,34.7710782],[-118.8036319,34.7715409],[-118.8041147,34.7719991],[-118.8045975,34.7724442],[-118.8051125,34.7729025],[-118.8056221,34.7733343],[-118.8061317,34.7737441]]]},"properties":{"OBJECTID":1098053,"COUNTY":"LOS ANGELES","CITY":"GOR","ZONE_NAME":null,"ZONE_ID":"US-CA-XLA-GOR-E001-A","STATUS":"Evacuation Warning","EVENT_TYPE":null,"CRITICAL_INFO":null,"PUBLIC_INFO":null,"EDIT_DATE":1791505077000,"STATEWIDE_LAST_UPDATED":null,"NOTES":"Local authorities are responding to a Wildfire. An EVACUATION WARNING has been issued. PREPARE TO LEAVE.  Consider leaving now if you need more time to evacuate. Call 911 for emergency assistance. Visit AlertLA.org for more information.\n","SHAPE__Area":33685078.82421875,"SHAPE__Length":30859.286872431363,"GlobalID":"7adbb564-80f9-4a63-9d44-128aa153888b","CreationDate":1791505230000,"Creator":"CalOES_Scripts","EditDate":1791505230000,"Editor":"CalOES_Scripts"}},{"type":"Feature","id":1098054,"geometry":{"type":"Polygon","coordinates":[[[-118.5664541,34.7148701],[-118.56683141,34.7143566],[-118.5670038,34.7140721],[-118.56706214,34.71354067],[-118.56713203,34.71289617],[-118.56718032,34.71255682],[-118.56735058,34.71215943],[-118.56741467,34.71193279],[-118.56747769,34.7116497],[-118.56755694,34.71150189],[-118.56773103,34.7113077],[-118.56820224,34.71091774],[-118.56841393,34.7105424],[-118.56850493,34.71029282],[-118.56856688,34.70995329],[-118.56879075,34.70949876],[-118.56892446,34.70933897],[-118.56909726,34.70907704],[-118.56917523,34.70886151],[-118.56926601,34.70860064],[-118.56935423,34.70820431],[-118.56953878,34.70784062],[-118.56960308,34.70762526],[-118.56972056,34.70733017],[-118.56988033,34.70710229],[-118.57004116,34.70693085],[-118.57041878,34.706655],[-118.57063301,34.70641512],[-118.57072442,34.70618812],[-118.57073212,34.70587186],[-118.57076566,34.70547624],[-118.57076117,34.70523918],[-118.57076908,34.70493422],[-118.57080433,34.7046289],[-118.57089425,34.70432288],[-118.57091774,34.70411934],[-118.57103543,34.70383554],[-118.57109929,34.7035976],[-118.5711341,34.70326971],[-118.57112962,34.70303265],[-118.57112578,34.70282946],[-118.5711764,34.70261428],[-118.57140215,34.70226134],[-118.57152153,34.70206785],[-118.57163964,34.70180663],[-118.57170115,34.70144452],[-118.57176565,34.70124045],[-118.57202279,34.70110163],[-118.57236044,34.70088274],[-118.57253599,34.70076757],[-118.57283306,34.70057178],[-118.57302743,34.70040616],[-118.57307524,34.70036541],[-118.57324046,34.70013951],[-118.57413854,34.70032493],[-118.57423219,34.70034054],[-118.57436337,34.70036239],[-118.5752053,34.70050267],[-118.57597849,34.70082242],[-118.57666126,34.70126388],[-118.57681981,34.70133269],[-118.57695257,34.70139031],[-118.57722006,34.70150641],[-118.57778696,34.70161643],[-118.57855083,34.70165165],[-118.57884569,34.70169812],[-118.57900121,34.70172263],[-118.57924118,34.70176045],[-118.57942375,34.70180824],[-118.57957381,34.70184751],[-118.57967238,34.70187331],[-118.57991746,34.70201552],[-118.58026026,34.70230689],[-118.58033253,34.70236832],[-118.58046381,34.7024799],[-118.58075968,34.70265624],[-118.58080654,34.70268417],[-118.580897,34.70279006],[-118.5808962,34.70283387],[-118.58089527,34.7028853],[-118.58067654,34.70299051],[-118.58062037,34.70301753],[-118.58058971,34.70303228],[-118.58049012,34.70313367],[-118.58035306,34.70330073],[-118.58034191,34.7033836],[-118.58032858,34.70348269],[-118.58032517,34.70350801],[-118.58037385,34.70385699],[-118.58056769,34.70432225],[-118.58058447,34.70435342],[-118.5808126,34.70477561],[-118.58113475,34.70535668],[-118.58118077,34.70540079],[-118.58139335,34.7056046],[-118.58169622,34.70566678],[-118.58175369,34.70567858],[-118.58178987,34.70568601],[-118.58182584,34.705692],[-118.58202739,34.70572557],[-118.58232327,34.70577485],[-118.58309017,34.7058999],[-118.58338929,34.70596627],[-118.58395999,34.70598699],[-118.58468685,34.70591624],[-118.58476386,34.70589893],[-118.58511244,34.70582059],[-118.58535274,34.70582931],[-118.58546482,34.70583338],[-118.58586322,34.70593112],[-118.58622583,34.70606925],[-118.58634125,34.70616429],[-118.58639713,34.70621031],[-118.5865964,34.70637441],[-118.58682426,34.70664972],[-118.58687007,34.70690967],[-118.58693226,34.70733096],[-118.58701285,34.70740969],[-118.5871241,34.70751839],[-118.58714328,34.70755628],[-118.58715417,34.70757779],[-118.58724589,34.70775897],[-118.58728284,34.70786024],[-118.58730799,34.70792917],[-118.5873486,34.70804045],[-118.58735727,34.70809941],[-118.58736935,34.70818156],[-118.58737447,34.70821639],[-118.58748124,34.70836791],[-118.5875129,34.70839013],[-118.58801411,34.70874196],[-118.58833049,34.70885664],[-118.58840888,34.70888506],[-118.58846031,34.7089037],[-118.58877778,34.70890333],[-118.58906674,34.70885219],[-118.58950754,34.7087828],[-118.58962764,34.70872427],[-118.58966308,34.708707],[-118.58971726,34.70868059],[-118.5897823,34.70859535],[-118.58981723,34.70854957],[-118.58988286,34.70846354],[-118.59002483,34.70832912],[-118.59005036,34.70830494],[-118.59014722,34.70821323],[-118.59021819,34.70815163],[-118.59029018,34.7080933],[-118.59034837,34.70804615],[-118.59039061,34.70801192],[-118.59061542,34.70789501],[-118.59074423,34.70789945],[-118.59087364,34.70790391],[-118.59090316,34.70791078],[-118.59095642,34.70792495],[-118.59111607,34.70796871],[-118.59125899,34.70812673],[-118.59135583,34.70851909],[-118.59135284,34.70873256],[-118.59135199,34.70879306],[-118.5913498,34.70894937],[-118.59134755,34.70899159],[-118.59134188,34.70909833],[-118.59133872,34.70915767],[-118.5913358,34.7092127],[-118.59138944,34.70938752],[-118.59143649,34.70949158],[-118.59145159,34.70952497],[-118.59146649,34.70955792],[-118.59183158,34.70985962],[-118.59199825,34.70999736],[-118.59207123,34.71001133],[-118.59246655,34.710087],[-118.59291973,34.71010343],[-118.59360936,34.71010064],[-118.59400078,34.71011482],[-118.59423345,34.71012326],[-118.59443181,34.71013044],[-118.59490332,34.71011975],[-118.59518796,34.71014392],[-118.59540246,34.71022111],[-118.59576358,34.71038697],[-118.59615913,34.71054018],[-118.59642548,34.71059146],[-118.59671302,34.71056023],[-118.59694082,34.71038797],[-118.59704464,34.71004592],[-118.59706718,34.70997162],[-118.59708982,34.70989699],[-118.59712425,34.70978349],[-118.59724821,34.70957499],[-118.59785792,34.70926846],[-118.59840314,34.70913546],[-118.59857978,34.7091318],[-118.59872524,34.70912879],[-118.59889141,34.70912535],[-118.59920115,34.70922629],[-118.59924107,34.7092393],[-118.59937079,34.70928158],[-118.59955373,34.70931361],[-118.59977075,34.7093516],[-118.59987639,34.70931588],[-118.60021594,34.70920106],[-118.6009611,34.709103],[-118.60152528,34.70892898],[-118.60156456,34.7089202],[-118.60201686,34.70881913],[-118.60227412,34.70876163],[-118.60275145,34.70863997],[-118.60300356,34.70852977],[-118.60327381,34.70841165],[-118.6036305,34.70825573],[-118.60377377,34.70817661],[-118.60384779,34.70813573],[-118.60407994,34.70800752],[-118.60492808,34.70755213],[-118.60503953,34.70751461],[-118.60527038,34.7074369],[-118.60560008,34.70732592],[-118.60578937,34.70716662],[-118.60589169,34.70710037],[-118.60603317,34.70700877],[-118.60671043,34.70692214],[-118.60741243,34.70685766],[-118.60750674,34.706849],[-118.60802162,34.70667788],[-118.60844647,34.70627659],[-118.60893898,34.70587991],[-118.60899105,34.70583793],[-118.60911415,34.7057242],[-118.60913755,34.70570258],[-118.60976981,34.70542168],[-118.61009913,34.70511864],[-118.61016935,34.70505403],[-118.61042535,34.7047926],[-118.61044993,34.70476091],[-118.6104818,34.70471983],[-118.61075021,34.70437382],[-118.611205,34.70372362],[-118.61122185,34.7037028],[-118.6115109,34.70334575],[-118.61176494,34.70299388],[-118.61204733,34.70293488],[-118.61210502,34.70292282],[-118.61265323,34.70300522],[-118.61295586,34.70305071],[-118.61336884,34.70319062],[-118.61473256,34.70374622],[-118.6148964,34.70380884],[-118.61495911,34.70383281],[-118.61503458,34.70386165],[-118.61509966,34.70386315],[-118.61513888,34.70386404],[-118.61555586,34.70387359],[-118.61567675,34.70388109],[-118.61576043,34.70388629],[-118.61610947,34.70390795],[-118.6162158,34.70397657],[-118.61626889,34.70401083],[-118.61645051,34.70412805],[-118.61652393,34.70426548],[-118.61656193,34.70433662],[-118.61660467,34.70441662],[-118.61664007,34.70452375],[-118.61666607,34.70460248],[-118.61670507,34.70472052],[-118.61681491,34.70482662],[-118.61692907,34.7049369],[-118.61724535,34.70507036],[-118.61731061,34.7050979],[-118.61750481,34.70517985],[-118.61815068,34.705484],[-118.61847522,34.70579269],[-118.61857726,34.70591866],[-118.61881238,34.706213],[-118.619186,34.70646255],[-118.6192487,34.70654808],[-118.6192693,34.70657618],[-118.61937423,34.70671931],[-118.61937345,34.70705259],[-118.61951426,34.7072521],[-118.61963043,34.70741667],[-118.6197959,34.7076511],[-118.61999361,34.70804707],[-118.62005211,34.70834562],[-118.62007309,34.70845269],[-118.62012047,34.70882937],[-118.62015161,34.70917565],[-118.62015587,34.70922291],[-118.62016734,34.70935051],[-118.62021582,34.70950031],[-118.62023198,34.70955027],[-118.62024113,34.70957853],[-118.62027075,34.70959233],[-118.6205115,34.70970449],[-118.62059412,34.70970244],[-118.62071259,34.7096995],[-118.62108237,34.70969032],[-118.62153558,34.70970665],[-118.62156302,34.70970906],[-118.62166718,34.70971821],[-118.62180342,34.70973018],[-118.62209678,34.7099074],[-118.62223981,34.71006531],[-118.62230056,34.7101554],[-118.62236458,34.71025035],[-118.62240961,34.71026952],[-118.62254704,34.71032802],[-118.62257763,34.71034104],[-118.62280975,34.71041913],[-118.62312941,34.71041675],[-118.62329392,34.71042267],[-118.62337687,34.71043801],[-118.6234411,34.71044989],[-118.62348045,34.71045716],[-118.62374368,34.71067968],[-118.62383194,34.71075429],[-118.62394059,34.71084614],[-118.62418938,34.7111438],[-118.62422687,34.71118865],[-118.62436656,34.71135578],[-118.62457906,34.7115819],[-118.62469624,34.71169428],[-118.62493238,34.71192076],[-118.62575795,34.71239539],[-118.62593658,34.71246161],[-118.62618312,34.71273107],[-118.6263693,34.7128497],[-118.62641529,34.712879],[-118.62662846,34.71288297],[-118.6266848,34.71288401],[-118.62676798,34.71288556],[-118.62697266,34.71278883],[-118.62723412,34.71266526],[-118.62770628,34.71246734],[-118.62820581,34.71232539],[-118.62841698,34.71228093],[-118.62874997,34.71221082],[-118.62902769,34.71215234],[-118.62937539,34.71220492],[-118.62950801,34.71225553],[-118.62965345,34.71231102],[-118.62977169,34.71235617],[-118.62993907,34.71242008],[-118.63042494,34.71265813],[-118.63053605,34.71271257],[-118.63063428,34.71276069],[-118.63073954,34.71285606],[-118.63087774,34.71298127],[-118.63133111,34.71339203],[-118.63145599,34.71353722],[-118.63154423,34.71363981],[-118.63183408,34.71387511],[-118.63198869,34.71399894],[-118.63240383,34.71412746],[-118.63269449,34.71421743],[-118.63274994,34.7142346],[-118.63280634,34.71424288],[-118.63325062,34.71430814],[-118.63337058,34.71428221],[-118.63349961,34.71425432],[-118.63371358,34.71420808],[-118.63418597,34.71392545],[-118.63481263,34.713678],[-118.63508986,34.71367433],[-118.63556124,34.71361222],[-118.63627048,34.71377297],[-118.63694476,34.71406624],[-118.63701048,34.71408062],[-118.63710022,34.71408963],[-118.63714168,34.71409379],[-118.63717005,34.71409663],[-118.63723805,34.71412408],[-118.63741943,34.71419731],[-118.63773761,34.71432576],[-118.63806296,34.71443579],[-118.63817926,34.71447512],[-118.63822616,34.71449098],[-118.63888622,34.71453815],[-118.63932925,34.71442905],[-118.63956466,34.71422544],[-118.63958707,34.71420681],[-118.63960789,34.71419022],[-118.63966661,34.71414342],[-118.63989024,34.71396521],[-118.6399204,34.71394117],[-118.64003407,34.71385059],[-118.640243,34.71368409],[-118.64031162,34.71364053],[-118.64046147,34.71354543],[-118.64059263,34.71346219],[-118.64067796,34.71340803],[-118.64095872,34.71334757],[-118.64112026,34.71331278],[-118.64123237,34.71329029],[-118.64141238,34.71325416],[-118.64154992,34.71322656],[-118.64158602,34.71321932],[-118.64163894,34.7132087],[-118.64170292,34.71319586],[-118.6420017,34.71308475],[-118.64233563,34.71300998],[-118.64242234,34.71299056],[-118.64258878,34.71290594],[-118.64270018,34.7128493],[-118.64280206,34.7127975],[-118.6429753,34.71270942],[-118.64313972,34.7126617],[-118.64318501,34.71264856],[-118.64359583,34.71252933],[-118.64386324,34.71258569],[-118.6442027,34.71265723],[-118.64436168,34.71269074],[-118.64441644,34.71268093],[-118.64470713,34.71262884],[-118.64503699,34.71237313],[-118.64540764,34.71211706],[-118.6455626,34.71201],[-118.6455958,34.71198706],[-118.64607302,34.71157977],[-118.64641735,34.71146058],[-118.64704351,34.7115667],[-118.64707345,34.7115745],[-118.64713669,34.711591],[-118.64725263,34.71162125],[-118.64789165,34.71208494],[-118.64809028,34.71232792],[-118.64867556,34.71245015],[-118.64875425,34.71244147],[-118.64953156,34.71235582],[-118.65018887,34.71228338],[-118.65060662,34.71227085],[-118.6513375,34.71224893],[-118.6517543,34.71223643],[-118.65179345,34.71223288],[-118.65187445,34.71222553],[-118.65262735,34.71212603],[-118.65266898,34.71212053],[-118.65308661,34.71211467],[-118.65329458,34.71211186],[-118.65341438,34.71212997],[-118.65350935,34.71214433],[-118.6536423,34.71216442],[-118.65369148,34.71221675],[-118.65379675,34.71232877],[-118.65385477,34.7123905],[-118.65411498,34.71275637],[-118.6544772,34.71298201],[-118.65450201,34.71299747],[-118.65485146,34.71310979],[-118.65488368,34.71311184],[-118.65501564,34.7131202],[-118.65535435,34.71314165],[-118.65584168,34.71305616],[-118.65588056,34.71304934],[-118.65598437,34.71306497],[-118.65619815,34.71309715],[-118.65696083,34.71329625],[-118.65738568,34.71353363],[-118.65789384,34.7141073],[-118.65792778,34.7141658],[-118.65797113,34.71424051],[-118.65814066,34.71453275],[-118.6583332,34.71476928],[-118.65845894,34.71492373],[-118.65858136,34.71507412],[-118.65920779,34.71558808],[-118.65977325,34.71582123],[-118.65981871,34.71583997],[-118.66022249,34.71592696],[-118.66051249,34.7159874],[-118.66062413,34.71601067],[-118.66167573,34.71602343],[-118.66285273,34.71614488],[-118.66292668,34.71615966],[-118.66323542,34.71622139],[-118.66430921,34.71643605],[-118.66474511,34.71657616],[-118.66496871,34.71664803],[-118.66547278,34.71681005],[-118.66610736,34.71710676],[-118.66648501,34.71728334],[-118.66675631,34.71741019],[-118.66766733,34.71786655],[-118.66819045,34.71815017],[-118.66825618,34.7181858],[-118.66829569,34.71820723],[-118.66863449,34.71848317],[-118.66886524,34.71879422],[-118.66896348,34.71892665],[-118.6692827,34.71935696],[-118.66963147,34.71987902],[-118.66971181,34.71999927],[-118.66980798,34.72014322],[-118.67009726,34.72052416],[-118.67018434,34.72063883],[-118.67023314,34.72070309],[-118.67093755,34.72122994],[-118.67158298,34.7214734],[-118.67227915,34.72173784],[-118.67236823,34.72178465],[-118.67243155,34.72181793],[-118.67277351,34.72199762],[-118.67310115,34.72216978],[-118.67415716,34.7232073],[-118.67482037,34.7240364],[-118.67501168,34.72423388],[-118.67518391,34.72441166],[-118.67569825,34.72494258],[-118.67584879,34.72528125],[-118.67622297,34.72596241],[-118.67631212,34.7261247],[-118.67642466,34.72632957],[-118.67646412,34.72635351],[-118.67650883,34.72638063],[-118.67667116,34.72647911],[-118.67696781,34.72665905],[-118.67703411,34.72669926],[-118.67710401,34.72674166],[-118.67748162,34.72683924],[-118.67772745,34.72685552],[-118.67793424,34.72686921],[-118.67842014,34.7266663],[-118.67858045,34.72657476],[-118.67910417,34.72636916],[-118.67989188,34.72642492],[-118.67999857,34.72645696],[-118.68015464,34.72650383],[-118.68052124,34.72661394],[-118.68096889,34.72669498],[-118.68099782,34.72670022],[-118.68157109,34.726804],[-118.68194593,34.72685129],[-118.68216605,34.72687907],[-118.68249024,34.72691997],[-118.6837135,34.72709607],[-118.68382001,34.72712195],[-118.68398726,34.72716259],[-118.68443098,34.72727041],[-118.68519244,34.7272026],[-118.6857401,34.72685146],[-118.68620115,34.72640835],[-118.68638104,34.72629929],[-118.68710697,34.7258592],[-118.68767629,34.72585407],[-118.68776451,34.72588235],[-118.6879258,34.72593405],[-118.68801059,34.72596123],[-118.68804426,34.72598271],[-118.68809791,34.72601696],[-118.68836181,34.72618539],[-118.6889532,34.72649918],[-118.68908648,34.7265699],[-118.68920309,34.72663177],[-118.68950141,34.72687354],[-118.68957656,34.72693444],[-118.68962353,34.7269725],[-118.68969231,34.72700994],[-118.68974051,34.72703619],[-118.6898015,34.72706939],[-118.6901923,34.72730488],[-118.69023314,34.72732949],[-118.69045075,34.72733576],[-118.69070302,34.72722651],[-118.69075393,34.7272001],[-118.69101491,34.72706468],[-118.6913689,34.72705975],[-118.69150016,34.72705792],[-118.69167989,34.7270883],[-118.69181841,34.7271117],[-118.69212651,34.72716377],[-118.69251077,34.72735471],[-118.69335175,34.72794085],[-118.69366003,34.72815572],[-118.69377642,34.72823684],[-118.69482643,34.72879954],[-118.69508458,34.72893788],[-118.69525536,34.72903158],[-118.69546445,34.7291463],[-118.69579346,34.72932681],[-118.69675906,34.73021853],[-118.697114,34.73073909],[-118.69727685,34.73094396],[-118.69778815,34.73142374],[-118.69840533,34.73184035],[-118.69898781,34.73204643],[-118.6994719,34.73204144],[-118.70001524,34.73169823],[-118.70065032,34.7314542],[-118.70125853,34.73128537],[-118.70171232,34.7313115],[-118.70182497,34.73147672],[-118.70179596,34.73185095],[-118.70168528,34.73327991],[-118.70167346,34.73350789],[-118.70203806,34.73403468],[-118.70264993,34.73468442],[-118.70325585,34.73544812],[-118.70366299,34.73583025],[-118.70376383,34.73592595],[-118.70411221,34.73640487],[-118.70425287,34.73682966],[-118.70426498,34.73732997],[-118.70429129,34.73771157],[-118.70450464,34.73804267],[-118.70474849,34.73829882],[-118.70478818,34.73832993],[-118.70523261,34.73867745],[-118.70656745,34.7389005],[-118.70697287,34.73903111],[-118.70768175,34.73946818],[-118.70785604,34.73966466],[-118.70807143,34.73995777],[-118.70822465,34.74011541],[-118.70868798,34.74026525],[-118.70943654,34.74031047],[-118.7098752,34.74014461],[-118.71035115,34.73995037],[-118.7106119,34.7398761],[-118.71073883,34.73994486],[-118.71104808,34.74011234],[-118.71158915,34.7405958],[-118.71208901,34.74118444],[-118.71240871,34.74148126],[-118.71239098,34.74326291],[-118.71236054,34.74459311],[-118.7124467,34.7446342],[-118.7125416,34.7446493],[-118.7127459,34.7446512],[-118.7127189,34.7449343],[-118.7127596,34.7452661],[-118.712872,34.7455591],[-118.7131634,34.7458669],[-118.7133067,34.7460328],[-118.7133442,34.7462054],[-118.7131569,34.7464877],[-118.713038,34.746774],[-118.7130038,34.7469306],[-118.7130218,34.747067],[-118.7132058,34.7474069],[-118.7132497,34.7475942],[-118.7131455,34.7478458],[-118.7130918,34.7480759],[-118.7131211,34.7482565],[-118.7133881,34.7484973],[-118.7135754,34.7487047],[-118.7137154,34.7489121],[-118.7137877,34.7490577],[-118.7137666,34.7492651],[-118.7134897,34.7499367],[-118.7134197,34.7501615],[-118.7134197,34.7503434],[-118.7134995,34.7505013],[-118.7136672,34.7506083],[-118.7140043,34.7507114],[-118.7142323,34.7508585],[-118.7143528,34.7509977],[-118.7146524,34.7514793],[-118.7149715,34.7518687],[-118.7151588,34.752064],[-118.7154161,34.75227],[-118.7155165,34.7523766],[-118.7155903,34.7524948],[-118.7156767,34.7525589],[-118.7157841,34.7526139],[-118.7159139,34.752645],[-118.7160895,34.7526652],[-118.7163638,34.7527276],[-118.7164593,34.7527639],[-118.7165331,34.752832],[-118.7165517,34.7529158],[-118.7165429,34.7529992],[-118.7165178,34.7530728],[-118.7164631,34.7531263],[-118.7163853,34.7531639],[-118.7159632,34.7532879],[-118.7155268,34.7534915],[-118.7153314,34.7536293],[-118.7151832,34.7538059],[-118.7149536,34.7542809],[-118.7145824,34.7546595],[-118.7144127,34.7549832],[-118.7144042,34.755065],[-118.7144053,34.7551338],[-118.7144658,34.7552194],[-118.7145362,34.7552782],[-118.7146353,34.7553308],[-118.714727,34.7553459],[-118.715984,34.7552383],[-118.716504,34.7552383],[-118.7168594,34.7552444],[-118.7169892,34.7552802],[-118.7170801,34.7553459],[-118.7171248,34.7553966],[-118.7171402,34.7554751],[-118.7171587,34.7555941],[-118.7171402,34.7556902],[-118.7171103,34.7557707],[-118.7169011,34.7561321],[-118.7168689,34.7562775],[-118.7168903,34.7564186],[-118.7169332,34.7565464],[-118.7172111,34.7569686],[-118.7173463,34.757137],[-118.7174452,34.7572293],[-118.7175469,34.7572926],[-118.7176301,34.757328],[-118.7177872,34.7573457],[-118.7179166,34.7573381],[-118.7181107,34.7573559],[-118.7182679,34.7573913],[-118.7184527,34.7575052],[-118.7188255,34.7577507],[-118.7195404,34.7581771],[-118.7216271,34.7592657],[-118.7219007,34.7594287],[-118.7221475,34.7596094],[-118.722523,34.7598628],[-118.7229065,34.760081],[-118.7233223,34.7602749],[-118.7237204,34.7604649],[-118.7240043,34.7605818],[-118.7242553,34.7606568],[-118.7247529,34.7607613],[-118.7250521,34.7608597],[-118.7253554,34.7610065],[-118.7257517,34.7611609],[-118.7261445,34.7613668],[-118.7268852,34.7618032],[-118.7273491,34.7619661],[-118.7275848,34.7620706],[-118.7279551,34.7623349],[-118.7282956,34.7625346],[-118.7287141,34.7627326],[-118.7305911,34.7637124],[-118.7310578,34.7639327],[-118.7314869,34.7641134],[-118.7325491,34.7645232],[-118.7327422,34.764607],[-118.7328495,34.7646907],[-118.7329353,34.7648185],[-118.7329782,34.7649463],[-118.7326081,34.7649243],[-118.7321682,34.7649199],[-118.7280373,34.76491222],[-118.7265218,34.7649094],[-118.7256751,34.7649078],[-118.7226893,34.7649022],[-118.7190093,34.7648934],[-118.7181832,34.7649066],[-118.7173034,34.7649551],[-118.7164451,34.7650344],[-118.7155439,34.7651534],[-118.714589,34.7653121],[-118.7136449,34.7655104],[-118.7127007,34.7657483],[-118.7118156,34.7660172],[-118.7108875,34.7663344],[-118.7024332,34.7694191],[-118.6998154,34.7703842],[-118.6987543,34.7707538],[-118.6982372,34.7709156],[-118.6973231,34.7711803],[-118.6967783,34.7713078],[-118.6961851,34.7714285],[-118.6844503,34.7735599],[-118.680954,34.7741855],[-118.6784705,34.7746411],[-118.677626,34.774812],[-118.677363,34.774878],[-118.677114,34.77494],[-118.676794,34.7750723],[-118.6764791,34.7752065],[-118.6760321,34.7754152],[-118.6756825,34.7755898],[-118.6754383,34.7757246],[-118.6753407,34.7757785],[-118.6749935,34.7760261],[-118.6746359,34.7762914],[-118.6743183,34.7765663],[-118.673872,34.7770034],[-118.6733313,34.7775322],[-118.6729107,34.7779552],[-118.6724662,34.7783897],[-118.6720521,34.7787828],[-118.6717253,34.7790716],[-118.6714001,34.7793299],[-118.6708679,34.7797458],[-118.6704731,34.7800278],[-118.6700191,34.7803341],[-118.6695028,34.7806581],[-118.6688166,34.7810359],[-118.6682673,34.7813038],[-118.6676665,34.7815858],[-118.6671343,34.7818114],[-118.6665764,34.7820228],[-118.6659413,34.7822484],[-118.6653233,34.7824458],[-118.6646538,34.782622],[-118.6638985,34.7827912],[-118.6632445,34.7829169],[-118.6624737,34.783045],[-118.6617699,34.7831226],[-118.6610146,34.783186],[-118.6606156,34.7832018],[-118.6603022,34.7832142],[-118.6594439,34.7832213],[-118.6549415,34.7832212],[-118.649721,34.7832211],[-118.6431811,34.7832192],[-118.6429826,34.7832215],[-118.6422344,34.7832227],[-118.6387243,34.7832283],[-118.6343212,34.7832353],[-118.6255665,34.7832353],[-118.6193352,34.7832213],[-118.6187773,34.7832001],[-118.618228,34.7831437],[-118.6176357,34.7830309],[-118.6170092,34.7828617],[-118.6164084,34.7826432],[-118.6159024,34.7824171],[-118.61582456,34.78238232],[-118.6153183,34.7820863],[-118.6148377,34.781762],[-118.6144085,34.7813954],[-118.6140309,34.7810218],[-118.6137562,34.7806905],[-118.6118593,34.7781878],[-118.611516,34.777793],[-118.6111212,34.7774123],[-118.6107006,34.7770669],[-118.6102457,34.7767567],[-118.6096964,34.7764606],[-118.6091557,34.7762209],[-118.6085463,34.7760164],[-118.607954,34.7758684],[-118.6078082,34.7758604],[-118.6074219,34.7757838],[-118.6069927,34.7757415],[-118.6066752,34.7757203],[-118.6060829,34.7757062],[-118.6056806,34.7757086],[-118.6049301,34.775713],[-118.5989075,34.7757485],[-118.59734865,34.77574973],[-118.59699991,34.77505338],[-118.59658449,34.77369388],[-118.59643376,34.77324637],[-118.59617166,34.77246815],[-118.59562811,34.77119061],[-118.59518391,34.77001882],[-118.59503927,34.76924457],[-118.5950511,34.76817386],[-118.59513653,34.76755717],[-118.59515145,34.766647],[-118.59508556,34.76490821],[-118.595338,34.76433282],[-118.59559274,34.76366708],[-118.59591735,34.76283983],[-118.59612577,34.76229513],[-118.59648087,34.76178865],[-118.59667347,34.76168576],[-118.59681473,34.76144303],[-118.5969251,34.76085947],[-118.59720724,34.76035394],[-118.59763627,34.75978169],[-118.59784042,34.75934633],[-118.59792486,34.75916626],[-118.59798454,34.759039],[-118.59803614,34.75883539],[-118.59808497,34.75864274],[-118.59813078,34.75846197],[-118.59814276,34.75841466],[-118.59825158,34.75775083],[-118.59836271,34.7572074],[-118.59842289,34.7565442],[-118.59832832,34.75621173],[-118.59826006,34.75586449],[-118.5981476,34.75570789],[-118.59796871,34.75565378],[-118.59769495,34.75564609],[-118.59736691,34.75566168],[-118.59716328,34.75574339],[-118.5969731,34.75581363],[-118.59678205,34.75583872],[-118.59660425,34.75584105],[-118.59618047,34.7558579],[-118.59586125,34.75588674],[-118.59552201,34.75576491],[-118.59508195,34.75564648],[-118.59469616,34.75550475],[-118.59440569,34.75533919],[-118.59423874,34.75519459],[-118.59408374,34.75495951],[-118.59391462,34.75470203],[-118.59380195,34.75453414],[-118.59348109,34.7542109],[-118.59347697,34.75399642],[-118.59360983,34.75379144],[-118.59383518,34.75341589],[-118.59391225,34.75315518],[-118.59393592,34.75296293],[-118.59398282,34.75255583],[-118.59392551,34.75242109],[-118.59366521,34.75240192],[-118.59321258,34.75234009],[-118.59266291,34.7522118],[-118.59219596,34.75211628],[-118.59176916,34.75197508],[-118.59136691,34.75168677],[-118.59130744,34.75143915],[-118.59133068,34.75122431],[-118.59135305,34.75096432],[-118.5914451,34.75077117],[-118.59143904,34.7504551],[-118.5914206,34.75020694],[-118.59139891,34.74978946],[-118.5914202,34.74947303],[-118.59168006,34.74911396],[-118.59196748,34.74888438],[-118.59219674,34.74847491],[-118.59226361,34.74815788],[-118.59229083,34.74767578],[-118.59252066,34.7472964],[-118.59300634,34.74694379],[-118.59308456,34.74687364],[-118.59334701,34.74663824],[-118.59321807,34.74654201],[-118.59306945,34.7464311],[-118.59288191,34.74616257],[-118.59261796,34.74571438],[-118.59242782,34.74531039],[-118.59194391,34.74480486],[-118.59190254,34.74454947],[-118.59197143,34.7443378],[-118.59194886,34.74411227],[-118.59190864,34.74391709],[-118.59157466,34.74362036],[-118.59148147,34.74339764],[-118.59135233,34.74308317],[-118.59119823,34.74289324],[-118.59083531,34.74251408],[-118.59062435,34.74221198],[-118.59033219,34.7419561],[-118.58997275,34.74175756],[-118.58942272,34.74160666],[-118.58926668,34.74131513],[-118.58916793,34.74115835],[-118.58890486,34.74099241],[-118.58857083,34.74069191],[-118.58840155,34.74042313],[-118.58837074,34.74024288],[-118.58825572,34.73995081],[-118.58808666,34.73969332],[-118.58808255,34.73947884],[-118.58817374,34.73924054],[-118.58847177,34.73908987],[-118.58859182,34.73893023],[-118.5887644,34.738657],[-118.58881542,34.73846438],[-118.58892049,34.73823719],[-118.58899908,34.7380555],[-118.58915863,34.73781631],[-118.58935964,34.73759916],[-118.58944017,34.73751907],[-118.58953222,34.73732592],[-118.58972128,34.73719925],[-118.58996092,34.73709161],[-118.59000606,34.73707133],[-118.59022138,34.73688786],[-118.59046233,34.73661373],[-118.5901635,34.73633497],[-118.59004453,34.736224],[-118.59002675,34.7360097],[-118.59007431,34.73563647],[-118.59024428,34.73522777],[-118.59034805,34.73493285],[-118.59007046,34.73472194],[-118.58992983,34.73452054],[-118.58959669,34.73426519],[-118.58947038,34.73409747],[-118.589287,34.7338063],[-118.58885837,34.73356349],[-118.58845881,34.73341063],[-118.58760586,34.73315076],[-118.5871668,34.73307745],[-118.58654847,34.73292743],[-118.58617777,34.73285322],[-118.58609185,34.7326511],[-118.58611294,34.73232338],[-118.58610927,34.73213148],[-118.58600946,34.73191825],[-118.58572974,34.73159445],[-118.58550795,34.73143926],[-118.58516266,34.7312631],[-118.58487531,34.73125555],[-118.58442581,34.73135173],[-118.58413781,34.73131031],[-118.58391667,34.73118899],[-118.58369829,34.73111303],[-118.58357247,34.73106926],[-118.58325646,34.73106496],[-118.58314839,34.73106348],[-118.58272452,34.73106899],[-118.58234123,34.73105139],[-118.58160073,34.7309481],[-118.5812027,34.73087423],[-118.58074805,34.73069948],[-118.58037822,34.7306704],[-118.58000862,34.73065261],[-118.57966636,34.73063447],[-118.57936662,34.73069481],[-118.57883659,34.73087105],[-118.57855052,34.73093122],[-118.57823582,34.73092401],[-118.57791962,34.73083777],[-118.57761495,34.73063848],[-118.57710368,34.73036282],[-118.57681118,34.73008433],[-118.5766693,34.72981518],[-118.57654346,34.72967003],[-118.57642294,34.72959465],[-118.57622512,34.72947091],[-118.57567777,34.72945541],[-118.57540581,34.72953797],[-118.57502446,34.72962194],[-118.57477781,34.72971301],[-118.57435898,34.72986765],[-118.57412547,34.72981422],[-118.57364477,34.72970752],[-118.57326278,34.72975762],[-118.57313865,34.72970277],[-118.57302627,34.72954614],[-118.57291239,34.7293105],[-118.57276967,34.72899619],[-118.57280214,34.72854412],[-118.57272479,34.7280709],[-118.57280212,34.72782149],[-118.57287838,34.72751565],[-118.57288415,34.7270978],[-118.57304102,34.72686268],[-118.57315011,34.72669918],[-118.57321398,34.72646124],[-118.57316783,34.72619085],[-118.57313556,34.72593157],[-118.57293902,34.72566312],[-118.57284441,34.72562558],[-118.57271855,34.72557564],[-118.57257669,34.72530648],[-118.57226213,34.72477218],[-118.57282944,34.72457118],[-118.57337376,34.72442865],[-118.57410238,34.72438913],[-118.57428759,34.72437618],[-118.57463046,34.72435219],[-118.57487111,34.72426208],[-118.57504689,34.72419626],[-118.57544508,34.72404056],[-118.57555103,34.72385853],[-118.57582019,34.72362923],[-118.57597997,34.72340134],[-118.576103,34.72315887],[-118.57598734,34.72282916],[-118.57591315,34.72240294],[-118.57586721,34.72214384],[-118.5759569,34.72198975],[-118.57597316,34.72196181],[-118.57593394,34.72194748],[-118.57579589,34.72189702],[-118.57561512,34.72183094],[-118.57513233,34.72161137],[-118.57485675,34.72150202],[-118.57452799,34.7214724],[-118.57404465,34.72147864],[-118.57398112,34.72147947],[-118.57339152,34.72139675],[-118.57352525,34.72123695],[-118.57367071,34.72097537],[-118.57374632,34.72063567],[-118.57389797,34.71997882],[-118.57401781,34.7198079],[-118.57413657,34.71958055],[-118.57432562,34.7194539],[-118.57458302,34.71932637],[-118.57441575,34.71915917],[-118.57394857,34.719041],[-118.57363328,34.71899991],[-118.57323531,34.71892601],[-118.57286969,34.71879514],[-118.57264317,34.71870783],[-118.57232995,34.71871188],[-118.57183699,34.71874082],[-118.57129014,34.71874788],[-118.57090456,34.71860607],[-118.57031115,34.71832015],[-118.56992665,34.71823478],[-118.56954343,34.71821713],[-118.56921426,34.71816492],[-118.56880071,34.71798959],[-118.56822289,34.71780508],[-118.56778456,34.71776556],[-118.56704547,34.7177299],[-118.56645675,34.71769231],[-118.56659134,34.71757767],[-118.56690024,34.71728012],[-118.56712519,34.71688204],[-118.56743345,34.71655063],[-118.56752701,34.71643652],[-118.56749669,34.71627883],[-118.56715001,34.71602359],[-118.56677941,34.71594932],[-118.56635348,34.71584189],[-118.56634752,34.71552581],[-118.56643598,34.71514078],[-118.5664541,34.7148701]]]},"properties":{"OBJECTID":1098054,"COUNTY":"LOS ANGELES","CITY":"LAC","ZONE_NAME":null,"ZONE_ID":"US-CA-XLA-LAC-E005","STATUS":"Evacuation Warning","EVENT_TYPE":null,"CRITICAL_INFO":null,"PUBLIC_INFO":null,"EDIT_DATE":1791505077000,"STATEWIDE_LAST_UPDATED":null,"NOTES":"Local authorities are responding to a Wildfire. An EVACUATION WARNING has been issued. PREPARE TO LEAVE.  Consider leaving now if you need more time to evacuate. Call 911 for emergency assistance. Visit AlertLA.org for more information.\n","SHAPE__Area":118655132.32421875,"SHAPE__Length":55968.439644068145,"GlobalID":"352fe40d-e268-4cd5-b99a-722076bffbad","CreationDate":1791505230000,"Creator":"CalOES_Scripts","EditDate":1791505230000,"Editor":"CalOES_Scripts"}},{"type":"Feature","id":1098055,"geometry":{"type":"Polygon","coordinates":[[[-118.80243842,34.62875957],[-118.80247208,34.6288281],[-118.80492309,34.63381809],[-118.80739093,34.63884204],[-118.80740776,34.6388763],[-118.81622581,34.65682531],[-118.8177847,34.659998],[-118.81780153,34.66003225],[-118.82065534,34.66584008],[-118.82226864,34.66912315],[-118.82386502,34.67237165],[-118.82389868,34.67244015],[-118.83709107,34.69928075],[-118.83712473,34.69934922],[-118.83733895,34.69978499],[-118.83755317,34.70022075],[-118.83758683,34.70028922],[-118.83810182,34.70133681],[-118.83845697,34.70205924],[-118.79448109,34.70460125],[-118.7940167,34.703511],[-118.7939301,34.70330645],[-118.7938435,34.7031019],[-118.7937603,34.70289545],[-118.7936771,34.702689],[-118.79359315,34.7024775],[-118.7935092,34.702266],[-118.7933506,34.7018405],[-118.7932805,34.7016252],[-118.79321041,34.70140994],[-118.79309346,34.70104908],[-118.79295045,34.70060785],[-118.79286147,34.70033331],[-118.79268871,34.69980024],[-118.79252412,34.69929241],[-118.79250099,34.69922105],[-118.79248408,34.69916887],[-118.7924556,34.699081],[-118.7923738,34.69884945],[-118.792292,34.6986179],[-118.79220685,34.69840015],[-118.7921217,34.6981824],[-118.7919215,34.6977597],[-118.79181946,34.69755931],[-118.7917174,34.6973589],[-118.78970517,34.69365727],[-118.78771654,34.68999888],[-118.78770057,34.68996952],[-118.78768195,34.68993525],[-118.78766337,34.68990108],[-118.7876249,34.6898303],[-118.7875214,34.6896419],[-118.7874179,34.6894535],[-118.7871931,34.6890955],[-118.7870728,34.68892385],[-118.7869525,34.6887522],[-118.7868242,34.6885841],[-118.7866959,34.688416],[-118.7865543,34.68824795],[-118.7864127,34.6880799],[-118.78560532,34.68716614],[-118.78482431,34.68628223],[-118.78477151,34.68622247],[-118.78259754,34.68376199],[-118.78039713,34.68127151],[-118.7803288,34.68119055],[-118.78026046,34.68110958],[-118.78022106,34.68106288],[-118.78013942,34.68096612],[-118.78010001,34.68091942],[-118.78003549,34.68083348],[-118.77997097,34.68074754],[-118.77985099,34.68058772],[-118.779731,34.6804279],[-118.77967194,34.68033527],[-118.77963373,34.68027535],[-118.77958168,34.68019371],[-118.77950849,34.68007892],[-118.7794041,34.6799152],[-118.7792745,34.6796742],[-118.7791449,34.6794332],[-118.77910262,34.67934041],[-118.7790761,34.67928221],[-118.77904458,34.67921304],[-118.77890882,34.67891511],[-118.7787573,34.6785826],[-118.7786265,34.67834735],[-118.7784957,34.6781121],[-118.7781984,34.6776113],[-118.7780147,34.67735275],[-118.777831,34.6770942],[-118.77768826,34.67693034],[-118.77757167,34.67679651],[-118.77751286,34.676729],[-118.77748021,34.67669151],[-118.77728183,34.67648208],[-118.7770835,34.6762727],[-118.77697186,34.67616335],[-118.77692107,34.6761136],[-118.77686331,34.67605702],[-118.7767927,34.67598786],[-118.7766932,34.6758904],[-118.77642585,34.6756744],[-118.7761585,34.6754584],[-118.7759145,34.67529035],[-118.7756705,34.6751223],[-118.77554403,34.67504386],[-118.77552251,34.67503051],[-118.77545343,34.67498767],[-118.77538171,34.67494319],[-118.77526848,34.67487296],[-118.7751194,34.6747805],[-118.77493052,34.67468456],[-118.77488421,34.67466104],[-118.77477986,34.67460804],[-118.77474165,34.67458863],[-118.77470343,34.67456922],[-118.77464052,34.67453726],[-118.7745394,34.6744859],[-118.7744432,34.67443956],[-118.77438287,34.67441049],[-118.77435443,34.67439679],[-118.77432653,34.67438336],[-118.77429251,34.67436697],[-118.77425473,34.67434877],[-118.7741782,34.6743119],[-118.77411232,34.67428466],[-118.77408657,34.67427402],[-118.77400631,34.67424083],[-118.77396336,34.67422307],[-118.77390577,34.67419926],[-118.7737651,34.6741411],[-118.77353625,34.6740585],[-118.7733074,34.6739759],[-118.77307275,34.6739039],[-118.7728381,34.6738319],[-118.77258245,34.6737623],[-118.7723268,34.6736927],[-118.7717622,34.6735417],[-118.77139415,34.67344675],[-118.7710261,34.6733518],[-118.77080195,34.67329515],[-118.77056617,34.67323538],[-118.77052871,34.67322531],[-118.77048602,34.67321384],[-118.77034646,34.67317635],[-118.77031746,34.67316856],[-118.7701062,34.6731118],[-118.76995108,34.67306437],[-118.76982685,34.67302638],[-118.76979596,34.67301693],[-118.76975386,34.67300406],[-118.76971873,34.67299332],[-118.7696415,34.6729697],[-118.7693928,34.6728804],[-118.7691441,34.6727911],[-118.76889895,34.67269315],[-118.7686538,34.6725952],[-118.7681845,34.6723859],[-118.7676427,34.6721074],[-118.76721087,34.67186238],[-118.7667638,34.6715448],[-118.76656525,34.67139115],[-118.7663667,34.6712375],[-118.7661751,34.67108005],[-118.7659835,34.6709226],[-118.76580215,34.67075245],[-118.7656208,34.6705823],[-118.76544992,34.6704127],[-118.7653077,34.67027154],[-118.76527905,34.67024309],[-118.7652453,34.6702096],[-118.7651232,34.67007425],[-118.76500094,34.66993867],[-118.7649867,34.66991819],[-118.76496521,34.66988727],[-118.76484264,34.66971097],[-118.7647645,34.66959857],[-118.7645415,34.6692778],[-118.76434775,34.66896785],[-118.764154,34.6686579],[-118.7637991,34.6680383],[-118.76356465,34.66760815],[-118.7633302,34.667178],[-118.76327178,34.66707873],[-118.76323293,34.66701271],[-118.76319379,34.66694621],[-118.76315913,34.66688731],[-118.76309438,34.66677728],[-118.7629754,34.6665751],[-118.7628475,34.66638235],[-118.7627196,34.6661896],[-118.76260531,34.66603701],[-118.76251457,34.66591588],[-118.76246745,34.66585298],[-118.76241876,34.66578796],[-118.7623465,34.6656915],[-118.7623083,34.66565106],[-118.76225318,34.66559272],[-118.76200482,34.66532985],[-118.76171848,34.66502833],[-118.76169454,34.66500658],[-118.76166441,34.66497918],[-118.76159225,34.6649136],[-118.76148287,34.66481419],[-118.76130133,34.66464921],[-118.76126543,34.66461658],[-118.7612462,34.6645991],[-118.76115075,34.6645252],[-118.7610553,34.6644513],[-118.76085855,34.664306],[-118.7606618,34.6641607],[-118.76058123,34.66410921],[-118.76053624,34.66408046],[-118.76050071,34.66405775],[-118.7604653,34.66403513],[-118.76036449,34.6639707],[-118.7602282,34.6638836],[-118.7598286,34.66362585],[-118.759429,34.6633681],[-118.7589012,34.66302145],[-118.7583734,34.6626748],[-118.75820862,34.66255867],[-118.75810914,34.66248857],[-118.75804092,34.66244049],[-118.75795315,34.66237864],[-118.75789904,34.6623405],[-118.75783082,34.66229243],[-118.75780151,34.66227177],[-118.7577682,34.6622483],[-118.75774648,34.66222952],[-118.75771552,34.66220276],[-118.75748782,34.66200592],[-118.75739284,34.66192381],[-118.7570392,34.6616181],[-118.7567716,34.66133441],[-118.75653154,34.66107992],[-118.75649574,34.66104196],[-118.75647648,34.66102154],[-118.75641326,34.66095452],[-118.7563225,34.6608583],[-118.75627939,34.66080152],[-118.75625732,34.66077245],[-118.75623627,34.66074474],[-118.75610203,34.66056795],[-118.75607246,34.660529],[-118.75599159,34.66042249],[-118.755944,34.66035982],[-118.75585077,34.66023704],[-118.75582024,34.66019683],[-118.75575753,34.66011425],[-118.75570994,34.66005157],[-118.7556925,34.6600286],[-118.75567079,34.65998869],[-118.75565244,34.65995497],[-118.7556341,34.65992124],[-118.75546545,34.65961123],[-118.75539033,34.65947314],[-118.7552968,34.65930121],[-118.75527846,34.65926749],[-118.75525966,34.65923294],[-118.755248,34.6592115],[-118.75520613,34.65911041],[-118.75517879,34.65904441],[-118.75516428,34.65900937],[-118.75514982,34.65897447],[-118.75505555,34.65874687],[-118.7549468,34.65848431],[-118.75486272,34.65820712],[-118.75478951,34.65796578],[-118.75477864,34.65792992],[-118.75476777,34.65789409],[-118.75475182,34.65784152],[-118.754725,34.6577531],[-118.75470879,34.65766234],[-118.75470398,34.65763543],[-118.75469911,34.65760813],[-118.75468605,34.65753503],[-118.75465799,34.65737793],[-118.75464493,34.65730482],[-118.75463694,34.65726011],[-118.75462613,34.65719957],[-118.75462039,34.65716746],[-118.75460733,34.65709432],[-118.7546008,34.65705777],[-118.75459427,34.65702122],[-118.75458878,34.65698292],[-118.75458629,34.65696046],[-118.75458372,34.65693733],[-118.75458061,34.65690933],[-118.75457773,34.65688343],[-118.75457445,34.6568539],[-118.75456829,34.65679846],[-118.75455821,34.65670768],[-118.75455004,34.6566341],[-118.75454704,34.65660713],[-118.75454251,34.65656634],[-118.7545309,34.6564618],[-118.7545309,34.6561121],[-118.75453165,34.6560627],[-118.7545324,34.6560133],[-118.7545502,34.65497866],[-118.754568,34.653944],[-118.75454225,34.65362275],[-118.7545165,34.6533015],[-118.7544049,34.6526095],[-118.75433625,34.65232005],[-118.7542676,34.6520306],[-118.75412045,34.6516613],[-118.7539733,34.651292],[-118.7538713,34.6510567],[-118.7537693,34.6508214],[-118.75311344,34.64923642],[-118.753164,34.649218],[-118.753191,34.649208],[-118.753246,34.6491875],[-118.753301,34.649167],[-118.75334745,34.64914909],[-118.754106,34.648866],[-118.754205,34.648826],[-118.754304,34.648786],[-118.754717,34.648656],[-118.754923,34.648576],[-118.7550145,34.6485495],[-118.755106,34.648523],[-118.755247,34.6484565],[-118.755388,34.64839],[-118.755506,34.648323],[-118.755624,34.648256],[-118.755666,34.648229],[-118.755708,34.648202],[-118.7557845,34.648168],[-118.755861,34.648134],[-118.7558915,34.6481375],[-118.755922,34.648141],[-118.7559945,34.6481585],[-118.756067,34.648176],[-118.756136,34.648176],[-118.75616481,34.648176],[-118.756181,34.648157],[-118.756204,34.64813],[-118.756227,34.648103],[-118.75625,34.648025],[-118.756273,34.647947],[-118.7563035,34.6479375],[-118.756334,34.647928],[-118.756494,34.647966],[-118.756536,34.6479585],[-118.756578,34.647951],[-118.756632,34.647908],[-118.756708,34.6478055],[-118.756784,34.647703],[-118.756811,34.647682],[-118.756838,34.647661],[-118.756872,34.647619],[-118.756906,34.647577],[-118.756939,34.64748],[-118.7569455,34.6474465],[-118.756952,34.647413],[-118.7569635,34.6473785],[-118.756975,34.647344],[-118.757006,34.647314],[-118.7570665,34.6472855],[-118.757127,34.647257],[-118.7570815,34.647232],[-118.757036,34.647207],[-118.757017,34.647182],[-118.756998,34.647157],[-118.75704,34.6471115],[-118.757082,34.647066],[-118.757082,34.646997],[-118.757082,34.64696672],[-118.757105,34.646955],[-118.7571315,34.6469415],[-118.757158,34.646928],[-118.757196,34.64693],[-118.757234,34.646932],[-118.757284,34.6469475],[-118.757334,34.646963],[-118.7573645,34.646953],[-118.757395,34.646943],[-118.757456,34.646833],[-118.757536,34.646831],[-118.757616,34.646829],[-118.757677,34.6468175],[-118.757738,34.646806],[-118.757768,34.646741],[-118.757791,34.646658],[-118.7578065,34.646631],[-118.757822,34.646604],[-118.757936,34.646592],[-118.758165,34.646608],[-118.758291,34.646627],[-118.758417,34.646646],[-118.758562,34.646642],[-118.758577,34.646623],[-118.758592,34.646604],[-118.758608,34.646467],[-118.758592,34.646375],[-118.758592,34.646303],[-118.7586225,34.6462915],[-118.758653,34.64628],[-118.7587295,34.6462265],[-118.758806,34.646173],[-118.75881993,34.64615242],[-118.75883807,34.64612558],[-118.758852,34.646105],[-118.758959,34.646063],[-118.759058,34.646032],[-118.759111,34.646066],[-118.7591645,34.646106],[-118.759218,34.646146],[-118.75925052,34.64617852],[-118.75935348,34.64628148],[-118.759386,34.646314],[-118.759447,34.6463425],[-118.759508,34.646371],[-118.75955,34.6463865],[-118.759592,34.646402],[-118.759718,34.646415],[-118.759844,34.646428],[-118.760134,34.646425],[-118.760301,34.646394],[-118.7603395,34.646381],[-118.760378,34.646368],[-118.76042,34.6463145],[-118.760462,34.646261],[-118.760622,34.646276],[-118.760729,34.646246],[-118.7607405,34.6462135],[-118.760752,34.646181],[-118.760767,34.646156],[-118.760782,34.646131],[-118.760847,34.646091],[-118.760912,34.646051],[-118.76095,34.6460205],[-118.760988,34.64599],[-118.7609765,34.6459655],[-118.760965,34.645941],[-118.760767,34.645734],[-118.760748,34.6457],[-118.760729,34.645666],[-118.7607135,34.6455935],[-118.760698,34.645521],[-118.760698,34.645445],[-118.760721,34.645414],[-118.760744,34.645383],[-118.7607365,34.6453565],[-118.760729,34.64533],[-118.760752,34.645304],[-118.7608165,34.6452635],[-118.760881,34.645223],[-118.760881,34.645071],[-118.760912,34.645025],[-118.760943,34.644979],[-118.760992,34.6449485],[-118.761041,34.644918],[-118.7612245,34.6448535],[-118.761408,34.644789],[-118.761507,34.644743],[-118.761606,34.644697],[-118.7617585,34.6446775],[-118.761911,34.644658],[-118.7619915,34.6446395],[-118.762072,34.644621],[-118.7621635,34.6445885],[-118.762255,34.644556],[-118.762339,34.644537],[-118.76242302,34.64451791],[-118.7624305,34.644489],[-118.762438,34.64446],[-118.762411,34.644435],[-118.762384,34.64441],[-118.762369,34.644357],[-118.762354,34.644304],[-118.7623575,34.6442505],[-118.762361,34.644197],[-118.7623765,34.644157],[-118.762392,34.644117],[-118.7624185,34.644111],[-118.762445,34.644105],[-118.762529,34.6441165],[-118.762613,34.644128],[-118.7627885,34.6441605],[-118.762964,34.644193],[-118.763136,34.6442085],[-118.763308,34.644224],[-118.763819,34.644262],[-118.76397,34.6442685],[-118.764121,34.644275],[-118.764177,34.644277],[-118.764589,34.6442655],[-118.765001,34.644254],[-118.7650835,34.6442505],[-118.765166,34.644247],[-118.765351,34.644239],[-118.765536,34.644231],[-118.765627,34.6442195],[-118.765718,34.644208],[-118.7658405,34.644151],[-118.765963,34.644094],[-118.7660125,34.6440615],[-118.766062,34.644029],[-118.7661,34.6439795],[-118.766138,34.64393],[-118.766215,34.643873],[-118.766272,34.6438635],[-118.766329,34.643854],[-118.7664055,34.643848],[-118.766482,34.643842],[-118.766524,34.6438345],[-118.766566,34.643827],[-118.76660283,34.64382042],[-118.766603,34.643785],[-118.766604,34.643579],[-118.766638,34.6435695],[-118.766672,34.64356],[-118.766737,34.643564],[-118.766802,34.643568],[-118.766833,34.643614],[-118.766893,34.643682],[-118.76692,34.6436705],[-118.766947,34.643659],[-118.76697,34.6436325],[-118.766993,34.643606],[-118.767035,34.6435965],[-118.767077,34.643587],[-118.767203,34.643581],[-118.767329,34.643575],[-118.767443,34.643581],[-118.767557,34.643587],[-118.7675875,34.64357],[-118.767618,34.643553],[-118.76763556,34.64352796],[-118.76765444,34.64350104],[-118.767672,34.643476],[-118.7677025,34.643459],[-118.767733,34.643442],[-118.7677785,34.6434935],[-118.767824,34.643545],[-118.767874,34.6435375],[-118.767924,34.64353],[-118.768,34.643484],[-118.768076,34.643438],[-118.7681865,34.643413],[-118.768297,34.643388],[-118.76845,34.6433765],[-118.768603,34.643365],[-118.768717,34.643352],[-118.768831,34.643339],[-118.7689265,34.643335],[-118.769022,34.643331],[-118.76908873,34.64248275],[-118.76929193,34.64211823],[-118.76947565,34.64194361],[-118.7696914,34.64182372],[-118.77002206,34.64171864],[-118.77051662,34.64165602],[-118.7707465,34.64168561],[-118.77125736,34.64163002],[-118.77175191,34.64156735],[-118.7721315,34.6414899],[-118.77256088,34.64138591],[-118.77295822,34.64122715],[-118.77330683,34.64102717],[-118.77362299,34.6407997],[-118.77398736,34.64064059],[-118.77437169,34.64026438],[-118.77477113,34.63996986],[-118.77502165,34.63972813],[-118.77542156,34.63940641],[-118.77572292,34.63907008],[-118.77593134,34.63878649],[-118.7761048,34.63845411],[-118.77613935,34.63834108],[-118.77619095,34.6381722],[-118.77624957,34.63797517],[-118.77626037,34.63776271],[-118.77629146,34.63762443],[-118.77649168,34.63725158],[-118.77664328,34.63709913],[-118.77703578,34.63648564],[-118.77768561,34.63559368],[-118.77779069,34.63518737],[-118.7779805,34.634619],[-118.77815056,34.63426774],[-118.77821328,34.63402345],[-118.77806593,34.63381267],[-118.77801474,34.63354425],[-118.77804352,34.63322445],[-118.77801388,34.6330935],[-118.77793764,34.63295338],[-118.77767539,34.63247583],[-118.77761876,34.63235493],[-118.77762835,34.63216624],[-118.77768022,34.63210536],[-118.77774362,34.63203088],[-118.77822281,34.63187412],[-118.77848548,34.63177892],[-118.77885049,34.63171088],[-118.77916816,34.63163591],[-118.78009763,34.63127642],[-118.78019227,34.63123984],[-118.7807067,34.6310685],[-118.78114808,34.63091459],[-118.78144512,34.63075567],[-118.78181138,34.63041997],[-118.78231343,34.62984346],[-118.78268208,34.62954035],[-118.78294644,34.62933402],[-118.78311491,34.62918564],[-118.78335449,34.62903794],[-118.78368847,34.62893367],[-118.78408439,34.62891172],[-118.78437786,34.6288626],[-118.7848552,34.62869779],[-118.78518864,34.62862294],[-118.78556028,34.62863665],[-118.78582814,34.62871133],[-118.78601653,34.62880482],[-118.78613197,34.62901505],[-118.78628105,34.62909506],[-118.78665934,34.62919049],[-118.78706218,34.62923396],[-118.78754399,34.62928477],[-118.78804949,34.62934239],[-118.78851567,34.62938323],[-118.78900573,34.62941452],[-118.7894398,34.62948448],[-118.7897888,34.62942934],[-118.7902266,34.62925758],[-118.79060095,34.62909498],[-118.79095173,34.62892224],[-118.79138278,34.62867855],[-118.79186863,34.62846813],[-118.79213224,34.62830754],[-118.79243515,34.62810993],[-118.79258293,34.62804534],[-118.7927272,34.62805032],[-118.79304403,34.62818323],[-118.79344458,34.6283769],[-118.79394798,34.62856501],[-118.79438937,34.62867425],[-118.79494231,34.62873231],[-118.79512331,34.62879628],[-118.79549235,34.62897654],[-118.79594126,34.62911193],[-118.79640536,34.62928665],[-118.79664148,34.62936753],[-118.79684594,34.62944807],[-118.79697904,34.6295409],[-118.79720703,34.62963474],[-118.79734958,34.62962641],[-118.79756517,34.62949803],[-118.79777385,34.62930418],[-118.79791964,34.62908369],[-118.79805701,34.62890218],[-118.79825725,34.62874096],[-118.79854396,34.62861984],[-118.7988295,34.62857055],[-118.79922549,34.62854856],[-118.79965316,34.6285204],[-118.80005691,34.62850174],[-118.80057079,34.62852673],[-118.80094168,34.62858937],[-118.80135976,34.62867217],[-118.80232721,34.62853317],[-118.80243842,34.62875957]]]},"properties":{"OBJECTID":1098055,"COUNTY":"LOS ANGELES","CITY":"GOR","ZONE_NAME":null,"ZONE_ID":"US-CA-XLA-GOR-HUNGRYVALLEY-C","STATUS":"Evacuation Warning","EVENT_TYPE":null,"CRITICAL_INFO":null,"PUBLIC_INFO":null,"EDIT_DATE":1791505965000,"STATEWIDE_LAST_UPDATED":null,"NOTES":"Local authorities are responding to a Wildfire. An EVACUATION WARNING has been issued. PREPARE TO LEAVE.  Consider leaving now if you need more time to evacuate. Call 911 for emergency assistance. Visit AlertLA.org for more information.\n\n","SHAPE__Area":53487831.7265625,"SHAPE__Length":32382.735334958841,"GlobalID":"4d0dd2ae-ca6d-4fd4-aca7-461518f1b4fb","CreationDate":1791506130000,"Creator":"CalOES_Scripts","EditDate":1791506130000,"Editor":"CalOES_Scripts"}},{"type":"Feature","id":1098056,"geometry":{"type":"Polygon","coordinates":[[[-118.71785907,34.70434566],[-118.71757986,34.70417977],[-118.71733673,34.70371894],[-118.71719027,34.70344134],[-118.71736203,34.70310629],[-118.71779931,34.70304255],[-118.71843304,34.70282694],[-118.71859211,34.70271451],[-118.71890248,34.70249514],[-118.71903594,34.70232154],[-118.71918546,34.70212702],[-118.71919688,34.7019367],[-118.71920465,34.7018073],[-118.71915103,34.70172377],[-118.71898753,34.70146907],[-118.7188161,34.70100322],[-118.71875337,34.70076328],[-118.71868581,34.70050488],[-118.71867796,34.7001491],[-118.71866992,34.69978499],[-118.71884981,34.69937283],[-118.7192842,34.69864082],[-118.71937204,34.69835049],[-118.7194534,34.69789649],[-118.71947115,34.69779749],[-118.71970087,34.6973003],[-118.71992233,34.69688578],[-118.72006026,34.69653184],[-118.72008857,34.69645918],[-118.72011319,34.69638944],[-118.7202774,34.69592433],[-118.72042875,34.69536336],[-118.72052792,34.69502746],[-118.72064474,34.69463178],[-118.72079538,34.69389082],[-118.72085459,34.6936573],[-118.72087458,34.69358902],[-118.72107462,34.69290581],[-118.72102179,34.6925661],[-118.72101309,34.69242053],[-118.7209915,34.69205943],[-118.72095269,34.69163234],[-118.72094301,34.6915259],[-118.72116649,34.69110173],[-118.72198652,34.69032593],[-118.72256507,34.68944171],[-118.72263612,34.68938784],[-118.72274011,34.68930897],[-118.72316424,34.68926528],[-118.72329465,34.68925184],[-118.72394903,34.6891892],[-118.72409124,34.6890777],[-118.72448773,34.68876681],[-118.72467218,34.68849751],[-118.72486031,34.68822285],[-118.72512073,34.68766698],[-118.72536287,34.68682996],[-118.72541599,34.68675771],[-118.72545492,34.68671279],[-118.72563603,34.68663304],[-118.72583543,34.68657278],[-118.7260188,34.68651737],[-118.72637712,34.68642375],[-118.72659063,34.68636796],[-118.72692054,34.68618544],[-118.72756117,34.68580486],[-118.72774158,34.68572873],[-118.72800664,34.68561687],[-118.72842603,34.68533524],[-118.72847489,34.6852927],[-118.72858429,34.68519743],[-118.7289085,34.68491548],[-118.72955569,34.68438657],[-118.72981397,34.68417563],[-118.73009341,34.68395811],[-118.73029974,34.68390076],[-118.73052059,34.68383933],[-118.73054364,34.68382716],[-118.73069341,34.6837481],[-118.73142859,34.68351013],[-118.7320946,34.68329152],[-118.73282658,34.68319005],[-118.73294849,34.68311422],[-118.73311344,34.68301162],[-118.73323148,34.68287874],[-118.73336891,34.68272403],[-118.73354748,34.6824686],[-118.73377811,34.68213883],[-118.73382522,34.68200749],[-118.73383037,34.68174721],[-118.73383187,34.68167147],[-118.73370298,34.68145799],[-118.73363868,34.68125763],[-118.73359737,34.68112888],[-118.73362864,34.68094153],[-118.73410567,34.68081937],[-118.73415797,34.68078771],[-118.73453945,34.6805568],[-118.7349286,34.68018156],[-118.73494798,34.68004155],[-118.73495538,34.67998806],[-118.73487801,34.67979618],[-118.73483608,34.67969219],[-118.73446024,34.67914479],[-118.73411827,34.67888968],[-118.73385357,34.67868815],[-118.73356707,34.67847002],[-118.73333074,34.67825379],[-118.73312096,34.67806186],[-118.73309764,34.67785734],[-118.73306216,34.67754627],[-118.73270893,34.67700055],[-118.7323373,34.67665716],[-118.73230337,34.67661319],[-118.73225721,34.67657312],[-118.73219161,34.67651619],[-118.73194738,34.6761524],[-118.73188193,34.67598641],[-118.73177844,34.67572397],[-118.7318484,34.67542588],[-118.73174076,34.67416708],[-118.73190457,34.67327009],[-118.73186879,34.67265773],[-118.73178354,34.67238276],[-118.73163806,34.67191356],[-118.73156006,34.67182845],[-118.73133559,34.67158349],[-118.73114216,34.67135746],[-118.73106602,34.67126853],[-118.73053932,34.67072228],[-118.73040524,34.6705297],[-118.73024191,34.67029511],[-118.72990805,34.6695864],[-118.72977008,34.66912797],[-118.72981853,34.66870292],[-118.72985995,34.6685673],[-118.73000473,34.66809326],[-118.73001792,34.66780093],[-118.7300318,34.66749335],[-118.72998584,34.66698477],[-118.72997239,34.66683588],[-118.72995871,34.66675981],[-118.72990358,34.66645321],[-118.72960568,34.66620574],[-118.72956211,34.66616954],[-118.72933525,34.66565376],[-118.72947023,34.66500891],[-118.72940105,34.66439609],[-118.7293487,34.66418746],[-118.72931934,34.66407041],[-118.72927774,34.66393359],[-118.72923394,34.66378955],[-118.72913968,34.66341849],[-118.72908797,34.66321492],[-118.72897595,34.66287592],[-118.72880861,34.66270239],[-118.72841099,34.66267803],[-118.72835224,34.66267444],[-118.72780981,34.66283402],[-118.72756026,34.66285424],[-118.72740504,34.66284913],[-118.72729746,34.66284558],[-118.72689022,34.66277252],[-118.7263664,34.66264103],[-118.72616981,34.66260518],[-118.72596606,34.66256802],[-118.72583238,34.66244746],[-118.7256455,34.6622789],[-118.72555886,34.66202214],[-118.72553327,34.6619463],[-118.72550808,34.66185814],[-118.72542193,34.66155662],[-118.72520281,34.66142514],[-118.72490786,34.66124815],[-118.72471092,34.66106295],[-118.72459434,34.66095332],[-118.72433082,34.66056198],[-118.72421107,34.66026359],[-118.72445798,34.65997501],[-118.72452304,34.65993418],[-118.7247307,34.65980383],[-118.72496156,34.65965211],[-118.7251113,34.65955746],[-118.72519239,34.6595062],[-118.72561687,34.65916089],[-118.72575351,34.65904973],[-118.7257558,34.65889432],[-118.72575743,34.65878384],[-118.72569178,34.65867754],[-118.72566344,34.65863166],[-118.72533794,34.65822252],[-118.7252666,34.65787079],[-118.72534768,34.65773111],[-118.72537725,34.65768017],[-118.72550057,34.65715898],[-118.72557029,34.65686757],[-118.72557986,34.65654292],[-118.72574039,34.65638046],[-118.72586001,34.65638725],[-118.72606501,34.65639887],[-118.72618705,34.6564704],[-118.72623092,34.65649611],[-118.72634236,34.6565614],[-118.72647045,34.65654756],[-118.72673111,34.6565195],[-118.72714677,34.65637182],[-118.72749411,34.65629034],[-118.72764693,34.6562545],[-118.72806472,34.65617496],[-118.72832732,34.65612497],[-118.7288689,34.65601664],[-118.72910765,34.65586422],[-118.7292197,34.65579268],[-118.72936116,34.65553661],[-118.72942362,34.65501285],[-118.72943327,34.65493191],[-118.72969011,34.6544606],[-118.72986244,34.65418213],[-118.73037124,34.65398421],[-118.73072606,34.65387721],[-118.73165008,34.65371055],[-118.73201743,34.65359399],[-118.73242647,34.65336946],[-118.73267173,34.65304959],[-118.73349045,34.65190113],[-118.73370926,34.6517253],[-118.73430405,34.65113675],[-118.73453608,34.65091549],[-118.73487134,34.65048322],[-118.73514941,34.65006206],[-118.7363044,34.64915559],[-118.73686349,34.64858788],[-118.73688257,34.64846519],[-118.73691739,34.6482414],[-118.73695284,34.64778477],[-118.73709602,34.64734185],[-118.73741796,34.64693505],[-118.73748092,34.6468601],[-118.73767686,34.64662673],[-118.73805939,34.64617116],[-118.73986201,34.64448736],[-118.74008294,34.64440552],[-118.74012389,34.64440374],[-118.74033646,34.64439449],[-118.74062197,34.64441335],[-118.74135379,34.64451965],[-118.74200691,34.64470176],[-118.74263004,34.6447634],[-118.74308471,34.64468131],[-118.7437734,34.64454457],[-118.74422493,34.64445873],[-118.74425991,34.64445208],[-118.7448756,34.64442384],[-118.74561379,34.64465654],[-118.74593778,34.64484915],[-118.74623101,34.64509582],[-118.74629574,34.64515029],[-118.74645483,34.64515588],[-118.74669252,34.64516415],[-118.74728215,34.64517484],[-118.74754358,34.64524372],[-118.74798511,34.6453281],[-118.74837212,34.64529257],[-118.74879342,34.64529729],[-118.74893364,34.64538181],[-118.74954751,34.64586116],[-118.74995662,34.6461044],[-118.75039281,34.64628884],[-118.75055863,34.64631686],[-118.75076299,34.64635149],[-118.75090982,34.64630689],[-118.75100365,34.64612101],[-118.75111703,34.6457961],[-118.75146476,34.64550599],[-118.75194758,34.64661965],[-118.75196267,34.64665445],[-118.75213229,34.64701032],[-118.752317,34.647401],[-118.752335,34.6474325],[-118.752353,34.647464],[-118.752745,34.648346],[-118.75311344,34.64923642],[-118.7537693,34.6508214],[-118.7538713,34.6510567],[-118.7539733,34.651292],[-118.75412045,34.6516613],[-118.7542676,34.6520306],[-118.75433625,34.65232005],[-118.7544049,34.6526095],[-118.7545165,34.6533015],[-118.75454225,34.65362275],[-118.754568,34.653944],[-118.7545502,34.65497866],[-118.7545324,34.6560133],[-118.75453165,34.6560627],[-118.7545309,34.6561121],[-118.7545309,34.6564618],[-118.75454251,34.65656634],[-118.75454704,34.65660713],[-118.75455004,34.6566341],[-118.75455821,34.65670768],[-118.75456829,34.65679846],[-118.75457445,34.6568539],[-118.75457773,34.65688343],[-118.75458061,34.65690933],[-118.75458372,34.65693733],[-118.75458629,34.65696046],[-118.75458878,34.65698292],[-118.75459427,34.65702122],[-118.7546008,34.65705777],[-118.75460733,34.65709432],[-118.75462039,34.65716746],[-118.75462613,34.65719957],[-118.75463694,34.65726011],[-118.75464493,34.65730482],[-118.75465799,34.65737793],[-118.75468605,34.65753503],[-118.75469911,34.65760813],[-118.75470398,34.65763543],[-118.75470879,34.65766234],[-118.754725,34.6577531],[-118.75475182,34.65784152],[-118.75476777,34.65789409],[-118.75477864,34.65792992],[-118.75478951,34.65796578],[-118.75486272,34.65820712],[-118.7549468,34.65848431],[-118.75505555,34.65874687],[-118.75514982,34.65897447],[-118.75516428,34.65900937],[-118.75517879,34.65904441],[-118.75520613,34.65911041],[-118.755248,34.6592115],[-118.75525966,34.65923294],[-118.75527846,34.65926749],[-118.7552968,34.65930121],[-118.75539033,34.65947314],[-118.75546545,34.65961123],[-118.7556341,34.65992124],[-118.75565244,34.65995497],[-118.75567079,34.65998869],[-118.7556925,34.6600286],[-118.75570994,34.66005157],[-118.75575753,34.66011425],[-118.75582024,34.66019683],[-118.75585077,34.66023704],[-118.755944,34.66035982],[-118.75599159,34.66042249],[-118.75607246,34.660529],[-118.75610203,34.66056795],[-118.75623627,34.66074474],[-118.75625732,34.66077245],[-118.75627939,34.66080152],[-118.7563225,34.6608583],[-118.75641326,34.66095452],[-118.75647648,34.66102154],[-118.75649574,34.66104196],[-118.75653154,34.66107992],[-118.7567716,34.66133441],[-118.7570392,34.6616181],[-118.75739284,34.66192381],[-118.75748782,34.66200592],[-118.75771552,34.66220276],[-118.75774648,34.66222952],[-118.7577682,34.6622483],[-118.75780151,34.66227177],[-118.75783082,34.66229243],[-118.75789904,34.6623405],[-118.75795315,34.66237864],[-118.75804092,34.66244049],[-118.75810914,34.66248857],[-118.75820862,34.66255867],[-118.7583734,34.6626748],[-118.7589012,34.66302145],[-118.759429,34.6633681],[-118.7598286,34.66362585],[-118.7602282,34.6638836],[-118.76036449,34.6639707],[-118.7604653,34.66403513],[-118.76050071,34.66405775],[-118.76053624,34.66408046],[-118.76058123,34.66410921],[-118.7606618,34.6641607],[-118.76085855,34.664306],[-118.7610553,34.6644513],[-118.76115075,34.6645252],[-118.7612462,34.6645991],[-118.76126543,34.66461658],[-118.76130133,34.66464921],[-118.76148287,34.66481419],[-118.76159225,34.6649136],[-118.76166441,34.66497918],[-118.76169454,34.66500658],[-118.76171848,34.66502833],[-118.76200482,34.66532985],[-118.76225318,34.66559272],[-118.7623083,34.66565106],[-118.7623465,34.6656915],[-118.76241876,34.66578796],[-118.76246745,34.66585298],[-118.76251457,34.66591588],[-118.76260531,34.66603701],[-118.7627196,34.6661896],[-118.7628475,34.66638235],[-118.7629754,34.6665751],[-118.76309438,34.66677728],[-118.76315913,34.66688731],[-118.76319379,34.66694621],[-118.76323293,34.66701271],[-118.76327178,34.66707873],[-118.7633302,34.667178],[-118.76356465,34.66760815],[-118.7637991,34.6680383],[-118.764154,34.6686579],[-118.76434775,34.66896785],[-118.7645415,34.6692778],[-118.7647645,34.66959857],[-118.76484264,34.66971097],[-118.76496521,34.66988727],[-118.7649867,34.66991819],[-118.76500094,34.66993867],[-118.7651232,34.67007425],[-118.7652453,34.6702096],[-118.76527905,34.67024309],[-118.7653077,34.67027154],[-118.76544992,34.6704127],[-118.7656208,34.6705823],[-118.76580215,34.67075245],[-118.7659835,34.6709226],[-118.7661751,34.67108005],[-118.7663667,34.6712375],[-118.76656525,34.67139115],[-118.7667638,34.6715448],[-118.76721087,34.67186238],[-118.7676427,34.6721074],[-118.7681845,34.6723859],[-118.7686538,34.6725952],[-118.76889895,34.67269315],[-118.7691441,34.6727911],[-118.7693928,34.6728804],[-118.7696415,34.6729697],[-118.76971873,34.67299332],[-118.76975386,34.67300406],[-118.76979596,34.67301693],[-118.76982685,34.67302638],[-118.76995108,34.67306437],[-118.7701062,34.6731118],[-118.77031746,34.67316856],[-118.77034646,34.67317635],[-118.77048602,34.67321384],[-118.77052871,34.67322531],[-118.77056617,34.67323538],[-118.77080195,34.67329515],[-118.7710261,34.6733518],[-118.77139415,34.67344675],[-118.7717622,34.6735417],[-118.7723268,34.6736927],[-118.77258245,34.6737623],[-118.7728381,34.6738319],[-118.77307275,34.6739039],[-118.7733074,34.6739759],[-118.77353625,34.6740585],[-118.7737651,34.6741411],[-118.77390577,34.67419926],[-118.77396336,34.67422307],[-118.77400631,34.67424083],[-118.77408657,34.67427402],[-118.77411232,34.67428466],[-118.7741782,34.6743119],[-118.77425473,34.67434877],[-118.77429251,34.67436697],[-118.77432653,34.67438336],[-118.77435443,34.67439679],[-118.77438287,34.67441049],[-118.7744432,34.67443956],[-118.7745394,34.6744859],[-118.77464052,34.67453726],[-118.77470343,34.67456922],[-118.77474165,34.67458863],[-118.77477986,34.67460804],[-118.77488421,34.67466104],[-118.77493052,34.67468456],[-118.7751194,34.6747805],[-118.77526848,34.67487296],[-118.77538171,34.67494319],[-118.77545343,34.67498767],[-118.77552251,34.67503051],[-118.77554403,34.67504386],[-118.7756705,34.6751223],[-118.7759145,34.67529035],[-118.7761585,34.6754584],[-118.77642585,34.6756744],[-118.7766932,34.6758904],[-118.7767927,34.67598786],[-118.77686331,34.67605702],[-118.77692107,34.6761136],[-118.77697186,34.67616335],[-118.7770835,34.6762727],[-118.77728183,34.67648208],[-118.77748021,34.67669151],[-118.77751286,34.676729],[-118.77757167,34.67679651],[-118.77768826,34.67693034],[-118.777831,34.6770942],[-118.7780147,34.67735275],[-118.7781984,34.6776113],[-118.7784957,34.6781121],[-118.7786265,34.67834735],[-118.7787573,34.6785826],[-118.77890882,34.67891511],[-118.77904458,34.67921304],[-118.7790761,34.67928221],[-118.77910262,34.67934041],[-118.7791449,34.6794332],[-118.7792745,34.6796742],[-118.7794041,34.6799152],[-118.77950849,34.68007892],[-118.77958168,34.68019371],[-118.77963373,34.68027535],[-118.77967194,34.68033527],[-118.779731,34.6804279],[-118.77985099,34.68058772],[-118.77997097,34.68074754],[-118.78003549,34.68083348],[-118.78010001,34.68091942],[-118.78013942,34.68096612],[-118.78022106,34.68106288],[-118.78026046,34.68110958],[-118.7803288,34.68119055],[-118.78039713,34.68127151],[-118.78259754,34.68376199],[-118.78477151,34.68622247],[-118.78482431,34.68628223],[-118.78560532,34.68716614],[-118.7864127,34.6880799],[-118.7865543,34.68824795],[-118.7866959,34.688416],[-118.7868242,34.6885841],[-118.7869525,34.6887522],[-118.7870728,34.68892385],[-118.7871931,34.6890955],[-118.7874179,34.6894535],[-118.7875214,34.6896419],[-118.7876249,34.6898303],[-118.78766337,34.68990108],[-118.78768195,34.68993525],[-118.78770057,34.68996952],[-118.78771654,34.68999888],[-118.78970517,34.69365727],[-118.7917174,34.6973589],[-118.79181946,34.69755931],[-118.7919215,34.6977597],[-118.7921217,34.6981824],[-118.79220685,34.69840015],[-118.792292,34.6986179],[-118.7923738,34.69884945],[-118.7924556,34.699081],[-118.79248408,34.69916887],[-118.79250099,34.69922105],[-118.79252412,34.69929241],[-118.79268871,34.69980024],[-118.79286147,34.70033331],[-118.79295045,34.70060785],[-118.79309346,34.70104908],[-118.79321041,34.70140994],[-118.7932805,34.7016252],[-118.7933506,34.7018405],[-118.7935092,34.702266],[-118.79359315,34.7024775],[-118.7936771,34.702689],[-118.7937603,34.70289545],[-118.7938435,34.7031019],[-118.7939301,34.70330645],[-118.7940167,34.703511],[-118.79443935,34.70450328],[-118.71785907,34.70434566]]]},"properties":{"OBJECTID":1098056,"COUNTY":"LOS ANGELES","CITY":"GOR","ZONE_NAME":null,"ZONE_ID":"US-CA-XLA-GOR-E004-B","STATUS":"Evacuation Warning","EVENT_TYPE":null,"CRITICAL_INFO":null,"PUBLIC_INFO":null,"EDIT_DATE":1791505965000,"STATEWIDE_LAST_UPDATED":null,"NOTES":"Local authorities are responding to a Wildfire. An EVACUATION WARNING has been issued. PREPARE TO LEAVE.  Consider leaving now if you need more time to evacuate. Call 911 for emergency assistance. Visit AlertLA.org for more information.\n\n","SHAPE__Area":39847493.90625,"SHAPE__Length":30368.335704218214,"GlobalID":"77457188-41e5-4975-a05d-2f5174aebeb6","CreationDate":1791506130000,"Creator":"CalOES_Scripts","EditDate":1791506130000,"Editor":"CalOES_Scripts"}},{"type":"Feature","id":1098057,"geometry":{"type":"Polygon","coordinates":[[[-118.71781534,34.70431968],[-118.71792276,34.7043835],[-118.7181616,34.70459747],[-118.71847811,34.70474904],[-118.71860135,34.70480806],[-118.71905439,34.70505871],[-118.71936619,34.70521131],[-118.71954833,34.70530044],[-118.71968938,34.70538067],[-118.72002,34.70556873],[-118.72021997,34.70579607],[-118.72039209,34.70599173],[-118.720398,34.70609579],[-118.72040073,34.70614389],[-118.72029205,34.70646407],[-118.72020545,34.70671921],[-118.7202161,34.70723433],[-118.72042998,34.7075175],[-118.72070952,34.70787034],[-118.72086376,34.70841951],[-118.72083144,34.70856564],[-118.72073022,34.70902322],[-118.72033255,34.70945462],[-118.72025867,34.70953477],[-118.72012365,34.70960634],[-118.72005793,34.70964117],[-118.71986152,34.70978942],[-118.71964048,34.70995627],[-118.71940366,34.71030903],[-118.71933824,34.71059836],[-118.7193861,34.71068126],[-118.71940151,34.71070303],[-118.71956063,34.71092782],[-118.71982205,34.71129846],[-118.71992612,34.711446],[-118.72009879,34.7118992],[-118.72015922,34.71243683],[-118.7198762,34.71280495],[-118.71962347,34.71300775],[-118.71951096,34.71319437],[-118.71936007,34.71344466],[-118.71927515,34.71410299],[-118.71921371,34.714197],[-118.71909594,34.71437719],[-118.7189646,34.71457818],[-118.71871713,34.71468923],[-118.71836199,34.7148486],[-118.71759568,34.71502723],[-118.7174089,34.71505535],[-118.71717217,34.71509098],[-118.71667858,34.71519975],[-118.71632384,34.71529289],[-118.71607675,34.71534092],[-118.71596252,34.71536312],[-118.71584617,34.71538698],[-118.71569843,34.71541729],[-118.71551168,34.71543771],[-118.71541395,34.71544839],[-118.71490916,34.71537816],[-118.71475648,34.71526496],[-118.71454003,34.71510446],[-118.71447213,34.71502119],[-118.71435667,34.7148796],[-118.71400036,34.71464714],[-118.71352696,34.71437334],[-118.71334727,34.71430552],[-118.71317595,34.71424085],[-118.71300959,34.71421268],[-118.71285131,34.71418588],[-118.71235938,34.71419749],[-118.71197321,34.71433535],[-118.71135531,34.71463029],[-118.71078524,34.71506395],[-118.71033128,34.71530514],[-118.71028158,34.7153487],[-118.70979268,34.71577708],[-118.70931996,34.71611398],[-118.70916678,34.71622315],[-118.7084478,34.71663891],[-118.7079053,34.71701673],[-118.70782343,34.71707375],[-118.7071237,34.71769443],[-118.7069986,34.71790833],[-118.70674491,34.71834213],[-118.7065889,34.71862902],[-118.70634469,34.71907812],[-118.70585872,34.71985847],[-118.70570609,34.72010355],[-118.70550575,34.72052722],[-118.70523292,34.72110416],[-118.7051743,34.72146972],[-118.70512635,34.72176873],[-118.70493581,34.72222605],[-118.70484619,34.72244114],[-118.7047315,34.72272951],[-118.70451504,34.72327371],[-118.70414719,34.72478894],[-118.70384862,34.7254613],[-118.70365246,34.72567651],[-118.70311468,34.7260973],[-118.70240454,34.72620313],[-118.7021164,34.72624608],[-118.70090527,34.72652866],[-118.70084542,34.72654263],[-118.70081418,34.7265497],[-118.6999433,34.7267468],[-118.69869626,34.72696707],[-118.6980507,34.72723539],[-118.69759247,34.72749459],[-118.69749612,34.72754909],[-118.69685831,34.72794402],[-118.69624488,34.72846789],[-118.69606403,34.72872643],[-118.69604268,34.72875695],[-118.69584408,34.72921777],[-118.69579346,34.72932681],[-118.69546445,34.7291463],[-118.69525536,34.72903158],[-118.69508458,34.72893788],[-118.69482643,34.72879954],[-118.69377642,34.72823684],[-118.69366003,34.72815572],[-118.69335175,34.72794085],[-118.69251077,34.72735471],[-118.69212651,34.72716377],[-118.69181841,34.7271117],[-118.69167989,34.7270883],[-118.69150016,34.72705792],[-118.6913689,34.72705975],[-118.69101491,34.72706468],[-118.69075393,34.7272001],[-118.69070302,34.72722651],[-118.69045075,34.72733576],[-118.69023314,34.72732949],[-118.6901923,34.72730488],[-118.6898015,34.72706939],[-118.68974051,34.72703619],[-118.68969231,34.72700994],[-118.68962353,34.7269725],[-118.68957656,34.72693444],[-118.68950141,34.72687354],[-118.68920309,34.72663177],[-118.68908648,34.7265699],[-118.6889532,34.72649918],[-118.68836181,34.72618539],[-118.68809791,34.72601696],[-118.68804426,34.72598271],[-118.68801059,34.72596123],[-118.6879258,34.72593405],[-118.68776451,34.72588235],[-118.68767629,34.72585407],[-118.68710697,34.7258592],[-118.68638104,34.72629929],[-118.68620115,34.72640835],[-118.6857401,34.72685146],[-118.68519244,34.7272026],[-118.68443098,34.72727041],[-118.68398726,34.72716259],[-118.68382001,34.72712195],[-118.6837135,34.72709607],[-118.68249024,34.72691997],[-118.68216605,34.72687907],[-118.68194593,34.72685129],[-118.68157109,34.726804],[-118.68099782,34.72670022],[-118.68096889,34.72669498],[-118.68052124,34.72661394],[-118.68015464,34.72650383],[-118.67999857,34.72645696],[-118.67989188,34.72642492],[-118.67910417,34.72636916],[-118.67858045,34.72657476],[-118.67842014,34.7266663],[-118.67793424,34.72686921],[-118.67772745,34.72685552],[-118.67748162,34.72683924],[-118.67710401,34.72674166],[-118.67703411,34.72669926],[-118.67696781,34.72665905],[-118.67667116,34.72647911],[-118.67650883,34.72638063],[-118.67646412,34.72635351],[-118.67642466,34.72632957],[-118.67631212,34.7261247],[-118.67622297,34.72596241],[-118.67584879,34.72528125],[-118.67569825,34.72494258],[-118.67518391,34.72441166],[-118.67501168,34.72423388],[-118.67482037,34.7240364],[-118.67415716,34.7232073],[-118.67310115,34.72216978],[-118.67277351,34.72199762],[-118.67243155,34.72181793],[-118.67236823,34.72178465],[-118.67227915,34.72173784],[-118.67158298,34.7214734],[-118.67093755,34.72122994],[-118.67023314,34.72070309],[-118.67018434,34.72063883],[-118.67009726,34.72052416],[-118.66980798,34.72014322],[-118.66971181,34.71999927],[-118.66963147,34.71987902],[-118.6692827,34.71935696],[-118.66896348,34.71892665],[-118.66886524,34.71879422],[-118.66863449,34.71848317],[-118.66829569,34.71820723],[-118.66825618,34.7181858],[-118.66819045,34.71815017],[-118.66766733,34.71786655],[-118.66675631,34.71741019],[-118.66648501,34.71728334],[-118.66610736,34.71710676],[-118.66547278,34.71681005],[-118.66496871,34.71664803],[-118.66474511,34.71657616],[-118.66430921,34.71643605],[-118.66323542,34.71622139],[-118.66292668,34.71615966],[-118.66285273,34.71614488],[-118.66167573,34.71602343],[-118.66062413,34.71601067],[-118.66051249,34.7159874],[-118.66022249,34.71592696],[-118.65981871,34.71583997],[-118.65977325,34.71582123],[-118.65920779,34.71558808],[-118.65858136,34.71507412],[-118.65845894,34.71492373],[-118.6583332,34.71476928],[-118.65814066,34.71453275],[-118.65797113,34.71424051],[-118.65792778,34.7141658],[-118.65789384,34.7141073],[-118.65738568,34.71353363],[-118.65696083,34.71329625],[-118.65619815,34.71309715],[-118.65598437,34.71306497],[-118.65588056,34.71304934],[-118.65584168,34.71305616],[-118.65535435,34.71314165],[-118.65501564,34.7131202],[-118.65488368,34.71311184],[-118.65485146,34.71310979],[-118.65450201,34.71299747],[-118.6544772,34.71298201],[-118.65411498,34.71275637],[-118.65385477,34.7123905],[-118.65379675,34.71232877],[-118.65369148,34.71221675],[-118.6536423,34.71216442],[-118.65350935,34.71214433],[-118.65341438,34.71212997],[-118.65329458,34.71211186],[-118.65308661,34.71211467],[-118.65266898,34.71212053],[-118.65262735,34.71212603],[-118.65187445,34.71222553],[-118.65179345,34.71223288],[-118.6517543,34.71223643],[-118.6513375,34.71224893],[-118.65060662,34.71227085],[-118.65018887,34.71228338],[-118.64953156,34.71235582],[-118.64875425,34.71244147],[-118.64867556,34.71245015],[-118.64809028,34.71232792],[-118.64789165,34.71208494],[-118.64725263,34.71162125],[-118.64713669,34.711591],[-118.64707345,34.7115745],[-118.64704351,34.7115667],[-118.64641735,34.71146058],[-118.64607302,34.71157977],[-118.6455958,34.71198706],[-118.6455626,34.71201],[-118.64540764,34.71211706],[-118.64503699,34.71237313],[-118.64470713,34.71262884],[-118.64441644,34.71268093],[-118.64436168,34.71269074],[-118.6442027,34.71265723],[-118.64386324,34.71258569],[-118.64359583,34.71252933],[-118.64318501,34.71264856],[-118.64313972,34.7126617],[-118.6429753,34.71270942],[-118.64280206,34.7127975],[-118.64270018,34.7128493],[-118.64258878,34.71290594],[-118.64242234,34.71299056],[-118.64233563,34.71300998],[-118.6420017,34.71308475],[-118.64170292,34.71319586],[-118.64163894,34.7132087],[-118.64158602,34.71321932],[-118.64154992,34.71322656],[-118.64141238,34.71325416],[-118.64123237,34.71329029],[-118.64112026,34.71331278],[-118.64095872,34.71334757],[-118.64067796,34.71340803],[-118.64059263,34.71346219],[-118.64046147,34.71354543],[-118.64031162,34.71364053],[-118.640243,34.71368409],[-118.64003407,34.71385059],[-118.6399204,34.71394117],[-118.63989024,34.71396521],[-118.63966661,34.71414342],[-118.63960789,34.71419022],[-118.63958707,34.71420681],[-118.63956466,34.71422544],[-118.63932925,34.71442905],[-118.63888622,34.71453815],[-118.63822616,34.71449098],[-118.63817926,34.71447512],[-118.63806296,34.71443579],[-118.63773761,34.71432576],[-118.63741943,34.71419731],[-118.63723805,34.71412408],[-118.63717005,34.71409663],[-118.63714168,34.71409379],[-118.63710022,34.71408963],[-118.63701048,34.71408062],[-118.63694476,34.71406624],[-118.63627048,34.71377297],[-118.63556124,34.71361222],[-118.63508986,34.71367433],[-118.63481263,34.713678],[-118.63418597,34.71392545],[-118.63371358,34.71420808],[-118.63349961,34.71425432],[-118.63337058,34.71428221],[-118.63325062,34.71430814],[-118.63280634,34.71424288],[-118.63274994,34.7142346],[-118.63269449,34.71421743],[-118.63240383,34.71412746],[-118.63198869,34.71399894],[-118.63183408,34.71387511],[-118.63154423,34.71363981],[-118.63145599,34.71353722],[-118.63133111,34.71339203],[-118.63087774,34.71298127],[-118.63073954,34.71285606],[-118.63063428,34.71276069],[-118.63053605,34.71271257],[-118.63042494,34.71265813],[-118.62993907,34.71242008],[-118.62977169,34.71235617],[-118.62965345,34.71231102],[-118.62950801,34.71225553],[-118.62937539,34.71220492],[-118.62902769,34.71215234],[-118.62874997,34.71221082],[-118.62841698,34.71228093],[-118.62820581,34.71232539],[-118.62770628,34.71246734],[-118.62723412,34.71266526],[-118.62697266,34.71278883],[-118.62676798,34.71288556],[-118.6266848,34.71288401],[-118.62662846,34.71288297],[-118.62641529,34.712879],[-118.6263693,34.7128497],[-118.62618312,34.71273107],[-118.62593658,34.71246161],[-118.62575795,34.71239539],[-118.62493238,34.71192076],[-118.62469624,34.71169428],[-118.62457906,34.7115819],[-118.62436656,34.71135578],[-118.6242402,34.71120461],[-118.62405398,34.70221734],[-118.71781534,34.70431968]]]},"properties":{"OBJECTID":1098057,"COUNTY":"LOS ANGELES","CITY":"LAC","ZONE_NAME":null,"ZONE_ID":"US-CA-XLA-LAC-E008-C","STATUS":"Evacuation Warning","EVENT_TYPE":null,"CRITICAL_INFO":null,"PUBLIC_INFO":null,"EDIT_DATE":1791505965000,"STATEWIDE_LAST_UPDATED":null,"NOTES":"Local authorities are responding to a Wildfire. An EVACUATION WARNING has been issued. PREPARE TO LEAVE.  Consider leaving now if you need more time to evacuate. Call 911 for emergency assistance. Visit AlertLA.org for more information.\n\n","SHAPE__Area":22221774.3203125,"SHAPE__Length":26681.047140557097,"GlobalID":"d927b745-0fed-452a-9737-7660f9ec54f1","CreationDate":1791506130000,"Creator":"CalOES_Scripts","EditDate":1791506130000,"Editor":"CalOES_Scripts"}},{"type":"Feature","id":1098058,"geometry":{"type":"Polygon","coordinates":[[[-118.70573963,34.62945652],[-118.70570879,34.6295373],[-118.70570451,34.62962027],[-118.70570146,34.62967927],[-118.70569376,34.62982846],[-118.70575469,34.6299531],[-118.7057836,34.63001225],[-118.70584573,34.63013936],[-118.70597629,34.63024158],[-118.70607912,34.6303221],[-118.70611657,34.63035141],[-118.70665789,34.63086536],[-118.70715289,34.63103792],[-118.70825034,34.63140465],[-118.70829045,34.63142694],[-118.70841591,34.63149664],[-118.70934471,34.63201268],[-118.70972306,34.6321267],[-118.70977951,34.63214371],[-118.7100231,34.63221712],[-118.71087952,34.63255284],[-118.71144763,34.63261454],[-118.71181875,34.6326935],[-118.71219236,34.63288263],[-118.71221601,34.63289459],[-118.71223912,34.63290628],[-118.7122419,34.63293174],[-118.71224489,34.63295911],[-118.71226194,34.63311544],[-118.71240907,34.63328955],[-118.71261714,34.63348583],[-118.71269041,34.63355494],[-118.71271376,34.63357697],[-118.71279416,34.63366588],[-118.71294406,34.63383166],[-118.71301097,34.63390567],[-118.71306247,34.63396083],[-118.7132657,34.63417854],[-118.71385416,34.63482422],[-118.71407241,34.63504427],[-118.7143297,34.63530365],[-118.71449284,34.63546812],[-118.71452504,34.63550058],[-118.71456774,34.63554438],[-118.7146706,34.63564989],[-118.71490251,34.63588776],[-118.71500996,34.63602086],[-118.71504572,34.63606516],[-118.71507166,34.63609729],[-118.71517517,34.63622551],[-118.71528293,34.63660605],[-118.71534997,34.6368428],[-118.71525456,34.63737936],[-118.71571235,34.63773666],[-118.71604546,34.63800948],[-118.71615596,34.63814364],[-118.71628625,34.63830183],[-118.71631998,34.63834278],[-118.71633558,34.63838438],[-118.71634418,34.63840732],[-118.71639335,34.63853849],[-118.71645981,34.63865703],[-118.71648692,34.6387054],[-118.71663959,34.63897773],[-118.71674942,34.63910753],[-118.71676724,34.63912859],[-118.71684547,34.63922105],[-118.71741203,34.63993551],[-118.71772911,34.64033545],[-118.71807071,34.64061725],[-118.71809828,34.64064],[-118.71817597,34.64069519],[-118.71827959,34.64076531],[-118.7183758,34.64083041],[-118.71863349,34.64104772],[-118.71876939,34.64115262],[-118.71879973,34.64117603],[-118.71885981,34.6412224],[-118.71889356,34.64124489],[-118.7189285,34.64126817],[-118.719078,34.64136778],[-118.71935726,34.641351],[-118.71973201,34.64125307],[-118.71978177,34.64120695],[-118.71984626,34.64114718],[-118.72004964,34.64095869],[-118.72019433,34.64089194],[-118.72023072,34.64087516],[-118.72027344,34.64085545],[-118.7203589,34.64084094],[-118.72050652,34.64081587],[-118.72077183,34.64098524],[-118.72085755,34.64103996],[-118.72093874,34.64113064],[-118.72095788,34.64115202],[-118.72100551,34.64120522],[-118.72104459,34.64124881],[-118.72109843,34.64130885],[-118.72114976,34.64137573],[-118.72119495,34.64143462],[-118.72124464,34.64149937],[-118.72146051,34.64195262],[-118.72149231,34.64199428],[-118.72156503,34.64208956],[-118.72160218,34.64213822],[-118.72163734,34.64216789],[-118.72180697,34.642311],[-118.72211756,34.64257304],[-118.72247019,34.64290485],[-118.72258717,34.64296923],[-118.72292921,34.64315739],[-118.72295842,34.64317346],[-118.72300952,34.64320158],[-118.7233421,34.64326881],[-118.72383964,34.6433974],[-118.72416352,34.64345514],[-118.7242094,34.64347186],[-118.72428602,34.64349979],[-118.72480274,34.64368815],[-118.72512363,34.64389738],[-118.72528624,34.6440034],[-118.7253881,34.64406981],[-118.72546842,34.64413581],[-118.72555259,34.64420496],[-118.72575898,34.64437452],[-118.72578436,34.64441588],[-118.72588752,34.64458372],[-118.72603812,34.64482877],[-118.7262148,34.64501994],[-118.72635399,34.64517055],[-118.72643609,34.6452594],[-118.72645906,34.64527251],[-118.72651886,34.64530663],[-118.72687688,34.64551095],[-118.72713388,34.64574219],[-118.72720763,34.64594142],[-118.72723666,34.64601983],[-118.727284,34.64614771],[-118.72727171,34.64633035],[-118.72726949,34.64637345],[-118.72726805,34.6464015],[-118.72725318,34.64669081],[-118.72730745,34.64694271],[-118.72729819,34.64712292],[-118.72733643,34.64736039],[-118.72755354,34.64754755],[-118.72772266,34.64769336],[-118.727908,34.64792604],[-118.72792461,34.64794689],[-118.72821205,34.64830777],[-118.7282307,34.64844217],[-118.72824961,34.64857847],[-118.72828563,34.64883812],[-118.72825352,34.64893231],[-118.72822757,34.64900846],[-118.72825997,34.6491084],[-118.72827683,34.64916042],[-118.7283015,34.64923652],[-118.72835445,34.64929282],[-118.7289682,34.64994539],[-118.72902884,34.65001144],[-118.72913349,34.65012543],[-118.72935024,34.6503615],[-118.72952525,34.65060976],[-118.7296073,34.65072614],[-118.72974183,34.65091697],[-118.72994994,34.65116439],[-118.7300122,34.65123841],[-118.73004274,34.65127471],[-118.7300424,34.65132162],[-118.73004192,34.651387],[-118.73004044,34.65158947],[-118.73003866,34.65183086],[-118.73003808,34.6519098],[-118.73003713,34.65203837],[-118.73001505,34.65246817],[-118.72988125,34.65278289],[-118.72969141,34.65320675],[-118.72968001,34.65342861],[-118.72977547,34.65382287],[-118.72982896,34.65404382],[-118.72986244,34.65418213],[-118.72969011,34.6544606],[-118.72943327,34.65493191],[-118.72942362,34.65501285],[-118.72936116,34.65553661],[-118.7292197,34.65579268],[-118.72910765,34.65586422],[-118.7288689,34.65601664],[-118.72832732,34.65612497],[-118.72806472,34.65617496],[-118.72764693,34.6562545],[-118.72749411,34.65629034],[-118.72714677,34.65637182],[-118.72673111,34.6565195],[-118.72647045,34.65654756],[-118.72634236,34.6565614],[-118.72623092,34.65649611],[-118.72618705,34.6564704],[-118.72606501,34.65639887],[-118.72586001,34.65638725],[-118.72574039,34.65638046],[-118.72557986,34.65654292],[-118.72557029,34.65686757],[-118.72550057,34.65715898],[-118.72537725,34.65768017],[-118.72534768,34.65773111],[-118.7252666,34.65787079],[-118.72533794,34.65822252],[-118.72566344,34.65863166],[-118.72569178,34.65867754],[-118.72575743,34.65878384],[-118.7257558,34.65889432],[-118.72575351,34.65904973],[-118.72561687,34.65916089],[-118.72519239,34.6595062],[-118.7251113,34.65955746],[-118.72496156,34.65965211],[-118.7247307,34.65980383],[-118.72452304,34.65993418],[-118.72445798,34.65997501],[-118.72421107,34.66026359],[-118.72433082,34.66056198],[-118.72459434,34.66095332],[-118.72471092,34.66106295],[-118.72490786,34.66124815],[-118.72520281,34.66142514],[-118.72542193,34.66155662],[-118.72550808,34.66185814],[-118.72553327,34.6619463],[-118.72555886,34.66202214],[-118.7256455,34.6622789],[-118.72583238,34.66244746],[-118.72596606,34.66256802],[-118.72616981,34.66260518],[-118.7263664,34.66264103],[-118.72689022,34.66277252],[-118.72729746,34.66284558],[-118.72740504,34.66284913],[-118.72756026,34.66285424],[-118.72780981,34.66283402],[-118.72835224,34.66267444],[-118.72841099,34.66267803],[-118.72880861,34.66270239],[-118.72897595,34.66287592],[-118.72908797,34.66321492],[-118.72913968,34.66341849],[-118.72923394,34.66378955],[-118.72927774,34.66393359],[-118.72931934,34.66407041],[-118.7293487,34.66418746],[-118.72940105,34.66439609],[-118.72947023,34.66500891],[-118.72933525,34.66565376],[-118.72956211,34.66616954],[-118.72960568,34.66620574],[-118.72990358,34.66645321],[-118.72995871,34.66675981],[-118.72997239,34.66683588],[-118.72998584,34.66698477],[-118.7300318,34.66749335],[-118.73001792,34.66780093],[-118.73000473,34.66809326],[-118.72985995,34.6685673],[-118.72981853,34.66870292],[-118.72977008,34.66912797],[-118.72990805,34.6695864],[-118.73024191,34.67029511],[-118.73040524,34.6705297],[-118.73053932,34.67072228],[-118.73106602,34.67126853],[-118.73114216,34.67135746],[-118.73133559,34.67158349],[-118.73156006,34.67182845],[-118.73163806,34.67191356],[-118.73178354,34.67238276],[-118.73186879,34.67265773],[-118.73190457,34.67327009],[-118.73174076,34.67416708],[-118.7318484,34.67542588],[-118.73177844,34.67572397],[-118.73188193,34.67598641],[-118.73194738,34.6761524],[-118.73219161,34.67651619],[-118.73225721,34.67657312],[-118.73230337,34.67661319],[-118.7323373,34.67665716],[-118.73270893,34.67700055],[-118.73306216,34.67754627],[-118.73309764,34.67785734],[-118.73312096,34.67806186],[-118.73333074,34.67825379],[-118.73356707,34.67847002],[-118.73385357,34.67868815],[-118.73411827,34.67888968],[-118.73446024,34.67914479],[-118.73483608,34.67969219],[-118.73487801,34.67979618],[-118.73495538,34.67998806],[-118.73494798,34.68004155],[-118.7349286,34.68018156],[-118.73453945,34.6805568],[-118.73415797,34.68078771],[-118.73410567,34.68081937],[-118.73362864,34.68094153],[-118.73359737,34.68112888],[-118.73363868,34.68125763],[-118.73370298,34.68145799],[-118.73383187,34.68167147],[-118.73383037,34.68174721],[-118.73382522,34.68200749],[-118.73377811,34.68213883],[-118.73354748,34.6824686],[-118.73336891,34.68272403],[-118.73323148,34.68287874],[-118.73311344,34.68301162],[-118.73294849,34.68311422],[-118.73282658,34.68319005],[-118.7320946,34.68329152],[-118.73142859,34.68351013],[-118.73069341,34.6837481],[-118.73054364,34.68382716],[-118.73052059,34.68383933],[-118.73029974,34.68390076],[-118.73009341,34.68395811],[-118.72981397,34.68417563],[-118.72955569,34.68438657],[-118.7289085,34.68491548],[-118.72858429,34.68519743],[-118.72847489,34.6852927],[-118.72842603,34.68533524],[-118.72800664,34.68561687],[-118.72774158,34.68572873],[-118.72756117,34.68580486],[-118.72692054,34.68618544],[-118.72659063,34.68636796],[-118.72637712,34.68642375],[-118.7260188,34.68651737],[-118.72583543,34.68657278],[-118.72563603,34.68663304],[-118.72545492,34.68671279],[-118.72541599,34.68675771],[-118.72536287,34.68682996],[-118.72512073,34.68766698],[-118.72486031,34.68822285],[-118.72467218,34.68849751],[-118.72448773,34.68876681],[-118.72409124,34.6890777],[-118.72394903,34.6891892],[-118.72329465,34.68925184],[-118.72316424,34.68926528],[-118.72274011,34.68930897],[-118.72263612,34.68938784],[-118.72256507,34.68944171],[-118.72198652,34.69032593],[-118.72116649,34.69110173],[-118.72094301,34.6915259],[-118.72095269,34.69163234],[-118.7209915,34.69205943],[-118.72101309,34.69242053],[-118.72102179,34.6925661],[-118.72107462,34.69290581],[-118.72087458,34.69358902],[-118.72085459,34.6936573],[-118.72079538,34.69389082],[-118.72064474,34.69463178],[-118.72052792,34.69502746],[-118.72042875,34.69536336],[-118.7202774,34.69592433],[-118.72011319,34.69638944],[-118.72008857,34.69645918],[-118.72006026,34.69653184],[-118.71992233,34.69688578],[-118.71970087,34.6973003],[-118.71947115,34.69779749],[-118.7194534,34.69789649],[-118.71937204,34.69835049],[-118.7192842,34.69864082],[-118.71884981,34.69937283],[-118.71866992,34.69978499],[-118.71867796,34.7001491],[-118.71868581,34.70050488],[-118.71875337,34.70076328],[-118.7188161,34.70100322],[-118.71898753,34.70146907],[-118.71915103,34.70172377],[-118.71920465,34.7018073],[-118.71919688,34.7019367],[-118.71918546,34.70212702],[-118.71903594,34.70232154],[-118.71890248,34.70249514],[-118.71859211,34.70271451],[-118.71843304,34.70282694],[-118.71779931,34.70304255],[-118.71736203,34.70310629],[-118.71719027,34.70344134],[-118.71733673,34.70371894],[-118.71757986,34.70417977],[-118.71781534,34.70431968],[-118.62405398,34.70221734],[-118.6225223,34.62829609],[-118.70573963,34.62945652]]]},"properties":{"OBJECTID":1098058,"COUNTY":"LOS ANGELES","CITY":"LAC","ZONE_NAME":null,"ZONE_ID":"US-CA-XLA-LAC-E008-D","STATUS":"Evacuation Warning","EVENT_TYPE":null,"CRITICAL_INFO":null,"PUBLIC_INFO":null,"EDIT_DATE":1791506272000,"STATEWIDE_LAST_UPDATED":null,"NOTES":"Local authorities are responding to a Wildfire. An EVACUATION WARNING has been issued. PREPARE TO LEAVE.  Consider leaving now if you need more time to evacuate. Call 911 for emergency assistance. Visit AlertLA.org for more information.","SHAPE__Area":113492181.43359375,"SHAPE__Length":43390.467989840763,"GlobalID":"7fb63224-caa5-4c70-a5b6-ddb84f893e91","CreationDate":1791506430000,"Creator":"CalOES_Scripts","EditDate":1791506430000,"Editor":"CalOES_Scripts"}}]}