{"type":"FeatureCollection","features":[{"type":"Feature","id":1097678,"geometry":{"type":"Polygon","coordinates":[[[-118.9918863,36.05436356],[-118.99063967,36.05421634],[-118.98971854,36.05384855],[-118.98881621,36.05365402],[-118.98748903,36.05304306],[-118.98704539,36.05264183],[-118.98395491,36.05241385],[-118.98276684,36.05264791],[-118.98181188,36.05225883],[-118.9810073,36.05232874],[-118.97980419,36.05234698],[-118.97879659,36.05217068],[-118.97823264,36.05196399],[-118.97663852,36.05215245],[-118.97508952,36.05263879],[-118.97451053,36.05279077],[-118.97415711,36.05291843],[-118.97339013,36.05274821],[-118.97272504,36.05271211],[-118.97273788,36.05132672],[-118.9728059,36.0513302],[-118.97303997,36.05132919],[-118.98169016,36.0512862],[-118.98223393,36.05128267],[-118.98629251,36.05218455],[-118.98770696,36.05259624],[-118.98881024,36.05303079],[-118.99098851,36.05378552],[-118.9918553,36.05381633],[-118.9918863,36.05436356]]]},"properties":{"OBJECTID":1097678,"COUNTY":"TULARE","CITY":"PVL","ZONE_NAME":null,"ZONE_ID":"US-CA-XTU-PVL-E044","STATUS":"Evacuation Order","EVENT_TYPE":null,"CRITICAL_INFO":null,"PUBLIC_INFO":null,"EDIT_DATE":1695249188000,"STATEWIDE_LAST_UPDATED":null,"NOTES":"Flooding","SHAPE__Area":247872.7890625,"SHAPE__Length":4705.1899556937969,"GlobalID":"67c10798-70df-43b5-921f-3603c81609ff","CreationDate":1788335714000,"Creator":"CalOES_Scripts","EditDate":1788335714000,"Editor":"CalOES_Scripts"}},{"type":"Feature","id":1097685,"geometry":{"type":"Polygon","coordinates":[[[-119.01663142,36.05593591],[-119.01691895,36.05595534],[-119.01779816,36.05601476],[-119.01969569,36.05614299],[-119.02551765,36.05653644],[-119.02613127,36.05670178],[-119.0261346,36.0567991],[-119.0261438,36.0570697],[-119.02615105,36.05726749],[-119.01661235,36.05653253],[-119.01663142,36.05593591]]]},"properties":{"OBJECTID":1097685,"COUNTY":"TULARE","CITY":"PVL","ZONE_NAME":null,"ZONE_ID":"US-CA-XTU-PVL-E036","STATUS":"Evacuation Order","EVENT_TYPE":null,"CRITICAL_INFO":null,"PUBLIC_INFO":null,"EDIT_DATE":1695249188000,"STATEWIDE_LAST_UPDATED":null,"NOTES":"Flooding","SHAPE__Area":93231.91796875,"SHAPE__Length":2291.4262048653245,"GlobalID":"85bd69e6-a089-4f50-a6a5-735da1e05308","CreationDate":1788335714000,"Creator":"CalOES_Scripts","EditDate":1788335714000,"Editor":"CalOES_Scripts"}},{"type":"Feature","id":1097688,"geometry":{"type":"Polygon","coordinates":[[[-121.76326717,36.36976076],[-121.76288022,36.36974182],[-121.7625291,36.36968555],[-121.76221438,36.36965595],[-121.76196646,36.3695815],[-121.76159628,36.36949787],[-121.76111072,36.36951727],[-121.7606564,36.36947918],[-121.76046775,36.3694304],[-121.76009119,36.36933305],[-121.76000911,36.36932396],[-121.75953112,36.36927106],[-121.75938051,36.36920858],[-121.7590674,36.36907869],[-121.75856648,36.36881225],[-121.75817657,36.36843942],[-121.75762573,36.36767411],[-121.75722454,36.36736677],[-121.75700275,36.36715067],[-121.7562839,36.36619523],[-121.7561059,36.36603535],[-121.75608343,36.36601515],[-121.7558793,36.36583178],[-121.75544172,36.36549777],[-121.75520175,36.36526834],[-121.7548278,36.36455219],[-121.75459344,36.36384453],[-121.75433613,36.36361578],[-121.7539489,36.36325164],[-121.75352442,36.3628468],[-121.75340069,36.36281883],[-121.75336579,36.36281094],[-121.75301897,36.36282477],[-121.75254138,36.36268916],[-121.75211837,36.36259356],[-121.75192763,36.36260116],[-121.75159193,36.36279731],[-121.75125709,36.36300748],[-121.75087815,36.36313078],[-121.75081392,36.36315168],[-121.75058079,36.3632631],[-121.750493,36.36330506],[-121.75001173,36.36339453],[-121.74976462,36.36336932],[-121.74941702,36.36333387],[-121.74906936,36.36333366],[-121.74903756,36.36333878],[-121.74860458,36.36340842],[-121.74823444,36.36332474],[-121.74788933,36.36313351],[-121.7477847,36.36307554],[-121.74747351,36.36303036],[-121.74732872,36.36300934],[-121.74698559,36.36279806],[-121.74677433,36.36247293],[-121.74673626,36.36241434],[-121.74657593,36.36235043],[-121.74632734,36.36248731],[-121.74627319,36.36251713],[-121.74571631,36.36279236],[-121.74536155,36.36296114],[-121.74496415,36.36328625],[-121.7445406,36.363753],[-121.74398114,36.36398615],[-121.74337763,36.36406641],[-121.74312947,36.36408188],[-121.74275421,36.36410527],[-121.74218536,36.36418414],[-121.74183059,36.3643529],[-121.74140047,36.36442625],[-121.74087057,36.36457385],[-121.74016362,36.36471773],[-121.73984033,36.36478353],[-121.7396166,36.36482054],[-121.73909637,36.36484123],[-121.73867506,36.36477362],[-121.73821055,36.36456714],[-121.73780915,36.36454092],[-121.73736169,36.36461494],[-121.73675474,36.36463906],[-121.73647643,36.36463606],[-121.73617294,36.3645411],[-121.73551956,36.36433666],[-121.73506443,36.36428444],[-121.73499235,36.3642873],[-121.73473495,36.36429753],[-121.73438812,36.3643113],[-121.73387331,36.36413492],[-121.73381021,36.36395466],[-121.73363371,36.36362425],[-121.73327614,36.36317449],[-121.7329808,36.36289098],[-121.73276639,36.36257606],[-121.73258004,36.36230235],[-121.73223439,36.36204895],[-121.73194077,36.36179348],[-121.73180747,36.36160194],[-121.73167419,36.36161627],[-121.73160024,36.36162423],[-121.7310914,36.36154601],[-121.73084693,36.36152759],[-121.72985288,36.36118744],[-121.72970005,36.36107243],[-121.7292664,36.36074609],[-121.72916076,36.36066659],[-121.72904811,36.36049218],[-121.72870037,36.35995378],[-121.7284491,36.35982316],[-121.72816334,36.35971494],[-121.72784422,36.35959408],[-121.7273388,36.35957195],[-121.72637658,36.35946951],[-121.72601958,36.35931495],[-121.72561684,36.35897944],[-121.7255608,36.35882112],[-121.72538616,36.3583278],[-121.72527022,36.35813557],[-121.72524769,36.35795834],[-121.72517062,36.3573522],[-121.7251934,36.35715447],[-121.72539338,36.35709816],[-121.72548393,36.35707266],[-121.72559172,36.35684344],[-121.72562759,36.3565749],[-121.72565752,36.35620817],[-121.72587037,36.35513124],[-121.72594602,36.35494547],[-121.72599193,36.35426881],[-121.72608492,36.35408235],[-121.72630812,36.35375015],[-121.72643068,36.35347816],[-121.72642083,36.35302866],[-121.72646265,36.35285829],[-121.72648713,36.35268861],[-121.72628281,36.35247177],[-121.72588691,36.35224845],[-121.72566985,36.35182123],[-121.72537528,36.35097529],[-121.72518321,36.3506736],[-121.72487281,36.35071402],[-121.72449137,36.35072914],[-121.72423849,36.35069854],[-121.72399061,36.35049591],[-121.72375954,36.35030861],[-121.72364334,36.35021443],[-121.72307512,36.34997754],[-121.7229658,36.34993197],[-121.72286146,36.34984021],[-121.72250687,36.34952837],[-121.72214943,36.34907858],[-121.72166518,36.34883063],[-121.72121426,36.34874247],[-121.7207682,36.34865526],[-121.72012706,36.34839946],[-121.71971386,36.34817681],[-121.71931787,36.34800722],[-121.71914293,36.34793229],[-121.71774731,36.3472705],[-121.71666842,36.34638528],[-121.71627597,36.34621803],[-121.71590764,36.3461623],[-121.7157093,36.34604361],[-121.71548213,36.34588897],[-121.71545555,36.34587088],[-121.71524411,36.34582301],[-121.71483527,36.34556556],[-121.71434079,36.34525418],[-121.7138236,36.34503562],[-121.71351785,36.34486494],[-121.71235704,36.34434845],[-121.71194811,36.3441959],[-121.71168128,36.34409397],[-121.71113575,36.34369375],[-121.71079998,36.34331336],[-121.71061475,36.34312384],[-121.71049192,36.34282192],[-121.7104515,36.34272258],[-121.71030269,36.34248381],[-121.70989076,36.34206988],[-121.70985508,36.34205306],[-121.70881754,36.34156396],[-121.7087224,36.34152092],[-121.70838876,36.34137],[-121.70741052,36.34106387],[-121.70775152,36.34088903],[-121.70823736,36.34058866],[-121.70851428,36.34031536],[-121.70854898,36.34028111],[-121.70882932,36.34003103],[-121.7089533,36.33990319],[-121.709042,36.33981174],[-121.70925214,36.33955038],[-121.7094162,36.33938924],[-121.70978575,36.33917782],[-121.70991938,36.33890996],[-121.70997177,36.33880493],[-121.71020263,36.33859898],[-121.7103547,36.33845477],[-121.71046562,36.33834959],[-121.71096156,36.33764109],[-121.7114799,36.33701606],[-121.71173441,36.3366264],[-121.71192212,36.33628156],[-121.71216691,36.33601883],[-121.71244214,36.33568458],[-121.71252865,36.33548487],[-121.71264041,36.33522686],[-121.71289237,36.33479512],[-121.71295824,36.33473339],[-121.71322129,36.33448687],[-121.71346292,36.33405706],[-121.71348804,36.33401238],[-121.71351907,36.33398542],[-121.71411543,36.33346738],[-121.71446506,36.33321455],[-121.71456874,36.33290744],[-121.71458291,36.3320008],[-121.71466235,36.33158994],[-121.7148458,36.33117497],[-121.71524573,36.33089203],[-121.71526998,36.33087293],[-121.7155277,36.33066999],[-121.71580883,36.33043393],[-121.71610305,36.33012705],[-121.71619559,36.32964538],[-121.71638072,36.32925845],[-121.71642972,36.32891909],[-121.71641023,36.3285965],[-121.71635694,36.32806758],[-121.71632491,36.32799356],[-121.71620001,36.32770502],[-121.71608282,36.32748851],[-121.71604355,36.32741597],[-121.71589935,36.32704207],[-121.71589691,36.32700166],[-121.71588579,36.32681766],[-121.71597285,36.32653303],[-121.71595337,36.32621044],[-121.71594321,36.32604213],[-121.71576182,36.32587598],[-121.7157225,36.32583997],[-121.71552082,36.32566517],[-121.7154743,36.32547019],[-121.71549235,36.32542824],[-121.71566976,36.3250165],[-121.71579786,36.32471921],[-121.71588724,36.32454001],[-121.71592924,36.3245268],[-121.7162453,36.32442743],[-121.71649513,36.32424884],[-121.71663672,36.32400423],[-121.71667506,36.32389339],[-121.71673907,36.32370234],[-121.71667047,36.32341241],[-121.71671863,36.32305903],[-121.71690154,36.32277081],[-121.71695659,36.32268407],[-121.71719963,36.32239328],[-121.71743843,36.32203235],[-121.71775458,36.32151371],[-121.71781266,36.32111141],[-121.71781854,36.32107068],[-121.71782807,36.32100467],[-121.71775998,36.32074024],[-121.71759922,36.31980463],[-121.7172952,36.31908557],[-121.7172277,36.31906479],[-121.71701196,36.31899836],[-121.71663614,36.3188164],[-121.71658768,36.31871298],[-121.71639683,36.31830567],[-121.7160209,36.31697084],[-121.71596631,36.3163544],[-121.71585933,36.31602121],[-121.71582337,36.31571332],[-121.71576669,36.31535002],[-121.71555997,36.31509107],[-121.71514358,36.31481229],[-121.7148351,36.3146296],[-121.71476525,36.31458824],[-121.71461042,36.31447818],[-121.71418442,36.31417536],[-121.71378409,36.31358663],[-121.71348311,36.31320487],[-121.71317959,36.31278102],[-121.71320156,36.31256927],[-121.7138178,36.31184195],[-121.71432331,36.31158296],[-121.71449532,36.31126686],[-121.71440146,36.31086285],[-121.71452865,36.31037981],[-121.71465291,36.31013589],[-121.71462497,36.30967304],[-121.71460382,36.3093224],[-121.71469468,36.30893143],[-121.71475642,36.30866449],[-121.71482015,36.30830158],[-121.7146033,36.30787431],[-121.71443928,36.30745902],[-121.71429428,36.30707109],[-121.71431032,36.30676115],[-121.7140911,36.30570637],[-121.71399986,36.30528392],[-121.71392137,36.3049207],[-121.71344163,36.3041664],[-121.7133483,36.30401964],[-121.71335117,36.30398323],[-121.71338414,36.30378907],[-121.71341343,36.30357002],[-121.71342005,36.30352052],[-121.7134587,36.30346902],[-121.71378983,36.30302789],[-121.71414862,36.30235293],[-121.71455813,36.30194309],[-121.71497356,36.30163142],[-121.71527994,36.30123971],[-121.71543545,36.30093832],[-121.71553643,36.30059691],[-121.71559819,36.30004269],[-121.71587814,36.30013339],[-121.71609199,36.30022334],[-121.71628514,36.30025789],[-121.71642714,36.30030851],[-121.7166989,36.3004946],[-121.71688065,36.300628],[-121.71723397,36.3007265],[-121.7175032,36.30087051],[-121.71771959,36.30100255],[-121.71781554,36.3011534],[-121.71793221,36.30135968],[-121.71817017,36.30156115],[-121.71849673,36.30175669],[-121.71856662,36.30179854],[-121.71888614,36.30191243],[-121.71893589,36.30191679],[-121.71921791,36.30194148],[-121.71936246,36.30203418],[-121.71945314,36.30206211],[-121.71964564,36.30212139],[-121.7200987,36.30214564],[-121.72072758,36.30220511],[-121.72145479,36.30230896],[-121.72149848,36.30231519],[-121.721771,36.30234096],[-121.72202255,36.30236475],[-121.72243842,36.30234828],[-121.72269579,36.30229592],[-121.72308791,36.30212401],[-121.72311881,36.30211046],[-121.72330603,36.30204681],[-121.72343116,36.30204185],[-121.7236006,36.30203514],[-121.72388658,36.30200659],[-121.72395233,36.30198222],[-121.72413183,36.30191569],[-121.72463979,36.30169875],[-121.72511769,36.3012721],[-121.72519258,36.30121855],[-121.7253049,36.30120845],[-121.7253973,36.30121201],[-121.7258446,36.30122924],[-121.72599049,36.30121313],[-121.72624144,36.3011854],[-121.72673339,36.30127839],[-121.72681884,36.30129132],[-121.72710151,36.30133409],[-121.72751652,36.30130359],[-121.72796703,36.30128573],[-121.72827893,36.30127337],[-121.72858968,36.30127603],[-121.72873453,36.30133966],[-121.72885752,36.30136291],[-121.72926744,36.30124824],[-121.72937077,36.30101879],[-121.72938993,36.30097626],[-121.72956101,36.30064612],[-121.72963237,36.30039022],[-121.72982839,36.30025861],[-121.73035537,36.29999602],[-121.73068748,36.29974384],[-121.73107446,36.29925048],[-121.73159886,36.2990188],[-121.73229022,36.29869728],[-121.73235904,36.29866528],[-121.73239859,36.29865622],[-121.73302714,36.29851224],[-121.73346829,36.29834009],[-121.73403072,36.29816312],[-121.73432102,36.2980813],[-121.73446932,36.29794888],[-121.73442056,36.29743063],[-121.73458023,36.29719935],[-121.73487512,36.29690646],[-121.73500523,36.2967607],[-121.73507827,36.29653286],[-121.73509423,36.29622292],[-121.73513007,36.29595438],[-121.73508471,36.29549222],[-121.73511545,36.29513953],[-121.73514533,36.2947728],[-121.73517522,36.29440608],[-121.73528018,36.29355836],[-121.73555466,36.29292886],[-121.73597708,36.29244814],[-121.73620265,36.29215801],[-121.73632256,36.29184394],[-121.73646404,36.29159932],[-121.73655524,36.29138482],[-121.73666377,36.29116962],[-121.73672915,36.29081554],[-121.73688201,36.29047206],[-121.73724956,36.29023251],[-121.73765345,36.29001965],[-121.73807681,36.28980085],[-121.73812495,36.28977598],[-121.73865694,36.28957056],[-121.7390946,36.28944222],[-121.73914379,36.2894198],[-121.73922541,36.28938261],[-121.73966918,36.28918039],[-121.74059279,36.28894687],[-121.74127726,36.28877908],[-121.74146591,36.28877158],[-121.74162375,36.2887653],[-121.74171527,36.2887527],[-121.74205431,36.28870601],[-121.74243034,36.28860671],[-121.74273788,36.2885055],[-121.74276035,36.28837562],[-121.7427885,36.28821288],[-121.74298448,36.28800826],[-121.74298649,36.28775512],[-121.74309106,36.2871886],[-121.74320296,36.28702949],[-121.74347875,36.28670923],[-121.74363072,36.28635171],[-121.74386305,36.28617376],[-121.74400449,36.28592913],[-121.74417813,36.28562297],[-121.74420843,36.28556955],[-121.74431783,36.28553511],[-121.74453473,36.28546683],[-121.74456627,36.2854569],[-121.7446164,36.28546826],[-121.74477133,36.28550333],[-121.74483037,36.2855167],[-121.74532905,36.28572181],[-121.74593507,36.28597888],[-121.74674286,36.28616944],[-121.74690405,36.28620746],[-121.74755268,36.28630818],[-121.74793301,36.28639427],[-121.7487676,36.28658319],[-121.74907295,36.28675028],[-121.74941425,36.28693704],[-121.74995043,36.28690163],[-121.75035314,36.2869559],[-121.75052638,36.286949],[-121.75062467,36.28689309],[-121.7508453,36.28676759],[-121.75125766,36.28669493],[-121.75196963,36.28669469],[-121.75224851,36.2867117],[-121.75254643,36.28675607],[-121.75277163,36.2867471],[-121.75314508,36.28660569],[-121.75372299,36.2863999],[-121.75399097,36.28637175],[-121.75415437,36.28635459],[-121.7544912,36.2864677],[-121.75480081,36.28676106],[-121.7550044,36.28691119],[-121.75507204,36.28692739],[-121.75549607,36.28702889],[-121.75570928,36.28707993],[-121.75640478,36.28709438],[-121.75708381,36.28712354],[-121.75775602,36.2870405],[-121.75867161,36.2869618],[-121.75948666,36.28694335],[-121.76043347,36.28680716],[-121.76101991,36.28674158],[-121.76156035,36.28677625],[-121.76197013,36.28666148],[-121.7629811,36.28643836],[-121.76352263,36.28620585],[-121.76424431,36.28578903],[-121.76442269,36.28568988],[-121.76509694,36.28553845],[-121.76590878,36.28518266],[-121.76604644,36.28510582],[-121.76626145,36.28498581],[-121.76663828,36.28490046],[-121.76687567,36.28480662],[-121.76707485,36.28479866],[-121.7672048,36.28479347],[-121.76751234,36.28471088],[-121.76799053,36.2845793],[-121.76821595,36.28428911],[-121.76842597,36.28374648],[-121.76852072,36.28330687],[-121.76871234,36.28303208],[-121.76879233,36.28263524],[-121.76900298,36.28238782],[-121.76933412,36.28224764],[-121.76944309,36.28220151],[-121.7698199,36.28211615],[-121.76996141,36.28212044],[-121.77022002,36.28212828],[-121.7706704,36.28211027],[-121.771081,36.2820095],[-121.77151405,36.28199218],[-121.77174243,36.28191566],[-121.7720806,36.28183177],[-121.77219496,36.28177647],[-121.76326717,36.36976076]]]},"properties":{"OBJECTID":1097688,"COUNTY":"MONTEREY","CITY":"MRY","ZONE_NAME":null,"ZONE_ID":"US-CA-XMY-MRY-F015-C","STATUS":"Evacuation Order","EVENT_TYPE":null,"CRITICAL_INFO":null,"PUBLIC_INFO":null,"EDIT_DATE":1787515278000,"STATEWIDE_LAST_UPDATED":null,"NOTES":"Timber Fire","SHAPE__Area":56493131.97265625,"SHAPE__Length":35824.241907840507,"GlobalID":"0d2fa04e-1ecb-49ae-bc6a-3f3045caa037","CreationDate":1788335714000,"Creator":"CalOES_Scripts","EditDate":1788335714000,"Editor":"CalOES_Scripts"}},{"type":"Feature","id":1097693,"geometry":{"type":"Polygon","coordinates":[[[-119.01663989,36.05561998],[-119.0166333,36.0558772],[-119.01663142,36.05593591],[-119.01556698,36.05586397],[-119.01494685,36.05586337],[-119.01418722,36.05609623],[-119.01308538,36.05643397],[-119.01192945,36.05647877],[-119.00843398,36.05631517],[-119.00793534,36.05620523],[-119.00803219,36.05494595],[-119.00889542,36.05499765],[-119.01047961,36.05559228],[-119.01243157,36.05524922],[-119.01378944,36.05536357],[-119.01458154,36.05547792],[-119.01663989,36.05561998]]]},"properties":{"OBJECTID":1097693,"COUNTY":"TULARE","CITY":"PVL","ZONE_NAME":null,"ZONE_ID":"US-CA-XTU-PVL-E039","STATUS":"Evacuation Order","EVENT_TYPE":null,"CRITICAL_INFO":null,"PUBLIC_INFO":null,"EDIT_DATE":1695249188000,"STATEWIDE_LAST_UPDATED":null,"NOTES":"Flooding","SHAPE__Area":117016.9921875,"SHAPE__Length":2187.5932811268758,"GlobalID":"f5e1b2e3-04f1-4063-91db-1b28d6492ad8","CreationDate":1788335714000,"Creator":"CalOES_Scripts","EditDate":1788335714000,"Editor":"CalOES_Scripts"}},{"type":"Feature","id":1097697,"geometry":{"type":"Polygon","coordinates":[[[-121.80718461,36.28019811],[-121.80395163,36.28540341],[-121.80392722,36.28539838],[-121.80388122,36.28538892],[-121.80354176,36.28523389],[-121.80328796,36.28534252],[-121.80297013,36.2852569],[-121.80282647,36.2852482],[-121.80269126,36.28524001],[-121.80257373,36.28543716],[-121.80250235,36.28555691],[-121.80232376,36.2860421],[-121.80217724,36.28648381],[-121.80194152,36.28688695],[-121.80166513,36.28719331],[-121.80145457,36.28744078],[-121.80131762,36.28775558],[-121.80114763,36.28838101],[-121.80099077,36.28865444],[-121.80078193,36.28892996],[-121.8005151,36.2891094],[-121.80035067,36.28911602],[-121.80027258,36.28911916],[-121.80012937,36.28914587],[-121.79979184,36.2892088],[-121.79957267,36.28931603],[-121.79910925,36.28940497],[-121.79874891,36.2894757],[-121.79809838,36.28962839],[-121.79759429,36.28962055],[-121.79711624,36.28947107],[-121.79632552,36.2893201],[-121.79609672,36.28920266],[-121.79571589,36.2890072],[-121.79540089,36.28899562],[-121.79535039,36.28899377],[-121.79496056,36.28915003],[-121.7946141,36.28916395],[-121.79445819,36.28917022],[-121.79400607,36.28916027],[-121.79351845,36.28913769],[-121.79290956,36.28911998],[-121.79249208,36.28910863],[-121.79212486,36.28906715],[-121.79185003,36.28895653],[-121.79129977,36.28835517],[-121.7908591,36.28796516],[-121.79074272,36.28793128],[-121.79065315,36.2879052],[-121.78981987,36.28772572],[-121.78931321,36.28767576],[-121.78913092,36.28769619],[-121.78872681,36.28774148],[-121.78834742,36.28778483],[-121.78808758,36.28779526],[-121.78784334,36.28777694],[-121.78781243,36.28776938],[-121.78758679,36.2877157],[-121.78726481,36.28768769],[-121.78687239,36.28780185],[-121.78646351,36.28793072],[-121.7861517,36.28794323],[-121.78587196,36.28791228],[-121.78528286,36.28777453],[-121.78469157,36.28763627],[-121.78454492,36.28762527],[-121.78408098,36.28759047],[-121.78359774,36.28741849],[-121.7832541,36.28713156],[-121.78289922,36.28672402],[-121.78227337,36.28614458],[-121.78198685,36.28589959],[-121.78171028,36.28566311],[-121.78150379,36.28548654],[-121.78096439,36.28518481],[-121.78030717,36.28494402],[-121.77968374,36.28468782],[-121.77924657,36.28435386],[-121.77870462,36.28401004],[-121.77860517,36.28393208],[-121.77817571,36.2835954],[-121.777991,36.28343835],[-121.7777178,36.28320603],[-121.77760085,36.2831626],[-121.77727361,36.28304105],[-121.777153,36.28300087],[-121.77696642,36.28294088],[-121.77664316,36.28295383],[-121.77639979,36.28294951],[-121.77609801,36.28287297],[-121.77606468,36.28286452],[-121.77578238,36.28279146],[-121.77550352,36.28277451],[-121.77512414,36.28281781],[-121.77486859,36.28289833],[-121.7747283,36.28287583],[-121.77444978,36.2827235],[-121.77440737,36.28269256],[-121.77409089,36.28244637],[-121.77383928,36.28225063],[-121.77331546,36.28183962],[-121.77305506,36.2816353],[-121.77290817,36.28156762],[-121.77295137,36.28116717],[-121.77285709,36.28090866],[-121.77278793,36.2806182],[-121.77267897,36.28033274],[-121.77238502,36.28011296],[-121.77228399,36.27994846],[-121.77214779,36.27978376],[-121.77210607,36.27943835],[-121.77201159,36.27924576],[-121.77184858,36.27895401],[-121.77179367,36.2786309],[-121.77195711,36.27842228],[-121.77171983,36.2781237],[-121.771634,36.27803721],[-121.77156213,36.27780742],[-121.77172557,36.27767566],[-121.77187539,36.27755488],[-121.77203883,36.27728038],[-121.77212753,36.2770512],[-121.77220227,36.27679726],[-121.77217044,36.27658414],[-121.77201159,36.27630316],[-121.77191295,36.27606518],[-121.77201159,36.27587494],[-121.77210607,36.27556352],[-121.77216141,36.27540279],[-121.77198435,36.27523809],[-121.77149403,36.27499653],[-121.77137145,36.27471104],[-121.77126249,36.27448045],[-121.77103319,36.2742488],[-121.77082665,36.2740083],[-121.77051339,36.27397536],[-121.77007755,36.27384359],[-121.76980516,36.27364595],[-121.76957406,36.27347034],[-121.76976429,36.27327261],[-121.76990049,36.2729981],[-121.76990049,36.27278947],[-121.76969801,36.27263349],[-121.76950489,36.2722875],[-121.76961448,36.27203181],[-121.7696962,36.27159258],[-121.76958724,36.27130708],[-121.76924674,36.27115335],[-121.7689148,36.27091218],[-121.76893348,36.27070314],[-121.76893348,36.27029684],[-121.76897434,36.26986859],[-121.76885176,36.26952818],[-121.7685385,36.26926463],[-121.7682661,36.26903403],[-121.76798008,36.26878147],[-121.76776216,36.2685289],[-121.76735356,36.26815554],[-121.76720374,36.26787003],[-121.76699944,36.2675955],[-121.76682238,36.26721115],[-121.76646826,36.26658521],[-121.76626396,36.26615694],[-121.76580088,36.26523449],[-121.76554211,36.26472933],[-121.76521335,36.26412172],[-121.76495645,36.26407043],[-121.76432993,36.26391668],[-121.76362169,36.26382883],[-121.76319633,36.26381029],[-121.76262743,36.26355428],[-121.76216636,36.26334315],[-121.76136077,36.26309304],[-121.76079307,36.26291062],[-121.76009412,36.26286242],[-121.75933395,36.2627203],[-121.75903176,36.26265377],[-121.75854144,36.26245609],[-121.75804649,36.26221855],[-121.75787483,36.26185521],[-121.7576289,36.26189601],[-121.75734288,36.26195092],[-121.75708089,36.26190712],[-121.75709772,36.26179717],[-121.75705944,36.26147457],[-121.75683895,36.26118217],[-121.75663465,36.26088565],[-121.75664827,36.26065502],[-121.75658017,36.26050127],[-121.75637587,36.26019377],[-121.75625329,36.25997412],[-121.75623967,36.25960072],[-121.75629415,36.25931518],[-121.75667551,36.2591724],[-121.75716673,36.25915609],[-121.75761734,36.25908688],[-121.75783191,36.25860241],[-121.75787483,36.25820445],[-121.75774608,36.25797951],[-121.75833714,36.25822791],[-121.7589228,36.25848051],[-121.75909986,36.25872212],[-121.75954853,36.25900036],[-121.75968552,36.25887588],[-121.75989185,36.25877543],[-121.76008497,36.25870622],[-121.76047548,36.25886489],[-121.76049266,36.25867162],[-121.7603529,36.25832675],[-121.76027118,36.25806317],[-121.760321,36.2578757],[-121.76077161,36.2579103],[-121.76127905,36.25797531],[-121.76157869,36.25792039],[-121.76193281,36.25776664],[-121.76236865,36.25775565],[-121.76269553,36.25774467],[-121.76308904,36.25773728],[-121.76334598,36.25766807],[-121.76313137,36.25743716],[-121.76225163,36.25682023],[-121.76126543,36.25584465],[-121.7605572,36.25524058],[-121.76047548,36.25484519],[-121.76033928,36.25433997],[-121.760421,36.25403244],[-121.76036652,36.25374688],[-121.7603529,36.25330755],[-121.76025756,36.2529451],[-121.76025756,36.25256068],[-121.76020308,36.25216528],[-121.76006688,36.25190168],[-121.7601917,36.25168109],[-121.75995792,36.25077037],[-121.75986258,36.25026512],[-121.75978086,36.25000151],[-121.75942674,36.24959511],[-121.7591952,36.24921068],[-121.7587866,36.24872738],[-121.75854144,36.24835393],[-121.75832352,36.24794752],[-121.75819592,36.24779712],[-121.80718461,36.28019811]]]},"properties":{"OBJECTID":1097697,"COUNTY":"MONTEREY","CITY":"MRY","ZONE_NAME":null,"ZONE_ID":"US-CA-XMY-MRY-F023-B","STATUS":"Evacuation Order","EVENT_TYPE":null,"CRITICAL_INFO":null,"PUBLIC_INFO":null,"EDIT_DATE":1787688014000,"STATEWIDE_LAST_UPDATED":null,"NOTES":"Effective immediately, The Monterey County Sheriff’s Office has issued an Evacuation Order for the following Evacuation Zones: MRY-F015-B and MRY-F023-B","SHAPE__Area":12307321.31640625,"SHAPE__Length":19041.124103352209,"GlobalID":"403c9f73-3971-455f-a734-95a8ef70c6f1","CreationDate":1788335714000,"Creator":"CalOES_Scripts","EditDate":1788335714000,"Editor":"CalOES_Scripts"}},{"type":"Feature","id":1097699,"geometry":{"type":"Polygon","coordinates":[[[-121.70130621,36.37384922],[-121.70051175,36.36014583],[-121.69952079,36.3430537],[-121.67281239,36.34275925],[-121.66675618,36.342689],[-121.66677894,36.34235987],[-121.66703295,36.34215387],[-121.66810895,36.34185687],[-121.66839195,36.34169687],[-121.66844895,36.34155887],[-121.66836395,36.34112387],[-121.66811595,36.34082187],[-121.66779795,36.34043687],[-121.66791095,36.34016187],[-121.66932695,36.33810187],[-121.66952494,36.33736887],[-121.66915695,36.33659087],[-121.66935694,36.33617887],[-121.66980995,36.33572087],[-121.67060194,36.33526287],[-121.67113994,36.33517187],[-121.67220595,36.33513087],[-121.67306395,36.33537787],[-121.67334695,36.33537787],[-121.67377095,36.33508087],[-121.67419595,36.33450787],[-121.67405495,36.33205787],[-121.67413995,36.33180687],[-121.67436595,36.33162287],[-121.67464894,36.33157787],[-121.67515795,36.33221887],[-121.67595095,36.33283687],[-121.67640295,36.33297487],[-121.67696895,36.33299787],[-121.67716695,36.33290587],[-121.67716695,36.33267687],[-121.67631895,36.33182987],[-121.67620495,36.33160087],[-121.67629295,36.33132487],[-121.67679995,36.33107387],[-121.67821495,36.33066187],[-121.67920495,36.33011287],[-121.68022395,36.32972387],[-121.68044995,36.32951787],[-121.68064795,36.32743387],[-121.68073295,36.32731987],[-121.68078995,36.32695287],[-121.68107295,36.32672387],[-121.68268595,36.32665587],[-121.68279895,36.32656387],[-121.68282695,36.32578587],[-121.68293995,36.32560287],[-121.68393095,36.32530487],[-121.68415695,36.32505287],[-121.68415695,36.32443487],[-121.68395895,36.32411487],[-121.68333195,36.32369787],[-121.68268595,36.32326687],[-121.68274295,36.32251187],[-121.68285595,36.32235087],[-121.68407395,36.32196187],[-121.68412995,36.32180187],[-121.68463895,36.32118387],[-121.68483795,36.32106887],[-121.68526195,36.32100087],[-121.68543195,36.32109187],[-121.68591295,36.32171087],[-121.68608195,36.32177887],[-121.68656295,36.32175587],[-121.68676095,36.32159587],[-121.68678995,36.32129787],[-121.68557295,36.31962687],[-121.68458295,36.31880287],[-121.68379095,36.31793287],[-121.68268695,36.31694787],[-121.68265794,36.31667287],[-121.68297094,36.31623787],[-121.68297094,36.31545987],[-121.68277294,36.31477287],[-121.68130094,36.31433787],[-121.68045195,36.31438287],[-121.67968794,36.31424587],[-121.67895294,36.31358187],[-121.67858494,36.31289487],[-121.67844395,36.31250587],[-121.67810494,36.30996387],[-121.67753894,36.30849887],[-121.67567194,36.30831587],[-121.67394694,36.30923087],[-121.67363494,36.30923087],[-121.67329594,36.30895587],[-121.67301294,36.30838387],[-121.67210794,36.30733087],[-121.67185394,36.30723887],[-121.66990194,36.30751287],[-121.66973194,36.30730687],[-121.66978894,36.30556687],[-121.66959094,36.30542987],[-121.66868594,36.30520087],[-121.66837494,36.30492587],[-121.66812094,36.30421587],[-121.66792294,36.30394087],[-121.66761194,36.30371187],[-121.66718794,36.30357487],[-121.66679194,36.30357487],[-121.66631094,36.30339087],[-121.66498094,36.30307087],[-121.66268994,36.30279487],[-121.66206694,36.30231387],[-121.66175594,36.30229087],[-121.66152994,36.30254287],[-121.66121894,36.30265787],[-121.66104894,36.30256587],[-121.66079494,36.30226787],[-121.66068194,36.30153587],[-121.66031394,36.30084887],[-121.66005994,36.30064287],[-121.65935294,36.30071087],[-121.65912594,36.30052787],[-121.65912694,36.30036787],[-121.65887194,36.30009287],[-121.65833494,36.29993187],[-121.65618594,36.29883287],[-121.65508294,36.29880987],[-121.65485594,36.29874087],[-121.65417794,36.29823687],[-121.65236794,36.29738887],[-121.65188694,36.29734287],[-121.65129294,36.29759487],[-121.65067094,36.29766287],[-121.64999194,36.29754887],[-121.64877594,36.29766287],[-121.64837994,36.29802887],[-121.64826594,36.29837187],[-121.64829494,36.29869287],[-121.64854894,36.29917387],[-121.64849194,36.29951687],[-121.64812394,36.29988287],[-121.64778494,36.30008887],[-121.64696394,36.30011187],[-121.64588994,36.29999687],[-121.64554994,36.30008787],[-121.64529594,36.30027187],[-121.64523894,36.30054587],[-121.64535194,36.30098087],[-121.64537994,36.30143887],[-121.64520894,36.30159887],[-121.64492594,36.30166787],[-121.64467194,36.30162187],[-121.64379494,36.30111787],[-121.64277694,36.30093487],[-121.64170194,36.30056787],[-121.64127794,36.30054487],[-121.64099494,36.30061287],[-121.64079694,36.30054487],[-121.64014694,36.30001787],[-121.63912894,36.29997087],[-121.63861994,36.29983387],[-121.63796994,36.29953587],[-121.63760194,36.29955887],[-121.63723394,36.29997087],[-121.63709194,36.30001587],[-121.63678094,36.30031387],[-121.63641294,36.30127487],[-121.63627094,36.30134387],[-121.63477194,36.30127487],[-121.63214194,36.30127287],[-121.62976594,36.30053887],[-121.62883293,36.30010387],[-121.62860694,36.30003487],[-121.62753193,36.29932487],[-121.62606793,36.29861587],[-121.62545193,36.29847887],[-121.62378293,36.29831987],[-121.62330193,36.29809087],[-121.62154793,36.29664987],[-121.62050093,36.29612387],[-121.61908593,36.29573487],[-121.61874693,36.29550587],[-121.61874693,36.29534587],[-121.62086593,36.29330687],[-121.62202493,36.29252787],[-121.62227993,36.29220787],[-121.62329593,36.29005487],[-121.62343593,36.28852087],[-121.62284193,36.28787987],[-121.62261593,36.28739887],[-121.62170993,36.28597987],[-121.62074793,36.28520187],[-121.62040793,36.28462987],[-121.62035093,36.28371387],[-121.61913809,36.28224255],[-121.61961717,36.28214346],[-121.62018825,36.2820616],[-121.62094415,36.28205118],[-121.6210897,36.28216081],[-121.62161938,36.28255979],[-121.62215562,36.28299634],[-121.62268147,36.28309478],[-121.62298377,36.28315138],[-121.62365158,36.28330864],[-121.62438159,36.28363509],[-121.62497041,36.28380815],[-121.62533552,36.28384029],[-121.62581498,36.28375967],[-121.62614034,36.28370452],[-121.62641482,36.28368054],[-121.62676642,36.28375639],[-121.6274442,36.28388829],[-121.62797675,36.28424418],[-121.62861526,36.28475217],[-121.62915632,36.28509375],[-121.62961742,36.28528078],[-121.62987413,36.28534514],[-121.63006411,36.28540306],[-121.63041085,36.28541887],[-121.63081701,36.28538064],[-121.63117019,36.28520026],[-121.6316876,36.28475781],[-121.63204701,36.28402629],[-121.63233702,36.2835581],[-121.63265169,36.28305543],[-121.63289334,36.28268256],[-121.63312869,36.28214275],[-121.63320318,36.2819719],[-121.63318374,36.28154641],[-121.63318497,36.28108476],[-121.63321243,36.2808045],[-121.63312223,36.28051996],[-121.63341266,36.28007193],[-121.6337285,36.27964373],[-121.63456552,36.27925907],[-121.63516096,36.27862923],[-121.63594599,36.27829856],[-121.63707615,36.2778556],[-121.63746308,36.27755458],[-121.6378504,36.2772468],[-121.63816289,36.27706131],[-121.63848059,36.27684526],[-121.63889362,36.27676528],[-121.63893721,36.27675685],[-121.63932465,36.2771668],[-121.63980905,36.27742916],[-121.64012588,36.2775012],[-121.64055982,36.27749838],[-121.64114552,36.27741937],[-121.64175671,36.2771847],[-121.64218249,36.2770312],[-121.64236873,36.27696405],[-121.6431853,36.27667921],[-121.64403958,36.27644316],[-121.64407366,36.27643374],[-121.64473114,36.27639409],[-121.64480109,36.27640575],[-121.64508012,36.27645225],[-121.64541511,36.27650807],[-121.64612223,36.27671955],[-121.64715444,36.27723855],[-121.64746486,36.27739837],[-121.64769341,36.27744571],[-121.64776046,36.27743625],[-121.64796893,36.27740686],[-121.64886395,36.27727357],[-121.64921293,36.27730216],[-121.64930954,36.2773066],[-121.64954376,36.27731739],[-121.6499347,36.27717562],[-121.65032899,36.27708995],[-121.65071827,36.27692013],[-121.65138056,36.27666936],[-121.65194307,36.27649277],[-121.65227139,36.27646591],[-121.6524041,36.27648734],[-121.65255191,36.27651121],[-121.65300586,36.27684501],[-121.6533782,36.27726634],[-121.65360361,36.2775528],[-121.65389999,36.27786461],[-121.65425084,36.27821648],[-121.65488056,36.27858558],[-121.65555892,36.27889655],[-121.65636502,36.27901975],[-121.65723708,36.27908414],[-121.6578618,36.27936907],[-121.65825045,36.27948043],[-121.65922752,36.27985001],[-121.65961868,36.28000345],[-121.66002801,36.28017024],[-121.66024496,36.28027225],[-121.66033172,36.28031304],[-121.66067593,36.28055267],[-121.66092933,36.28072554],[-121.66108321,36.28080576],[-121.66118023,36.28085634],[-121.66125007,36.28088335],[-121.66140218,36.2809422],[-121.66155241,36.2809824],[-121.66221971,36.28081573],[-121.66247671,36.28061638],[-121.66261673,36.28052209],[-121.66274172,36.28054226],[-121.66296795,36.28067562],[-121.66339527,36.28072761],[-121.66382193,36.28089371],[-121.66405216,36.28096907],[-121.66423461,36.28111659],[-121.66479426,36.28147432],[-121.66540446,36.28209721],[-121.66560089,36.28218794],[-121.66569567,36.28221823],[-121.66614967,36.28236332],[-121.6675046,36.28266181],[-121.66773485,36.28273716],[-121.66816069,36.28288922],[-121.66868629,36.28296707],[-121.66911214,36.28311912],[-121.66972353,36.28317955],[-121.66986548,36.28323024],[-121.66993872,36.28329004],[-121.67035838,36.28363273],[-121.67052855,36.28386508],[-121.67053901,36.28389009],[-121.67060957,36.28405874],[-121.67087783,36.28418884],[-121.67147392,36.2841655],[-121.67172675,36.2841556],[-121.67232258,36.28423021],[-121.6724966,36.28425199],[-121.67289591,36.28425041],[-121.67322849,36.28426425],[-121.67363446,36.28440426],[-121.67375993,36.28446908],[-121.67406451,36.28462643],[-121.6743121,36.28475233],[-121.67479179,36.28499625],[-121.67483464,36.28501804],[-121.67517053,36.28511736],[-121.67571683,36.28525061],[-121.67615499,36.28531779],[-121.67682258,36.28544628],[-121.67703048,36.28543813],[-121.6771171,36.28543473],[-121.67721183,36.28527637],[-121.67740855,36.28503349],[-121.67747057,36.28495691],[-121.67758694,36.28485889],[-121.67776816,36.28470624],[-121.67794783,36.28451642],[-121.67807032,36.28442889],[-121.67811437,36.28439741],[-121.67830075,36.28431981],[-121.67844354,36.28438451],[-121.6786467,36.28458743],[-121.67879453,36.28473629],[-121.67892624,36.28481202],[-121.67904631,36.28488107],[-121.67931947,36.28501316],[-121.67968848,36.28516519],[-121.67988577,36.28526993],[-121.68010875,36.28540449],[-121.68019205,36.28545475],[-121.68024222,36.2854583],[-121.68039743,36.28540452],[-121.68062685,36.28546582],[-121.68117569,36.28564111],[-121.68133665,36.28571916],[-121.68155043,36.28580919],[-121.68177715,36.28594411],[-121.68183855,36.28598065],[-121.68209034,36.28612543],[-121.68239916,36.28619988],[-121.68262156,36.28625351],[-121.68274229,36.28628261],[-121.68286524,36.28630591],[-121.6829882,36.2863292],[-121.6832548,36.28643121],[-121.68337604,36.28653802],[-121.6835298,36.28667349],[-121.68381793,36.28684495],[-121.68414491,36.28708518],[-121.6847723,36.28741204],[-121.6852108,36.28777442],[-121.6855674,36.28792913],[-121.68560289,36.2879418],[-121.68613526,36.28813178],[-121.68647285,36.28825912],[-121.68715016,36.2884128],[-121.68745822,36.28847348],[-121.68781358,36.28843539],[-121.68787235,36.28842909],[-121.68816857,36.28844557],[-121.68874368,36.2884792],[-121.68893214,36.28852549],[-121.68899044,36.2885398],[-121.68930636,36.28838703],[-121.68949675,36.28829495],[-121.68962249,36.28819522],[-121.68964595,36.28817661],[-121.68987959,36.28830802],[-121.69018759,36.28852087],[-121.69041244,36.288627],[-121.69054504,36.28868959],[-121.69102376,36.28885354],[-121.69144415,36.28883701],[-121.69150888,36.28883446],[-121.6921178,36.2888527],[-121.69215435,36.28886048],[-121.69219864,36.28886992],[-121.69245204,36.28892391],[-121.69323926,36.28901948],[-121.69337955,36.28904208],[-121.6934053,36.28918166],[-121.693734,36.28944992],[-121.6942114,36.28973714],[-121.69423848,36.28975343],[-121.69442241,36.2897871],[-121.69487063,36.28986915],[-121.69591306,36.29016555],[-121.69649492,36.29031136],[-121.69656679,36.29034983],[-121.69676408,36.29045542],[-121.69693086,36.29045473],[-121.69716341,36.29045376],[-121.69737722,36.29054376],[-121.69768272,36.2907145],[-121.69796836,36.29084385],[-121.69818132,36.29091981],[-121.69848766,36.29110458],[-121.69855365,36.29112812],[-121.69877162,36.29120587],[-121.69901064,36.29113741],[-121.69928381,36.29105917],[-121.69971949,36.29108418],[-121.70005037,36.29109927],[-121.70047125,36.29116704],[-121.70059786,36.29116845],[-121.7007493,36.29117015],[-121.7010578,36.29110175],[-121.70147277,36.29107134],[-121.70192409,36.29106761],[-121.70231201,36.2911648],[-121.70255878,36.29122537],[-121.70281924,36.29132943],[-121.70287908,36.29135334],[-121.7031005,36.29156956],[-121.70322399,36.29163253],[-121.70327966,36.29166091],[-121.7033528,36.2916634],[-121.70347109,36.29166742],[-121.7035089,36.29170615],[-121.70356362,36.29176219],[-121.70345584,36.29199139],[-121.70343469,36.29221717],[-121.70341501,36.29228532],[-121.70334845,36.29251582],[-121.70333788,36.29262871],[-121.70343451,36.29274983],[-121.7035445,36.29288769],[-121.7038931,36.29319731],[-121.70406086,36.29338753],[-121.70420071,36.29369132],[-121.70444367,36.29397699],[-121.70444154,36.29423014],[-121.70450618,36.29443848],[-121.70467647,36.29467077],[-121.70513242,36.29503239],[-121.70519791,36.29525476],[-121.70532848,36.29540426],[-121.70547807,36.29558113],[-121.70581994,36.29577854],[-121.70610393,36.29587981],[-121.70634775,36.29617949],[-121.70636177,36.29621964],[-121.70641071,36.29635978],[-121.70675209,36.29667496],[-121.70696304,36.29659106],[-121.70742793,36.29623529],[-121.70759191,36.29607417],[-121.70782012,36.29582615],[-121.7079917,36.29579126],[-121.70826893,36.29578032],[-121.70855037,36.29583951],[-121.709153,36.29604068],[-121.70919428,36.29606172],[-121.70951137,36.29622336],[-121.70992552,36.29617889],[-121.71023655,36.29615255],[-121.71058816,36.29622302],[-121.71087486,36.29627162],[-121.71099175,36.29629144],[-121.71137632,36.29633249],[-121.7117947,36.29635815],[-121.71208062,36.2964332],[-121.71225618,36.29652269],[-121.71253425,36.29652576],[-121.71291375,36.29648265],[-121.7131641,36.29641091],[-121.71325521,36.29638481],[-121.71358273,36.29634375],[-121.71373867,36.29633759],[-121.71399055,36.29648228],[-121.7142533,36.29672309],[-121.71428469,36.29675185],[-121.71436988,36.2968017],[-121.71454264,36.2969028],[-121.71468364,36.29703133],[-121.71469152,36.2970592],[-121.71486033,36.29765701],[-121.71511224,36.29837813],[-121.71530203,36.298933],[-121.71545209,36.29940509],[-121.71546624,36.29950788],[-121.71559819,36.30004269],[-121.71553643,36.30059691],[-121.71543545,36.30093832],[-121.71527994,36.30123971],[-121.71497356,36.30163142],[-121.71455813,36.30194309],[-121.71414862,36.30235293],[-121.71378983,36.30302789],[-121.7134587,36.30346902],[-121.71342005,36.30352052],[-121.71341343,36.30357002],[-121.71338414,36.30378907],[-121.71335117,36.30398323],[-121.7133483,36.30401964],[-121.71344163,36.3041664],[-121.71392137,36.3049207],[-121.71399986,36.30528392],[-121.7140911,36.30570637],[-121.71431032,36.30676115],[-121.71429428,36.30707109],[-121.71443928,36.30745902],[-121.7146033,36.30787431],[-121.71482015,36.30830158],[-121.71475642,36.30866449],[-121.71469468,36.30893143],[-121.71460382,36.3093224],[-121.71462497,36.30967304],[-121.71465291,36.31013589],[-121.71452865,36.31037981],[-121.71440146,36.31086285],[-121.71449532,36.31126686],[-121.71432331,36.31158296],[-121.7138178,36.31184195],[-121.71320156,36.31256927],[-121.71317959,36.31278102],[-121.71348311,36.31320487],[-121.71378409,36.31358663],[-121.71418442,36.31417536],[-121.71461042,36.31447818],[-121.71476525,36.31458824],[-121.7148351,36.3146296],[-121.71514358,36.31481229],[-121.71555997,36.31509107],[-121.71576669,36.31535002],[-121.71582337,36.31571332],[-121.71585933,36.31602121],[-121.71596631,36.3163544],[-121.7160209,36.31697084],[-121.71639683,36.31830567],[-121.71658768,36.31871298],[-121.71663614,36.3188164],[-121.71701196,36.31899836],[-121.7172277,36.31906479],[-121.7172952,36.31908557],[-121.71759922,36.31980463],[-121.71775998,36.32074024],[-121.71782807,36.32100467],[-121.71781854,36.32107068],[-121.71781266,36.32111141],[-121.71775458,36.32151371],[-121.71743843,36.32203235],[-121.71719963,36.32239328],[-121.71695659,36.32268407],[-121.71690154,36.32277081],[-121.71671863,36.32305903],[-121.71667047,36.32341241],[-121.71673907,36.32370234],[-121.71667506,36.32389339],[-121.71663672,36.32400423],[-121.71649513,36.32424884],[-121.7162453,36.32442743],[-121.71592924,36.3245268],[-121.71588724,36.32454001],[-121.71579786,36.32471921],[-121.71566976,36.3250165],[-121.71549235,36.32542824],[-121.7154743,36.32547019],[-121.71552082,36.32566517],[-121.7157225,36.32583997],[-121.71576182,36.32587598],[-121.71594321,36.32604213],[-121.71595337,36.32621044],[-121.71597285,36.32653303],[-121.71588579,36.32681766],[-121.71589691,36.32700166],[-121.71589935,36.32704207],[-121.71604355,36.32741597],[-121.71608282,36.32748851],[-121.71620001,36.32770502],[-121.71632491,36.32799356],[-121.71635694,36.32806758],[-121.71641023,36.3285965],[-121.71642972,36.32891909],[-121.71638072,36.32925845],[-121.71619559,36.32964538],[-121.71610305,36.33012705],[-121.71580883,36.33043393],[-121.7155277,36.33066999],[-121.71526998,36.33087293],[-121.71524573,36.33089203],[-121.7148458,36.33117497],[-121.71466235,36.33158994],[-121.71458291,36.3320008],[-121.71456874,36.33290744],[-121.71446506,36.33321455],[-121.71411543,36.33346738],[-121.71351907,36.33398542],[-121.71348804,36.33401238],[-121.71346292,36.33405706],[-121.71322129,36.33448687],[-121.71295824,36.33473339],[-121.71289237,36.33479512],[-121.71264041,36.33522686],[-121.71252865,36.33548487],[-121.71244214,36.33568458],[-121.71216691,36.33601883],[-121.71192212,36.33628156],[-121.71173441,36.3366264],[-121.7114799,36.33701606],[-121.71096156,36.33764109],[-121.71046562,36.33834959],[-121.7103547,36.33845477],[-121.71020263,36.33859898],[-121.70997177,36.33880493],[-121.70991938,36.33890996],[-121.70978575,36.33917782],[-121.7094162,36.33938924],[-121.70925214,36.33955038],[-121.709042,36.33981174],[-121.7089533,36.33990319],[-121.70882932,36.34003103],[-121.70854898,36.34028111],[-121.70851428,36.34031536],[-121.70823736,36.34058866],[-121.70775152,36.34088903],[-121.70741052,36.34106387],[-121.70838876,36.34137],[-121.7087224,36.34152092],[-121.70881754,36.34156396],[-121.70985508,36.34205306],[-121.70989076,36.34206988],[-121.71030269,36.34248381],[-121.7104515,36.34272258],[-121.71049192,36.34282192],[-121.71061475,36.34312384],[-121.71079998,36.34331336],[-121.71113575,36.34369375],[-121.71168128,36.34409397],[-121.71194811,36.3441959],[-121.71235704,36.34434845],[-121.71351785,36.34486494],[-121.7138236,36.34503562],[-121.71434079,36.34525418],[-121.71483527,36.34556556],[-121.71524411,36.34582301],[-121.71545555,36.34587088],[-121.71548213,36.34588897],[-121.7157093,36.34604361],[-121.71590764,36.3461623],[-121.71627597,36.34621803],[-121.71666842,36.34638528],[-121.71774731,36.3472705],[-121.71914293,36.34793229],[-121.71931787,36.34800722],[-121.71971386,36.34817681],[-121.72012706,36.34839946],[-121.7207682,36.34865526],[-121.72121426,36.34874247],[-121.72166518,36.34883063],[-121.72214943,36.34907858],[-121.72250687,36.34952837],[-121.72286146,36.34984021],[-121.7229658,36.34993197],[-121.72307512,36.34997754],[-121.72364334,36.35021443],[-121.72375954,36.35030861],[-121.72399061,36.35049591],[-121.72423849,36.35069854],[-121.72449137,36.35072914],[-121.72487281,36.35071402],[-121.72518321,36.3506736],[-121.72537528,36.35097529],[-121.72566985,36.35182123],[-121.72588691,36.35224845],[-121.72628281,36.35247177],[-121.72648713,36.35268861],[-121.72646265,36.35285829],[-121.72642083,36.35302866],[-121.72643068,36.35347816],[-121.72630812,36.35375015],[-121.72608492,36.35408235],[-121.72599193,36.35426881],[-121.72594602,36.35494547],[-121.72587037,36.35513124],[-121.72565752,36.35620817],[-121.72562759,36.3565749],[-121.72559172,36.35684344],[-121.72548393,36.35707266],[-121.72539338,36.35709816],[-121.7251934,36.35715447],[-121.72517062,36.3573522],[-121.72524769,36.35795834],[-121.72527022,36.35813557],[-121.72538616,36.3583278],[-121.7255608,36.35882112],[-121.72561684,36.35897944],[-121.72601958,36.35931495],[-121.72637658,36.35946951],[-121.7273388,36.35957195],[-121.72784422,36.35959408],[-121.72816334,36.35971494],[-121.7284491,36.35982316],[-121.72870037,36.35995378],[-121.72904811,36.36049218],[-121.72916076,36.36066659],[-121.7292664,36.36074609],[-121.72970005,36.36107243],[-121.72985288,36.36118744],[-121.73084693,36.36152759],[-121.7310914,36.36154601],[-121.73160024,36.36162423],[-121.73167419,36.36161627],[-121.73180747,36.36160194],[-121.73194077,36.36179348],[-121.73223439,36.36204895],[-121.73258004,36.36230235],[-121.73276639,36.36257606],[-121.7329808,36.36289098],[-121.73327614,36.36317449],[-121.73363371,36.36362425],[-121.73381021,36.36395466],[-121.73387331,36.36413492],[-121.73438812,36.3643113],[-121.73473495,36.36429753],[-121.73499235,36.3642873],[-121.73506443,36.36428444],[-121.73551956,36.36433666],[-121.73617294,36.3645411],[-121.73647643,36.36463606],[-121.73675474,36.36463906],[-121.73736169,36.36461494],[-121.73780915,36.36454092],[-121.73821055,36.36456714],[-121.73867506,36.36477362],[-121.73909637,36.36484123],[-121.7396166,36.36482054],[-121.73984033,36.36478353],[-121.74016362,36.36471773],[-121.74087057,36.36457385],[-121.74140047,36.36442625],[-121.74183059,36.3643529],[-121.74218536,36.36418414],[-121.74275421,36.36410527],[-121.74312947,36.36408188],[-121.74337763,36.36406641],[-121.74398114,36.36398615],[-121.7445406,36.363753],[-121.74496415,36.36328625],[-121.74536155,36.36296114],[-121.74571631,36.36279236],[-121.74627319,36.36251713],[-121.74632734,36.36248731],[-121.74657593,36.36235043],[-121.74673626,36.36241434],[-121.74677433,36.36247293],[-121.74698559,36.36279806],[-121.74732872,36.36300934],[-121.74747351,36.36303036],[-121.7477847,36.36307554],[-121.74788933,36.36313351],[-121.74823444,36.36332474],[-121.74860458,36.36340842],[-121.74903756,36.36333878],[-121.74906936,36.36333366],[-121.74941702,36.36333387],[-121.74976462,36.36336932],[-121.75001173,36.36339453],[-121.750493,36.36330506],[-121.75058079,36.3632631],[-121.75081392,36.36315168],[-121.75087815,36.36313078],[-121.75125709,36.36300748],[-121.75159193,36.36279731],[-121.75192763,36.36260116],[-121.75211837,36.36259356],[-121.75254138,36.36268916],[-121.75301897,36.36282477],[-121.75336579,36.36281094],[-121.75340069,36.36281883],[-121.75352442,36.3628468],[-121.7539489,36.36325164],[-121.75433613,36.36361578],[-121.75459344,36.36384453],[-121.7548278,36.36455219],[-121.75520175,36.36526834],[-121.75544172,36.36549777],[-121.7558793,36.36583178],[-121.75608343,36.36601515],[-121.7561059,36.36603535],[-121.7562839,36.36619523],[-121.75700275,36.36715067],[-121.75722454,36.36736677],[-121.75762573,36.36767411],[-121.75817657,36.36843942],[-121.75856648,36.36881225],[-121.7590674,36.36907869],[-121.75938051,36.36920858],[-121.75953112,36.36927106],[-121.76000911,36.36932396],[-121.76009119,36.36933305],[-121.76046775,36.3694304],[-121.7606564,36.36947918],[-121.76111072,36.36951727],[-121.76159628,36.36949787],[-121.76196646,36.3695815],[-121.76221438,36.36965595],[-121.7625291,36.36968555],[-121.76288022,36.36974182],[-121.76359362,36.36977675],[-121.76362192,36.37002625],[-121.76353506,36.37020799],[-121.76346645,36.37048803],[-121.76347913,36.3706955],[-121.76337085,36.3709276],[-121.76334929,36.37117606],[-121.76336016,36.37135389],[-121.76321644,36.37160722],[-121.76323891,36.37177468],[-121.76322414,36.37193373],[-121.76317304,36.37250028],[-121.76333249,36.373306],[-121.76340067,36.37362019],[-121.76327595,36.37378363],[-121.76283842,36.3740388],[-121.76261958,36.37426542],[-121.76232563,36.37446533],[-121.76206531,36.37461439],[-121.76176713,36.37474514],[-121.76119822,36.37505507],[-121.76088164,36.3752856],[-121.76076053,36.37550831],[-121.76045842,36.37597594],[-121.75992917,36.3763338],[-121.75954968,36.37653713],[-121.75895647,36.37664995],[-121.75824304,36.3765992],[-121.75746159,36.37683837],[-121.75717862,36.37701803],[-121.75689702,36.37701936],[-121.75678164,36.37693484],[-121.75672902,36.37676588],[-121.75672071,36.3767392],[-121.75655585,36.37664674],[-121.7562999,36.37666686],[-121.75604454,36.37669685],[-121.75545132,36.37680966],[-121.75532553,36.37682958],[-121.75469927,36.37692879],[-121.75433534,36.37692837],[-121.75399022,36.3767491],[-121.75362326,36.37655576],[-121.75302823,36.37663891],[-121.7526341,36.37680318],[-121.75255484,36.37690701],[-121.75225984,36.37729348],[-121.75174533,36.37749226],[-121.75101211,36.37771956],[-121.75005457,36.37808455],[-121.74968997,36.37807489],[-121.74956416,36.37801923],[-121.74930887,36.37790629],[-121.74871735,36.37776295],[-121.74812472,36.37756723],[-121.74753527,36.37754119],[-121.74673872,36.3775333],[-121.74573706,36.37737511],[-121.74524494,36.37713721],[-121.74493126,36.37681298],[-121.74475,36.37665183],[-121.74447881,36.37662301],[-121.74443725,36.37662829],[-121.74379823,36.37670952],[-121.7428747,36.37662743],[-121.74219853,36.37658501],[-121.74157363,36.37658016],[-121.74124616,36.3766328],[-121.74088445,36.37672642],[-121.740817,36.37674139],[-121.74034066,36.37684708],[-121.73969977,36.37707309],[-121.73954932,36.37712615],[-121.73873894,36.37749509],[-121.73820257,36.37753623],[-121.73782382,36.37755128],[-121.73726,36.37754398],[-121.73686222,36.37764893],[-121.73627816,36.37771175],[-121.73576502,36.37773214],[-121.73536804,36.37764888],[-121.73523531,36.37756052],[-121.73508725,36.37746196],[-121.73490098,36.37741984],[-121.7346445,36.37749155],[-121.73461195,36.37750065],[-121.73442427,36.37763685],[-121.73414326,36.37764801],[-121.7335556,36.37765154],[-121.73286518,36.377778],[-121.73259197,36.37791759],[-121.7324159,36.37804343],[-121.73201069,36.37822788],[-121.73177713,36.37841542],[-121.73150107,36.37891166],[-121.73125267,36.37925825],[-121.73085284,36.37953162],[-121.73038975,36.3795698],[-121.72989982,36.37956944],[-121.72984725,36.37954754],[-121.72966108,36.37946997],[-121.72924206,36.37942718],[-121.7291389,36.37943127],[-121.7288633,36.37944221],[-121.72782355,36.37946365],[-121.72692493,36.37941977],[-121.72681626,36.37941446],[-121.72599345,36.37937777],[-121.72594769,36.37937443],[-121.72537834,36.37933283],[-121.7247963,36.37922716],[-121.72416478,36.37911354],[-121.72354345,36.37916787],[-121.72296416,36.37930968],[-121.72250609,36.37922879],[-121.72213535,36.37917415],[-121.72174821,36.37905084],[-121.72144479,36.37889449],[-121.72129282,36.37882291],[-121.72119264,36.37877573],[-121.72100694,36.37875596],[-121.72078585,36.37873242],[-121.72033378,36.37875033],[-121.71972227,36.37876464],[-121.71930281,36.37872741],[-121.71856478,36.37866191],[-121.71843161,36.37865377],[-121.7181714,36.37863787],[-121.71813907,36.37862793],[-121.7177692,36.37851294],[-121.71743881,36.37827071],[-121.71721231,36.37817074],[-121.7160861,36.37797761],[-121.7160068,36.37794651],[-121.71528322,36.37766275],[-121.71481919,36.37748303],[-121.71464497,36.37743225],[-121.71451998,36.37739583],[-121.71439227,36.37730945],[-121.71435397,36.37728355],[-121.71408484,36.37708621],[-121.71405231,36.37709234],[-121.71395164,36.37711129],[-121.71362327,36.37735206],[-121.71331902,36.3773839],[-121.71265864,36.37740011],[-121.71235856,36.37750111],[-121.71189161,36.37767803],[-121.71114124,36.37782654],[-121.71086201,36.37786728],[-121.7106056,36.37793553],[-121.71051246,36.37796033],[-121.71047124,36.37797559],[-121.71043341,36.3779896],[-121.71021297,36.3780712],[-121.71010858,36.3781326],[-121.70986999,36.37827293],[-121.70959105,36.37828395],[-121.70951565,36.37828693],[-121.70940204,36.37835488],[-121.70930289,36.37841418],[-121.70890863,36.37857831],[-121.70805724,36.37887935],[-121.70742339,36.37913217],[-121.70709587,36.37918473],[-121.70678595,36.37932571],[-121.70651029,36.37942573],[-121.70625068,36.37943598],[-121.70619232,36.37943792],[-121.70560188,36.37936006],[-121.70463696,36.37923229],[-121.70435026,36.37910699],[-121.70415893,36.37902337],[-121.70400149,36.37902099],[-121.70325178,36.37900965],[-121.70277525,36.37902845],[-121.70242926,36.37918075],[-121.70165657,36.37964909],[-121.70164298,36.37965733],[-121.70130621,36.37384922]]]},"properties":{"OBJECTID":1097699,"COUNTY":"MONTEREY","CITY":"MRY","ZONE_NAME":null,"ZONE_ID":"US-CA-XMY-MRY-D082","STATUS":"Evacuation Order","EVENT_TYPE":null,"CRITICAL_INFO":null,"PUBLIC_INFO":null,"EDIT_DATE":1787515278000,"STATEWIDE_LAST_UPDATED":null,"NOTES":"Timber Fire","SHAPE__Area":67680643.765625,"SHAPE__Length":64047.880592112917,"GlobalID":"da3ce06e-d589-43b2-a73d-3588d03a8d8e","CreationDate":1788335714000,"Creator":"CalOES_Scripts","EditDate":1788335714000,"Editor":"CalOES_Scripts"}},{"type":"Feature","id":1097706,"geometry":{"type":"Polygon","coordinates":[[[-119.03924344,36.0602806],[-119.03849882,36.06017579],[-119.03791805,36.06009404],[-119.03579421,36.0595524],[-119.03512778,36.05938244],[-119.03301385,36.05880857],[-119.02918145,36.05752364],[-119.02613127,36.05670178],[-119.02551765,36.05653644],[-119.01969569,36.05614299],[-119.01779816,36.05601476],[-119.01691895,36.05595534],[-119.01663142,36.05593591],[-119.0166333,36.0558772],[-119.01664,36.0556156],[-119.0166448,36.0554274],[-119.01664842,36.05532994],[-119.01836866,36.05537553],[-119.02227243,36.05566244],[-119.02415334,36.05586328],[-119.02635364,36.05620757],[-119.02798613,36.05649447],[-119.02968959,36.05686745],[-119.03199636,36.05792898],[-119.03341592,36.05835933],[-119.03508389,36.05861754],[-119.0360066,36.05893312],[-119.03778104,36.05962167],[-119.03925238,36.05968215],[-119.03924344,36.0602806]]]},"properties":{"OBJECTID":1097706,"COUNTY":"TULARE","CITY":"PVL","ZONE_NAME":null,"ZONE_ID":"US-CA-XTU-PVL-E034","STATUS":"Evacuation Order","EVENT_TYPE":null,"CRITICAL_INFO":null,"PUBLIC_INFO":null,"EDIT_DATE":1695249188000,"STATEWIDE_LAST_UPDATED":null,"NOTES":"Flooding","SHAPE__Area":217621.41796875,"SHAPE__Length":5393.0078694906724,"GlobalID":"7f617f43-831e-400c-b392-fe1e66343afe","CreationDate":1788335714000,"Creator":"CalOES_Scripts","EditDate":1788335714000,"Editor":"CalOES_Scripts"}},{"type":"Feature","id":1097718,"geometry":{"type":"Polygon","coordinates":[[[-121.78615033,36.37645881],[-121.78568238,36.37632542],[-121.78525915,36.37607936],[-121.78480304,36.37576649],[-121.7836616,36.37522383],[-121.78308242,36.37485982],[-121.78282348,36.37471484],[-121.78268813,36.37459874],[-121.78236683,36.3742381],[-121.78203302,36.37379712],[-121.78166339,36.37316313],[-121.78111935,36.37265801],[-121.78050658,36.37233907],[-121.78010445,36.37210109],[-121.77954307,36.37174771],[-121.7790447,36.3714102],[-121.77823235,36.37103536],[-121.77773926,36.37092499],[-121.77726547,36.370747],[-121.77681513,36.37066916],[-121.7767778,36.37065408],[-121.77650669,36.37043025],[-121.77630565,36.36982319],[-121.77616895,36.36929443],[-121.77615521,36.36907004],[-121.77593868,36.36865695],[-121.775586,36.36829149],[-121.77499743,36.36804795],[-121.77496461,36.36804927],[-121.77445985,36.36806948],[-121.77407835,36.36808477],[-121.77365255,36.36822835],[-121.77322778,36.36810477],[-121.77284544,36.36794952],[-121.77249455,36.36786453],[-121.77225341,36.36780637],[-121.77176922,36.36776344],[-121.7713795,36.36772889],[-121.77044019,36.36745043],[-121.77032808,36.36741818],[-121.76989625,36.36735243],[-121.76965434,36.36726642],[-121.76943423,36.36718815],[-121.7691966,36.36728201],[-121.76904143,36.36739622],[-121.76891381,36.36749015],[-121.76855461,36.36787005],[-121.76824762,36.36796668],[-121.7678522,36.36803874],[-121.76735016,36.36807288],[-121.7671151,36.36820881],[-121.76664412,36.36846664],[-121.7662226,36.36868032],[-121.76582717,36.36875237],[-121.76543689,36.36890857],[-121.76500764,36.36899602],[-121.76452016,36.36926857],[-121.76421487,36.36939324],[-121.76377942,36.36966371],[-121.76359362,36.36977675],[-121.76326717,36.36976076],[-121.77219496,36.28177647],[-121.77249904,36.28162942],[-121.77273556,36.28152155],[-121.77285852,36.28154475],[-121.77290395,36.28156568],[-121.77290817,36.28156762],[-121.77305506,36.2816353],[-121.77331546,36.28183962],[-121.77383928,36.28225063],[-121.77409089,36.28244637],[-121.77440737,36.28269256],[-121.77444978,36.2827235],[-121.7747283,36.28287583],[-121.77486859,36.28289833],[-121.77512414,36.28281781],[-121.77550352,36.28277451],[-121.77578238,36.28279146],[-121.77606468,36.28286452],[-121.77609801,36.28287297],[-121.77639979,36.28294951],[-121.77664316,36.28295383],[-121.77696642,36.28294088],[-121.777153,36.28300087],[-121.77727361,36.28304105],[-121.77760085,36.2831626],[-121.7777178,36.28320603],[-121.777991,36.28343835],[-121.77817571,36.2835954],[-121.77860517,36.28393208],[-121.77870462,36.28401004],[-121.77924657,36.28435386],[-121.77968374,36.28468782],[-121.78030717,36.28494402],[-121.78096439,36.28518481],[-121.78150379,36.28548654],[-121.78171028,36.28566311],[-121.78198685,36.28589959],[-121.78227337,36.28614458],[-121.78289922,36.28672402],[-121.7832541,36.28713156],[-121.78359774,36.28741849],[-121.78408098,36.28759047],[-121.78454492,36.28762527],[-121.78469157,36.28763627],[-121.78528286,36.28777453],[-121.78587196,36.28791228],[-121.7861517,36.28794323],[-121.78646351,36.28793072],[-121.78687239,36.28780185],[-121.78726481,36.28768769],[-121.78758679,36.2877157],[-121.78781243,36.28776938],[-121.78784334,36.28777694],[-121.78808758,36.28779526],[-121.78834742,36.28778483],[-121.78872681,36.28774148],[-121.78913092,36.28769619],[-121.78931321,36.28767576],[-121.78981987,36.28772572],[-121.79065315,36.2879052],[-121.79074272,36.28793128],[-121.7908591,36.28796516],[-121.79129977,36.28835517],[-121.79185003,36.28895653],[-121.79212486,36.28906715],[-121.79249208,36.28910863],[-121.79290956,36.28911998],[-121.79351845,36.28913769],[-121.79400607,36.28916027],[-121.79445819,36.28917022],[-121.7946141,36.28916395],[-121.79496056,36.28915003],[-121.79535039,36.28899377],[-121.79540089,36.28899562],[-121.79571589,36.2890072],[-121.79609672,36.28920266],[-121.79632552,36.2893201],[-121.79711624,36.28947107],[-121.79759429,36.28962055],[-121.79809838,36.28962839],[-121.79874891,36.2894757],[-121.79910925,36.28940497],[-121.79957267,36.28931603],[-121.79979184,36.2892088],[-121.80012937,36.28914587],[-121.80027258,36.28911916],[-121.80035067,36.28911602],[-121.8005151,36.2891094],[-121.80078193,36.28892996],[-121.80099077,36.28865444],[-121.80114763,36.28838101],[-121.80131762,36.28775558],[-121.80145457,36.28744078],[-121.80166513,36.28719331],[-121.80194152,36.28688695],[-121.80217724,36.28648381],[-121.80232376,36.2860421],[-121.80250235,36.28555691],[-121.80257373,36.28543716],[-121.80269126,36.28524001],[-121.80282647,36.2852482],[-121.80297013,36.2852569],[-121.80328796,36.28534252],[-121.80354176,36.28523389],[-121.80388122,36.28538892],[-121.80391886,36.28539667],[-121.80096241,36.35849789],[-121.80059703,36.35877252],[-121.80021787,36.35924643],[-121.80019237,36.35926172],[-121.79991614,36.35942728],[-121.79962476,36.35977642],[-121.79935856,36.35996991],[-121.79907157,36.36010799],[-121.79891381,36.36010555],[-121.79873273,36.36010275],[-121.79856703,36.36010018],[-121.79848707,36.36003266],[-121.79832868,36.3598989],[-121.79787011,36.35979082],[-121.79771239,36.3598192],[-121.79716527,36.3599176],[-121.79616825,36.36009831],[-121.79586995,36.36033525],[-121.79588366,36.36084081],[-121.79587227,36.36122086],[-121.79569275,36.36141084],[-121.79529472,36.36172209],[-121.79508734,36.36230684],[-121.79480541,36.36281024],[-121.79460596,36.36295885],[-121.7944091,36.36314953],[-121.79433534,36.36336338],[-121.79435172,36.36362983],[-121.79454064,36.3638753],[-121.79460559,36.36408356],[-121.79461939,36.36430795],[-121.79470858,36.36462771],[-121.79502224,36.36520556],[-121.79521289,36.36547906],[-121.79543304,36.36566703],[-121.79555951,36.36602747],[-121.79551526,36.36615578],[-121.795235,36.3661774],[-121.79513463,36.36618515],[-121.7949589,36.36622988],[-121.79474099,36.36628534],[-121.79460908,36.36668429],[-121.79453091,36.36710919],[-121.79445996,36.36752955],[-121.79445446,36.36756215],[-121.79437888,36.36802913],[-121.79436748,36.36840917],[-121.79438818,36.36874575],[-121.79438676,36.36884212],[-121.79437325,36.36975569],[-121.79437134,36.36988518],[-121.79411631,36.37026097],[-121.79381797,36.37049791],[-121.79352135,36.37076289],[-121.79331834,36.37113659],[-121.79324802,36.37140653],[-121.79328002,36.37164424],[-121.79340217,36.37193456],[-121.79345324,36.37219962],[-121.79343408,36.37245345],[-121.79327102,36.37262871],[-121.79289726,36.37277027],[-121.79250789,36.37294058],[-121.79211765,36.37309686],[-121.79173517,36.37337935],[-121.79111325,36.37400888],[-121.79080789,36.3744148],[-121.79065085,36.37468822],[-121.79049208,36.37493361],[-121.79030725,36.37532062],[-121.79008697,36.37541383],[-121.78962821,36.37558691],[-121.7892917,36.37576914],[-121.78878177,36.37595833],[-121.78836199,36.37620014],[-121.78795611,36.37638515],[-121.78733609,36.37648035],[-121.78686784,36.37649916],[-121.78656118,36.37648192],[-121.78615033,36.37645881]]]},"properties":{"OBJECTID":1097718,"COUNTY":"MONTEREY","CITY":"MRY","ZONE_NAME":null,"ZONE_ID":"US-CA-XMY-MRY-F015-B","STATUS":"Evacuation Order","EVENT_TYPE":null,"CRITICAL_INFO":null,"PUBLIC_INFO":null,"EDIT_DATE":1787688014000,"STATEWIDE_LAST_UPDATED":null,"NOTES":"Effective immediately, The Monterey County Sheriff’s Office has issued an Evacuation Order for the following Evacuation Zones: MRY-F015-B and MRY-F023-B","SHAPE__Area":44289116.390625,"SHAPE__Length":33518.584440087463,"GlobalID":"145f5a9c-1573-4b57-b97e-cac80c6105a7","CreationDate":1788335714000,"Creator":"CalOES_Scripts","EditDate":1788335714000,"Editor":"CalOES_Scripts"}},{"type":"Feature","id":1097722,"geometry":{"type":"Polygon","coordinates":[[[-119.00793534,36.05620523],[-119.00792992,36.05620403],[-119.00739118,36.05608524],[-119.0040543,36.0542285],[-119.00091118,36.05479994],[-118.99733194,36.05411908],[-118.99197812,36.0543744],[-118.9918863,36.05436356],[-118.9918553,36.05381633],[-118.99356282,36.05387701],[-118.99718383,36.05369404],[-119.00040868,36.05438014],[-119.00227576,36.05383125],[-119.00354877,36.05380838],[-119.00417114,36.05403708],[-119.006604,36.05486042],[-119.00803219,36.05494595],[-119.00793534,36.05620523]]]},"properties":{"OBJECTID":1097722,"COUNTY":"TULARE","CITY":"PVL","ZONE_NAME":null,"ZONE_ID":"US-CA-XTU-PVL-E042","STATUS":"Evacuation Order","EVENT_TYPE":null,"CRITICAL_INFO":null,"PUBLIC_INFO":null,"EDIT_DATE":1695249188000,"STATEWIDE_LAST_UPDATED":null,"NOTES":"Flooding","SHAPE__Area":129003.35546875,"SHAPE__Length":3995.5603295714513,"GlobalID":"391443c9-8ded-45bd-afdd-e51a7623c159","CreationDate":1788335714000,"Creator":"CalOES_Scripts","EditDate":1788335714000,"Editor":"CalOES_Scripts"}},{"type":"Feature","id":1097726,"geometry":{"type":"Polygon","coordinates":[[[-119.02614973,36.05723153],[-119.0261438,36.0570697],[-119.0261346,36.0567991],[-119.02613127,36.05670178],[-119.02918145,36.05752364],[-119.03301385,36.05880857],[-119.03512778,36.05938244],[-119.03579421,36.0595524],[-119.03791805,36.06009404],[-119.03849882,36.06017579],[-119.03924344,36.0602806],[-119.0392347,36.0608653],[-119.03923501,36.06098307],[-119.03700112,36.06058049],[-119.03487695,36.05996994],[-119.03401154,36.05993178],[-119.03283145,36.05941027],[-119.03130519,36.05893963],[-119.03042405,36.05865978],[-119.02925969,36.05820186],[-119.0272142,36.05741321],[-119.02614973,36.05723153]]]},"properties":{"OBJECTID":1097726,"COUNTY":"TULARE","CITY":"PVL","ZONE_NAME":null,"ZONE_ID":"US-CA-XTU-PVL-E032","STATUS":"Evacuation Order","EVENT_TYPE":null,"CRITICAL_INFO":null,"PUBLIC_INFO":null,"EDIT_DATE":1695249188000,"STATEWIDE_LAST_UPDATED":null,"NOTES":"Flooding","SHAPE__Area":131817.57421875,"SHAPE__Length":3269.8649269497946,"GlobalID":"6dd676fe-9b92-44c6-827a-82f47de49b7c","CreationDate":1788335714000,"Creator":"CalOES_Scripts","EditDate":1788335714000,"Editor":"CalOES_Scripts"}},{"type":"Feature","id":1097728,"geometry":{"type":"Polygon","coordinates":[[[-119.05750879,36.05476396],[-119.05751181,36.05514409],[-119.05601222,36.05521834],[-119.0511452,36.05500832],[-119.04711913,36.05624433],[-119.04610482,36.05715066],[-119.0455668,36.05784284],[-119.04478823,36.05861182],[-119.04471489,36.05954423],[-119.04287378,36.06050594],[-119.04001297,36.06100968],[-119.03923504,36.06099434],[-119.0392347,36.0608653],[-119.03924344,36.0602806],[-119.03949898,36.06031657],[-119.03955298,36.06032417],[-119.03974258,36.06030653],[-119.04028598,36.06025597],[-119.04119542,36.06003102],[-119.04333158,36.05950264],[-119.04372658,36.05927397],[-119.04485518,36.05829044],[-119.04521535,36.05780571],[-119.04635125,36.05627697],[-119.04671805,36.05595677],[-119.05091965,36.05463177],[-119.05148358,36.05458624],[-119.05647318,36.05468077],[-119.0574633,36.05474012],[-119.05751088,36.05474297],[-119.05750879,36.05476396]]]},"properties":{"OBJECTID":1097728,"COUNTY":"TULARE","CITY":"PVL","ZONE_NAME":null,"ZONE_ID":"US-CA-XTU-PVL-E030","STATUS":"Evacuation Order","EVENT_TYPE":null,"CRITICAL_INFO":null,"PUBLIC_INFO":null,"EDIT_DATE":1695249188000,"STATEWIDE_LAST_UPDATED":null,"NOTES":"Flooding","SHAPE__Area":160517.91796875,"SHAPE__Length":4876.2344771372282,"GlobalID":"45a63829-f723-41a4-ace4-7f53443f40df","CreationDate":1788335714000,"Creator":"CalOES_Scripts","EditDate":1788335714000,"Editor":"CalOES_Scripts"}},{"type":"Feature","id":1097731,"geometry":{"type":"Polygon","coordinates":[[[-119.00789512,36.05672891],[-119.007915,36.0564319],[-119.00792992,36.05620403],[-119.00843398,36.05631517],[-119.01192945,36.05647877],[-119.01308538,36.05643397],[-119.01418722,36.05609623],[-119.01494685,36.05586337],[-119.01556698,36.05586397],[-119.01663142,36.05593591],[-119.01661169,36.05655299],[-119.01604402,36.05653689],[-119.01478714,36.05651696],[-119.01332078,36.05677597],[-119.01239067,36.05671738],[-119.01047007,36.05665879],[-119.00932254,36.05664902],[-119.00789512,36.05672891]]]},"properties":{"OBJECTID":1097731,"COUNTY":"TULARE","CITY":"PVL","ZONE_NAME":null,"ZONE_ID":"US-CA-XTU-PVL-E038","STATUS":"Evacuation Order","EVENT_TYPE":null,"CRITICAL_INFO":null,"PUBLIC_INFO":null,"EDIT_DATE":1695249188000,"STATEWIDE_LAST_UPDATED":null,"NOTES":"Flooding","SHAPE__Area":54052.03125,"SHAPE__Length":2118.774775087265,"GlobalID":"d6db4803-de97-4a50-97d8-ead1ef1d9948","CreationDate":1788335714000,"Creator":"CalOES_Scripts","EditDate":1788335714000,"Editor":"CalOES_Scripts"}},{"type":"Feature","id":1097992,"geometry":{"type":"Polygon","coordinates":[[[-118.37815258,34.64486936],[-118.3781387,34.64489789],[-118.3781239,34.6449283],[-118.37811283,34.64495104],[-118.37809994,34.64497754],[-118.37808325,34.64501184],[-118.37806656,34.64504615],[-118.378048,34.6450843],[-118.3779325,34.64529228],[-118.37783567,34.64546664],[-118.377817,34.64550025],[-118.37779834,34.64553386],[-118.3777015,34.64570823],[-118.377586,34.6459162],[-118.3775341,34.6460677],[-118.37749438,34.64618364],[-118.3774822,34.6462192],[-118.37747002,34.64625477],[-118.3774303,34.6463707],[-118.3773784,34.6465222],[-118.37734411,34.64674376],[-118.37731549,34.64692866],[-118.37730981,34.64696532],[-118.37730414,34.64700197],[-118.37727966,34.64716013],[-118.37725257,34.64733512],[-118.3772469,34.64737177],[-118.37724138,34.64740742],[-118.3772377,34.6474312],[-118.37723339,34.64746044],[-118.37722767,34.64749933],[-118.37722368,34.64752636],[-118.37721828,34.64756304],[-118.3771932,34.64773338],[-118.37718779,34.64777006],[-118.37718382,34.64779705],[-118.37717984,34.64782404],[-118.37717444,34.64786072],[-118.37715522,34.64799122],[-118.3771306,34.6481584],[-118.37711626,34.6481836],[-118.37709722,34.64821706],[-118.37708288,34.64824226],[-118.37706384,34.64827572],[-118.3770448,34.64830919],[-118.3770325,34.64833081],[-118.37701345,34.64836427],[-118.37699441,34.64839774],[-118.37698078,34.6484217],[-118.37696855,34.64844319],[-118.37695632,34.64846467],[-118.37694269,34.64848863],[-118.37693117,34.64850888],[-118.37691588,34.64853574],[-118.3769006,34.6485626],[-118.37685425,34.64861153],[-118.37683552,34.6486313],[-118.37680791,34.64866045],[-118.37679134,34.64867794],[-118.37677043,34.64870001],[-118.37674283,34.64872916],[-118.37671522,34.6487583],[-118.37668661,34.6487885],[-118.376658,34.6488187],[-118.376615,34.6487552],[-118.37659984,34.64873281],[-118.376572,34.6486917],[-118.37649989,34.64856046],[-118.3764403,34.648452],[-118.37638955,34.64835963],[-118.3763086,34.6482123],[-118.37618913,34.64811532],[-118.3760616,34.6480118],[-118.37598818,34.64795712],[-118.37594806,34.64792724],[-118.37591553,34.64790301],[-118.37588147,34.64787764],[-118.37585332,34.64785667],[-118.37582968,34.64783907],[-118.3757446,34.6477757],[-118.37571566,34.64775639],[-118.3752884,34.6474712],[-118.3745166,34.6469561],[-118.37434578,34.6468655],[-118.3739604,34.6466611],[-118.3734042,34.6463661],[-118.37322195,34.64629284],[-118.3730385,34.6462191],[-118.37247834,34.64612684],[-118.37196222,34.64604183],[-118.37191818,34.64603457],[-118.37187413,34.64602732],[-118.37181019,34.64601679],[-118.37178003,34.64601182],[-118.3717022,34.645999],[-118.3713313,34.6458562],[-118.3709604,34.6457134],[-118.37051463,34.64558739],[-118.37011133,34.64547339],[-118.37006885,34.64546138],[-118.37002637,34.64544937],[-118.36942171,34.64527845],[-118.36937384,34.64526492],[-118.36933675,34.64525443],[-118.36928811,34.64524069],[-118.36911897,34.64519287],[-118.36904215,34.64517116],[-118.36896842,34.64515032],[-118.3688587,34.6451193],[-118.36866996,34.64508076],[-118.3685761,34.6450616],[-118.36853443,34.64505309],[-118.36848891,34.64504379],[-118.36846142,34.64503818],[-118.36838265,34.6450221],[-118.3682328,34.6449915],[-118.36815071,34.64498177],[-118.36809728,34.64497544],[-118.36804907,34.64496973],[-118.36800461,34.64496446],[-118.36797453,34.6449609],[-118.36786327,34.64495909],[-118.36759965,34.6449548],[-118.36725859,34.64494973],[-118.3672298,34.6449493],[-118.36674931,34.6449549],[-118.36631373,34.64495998],[-118.36622391,34.64496102],[-118.36608431,34.64496265],[-118.36598235,34.64496384],[-118.36592574,34.6449645],[-118.36587714,34.64496303],[-118.3657817,34.6449556],[-118.36573984,34.64495234],[-118.3656636,34.6449464],[-118.3655497,34.6449153],[-118.3654358,34.6448842],[-118.3654089,34.64487257],[-118.36537786,34.64485914],[-118.36533513,34.64484066],[-118.36529247,34.64482221],[-118.3652298,34.6447951],[-118.36479292,34.64452959],[-118.3647594,34.64450923],[-118.36472505,34.64448835],[-118.36464939,34.64444237],[-118.36425639,34.64420353],[-118.36418414,34.64415962],[-118.36412944,34.64412638],[-118.36398819,34.64404053],[-118.36386618,34.64396639],[-118.36361143,34.64381156],[-118.3635121,34.6437512],[-118.36344697,34.64371288],[-118.36341753,34.64369556],[-118.36328114,34.64361532],[-118.363198,34.6435664],[-118.36316248,34.64354549],[-118.36312026,34.64352065],[-118.36307906,34.6434964],[-118.363006,34.6434534],[-118.36296357,34.64342843],[-118.3628439,34.643358],[-118.36206561,34.64300875],[-118.3612873,34.6426595],[-118.36079224,34.64247091],[-118.36034965,34.6423023],[-118.36015872,34.64222956],[-118.3594645,34.6419651],[-118.35818659,34.64154593],[-118.35701366,34.64116119],[-118.3569085,34.6411267],[-118.35636519,34.64093841],[-118.35614777,34.64086306],[-118.35593586,34.64078962],[-118.35539264,34.64060136],[-118.3549631,34.6404525],[-118.35476764,34.64038084],[-118.35462404,34.64032819],[-118.35450093,34.64028305],[-118.35438707,34.64024131],[-118.35422049,34.64018024],[-118.35409532,34.64013435],[-118.3540651,34.64012326],[-118.35401327,34.64010426],[-118.35323822,34.6398201],[-118.35295865,34.6397176],[-118.35290711,34.63969871],[-118.3518988,34.63932903],[-118.351863,34.6393159],[-118.35150084,34.63921038],[-118.35140835,34.63918343],[-118.35135792,34.63916873],[-118.35118209,34.6391175],[-118.35107505,34.63908631],[-118.35099604,34.63906329],[-118.35094519,34.63904847],[-118.35091136,34.63903861],[-118.35084465,34.63901917],[-118.35077178,34.63899794],[-118.3507356,34.6389874],[-118.35066377,34.63897507],[-118.35063178,34.63896958],[-118.35059373,34.63896305],[-118.35054797,34.63895519],[-118.35052136,34.63895062],[-118.3504159,34.63893252],[-118.35033637,34.63891887],[-118.35026917,34.63890733],[-118.35016478,34.63888942],[-118.3500808,34.638875],[-118.3489357,34.63860183],[-118.34873619,34.63855424],[-118.3485431,34.63850818],[-118.34808885,34.63839981],[-118.3470056,34.6381414],[-118.34677797,34.63808815],[-118.34667261,34.63806351],[-118.34649493,34.63802195],[-118.34645507,34.63801262],[-118.34638282,34.63799572],[-118.34632012,34.63798106],[-118.34617289,34.63794662],[-118.34598109,34.63790175],[-118.34585723,34.63787278],[-118.34565553,34.6378256],[-118.34561254,34.63781554],[-118.3455722,34.6378061],[-118.3455218,34.6377943],[-118.34528588,34.63773891],[-118.344589,34.63757529],[-118.34419681,34.63748321],[-118.34369938,34.63736642],[-118.343613,34.63734614],[-118.34297434,34.63719619],[-118.34251873,34.63708922],[-118.3422925,34.6370361],[-118.34221244,34.63701012],[-118.3421506,34.63699005],[-118.34205551,34.63695919],[-118.3420087,34.636944],[-118.34187998,34.63687237],[-118.34182331,34.63684082],[-118.3417663,34.6368091],[-118.34168982,34.63675601],[-118.34163049,34.63671483],[-118.3415649,34.6366693],[-118.34152956,34.63664477],[-118.3413635,34.6365295],[-118.34110964,34.6363443],[-118.34103067,34.6362867],[-118.34073145,34.63606841],[-118.34068624,34.63603543],[-118.34065281,34.63601104],[-118.34059867,34.63597155],[-118.34048607,34.63588999],[-118.34042488,34.63584766],[-118.34038853,34.63582256],[-118.34035235,34.63579757],[-118.34032181,34.63577648],[-118.34012457,34.63564026],[-118.3399665,34.63553109],[-118.3398989,34.6354844],[-118.3398439,34.6354505],[-118.33975373,34.63539493],[-118.3396555,34.63533439],[-118.3396006,34.63530055],[-118.33937811,34.63516342],[-118.3393023,34.6351167],[-118.33898851,34.6349233],[-118.3386747,34.6347299],[-118.33856017,34.63465625],[-118.33845424,34.63458814],[-118.33821607,34.63443498],[-118.3380165,34.63430665],[-118.3373583,34.6338834],[-118.33726398,34.63381812],[-118.33723478,34.63379792],[-118.33714695,34.63373713],[-118.33677969,34.63348295],[-118.33655422,34.6333269],[-118.33646596,34.63326582],[-118.3357315,34.6327575],[-118.33528262,34.6324466],[-118.33486693,34.63215869],[-118.33480022,34.63211249],[-118.33469048,34.63203648],[-118.33458108,34.63196071],[-118.33453251,34.63192707],[-118.33447175,34.63188498],[-118.33436932,34.63181404],[-118.3343284,34.6317857],[-118.3342485,34.6317273],[-118.33421545,34.63170313],[-118.33398166,34.63153218],[-118.33389689,34.63147019],[-118.3338566,34.63144072],[-118.33362541,34.63127167],[-118.33348645,34.63117006],[-118.33343111,34.63112959],[-118.33329385,34.63102922],[-118.33317085,34.63093927],[-118.33286671,34.63072021],[-118.3328165,34.63069975],[-118.33278137,34.63068543],[-118.33274729,34.63067154],[-118.33271576,34.63065869],[-118.33263009,34.63062406],[-118.3325641,34.63060633],[-118.33250383,34.63059014],[-118.33246155,34.63057878],[-118.332427,34.6305695],[-118.33239927,34.63056683],[-118.33237153,34.63056417],[-118.33232692,34.63055988],[-118.33227757,34.63055513],[-118.33223775,34.63055131],[-118.33219528,34.63054722],[-118.33138546,34.63054712],[-118.3312177,34.6305471],[-118.33074258,34.63054619],[-118.33031238,34.63054537],[-118.33023698,34.63054522],[-118.329869,34.63054452],[-118.32940898,34.63054364],[-118.32856932,34.63054204],[-118.32848893,34.63054188],[-118.32830609,34.63054153],[-118.32809259,34.63054111],[-118.32805198,34.63054103],[-118.32801682,34.63054097],[-118.32785623,34.63054066],[-118.32767501,34.6305403],[-118.3276212,34.6305402],[-118.3275828,34.63054015],[-118.32754825,34.6305401],[-118.32746861,34.63053996],[-118.32674775,34.6305386],[-118.32602912,34.63053725],[-118.3259511,34.6305371],[-118.32585975,34.6305369],[-118.32577762,34.63053672],[-118.3253067,34.63053585],[-118.324845,34.630535],[-118.32460991,34.63053683],[-118.32445418,34.63053804],[-118.32441973,34.6305383],[-118.3243299,34.630539],[-118.32409491,34.63054083],[-118.32385525,34.63054269],[-118.323815,34.630543],[-118.32377449,34.63053694],[-118.32373182,34.63053056],[-118.32366415,34.63052043],[-118.32362924,34.63051521],[-118.3235944,34.63051],[-118.32351672,34.63048799],[-118.32343905,34.63046598],[-118.32339398,34.630447],[-118.3232414,34.6303791],[-118.32305032,34.63027469],[-118.32290097,34.63019307],[-118.32282182,34.63014983],[-118.32270272,34.63008474],[-118.32265952,34.63006114],[-118.32262141,34.63004031],[-118.32246737,34.62995614],[-118.32219933,34.6297866],[-118.3218965,34.6295943],[-118.32179035,34.6295175],[-118.32158215,34.62936685],[-118.3214242,34.62925256],[-118.3212678,34.6291394],[-118.32118214,34.62908824],[-118.32109375,34.62903545],[-118.3209197,34.6289315],[-118.32082831,34.62889111],[-118.32079421,34.62887603],[-118.32069736,34.62883323],[-118.32065851,34.62881606],[-118.32062061,34.62879931],[-118.3205801,34.6287814],[-118.32037408,34.62871972],[-118.32023995,34.62867956],[-118.32021027,34.62867068],[-118.32017412,34.62865985],[-118.3201392,34.6286494],[-118.319912,34.6285748],[-118.3196848,34.6285002],[-118.3195456,34.62845818],[-118.3194289,34.62842295],[-118.31933024,34.62839317],[-118.319173,34.6283457],[-118.31874519,34.62822637],[-118.3184291,34.6281382],[-118.3183684,34.62812125],[-118.31832333,34.62810866],[-118.31814629,34.62807124],[-118.31802205,34.6280458],[-118.3177364,34.6279873],[-118.31738025,34.62791065],[-118.3170241,34.627834],[-118.31687351,34.62780159],[-118.31672395,34.6277694],[-118.3164238,34.6277048],[-118.31599594,34.6276035],[-118.31586224,34.62757184],[-118.3155681,34.6275022],[-118.31551055,34.62748805],[-118.31548021,34.62748059],[-118.315453,34.6274739],[-118.31487275,34.62733135],[-118.3142925,34.6271888],[-118.31305523,34.6268998],[-118.31237531,34.62674098],[-118.311818,34.6266108],[-118.31158669,34.62655651],[-118.31125192,34.62647795],[-118.31072893,34.62635521],[-118.31064255,34.62633494],[-118.31038356,34.62627415],[-118.31015969,34.62622161],[-118.3096334,34.6260981],[-118.30945438,34.6260357],[-118.3093065,34.62598415],[-118.3089796,34.6258702],[-118.30842112,34.62563666],[-118.30821966,34.62555242],[-118.30781129,34.62538165],[-118.30749976,34.62525138],[-118.30741967,34.62521789],[-118.30727982,34.62515941],[-118.30690539,34.62500283],[-118.306351,34.624771],[-118.30610295,34.6246653],[-118.30587891,34.62456983],[-118.3058549,34.6245596],[-118.30564812,34.61607929],[-118.30559836,34.6123825],[-118.3055837,34.61126151],[-118.30566925,34.61070038],[-118.30557553,34.6106378],[-118.30554289,34.60673365],[-118.3055375,34.605375],[-118.30552347,34.60174828],[-118.31514424,34.5961767],[-118.31525168,34.5963124],[-118.31545823,34.59641657],[-118.31559144,34.59648374],[-118.31589801,34.59657612],[-118.31617132,34.59665847],[-118.31623009,34.59667618],[-118.31627384,34.59668936],[-118.31715748,34.59689794],[-118.31728636,34.59695849],[-118.31771896,34.59721923],[-118.31868315,34.59753662],[-118.31915357,34.59761758],[-118.3193245,34.59764699],[-118.3194435,34.59766747],[-118.3196152,34.59769702],[-118.32018007,34.59786179],[-118.32045783,34.5979448],[-118.3205567,34.59797823],[-118.32064314,34.59800747],[-118.32069754,34.59802587],[-118.32081471,34.5980219],[-118.32089909,34.59801904],[-118.32092983,34.59799454],[-118.32111122,34.59784989],[-118.32127358,34.59772043],[-118.3213689,34.59764443],[-118.32211202,34.59722976],[-118.32217484,34.59722127],[-118.32224373,34.59721197],[-118.32250393,34.59717683],[-118.32349869,34.5971718],[-118.32371522,34.59713885],[-118.32412524,34.59707647],[-118.32430507,34.59704911],[-118.32434223,34.59704346],[-118.32443727,34.597029],[-118.32446579,34.59702394],[-118.32472345,34.59697832],[-118.32503178,34.59691053],[-118.32520766,34.59694116],[-118.32526569,34.59695127],[-118.3253068,34.59695844],[-118.3254802,34.59698866],[-118.32555487,34.59703477],[-118.32564106,34.59708798],[-118.32580882,34.59719157],[-118.3259221,34.5972916],[-118.32605818,34.59741177],[-118.32661759,34.59751571],[-118.32682683,34.59751538],[-118.32722148,34.59751475],[-118.32728628,34.59750866],[-118.32767197,34.59747245],[-118.32773362,34.5974661],[-118.32814878,34.59742327],[-118.32833704,34.59740385],[-118.32851075,34.59734824],[-118.32858215,34.59732539],[-118.32861906,34.59731357],[-118.3287195,34.59728142],[-118.32880809,34.59725307],[-118.32893569,34.59727505],[-118.32898305,34.59728321],[-118.32927677,34.59733381],[-118.32969651,34.59742359],[-118.32973025,34.59743081],[-118.32977754,34.59744092],[-118.32984996,34.59745641],[-118.3299979,34.59752074],[-118.33007296,34.59755338],[-118.33012662,34.59757671],[-118.33015937,34.59759095],[-118.33056569,34.59776762],[-118.3306517,34.59780502],[-118.3307316,34.59783976],[-118.33101718,34.5981293],[-118.33117207,34.59828634],[-118.33119664,34.59832465],[-118.33142755,34.59868466],[-118.3317952,34.59893819],[-118.33191935,34.59897093],[-118.33195605,34.59898061],[-118.33213375,34.59902747],[-118.33242098,34.5991032],[-118.33286149,34.59901407],[-118.3330939,34.59896704],[-118.33366643,34.59904665],[-118.33397081,34.59920741],[-118.33406714,34.5992633],[-118.33414203,34.59930675],[-118.33430673,34.59940231],[-118.33436849,34.59943814],[-118.33447118,34.59946709],[-118.33456433,34.59949336],[-118.33476519,34.59955],[-118.3349391,34.59961953],[-118.33507875,34.59967536],[-118.33512324,34.59971117],[-118.33518399,34.59976007],[-118.33526241,34.59991045],[-118.33528886,34.59996119],[-118.33540662,34.60018696],[-118.33553537,34.60036684],[-118.33557489,34.60042206],[-118.3355905,34.60044387],[-118.33576537,34.60057354],[-118.33581167,34.60059713],[-118.33592304,34.60065389],[-118.33615209,34.60076503],[-118.33658637,34.60094735],[-118.33668874,34.60095987],[-118.33704661,34.60100364],[-118.33722974,34.60102603],[-118.33744732,34.60103998],[-118.33760107,34.60104984],[-118.33771934,34.60105742],[-118.33780162,34.60106269],[-118.33784439,34.60106236],[-118.33809453,34.60106045],[-118.33817513,34.60105983],[-118.33862838,34.60105637],[-118.33868021,34.60105597],[-118.33879506,34.60107849],[-118.33974596,34.60126497],[-118.33981933,34.60127936],[-118.33993516,34.60130641],[-118.34024762,34.60137937],[-118.34039942,34.60135257],[-118.34054353,34.60132712],[-118.34060728,34.60133856],[-118.34075756,34.60136554],[-118.34085257,34.60142028],[-118.34098599,34.60149716],[-118.34119058,34.60188437],[-118.34121625,34.60190208],[-118.34151524,34.60210835],[-118.34155822,34.60213801],[-118.34213417,34.60243225],[-118.34244383,34.60251267],[-118.3425562,34.60252738],[-118.34285894,34.60256696],[-118.34294128,34.6025483],[-118.34299611,34.60253588],[-118.34303609,34.60252682],[-118.34312224,34.6025073],[-118.34337403,34.60244063],[-118.34343618,34.60242418],[-118.34358906,34.6023837],[-118.34372223,34.60237779],[-118.34382184,34.60237336],[-118.34394099,34.60242053],[-118.34401897,34.6024514],[-118.34407639,34.60247412],[-118.34441253,34.60260719],[-118.34457592,34.60286994],[-118.34462358,34.60291436],[-118.34482605,34.60310305],[-118.34495261,34.60320638],[-118.34500319,34.60324767],[-118.34502503,34.6032655],[-118.34504812,34.60328435],[-118.34507733,34.60329476],[-118.34511788,34.6033092],[-118.34521323,34.60334315],[-118.34527507,34.6033232],[-118.3453804,34.60328923],[-118.34546472,34.60326204],[-118.34562652,34.60320985],[-118.34568552,34.60315848],[-118.34579862,34.60306001],[-118.34604864,34.60284232],[-118.34627623,34.6027453],[-118.34675299,34.60261604],[-118.34747473,34.60293883],[-118.3474415,34.60316612],[-118.34742479,34.60328043],[-118.34714753,34.60377168],[-118.34708224,34.60388742],[-118.34704078,34.6039609],[-118.34702029,34.60401528],[-118.34691954,34.60428274],[-118.34683527,34.60450642],[-118.34676485,34.60476635],[-118.34668151,34.60507395],[-118.34668564,34.60514158],[-118.34668854,34.6051891],[-118.34669479,34.60529134],[-118.34670697,34.60549071],[-118.34684507,34.60600093],[-118.34687695,34.60605364],[-118.34693027,34.60614179],[-118.34696178,34.60619388],[-118.34697483,34.60621546],[-118.34701074,34.60627483],[-118.3470363,34.60631707],[-118.34719437,34.60651313],[-118.3473161,34.60666411],[-118.34736306,34.60680139],[-118.34751575,34.60724779],[-118.34760247,34.60745877],[-118.34762756,34.6075198],[-118.34768487,34.60765921],[-118.347713,34.60772763],[-118.34785358,34.60806959],[-118.34790832,34.60820276],[-118.34790775,34.60825835],[-118.34790421,34.60860678],[-118.34789861,34.60870708],[-118.3478957,34.60875908],[-118.34789293,34.60880873],[-118.34789091,34.60884471],[-118.34788387,34.60897082],[-118.34780313,34.60918706],[-118.34776449,34.60929058],[-118.3477508,34.60932725],[-118.3477612,34.60949811],[-118.34776987,34.60964037],[-118.34782112,34.60979849],[-118.34785582,34.60989547],[-118.3480445,34.61042287],[-118.34805648,34.61045633],[-118.34809284,34.61063919],[-118.34813331,34.61084233],[-118.34821144,34.61123454],[-118.34810433,34.61181628],[-118.34809294,34.61187825],[-118.34807823,34.61190057],[-118.3479805,34.61204891],[-118.34794554,34.61210197],[-118.34792489,34.61213331],[-118.34790654,34.61216117],[-118.34785718,34.61223608],[-118.34782218,34.61230623],[-118.34781006,34.61233051],[-118.34775982,34.6124312],[-118.34769421,34.61253508],[-118.34767411,34.61256689],[-118.34772872,34.61272974],[-118.34774132,34.6127673],[-118.34795198,34.61286432],[-118.34801922,34.61284537],[-118.34811005,34.61281977],[-118.3481537,34.61277275],[-118.34823215,34.61268826],[-118.34840396,34.61265371],[-118.34854425,34.6126255],[-118.34889047,34.6125876],[-118.34898727,34.61257701],[-118.34909478,34.61256524],[-118.34960228,34.61265818],[-118.35015823,34.61272001],[-118.35064409,34.61267168],[-118.35190623,34.61254503],[-118.35196476,34.6125474],[-118.35203075,34.61255008],[-118.35211412,34.61255346],[-118.35235651,34.61256329],[-118.35241484,34.61256566],[-118.35250645,34.61256938],[-118.3525712,34.612572],[-118.35273786,34.61257876],[-118.35304671,34.61273123],[-118.35326683,34.61283988],[-118.35335851,34.61288514],[-118.35341853,34.61291477],[-118.35367343,34.6130775],[-118.35376031,34.61313289],[-118.35378472,34.61314847],[-118.35412241,34.61335104],[-118.35414625,34.61336534],[-118.35425298,34.61342936],[-118.35451548,34.61347144],[-118.35472591,34.61345848],[-118.35477098,34.61357865],[-118.35484543,34.61398073],[-118.35486372,34.61405475],[-118.3548767,34.61410727],[-118.3548997,34.61420036],[-118.35491127,34.61424718],[-118.35493278,34.61433411],[-118.35502524,34.61448559],[-118.3551758,34.61473211],[-118.35549531,34.61525801],[-118.35561502,34.61535914],[-118.35565939,34.61539662],[-118.35586155,34.61556741],[-118.35590016,34.61560002],[-118.35597084,34.61565973],[-118.35602544,34.61568632],[-118.35610011,34.61572269],[-118.35632264,34.61583107],[-118.35649227,34.61596494],[-118.35662556,34.61607014],[-118.35700019,34.61628095],[-118.35728559,34.61639944],[-118.35739574,34.61644517],[-118.35773943,34.61662928],[-118.35797328,34.61675455],[-118.35823126,34.617044],[-118.35830891,34.61713112],[-118.35831235,34.61716303],[-118.35831866,34.61722138],[-118.35834569,34.61747159],[-118.3583404,34.61749721],[-118.35830992,34.61764464],[-118.35828154,34.61786923],[-118.35828158,34.61795039],[-118.35828161,34.61799132],[-118.3582817,34.61810003],[-118.35830321,34.61827815],[-118.35829778,34.61837538],[-118.35829358,34.61845059],[-118.3583977,34.61866571],[-118.35855564,34.61874859],[-118.35862593,34.61875127],[-118.35888016,34.61876097],[-118.35899312,34.61877757],[-118.35937471,34.61883367],[-118.35946674,34.61881227],[-118.3595063,34.61880307],[-118.3595971,34.61878196],[-118.35977714,34.6187401],[-118.35985396,34.61872224],[-118.35992841,34.61870493],[-118.36005334,34.61868412],[-118.36039738,34.6186268],[-118.36065117,34.61865567],[-118.36085187,34.61877388],[-118.3608799,34.61879039],[-118.36095014,34.61883176],[-118.36115792,34.61891547],[-118.36130252,34.61897373],[-118.36152514,34.61891943],[-118.36171919,34.6188721],[-118.36191348,34.61885381],[-118.3621702,34.61882964],[-118.36228289,34.61885747],[-118.36250254,34.61891171],[-118.36265266,34.61907082],[-118.36280504,34.61936612],[-118.36290567,34.61956719],[-118.36292218,34.61960017],[-118.36298121,34.61971812],[-118.36303631,34.6198748],[-118.36314688,34.62019281],[-118.36329878,34.62037164],[-118.36357552,34.62063685],[-118.36372006,34.62077537],[-118.36384362,34.62089378],[-118.36395592,34.6210014],[-118.36424173,34.62115667],[-118.3643862,34.62132053],[-118.36453232,34.62149419],[-118.36459885,34.62157326],[-118.3647183,34.6217374],[-118.3647218,34.6219511],[-118.36471836,34.62202922],[-118.36471572,34.62208907],[-118.3647679,34.62221948],[-118.36493976,34.62252783],[-118.36510305,34.62282248],[-118.36521185,34.62301701],[-118.36556159,34.62326372],[-118.36568696,34.62335216],[-118.36610772,34.62348039],[-118.36651477,34.62358854],[-118.36680758,34.6236732],[-118.3670417,34.62374945],[-118.36732389,34.62395987],[-118.36741813,34.62423427],[-118.36735061,34.62444633],[-118.36726668,34.62475371],[-118.3676834,34.6248471],[-118.36798589,34.62500266],[-118.36814496,34.62506642],[-118.36848891,34.6252838],[-118.36870633,34.62541422],[-118.36913392,34.62566082],[-118.36933826,34.62574551],[-118.36982074,34.62587726],[-118.36983327,34.62603315],[-118.36993316,34.626325],[-118.36987837,34.626549],[-118.36988025,34.62683072],[-118.36998599,34.62716094],[-118.37025173,34.62727799],[-118.37031654,34.62734859],[-118.37058078,34.62763898],[-118.37063169,34.6279645],[-118.37052272,34.62867075],[-118.37042133,34.62896249],[-118.37038438,34.62906883],[-118.37033325,34.6293796],[-118.37064602,34.63021166],[-118.37088284,34.6305471],[-118.37116354,34.63078367],[-118.37165645,34.6307905],[-118.37182039,34.63079272],[-118.376121,34.630851],[-118.37613561,34.63198206],[-118.3761471,34.63287119],[-118.3761543,34.63342903],[-118.37616257,34.63406886],[-118.376206,34.637431],[-118.37622185,34.63863747],[-118.37622501,34.63887864],[-118.37622587,34.63894352],[-118.37622642,34.63898556],[-118.376243,34.640248],[-118.3762505,34.6408125],[-118.376258,34.641377],[-118.376281,34.64311802],[-118.376304,34.644859],[-118.37723879,34.64484259],[-118.37815258,34.64486936]]]},"properties":{"OBJECTID":1097992,"COUNTY":"LOS ANGELES","CITY":"LAC","ZONE_NAME":null,"ZONE_ID":"US-CA-XLA-LAC-E020","STATUS":"Evacuation Warning","EVENT_TYPE":null,"CRITICAL_INFO":null,"PUBLIC_INFO":null,"EDIT_DATE":1791067337000,"STATEWIDE_LAST_UPDATED":null,"NOTES":"Local authorities are responding to a Wildfire. An EVACUATION WARNING has been issued. PREPARE TO LEAVE.  Consider leaving now if you need more time to evacuate. Call 911 for emergency assistance. Visit AlertLA.org for more information.","SHAPE__Area":29638603.03125,"SHAPE__Length":26164.424835573547,"GlobalID":"59f63b73-e17f-41cb-a754-ae218d852514","CreationDate":1791067530000,"Creator":"CalOES_Scripts","EditDate":1791067530000,"Editor":"CalOES_Scripts"}},{"type":"Feature","id":1097995,"geometry":{"type":"Polygon","coordinates":[[[-118.38609396,34.60247653],[-118.38581376,34.60273219],[-118.38577638,34.6027663],[-118.38575747,34.60278355],[-118.38571606,34.60282134],[-118.3856921,34.6028432],[-118.38566691,34.60286618],[-118.38563011,34.60289976],[-118.38561028,34.60291785],[-118.38553927,34.60296346],[-118.38535743,34.60308025],[-118.38527316,34.60313437],[-118.38521543,34.60317145],[-118.38519183,34.60318661],[-118.38515555,34.60320991],[-118.38504087,34.60328356],[-118.38501296,34.60330139],[-118.38478865,34.60344466],[-118.38470801,34.60347198],[-118.38412928,34.60366797],[-118.38409747,34.60368052],[-118.38406452,34.60369351],[-118.3838595,34.60377418],[-118.38365506,34.60385461],[-118.38341665,34.60394842],[-118.38334141,34.60395715],[-118.38327022,34.60396541],[-118.38304238,34.60399185],[-118.3830055,34.60399784],[-118.38295322,34.60400634],[-118.38279292,34.60403238],[-118.38260523,34.60416238],[-118.3825293,34.60421498],[-118.38246687,34.60425822],[-118.3820586,34.60469227],[-118.38204758,34.60477418],[-118.38204335,34.60480562],[-118.3820123,34.60503635],[-118.38200763,34.60517531],[-118.38200641,34.60521172],[-118.38200309,34.6053105],[-118.3819973,34.6054825],[-118.38197645,34.60554523],[-118.38196429,34.60558179],[-118.38177231,34.60615923],[-118.38174606,34.6065695],[-118.38181145,34.60679452],[-118.38187871,34.60702599],[-118.38220655,34.6073531],[-118.3822804,34.60749037],[-118.38232184,34.60756738],[-118.38242303,34.60775545],[-118.38252805,34.60795064],[-118.38249293,34.60823737],[-118.38248016,34.60825857],[-118.38246202,34.60828869],[-118.38244785,34.60831221],[-118.38238011,34.60842466],[-118.38213895,34.60903901],[-118.38195594,34.60917381],[-118.3819324,34.60919115],[-118.38190456,34.60921166],[-118.3814926,34.60938186],[-118.38095184,34.60969142],[-118.38091755,34.60971105],[-118.38078534,34.60988961],[-118.38055213,34.61020458],[-118.38053944,34.61023917],[-118.38052366,34.61028222],[-118.38051033,34.61031859],[-118.3804409,34.61050794],[-118.38055198,34.61077611],[-118.38055891,34.61080287],[-118.38056652,34.61083223],[-118.38057415,34.61086171],[-118.38060441,34.61097849],[-118.38065146,34.61125118],[-118.38062504,34.61129642],[-118.38059448,34.61134872],[-118.38055962,34.61140838],[-118.3804964,34.61145318],[-118.38037019,34.6115426],[-118.38025163,34.61162661],[-118.38010973,34.61169577],[-118.37989089,34.61180243],[-118.37953798,34.61201621],[-118.37941649,34.61208062],[-118.37932244,34.61213048],[-118.37927658,34.61220313],[-118.37917561,34.61236308],[-118.37902632,34.61271294],[-118.37898468,34.61300573],[-118.37894501,34.61314913],[-118.37893812,34.61317404],[-118.37892746,34.61321257],[-118.37890381,34.61328917],[-118.37887496,34.61333072],[-118.37883894,34.61338261],[-118.37867426,34.61361982],[-118.37821655,34.61385987],[-118.37818128,34.61387837],[-118.37812587,34.61390743],[-118.37800486,34.6139709],[-118.37790639,34.61399365],[-118.37774933,34.61402994],[-118.37751479,34.61413736],[-118.37746544,34.61415996],[-118.37723669,34.61424417],[-118.37720861,34.6142545],[-118.37715773,34.61427526],[-118.37712272,34.61429809],[-118.37695038,34.61441052],[-118.37676881,34.61452897],[-118.37622313,34.61471652],[-118.37594837,34.61476393],[-118.37583045,34.61478428],[-118.37540235,34.61485816],[-118.37515718,34.61487518],[-118.37486607,34.6148954],[-118.37469355,34.61491068],[-118.37466279,34.61491341],[-118.37456264,34.61492228],[-118.37452435,34.61495022],[-118.37435387,34.61507461],[-118.37439297,34.61532177],[-118.37436982,34.6155495],[-118.37436516,34.61559538],[-118.37406865,34.61590767],[-118.37404857,34.61592883],[-118.37372581,34.61606764],[-118.3734945,34.61618374],[-118.37339472,34.61623382],[-118.37293248,34.61641535],[-118.37275747,34.61653164],[-118.37252875,34.61668363],[-118.37227341,34.61695753],[-118.37223463,34.61699913],[-118.37220072,34.61700799],[-118.37171969,34.61713365],[-118.37161597,34.61712115],[-118.37151792,34.61710934],[-118.37147645,34.61710434],[-118.37142061,34.61709761],[-118.3712494,34.61709578],[-118.37107409,34.6170939],[-118.37083047,34.61714793],[-118.37075041,34.61716568],[-118.37060874,34.61720639],[-118.37052705,34.61729981],[-118.37046846,34.6173668],[-118.3703903,34.61742053],[-118.37014307,34.61759051],[-118.37000573,34.61765973],[-118.3696848,34.61782147],[-118.36938513,34.61787201],[-118.36931798,34.61787383],[-118.36928381,34.61787475],[-118.36894248,34.61788399],[-118.36838906,34.61811457],[-118.36826903,34.61816771],[-118.36800463,34.61828477],[-118.36772682,34.61840776],[-118.36770166,34.6184189],[-118.36767773,34.61843619],[-118.36731498,34.61869826],[-118.36715158,34.61874521],[-118.36707493,34.61876723],[-118.3669202,34.61881169],[-118.3667,34.61887496],[-118.36648882,34.61893563],[-118.36635557,34.61899203],[-118.36613226,34.61908653],[-118.36585748,34.61920282],[-118.36582275,34.61921751],[-118.36558678,34.61943081],[-118.36545588,34.61954913],[-118.36523164,34.62000525],[-118.3651717,34.62012719],[-118.3650748,34.62022324],[-118.36486495,34.62043124],[-118.3644025,34.62073695],[-118.36395592,34.6210014],[-118.36384362,34.62089378],[-118.36372006,34.62077537],[-118.36357552,34.62063685],[-118.36329878,34.62037164],[-118.36314688,34.62019281],[-118.36303631,34.6198748],[-118.36298121,34.61971812],[-118.36292218,34.61960017],[-118.36290567,34.61956719],[-118.36280504,34.61936612],[-118.36265266,34.61907082],[-118.36250254,34.61891171],[-118.36228289,34.61885747],[-118.3621702,34.61882964],[-118.36191348,34.61885381],[-118.36171919,34.6188721],[-118.36152514,34.61891943],[-118.36130252,34.61897373],[-118.36115792,34.61891547],[-118.36095014,34.61883176],[-118.3608799,34.61879039],[-118.36085187,34.61877388],[-118.36065117,34.61865567],[-118.36039738,34.6186268],[-118.36005334,34.61868412],[-118.35992841,34.61870493],[-118.35985396,34.61872224],[-118.35977714,34.6187401],[-118.3595971,34.61878196],[-118.3595063,34.61880307],[-118.35946674,34.61881227],[-118.35937471,34.61883367],[-118.35899312,34.61877757],[-118.35888016,34.61876097],[-118.35862593,34.61875127],[-118.35855564,34.61874859],[-118.3583977,34.61866571],[-118.35829358,34.61845059],[-118.35829778,34.61837538],[-118.35830321,34.61827815],[-118.3582817,34.61810003],[-118.35828161,34.61799132],[-118.35828158,34.61795039],[-118.35828154,34.61786923],[-118.35830992,34.61764464],[-118.3583404,34.61749721],[-118.35834569,34.61747159],[-118.35831866,34.61722138],[-118.35831235,34.61716303],[-118.35830891,34.61713112],[-118.35823126,34.617044],[-118.35797328,34.61675455],[-118.35773943,34.61662928],[-118.35739574,34.61644517],[-118.35728559,34.61639944],[-118.35700019,34.61628095],[-118.35662556,34.61607014],[-118.35649227,34.61596494],[-118.35632264,34.61583107],[-118.35610011,34.61572269],[-118.35602544,34.61568632],[-118.35597084,34.61565973],[-118.35590016,34.61560002],[-118.35586155,34.61556741],[-118.35565939,34.61539662],[-118.35561502,34.61535914],[-118.35549531,34.61525801],[-118.3551758,34.61473211],[-118.35502524,34.61448559],[-118.35493278,34.61433411],[-118.35491127,34.61424718],[-118.3548997,34.61420036],[-118.3548767,34.61410727],[-118.35486372,34.61405475],[-118.35484543,34.61398073],[-118.35477098,34.61357865],[-118.35472591,34.61345848],[-118.35451548,34.61347144],[-118.35425298,34.61342936],[-118.35414625,34.61336534],[-118.35412241,34.61335104],[-118.35378472,34.61314847],[-118.35376031,34.61313289],[-118.35367343,34.6130775],[-118.35341853,34.61291477],[-118.35335851,34.61288514],[-118.35326683,34.61283988],[-118.35304671,34.61273123],[-118.35273786,34.61257876],[-118.3525712,34.612572],[-118.35250645,34.61256938],[-118.35241484,34.61256566],[-118.35235651,34.61256329],[-118.35211412,34.61255346],[-118.35203075,34.61255008],[-118.35196476,34.6125474],[-118.35190623,34.61254503],[-118.35064409,34.61267168],[-118.35015823,34.61272001],[-118.34960228,34.61265818],[-118.34909478,34.61256524],[-118.34898727,34.61257701],[-118.34889047,34.6125876],[-118.34854425,34.6126255],[-118.34840396,34.61265371],[-118.34823215,34.61268826],[-118.3481537,34.61277275],[-118.34811005,34.61281977],[-118.34801922,34.61284537],[-118.34795198,34.61286432],[-118.34774132,34.6127673],[-118.34772872,34.61272974],[-118.34767411,34.61256689],[-118.34769421,34.61253508],[-118.34775982,34.6124312],[-118.34781006,34.61233051],[-118.34782218,34.61230623],[-118.34785718,34.61223608],[-118.34790654,34.61216117],[-118.34792489,34.61213331],[-118.34794554,34.61210197],[-118.3479805,34.61204891],[-118.34807823,34.61190057],[-118.34809294,34.61187825],[-118.34810433,34.61181628],[-118.34821144,34.61123454],[-118.34813331,34.61084233],[-118.34809284,34.61063919],[-118.34805648,34.61045633],[-118.3480445,34.61042287],[-118.34785582,34.60989547],[-118.34782112,34.60979849],[-118.34776987,34.60964037],[-118.3477612,34.60949811],[-118.3477508,34.60932725],[-118.34776449,34.60929058],[-118.34780313,34.60918706],[-118.34788387,34.60897082],[-118.34789091,34.60884471],[-118.34789293,34.60880873],[-118.3478957,34.60875908],[-118.34789861,34.60870708],[-118.34790421,34.60860678],[-118.34790775,34.60825835],[-118.34790832,34.60820276],[-118.34785358,34.60806959],[-118.347713,34.60772763],[-118.34768487,34.60765921],[-118.34762756,34.6075198],[-118.34760247,34.60745877],[-118.34751575,34.60724779],[-118.34736306,34.60680139],[-118.3473161,34.60666411],[-118.34719437,34.60651313],[-118.3470363,34.60631707],[-118.34701074,34.60627483],[-118.34697483,34.60621546],[-118.34696178,34.60619388],[-118.34693027,34.60614179],[-118.34687695,34.60605364],[-118.34684507,34.60600093],[-118.34670697,34.60549071],[-118.34669479,34.60529134],[-118.34668854,34.6051891],[-118.34668564,34.60514158],[-118.34668151,34.60507395],[-118.34676485,34.60476635],[-118.34683527,34.60450642],[-118.34691954,34.60428274],[-118.34702029,34.60401528],[-118.34704078,34.6039609],[-118.34708224,34.60388742],[-118.34714753,34.60377168],[-118.34742479,34.60328043],[-118.3474415,34.60316612],[-118.34747473,34.60293883],[-118.34675299,34.60261604],[-118.34627623,34.6027453],[-118.34604864,34.60284232],[-118.34579862,34.60306001],[-118.34568552,34.60315848],[-118.34562652,34.60320985],[-118.34546472,34.60326204],[-118.3453804,34.60328923],[-118.34527507,34.6033232],[-118.34521323,34.60334315],[-118.34511788,34.6033092],[-118.34507733,34.60329476],[-118.34504812,34.60328435],[-118.34502503,34.6032655],[-118.34500319,34.60324767],[-118.34495261,34.60320638],[-118.34482605,34.60310305],[-118.34462358,34.60291436],[-118.34457592,34.60286994],[-118.34441253,34.60260719],[-118.34407639,34.60247412],[-118.34401897,34.6024514],[-118.34394099,34.60242053],[-118.34382184,34.60237336],[-118.34372223,34.60237779],[-118.34358906,34.6023837],[-118.34343618,34.60242418],[-118.34337403,34.60244063],[-118.34312224,34.6025073],[-118.34303609,34.60252682],[-118.34299611,34.60253588],[-118.34294128,34.6025483],[-118.34285894,34.60256696],[-118.3425562,34.60252738],[-118.34244383,34.60251267],[-118.34213417,34.60243225],[-118.34155822,34.60213801],[-118.34151524,34.60210835],[-118.34121625,34.60190208],[-118.34119058,34.60188437],[-118.34098599,34.60149716],[-118.34085257,34.60142028],[-118.34075756,34.60136554],[-118.34060728,34.60133856],[-118.34054353,34.60132712],[-118.34039942,34.60135257],[-118.34024762,34.60137937],[-118.33993516,34.60130641],[-118.33981933,34.60127936],[-118.33974596,34.60126497],[-118.33879506,34.60107849],[-118.33868021,34.60105597],[-118.33862838,34.60105637],[-118.33817513,34.60105983],[-118.33809453,34.60106045],[-118.33784439,34.60106236],[-118.33780162,34.60106269],[-118.33771934,34.60105742],[-118.33760107,34.60104984],[-118.33744732,34.60103998],[-118.33722974,34.60102603],[-118.33704661,34.60100364],[-118.33668874,34.60095987],[-118.33658637,34.60094735],[-118.33615209,34.60076503],[-118.33592304,34.60065389],[-118.33581167,34.60059713],[-118.33576537,34.60057354],[-118.3355905,34.60044387],[-118.33557489,34.60042206],[-118.33553537,34.60036684],[-118.33540662,34.60018696],[-118.33528886,34.59996119],[-118.33526241,34.59991045],[-118.33518399,34.59976007],[-118.33512324,34.59971117],[-118.33507875,34.59967536],[-118.3349391,34.59961953],[-118.33476519,34.59955],[-118.33456433,34.59949336],[-118.33447118,34.59946709],[-118.33436849,34.59943814],[-118.33430673,34.59940231],[-118.33414203,34.59930675],[-118.33406714,34.5992633],[-118.33397081,34.59920741],[-118.33366643,34.59904665],[-118.3330939,34.59896704],[-118.33286149,34.59901407],[-118.33242098,34.5991032],[-118.33213375,34.59902747],[-118.33195605,34.59898061],[-118.33191935,34.59897093],[-118.3317952,34.59893819],[-118.33142755,34.59868466],[-118.33119664,34.59832465],[-118.33117207,34.59828634],[-118.33101718,34.5981293],[-118.3307316,34.59783976],[-118.3306517,34.59780502],[-118.33056569,34.59776762],[-118.33015937,34.59759095],[-118.33012662,34.59757671],[-118.33007296,34.59755338],[-118.3299979,34.59752074],[-118.32984996,34.59745641],[-118.32977754,34.59744092],[-118.32973025,34.59743081],[-118.32969651,34.59742359],[-118.32927677,34.59733381],[-118.32898305,34.59728321],[-118.32893569,34.59727505],[-118.32880809,34.59725307],[-118.3287195,34.59728142],[-118.32861906,34.59731357],[-118.32858215,34.59732539],[-118.32851075,34.59734824],[-118.32833704,34.59740385],[-118.32814878,34.59742327],[-118.32773362,34.5974661],[-118.32767197,34.59747245],[-118.32728628,34.59750866],[-118.32722148,34.59751475],[-118.32682683,34.59751538],[-118.32661759,34.59751571],[-118.32605818,34.59741177],[-118.3259221,34.5972916],[-118.32580882,34.59719157],[-118.32564106,34.59708798],[-118.32555487,34.59703477],[-118.3254802,34.59698866],[-118.3253068,34.59695844],[-118.32526569,34.59695127],[-118.32520766,34.59694116],[-118.32503178,34.59691053],[-118.32472345,34.59697832],[-118.32446579,34.59702394],[-118.32443727,34.597029],[-118.32434223,34.59704346],[-118.32430507,34.59704911],[-118.32412524,34.59707647],[-118.32371522,34.59713885],[-118.32349869,34.5971718],[-118.32250393,34.59717683],[-118.32224373,34.59721197],[-118.32217484,34.59722127],[-118.32211202,34.59722976],[-118.3213689,34.59764443],[-118.32127358,34.59772043],[-118.32111122,34.59784989],[-118.32092983,34.59799454],[-118.32089909,34.59801904],[-118.32081471,34.5980219],[-118.32069754,34.59802587],[-118.32064314,34.59800747],[-118.3205567,34.59797823],[-118.32045783,34.5979448],[-118.32018007,34.59786179],[-118.3196152,34.59769702],[-118.3194435,34.59766747],[-118.3193245,34.59764699],[-118.31915357,34.59761758],[-118.31868315,34.59753662],[-118.31771896,34.59721923],[-118.31728636,34.59695849],[-118.31715748,34.59689794],[-118.31627384,34.59668936],[-118.31623009,34.59667618],[-118.31617132,34.59665847],[-118.31589801,34.59657612],[-118.31559144,34.59648374],[-118.31545823,34.59641657],[-118.31525168,34.5963124],[-118.31514424,34.5961767],[-118.31510419,34.59612612],[-118.31509292,34.59602198],[-118.31508859,34.59598204],[-118.31509957,34.59590064],[-118.31511775,34.59576589],[-118.31513901,34.59560827],[-118.31515051,34.59552306],[-118.31517315,34.59540113],[-118.31519574,34.59535058],[-118.31524883,34.59523176],[-118.31525851,34.5952101],[-118.31528294,34.59515543],[-118.31535194,34.59500163],[-118.31537794,34.59496048],[-118.31539479,34.59493381],[-118.31544904,34.59484802],[-118.31547118,34.59472746],[-118.31548099,34.59467412],[-118.31549622,34.59459134],[-118.31551125,34.59450968],[-118.31552767,34.59442044],[-118.31554501,34.59432617],[-118.31554477,34.59426288],[-118.31554462,34.59422487],[-118.31554453,34.59420146],[-118.3155443,34.59414183],[-118.31554409,34.59408812],[-118.31547406,34.59404033],[-118.3153652,34.59396605],[-118.31518307,34.59390137],[-118.31488006,34.59370422],[-118.31485824,34.59366975],[-118.31483155,34.5936276],[-118.31475554,34.59350753],[-118.31475465,34.59346529],[-118.31475261,34.59336786],[-118.31475208,34.59334302],[-118.31475127,34.59330439],[-118.3147494,34.59321551],[-118.31474585,34.59304644],[-118.31468221,34.59286288],[-118.31466034,34.5927998],[-118.31459331,34.59260644],[-118.31458269,34.59257582],[-118.31442153,34.59223395],[-118.3140527,34.59189447],[-118.31402164,34.59186945],[-118.31399326,34.59184659],[-118.3139308,34.59179627],[-118.31390939,34.59177902],[-118.31378969,34.59168259],[-118.31369024,34.59165257],[-118.31361921,34.59163112],[-118.31351282,34.59159901],[-118.31340462,34.59156634],[-118.31328254,34.59152949],[-118.31305884,34.59138568],[-118.31294202,34.59131058],[-118.31281539,34.59122917],[-118.31268348,34.5911333],[-118.3124307,34.59094957],[-118.31190163,34.59050045],[-118.31181085,34.59043588],[-118.3117778,34.59041236],[-118.31172083,34.59037184],[-118.31160519,34.59033233],[-118.31152136,34.59030368],[-118.31140244,34.59026304],[-118.3110626,34.59014691],[-118.31076475,34.59000512],[-118.31063511,34.5899434],[-118.31031262,34.58978373],[-118.31018341,34.58967975],[-118.31012753,34.58963374],[-118.31005048,34.58952642],[-118.31003125,34.58949962],[-118.30996309,34.58940465],[-118.30988534,34.5892941],[-118.30985699,34.58925381],[-118.3098034,34.58917762],[-118.30974716,34.58909437],[-118.30972526,34.58905623],[-118.30969778,34.58900838],[-118.30967471,34.58896822],[-118.30963813,34.58890452],[-118.3095944,34.58882838],[-118.30954158,34.5888014],[-118.30944434,34.58875186],[-118.30922407,34.58863965],[-118.30909978,34.5884842],[-118.30902557,34.58839139],[-118.30874743,34.58804351],[-118.30865686,34.58798436],[-118.30862812,34.58796559],[-118.30855669,34.58791894],[-118.30851818,34.58789379],[-118.30840042,34.58780566],[-118.3082025,34.58765756],[-118.30786548,34.58740536],[-118.30777455,34.58733733],[-118.30772681,34.58732436],[-118.30753702,34.58727282],[-118.3072424,34.58720979],[-118.30717262,34.58721862],[-118.30705001,34.58723415],[-118.30693346,34.58724892],[-118.30682683,34.58726242],[-118.30679204,34.58726108],[-118.30674874,34.58725941],[-118.30671008,34.58725792],[-118.30667554,34.58725659],[-118.30633985,34.58724365],[-118.30583585,34.58722423],[-118.3058075,34.58722314],[-118.30577949,34.5872225],[-118.30491693,34.58720312],[-118.304783,34.587298],[-118.30461242,34.58736384],[-118.304441,34.58743],[-118.304154,34.587492],[-118.3040815,34.5875025],[-118.304009,34.587513],[-118.30378,34.5875195],[-118.303551,34.587526],[-118.3030205,34.587517],[-118.30295205,34.58751584],[-118.30248467,34.58750791],[-118.30139555,34.58749],[-118.301172,34.5874895],[-118.300948,34.587489],[-118.300892,34.5874885],[-118.300836,34.587488],[-118.300723,34.587488],[-118.3,34.587486],[-118.299312,34.587505],[-118.298624,34.587524],[-118.297899,34.5875665],[-118.297174,34.587609],[-118.296938,34.5876175],[-118.296702,34.587626],[-118.2965795,34.5876115],[-118.296457,34.587597],[-118.2962015,34.5875375],[-118.295946,34.587478],[-118.295567,34.5873825],[-118.295188,34.587287],[-118.295025,34.5872575],[-118.294862,34.587228],[-118.294718,34.587214],[-118.294574,34.5872],[-118.294357,34.5872025],[-118.29414,34.587205],[-118.293999,34.587214],[-118.293858,34.587223],[-118.293569,34.5872885],[-118.29328,34.587354],[-118.2930575,34.587398],[-118.292835,34.587442],[-118.2927965,34.5874495],[-118.292758,34.587457],[-118.292351,34.5874985],[-118.291944,34.58754],[-118.291591,34.587594],[-118.291248,34.587696],[-118.290916,34.587859],[-118.2908405,34.5879025],[-118.290765,34.587946],[-118.2905935,34.588044],[-118.2904589,34.58812092],[-118.290422,34.588142],[-118.2903851,34.58816308],[-118.29001249,34.588376],[-118.289603,34.58861],[-118.289527,34.588652],[-118.289451,34.588694],[-118.289195,34.588835],[-118.288939,34.588976],[-118.288862,34.589003],[-118.288785,34.58903],[-118.28856397,34.58910951],[-118.288343,34.589189],[-118.28812,34.5892485],[-118.287897,34.589308],[-118.287719,34.5893555],[-118.287541,34.589403],[-118.28731699,34.589463],[-118.287093,34.589523],[-118.2868455,34.589589],[-118.286598,34.589655],[-118.28656737,34.58966331],[-118.28654766,34.58963926],[-118.286558,34.589616],[-118.28658,34.58957],[-118.286602,34.589524],[-118.286731,34.589459],[-118.286861,34.589415],[-118.286991,34.589371],[-118.2870485,34.5893495],[-118.287106,34.589328],[-118.287132,34.589302],[-118.287158,34.589276],[-118.2871965,34.589217],[-118.287235,34.589158],[-118.287273,34.5891275],[-118.287311,34.589097],[-118.287448,34.589028],[-118.2875285,34.589009],[-118.287609,34.58899],[-118.288043,34.588818],[-118.288364,34.588643],[-118.2884135,34.588601],[-118.288463,34.588559],[-118.288509,34.5885265],[-118.288555,34.588494],[-118.2886045,34.588448],[-118.288654,34.588402],[-118.288696,34.588328],[-118.288738,34.588254],[-118.2887835,34.588187],[-118.288829,34.58812],[-118.28889,34.588044],[-118.2889245,34.587973],[-118.288959,34.587902],[-118.2889895,34.58783],[-118.28902,34.587758],[-118.289039,34.587693],[-118.289058,34.587628],[-118.289089,34.587483],[-118.2890965,34.5874065],[-118.289104,34.58733],[-118.289099,34.5872945],[-118.289094,34.587259],[-118.289091,34.587232],[-118.289088,34.587205],[-118.289104,34.587056],[-118.289104,34.586857],[-118.2890885,34.586777],[-118.289073,34.586697],[-118.2890505,34.5866035],[-118.289028,34.58651],[-118.289004,34.586358],[-118.289008,34.5862645],[-118.289012,34.586171],[-118.2890275,34.5860795],[-118.289043,34.585988],[-118.2890465,34.585885],[-118.28905,34.585782],[-118.28905,34.585621],[-118.289054,34.585564],[-118.289058,34.585507],[-118.2890735,34.585446],[-118.289089,34.585385],[-118.289089,34.58524],[-118.289085,34.585213],[-118.289081,34.585186],[-118.289043,34.585022],[-118.289024,34.584967],[-118.289005,34.584912],[-118.2889745,34.584836],[-118.288944,34.58476],[-118.288936,34.584693],[-118.288928,34.584626],[-118.288936,34.5845575],[-118.288944,34.584489],[-118.288928,34.584347],[-118.2889285,34.5841375],[-118.288929,34.583928],[-118.28894,34.5838285],[-118.288951,34.583729],[-118.288898,34.583394],[-118.2888825,34.583329],[-118.288867,34.583264],[-118.288867,34.583157],[-118.288845,34.583092],[-118.2887265,34.582991],[-118.288608,34.58289],[-118.288501,34.582776],[-118.2884555,34.582709],[-118.28841,34.582642],[-118.28838714,34.58259927],[-118.28837186,34.58257073],[-118.288349,34.582528],[-118.288234,34.582345],[-118.2881805,34.582265],[-118.288127,34.582185],[-118.2881005,34.5820895],[-118.288074,34.581994],[-118.288013,34.581666],[-118.287906,34.5815665],[-118.28779897,34.58146697],[-118.287729,34.58139692],[-118.28772941,34.58136002],[-118.2877375,34.5807985],[-118.28774626,34.58023698],[-118.287746,34.5802],[-118.28774653,34.58016302],[-118.287707,34.57468019],[-118.2877012,34.57385907],[-118.28769874,34.57350983],[-118.28766827,34.56919583],[-118.287668,34.56916],[-118.28766774,34.56912301],[-118.28765844,34.56789752],[-118.28765655,34.56777344],[-118.28764875,34.56665052],[-118.28764711,34.56641367],[-118.28764701,34.56639027],[-118.28764673,34.56635087],[-118.28764158,34.56509059],[-118.28764146,34.56506266],[-118.2876405,34.56482702],[-118.28763903,34.56447488],[-118.2876389,34.56444313],[-118.28763408,34.56329416],[-118.287634,34.5632687],[-118.28763385,34.56323101],[-118.28763373,34.56319432],[-118.28763352,34.56312717],[-118.28763261,34.56284169],[-118.28762688,34.56103581],[-118.2876265,34.5609171],[-118.28762045,34.55865206],[-118.28762032,34.5586036],[-118.287619,34.55856699],[-118.28761888,34.55853001],[-118.287612,34.55837148],[-118.28760724,34.55823842],[-118.28760526,34.55818322],[-118.28815366,34.55817951],[-118.28818516,34.55817972],[-118.2883855,34.558181],[-118.28857923,34.55818224],[-118.2886097,34.55818244],[-118.289166,34.558186],[-118.2898983,34.55819099],[-118.28992808,34.5581912],[-118.29029212,34.55819368],[-118.29044349,34.55819471],[-118.290486,34.558195],[-118.29059424,34.55819574],[-118.29172134,34.55820342],[-118.29177895,34.55820382],[-118.291806,34.558204],[-118.29187984,34.55820448],[-118.29196154,34.558205],[-118.29267632,34.5582096],[-118.29334061,34.55821388],[-118.29341656,34.55821437],[-118.29384789,34.55821714],[-118.29409916,34.55821876],[-118.2941434,34.55821905],[-118.29429228,34.55822],[-118.29441706,34.55822081],[-118.294447,34.558221],[-118.29455617,34.55822172],[-118.29625031,34.55823286],[-118.29718635,34.55823902],[-118.29847794,34.55824751],[-118.29862917,34.5582485],[-118.29986238,34.55825661],[-118.29999699,34.5582575],[-118.305547,34.558294],[-118.30570452,34.558295],[-118.30587937,34.55829611],[-118.30592381,34.55829639],[-118.30612799,34.55829769],[-118.3061695,34.55829795],[-118.30625237,34.55829848],[-118.30629282,34.55829873],[-118.30687538,34.55830243],[-118.306965,34.558303],[-118.30698566,34.55799006],[-118.30700733,34.55766198],[-118.30700961,34.55762735],[-118.30701472,34.55755004],[-118.3070445,34.55709901],[-118.30707484,34.55663946],[-118.30710121,34.55624018],[-118.30710486,34.55618481],[-118.30711865,34.5559761],[-118.3071231,34.55590866],[-118.30712934,34.5558417],[-118.30713243,34.55581078],[-118.30714837,34.55565166],[-118.30715514,34.55558401],[-118.30716382,34.55549742],[-118.30717349,34.55540079],[-118.30720578,34.5550784],[-118.30720879,34.55504833],[-118.307228,34.55485651],[-118.307332,34.553818],[-118.30734711,34.55346661],[-118.30735365,34.5533144],[-118.3073605,34.553155],[-118.30737354,34.55285176],[-118.30737505,34.55281644],[-118.307389,34.552492],[-118.30741454,34.55216439],[-118.30741735,34.55212833],[-118.30742274,34.55205915],[-118.30744396,34.55178696],[-118.30745304,34.55167055],[-118.3074892,34.55120665],[-118.307499,34.551081],[-118.30750491,34.55100595],[-118.30750763,34.55097134],[-118.307574,34.550128],[-118.30758749,34.54994537],[-118.30759718,34.54981409],[-118.30771454,34.54822334],[-118.30772081,34.54813826],[-118.30773845,34.54789911],[-118.30779798,34.54709226],[-118.30781188,34.54690384],[-118.3078185,34.54681405],[-118.30796065,34.54488707],[-118.308039,34.543825],[-118.30806178,34.54352443],[-118.308311,34.540236],[-118.3088769,34.54023494],[-118.30901589,34.54023468],[-118.31071796,34.5402315],[-118.3116226,34.54022981],[-118.31165495,34.54022975],[-118.31169647,34.54022967],[-118.31305301,34.54022713],[-118.31309231,34.54022706],[-118.31312334,34.540227],[-118.318182,34.540217],[-118.31829891,34.54021648],[-118.31834993,34.54021626],[-118.31863523,34.540215],[-118.31943711,34.54021147],[-118.31949561,34.54021121],[-118.31952346,34.54021109],[-118.32103715,34.54020442],[-118.321359,34.540203],[-118.324536,34.540189],[-118.32453909,34.54039751],[-118.324553,34.541335],[-118.324666,34.541533],[-118.324666,34.541583],[-118.3246708,34.54161389],[-118.324689,34.541731],[-118.32470256,34.54177756],[-118.324719,34.541834],[-118.32472891,34.54189212],[-118.324719,34.542006],[-118.324719,34.54212],[-118.32471438,34.54222226],[-118.32471316,34.54224927],[-118.32471096,34.54229786],[-118.32470929,34.54233498],[-118.324704,34.542452],[-118.32468846,34.54255088],[-118.3246836,34.54258181],[-118.32467495,34.54263682],[-118.3246416,34.54284903],[-118.32463662,34.5428807],[-118.32461366,34.54297779],[-118.324605,34.543013],[-118.32460645,34.54303914],[-118.324612,34.543139],[-118.32464553,34.54318867],[-118.324666,34.543219],[-118.324704,34.543326],[-118.324719,34.543417],[-118.32472831,34.54345251],[-118.324735,34.543478],[-118.32472671,34.54353755],[-118.324719,34.543593],[-118.324719,34.54378],[-118.32471522,34.54384582],[-118.324712,34.543902],[-118.324674,34.544039],[-118.32467815,34.54407914],[-118.324689,34.544184],[-118.32470216,34.54424143],[-118.32470731,34.54426389],[-118.32470901,34.54432027],[-118.324711,34.544386],[-118.32472068,34.54442474],[-118.324734,34.544478],[-118.32474537,34.54450016],[-118.32476203,34.54453263],[-118.324773,34.544554],[-118.32479191,34.54460696],[-118.324803,34.544638],[-118.32480469,34.54466214],[-118.32480646,34.54468732],[-118.324811,34.544752],[-118.32483282,34.54486625],[-118.32484326,34.54492092],[-118.324849,34.544951],[-118.324879,34.545035],[-118.32491164,34.54508155],[-118.32494,34.545122],[-118.324986,34.545199],[-118.32500836,34.54525402],[-118.325062,34.545386],[-118.32507298,34.54554662],[-118.32507871,34.54563045],[-118.325086,34.545737],[-118.32508572,34.54577386],[-118.32508538,34.54581942],[-118.325085,34.54587],[-118.32515655,34.54617238],[-118.32516719,34.54621735],[-118.32517977,34.54624568],[-118.325261,34.54642],[-118.32532214,34.54651473],[-118.32534669,34.54655277],[-118.32539219,34.54661445],[-118.32543849,34.54667603],[-118.3255158,34.54676721],[-118.325635,34.546904],[-118.32569464,34.54695579],[-118.32573898,34.5469943],[-118.325932,34.547095],[-118.326039,34.547194],[-118.32606237,34.54721009],[-118.326161,34.547278],[-118.32640118,34.54734198],[-118.32648411,34.54737065],[-118.326611,34.547415],[-118.32665855,34.54742746],[-118.3267185,34.54744317],[-118.326756,34.547453],[-118.32686348,34.54749434],[-118.32691743,34.54751872],[-118.326962,34.547541],[-118.32701209,34.54757421],[-118.327054,34.547602],[-118.32709572,34.54764795],[-118.32711379,34.54766785],[-118.32713149,34.54769081],[-118.327176,34.547758],[-118.32719702,34.54780689],[-118.327222,34.547865],[-118.32723441,34.54791366],[-118.32724323,34.54794826],[-118.32726,34.548014],[-118.327286,34.54806361],[-118.32731485,34.54811865],[-118.327336,34.548159],[-118.32734867,34.54819019],[-118.32738225,34.5482729],[-118.32746217,34.54843059],[-118.32751452,34.54848367],[-118.327763,34.548731],[-118.32784549,34.54877224],[-118.327885,34.548792],[-118.32790557,34.54880949],[-118.32797717,34.54887036],[-118.32805598,34.54893737],[-118.328092,34.548968],[-118.32812397,34.54902331],[-118.32814752,34.54906407],[-118.32818395,34.54912711],[-118.328244,34.549231],[-118.32827478,34.54932958],[-118.32829876,34.54940639],[-118.328313,34.549452],[-118.32832208,34.54952756],[-118.32832574,34.54955801],[-118.32833058,34.54959824],[-118.328335,34.549635],[-118.32835045,34.54972098],[-118.32835909,34.54976906],[-118.328374,34.549852],[-118.328404,34.550051],[-118.32846439,34.55024444],[-118.32847141,34.5502669],[-118.32850652,34.55039441],[-118.32851804,34.5504365],[-118.32855434,34.5506049],[-118.32856133,34.55063753],[-118.3285652,34.55066285],[-118.32856862,34.55069964],[-118.32857707,34.55079053],[-118.32861,34.550989],[-118.328656,34.551111],[-118.32868153,34.5511592],[-118.32873482,34.55125977],[-118.328816,34.551413],[-118.32884824,34.55150552],[-118.328885,34.551611],[-118.32893012,34.55176635],[-118.328946,34.551821],[-118.32895079,34.55186077],[-118.328969,34.552012],[-118.32898201,34.55207874],[-118.32898884,34.55211378],[-118.32899444,34.55216762],[-118.328999,34.552237],[-118.32899302,34.5522635],[-118.32898793,34.55228608],[-118.32897811,34.55232961],[-118.328969,34.55237],[-118.32896153,34.55239312],[-118.32895148,34.55242421],[-118.328916,34.552534],[-118.328885,34.552717],[-118.328885,34.552866],[-118.328854,34.553015],[-118.32887,34.55332],[-118.32887,34.553526],[-118.32887923,34.55361523],[-118.328885,34.553671],[-118.32889529,34.55372451],[-118.32890477,34.5537738],[-118.328915,34.553827],[-118.328916,34.554052],[-118.32893018,34.55421841],[-118.3289255,34.55425664],[-118.32887295,34.55442642],[-118.32886428,34.5544523],[-118.328855,34.55448],[-118.328786,34.554628],[-118.32876355,34.55467038],[-118.32871798,34.55475641],[-118.328679,34.55483],[-118.32864835,34.55493615],[-118.32863566,34.55498008],[-118.328625,34.555017],[-118.32861201,34.55503691],[-118.32859734,34.55505941],[-118.32858,34.555086],[-118.32857093,34.55510709],[-118.32855693,34.55513966],[-118.32853803,34.55518361],[-118.3285218,34.55520855],[-118.32850238,34.55523837],[-118.32848717,34.55526019],[-118.328465,34.555292],[-118.3283882,34.55533932],[-118.328366,34.555353],[-118.32832835,34.55537457],[-118.328153,34.555475],[-118.32811668,34.55548688],[-118.328046,34.55551],[-118.32794498,34.55553813],[-118.32787,34.555559],[-118.32780337,34.55557566],[-118.327702,34.555601],[-118.327489,34.555697],[-118.32746363,34.55571183],[-118.327412,34.555742],[-118.32729,34.555822],[-118.32720627,34.55586249],[-118.32711608,34.55590611],[-118.327046,34.55594],[-118.32701531,34.55595654],[-118.32690292,34.55601709],[-118.32684,34.556051],[-118.32681583,34.55607517],[-118.32677968,34.55611132],[-118.326756,34.556135],[-118.326619,34.556196],[-118.32652489,34.55626752],[-118.32649461,34.55630152],[-118.32646071,34.55634256],[-118.326405,34.55641],[-118.32634484,34.55651841],[-118.326314,34.556574],[-118.32629406,34.5566461],[-118.32628167,34.55669089],[-118.326275,34.556715],[-118.32626913,34.55674044],[-118.32626243,34.55676945],[-118.32625464,34.55680322],[-118.326245,34.556845],[-118.326199,34.556959],[-118.326169,34.557074],[-118.32616486,34.55714281],[-118.326161,34.557207],[-118.32619067,34.55727974],[-118.32622352,34.55731302],[-118.32624168,34.55733031],[-118.326276,34.557363],[-118.32629255,34.55739299],[-118.326329,34.557459],[-118.326375,34.557512],[-118.32639189,34.55754578],[-118.32641302,34.55758804],[-118.326436,34.557634],[-118.3264486,34.5576696],[-118.326459,34.557699],[-118.3264645,34.55774369],[-118.326474,34.557821],[-118.326504,34.558004],[-118.32650243,34.55803583],[-118.32649666,34.55815317],[-118.32649395,34.55820844],[-118.326489,34.558309],[-118.326489,34.558433],[-118.3300436,34.55845653],[-118.33112364,34.55846368],[-118.33302984,34.5584763],[-118.334496,34.558486],[-118.3492863,34.55853813],[-118.359748,34.558575],[-118.35942879,34.56049116],[-118.3592126,34.56178893],[-118.359022,34.562933],[-118.35899388,34.56291894],[-118.35895537,34.56289968],[-118.358918,34.562881],[-118.358749,34.56276],[-118.35867896,34.56265191],[-118.35865989,34.56261622],[-118.35861656,34.56253514],[-118.358539,34.56239],[-118.35847,34.562338],[-118.35838073,34.56230265],[-118.358275,34.562309],[-118.35814382,34.56234039],[-118.358112,34.562348],[-118.35806127,34.56236176],[-118.357994,34.56238],[-118.35794573,34.56238045],[-118.357887,34.562381],[-118.35784885,34.56239882],[-118.3577793,34.56243131],[-118.35775,34.562445],[-118.35769275,34.56247749],[-118.35762663,34.56250388],[-118.3574851,34.56255228],[-118.35743552,34.56256314],[-118.357305,34.562591],[-118.35718108,34.56259206],[-118.357071,34.562593],[-118.35702731,34.56259051],[-118.35698621,34.56258816],[-118.35693661,34.56258533],[-118.35688893,34.56258261],[-118.3568459,34.56258016],[-118.356773,34.562576],[-118.35667866,34.5625722],[-118.3566261,34.56257008],[-118.356475,34.562564],[-118.356334,34.562538],[-118.35623985,34.56251524],[-118.356152,34.562494],[-118.356008,34.562464],[-118.35597152,34.56245778],[-118.35592229,34.56244938],[-118.355838,34.562435],[-118.35576414,34.56241054],[-118.35571304,34.56239362],[-118.355687,34.562385],[-118.355583,34.56233984],[-118.35555261,34.56232665],[-118.355415,34.562238],[-118.35535352,34.56220141],[-118.35531487,34.56217842],[-118.35525406,34.56214636],[-118.35521663,34.56212706],[-118.35516138,34.56209925],[-118.35506259,34.56207456],[-118.354992,34.562061],[-118.35494997,34.56203078],[-118.354871,34.561974],[-118.35485453,34.56193007],[-118.354838,34.561886],[-118.35481308,34.56181378],[-118.35479324,34.56175626],[-118.35478549,34.56173381],[-118.3547695,34.56169323],[-118.3547525,34.56165425],[-118.354714,34.561566],[-118.35464665,34.56151637],[-118.35461929,34.56150371],[-118.35459253,34.56149242],[-118.354537,34.561469],[-118.35445115,34.56144836],[-118.3544049,34.56143724],[-118.354354,34.561425],[-118.35430907,34.5614211],[-118.3542388,34.56141501],[-118.35413843,34.5614063],[-118.35402167,34.56138724],[-118.35399175,34.56138229],[-118.35390959,34.56135804],[-118.353839,34.561337],[-118.35381416,34.56132426],[-118.35375575,34.56129432],[-118.35370291,34.56126723],[-118.353592,34.561226],[-118.35352439,34.56122404],[-118.35349083,34.56122307],[-118.353454,34.561222],[-118.353398,34.561243],[-118.353292,34.56126],[-118.35324992,34.56125044],[-118.353204,34.56124],[-118.35315782,34.56119835],[-118.35314232,34.56117799],[-118.353089,34.561102],[-118.352961,34.560953],[-118.35293602,34.56093552],[-118.352771,34.56082],[-118.352688,34.560758],[-118.35266002,34.56075212],[-118.35262181,34.56074409],[-118.3525768,34.56073463],[-118.35255,34.560729],[-118.35249025,34.56074298],[-118.352456,34.560751],[-118.35238239,34.5607903],[-118.3523387,34.56081363],[-118.35229113,34.56085874],[-118.35226079,34.5608877],[-118.352184,34.560961],[-118.35209583,34.56103597],[-118.35206792,34.5610597],[-118.3520425,34.56108132],[-118.352017,34.561103],[-118.35195589,34.56114146],[-118.351874,34.561193],[-118.3517691,34.56122297],[-118.35168346,34.56122978],[-118.35164156,34.56123311],[-118.35158,34.561238],[-118.351461,34.561239],[-118.35141252,34.56125035],[-118.35138634,34.56125647],[-118.35128883,34.56132016],[-118.351256,34.561345],[-118.351107,34.56145],[-118.350983,34.561519],[-118.3508862,34.56154066],[-118.350764,34.561568],[-118.35070805,34.56157944],[-118.35058885,34.56160381],[-118.35051708,34.56161849],[-118.35045737,34.5616292],[-118.350308,34.561656],[-118.350214,34.561647],[-118.349985,34.561447],[-118.349908,34.561386],[-118.34986104,34.5613773],[-118.349827,34.561371],[-118.34977651,34.56138968],[-118.349727,34.561408],[-118.349503,34.561515],[-118.34940055,34.5615697],[-118.349323,34.561605],[-118.34928638,34.56160238],[-118.349253,34.5616],[-118.34922812,34.5615909],[-118.34918782,34.56157615],[-118.34912335,34.56152941],[-118.34910145,34.56151075],[-118.34907152,34.56148526],[-118.34904818,34.5614592],[-118.34902664,34.56143517],[-118.348936,34.561334],[-118.34886352,34.5612704],[-118.34882636,34.5612378],[-118.34877954,34.56119671],[-118.348732,34.561155],[-118.34870883,34.5611433],[-118.348631,34.561104],[-118.348524,34.561085],[-118.34848675,34.56109332],[-118.34843,34.561106],[-118.34837765,34.56113766],[-118.34834049,34.56116013],[-118.34831353,34.56117644],[-118.348263,34.561207],[-118.34821491,34.56125234],[-118.348158,34.561306],[-118.348095,34.561318],[-118.348064,34.56131975],[-118.34802549,34.56132193],[-118.347989,34.561324],[-118.3479182,34.56131917],[-118.347857,34.561315],[-118.34781516,34.56130327],[-118.34778683,34.56129533],[-118.34775,34.561285],[-118.34771028,34.5612595],[-118.347655,34.561224],[-118.34763437,34.56118591],[-118.34762128,34.56116175],[-118.34759951,34.56106649],[-118.347589,34.561012],[-118.34757477,34.56097847],[-118.34753,34.560873],[-118.34751088,34.56085149],[-118.34746798,34.56082659],[-118.34741,34.560801],[-118.34738143,34.56079932],[-118.34724351,34.5607906],[-118.34720579,34.56078818],[-118.34717061,34.56079462],[-118.34709565,34.56080996],[-118.34696557,34.56086235],[-118.34688666,34.56092611],[-118.34685471,34.5609611],[-118.34682696,34.56100423],[-118.346793,34.561057],[-118.34678298,34.56110669],[-118.34677538,34.56114432],[-118.34677,34.561171],[-118.34675737,34.56120572],[-118.346734,34.56127],[-118.34670599,34.56132566],[-118.34669295,34.56135158],[-118.346655,34.561427],[-118.346557,34.561573],[-118.34647428,34.56169961],[-118.34644536,34.56174388],[-118.34641,34.561798],[-118.346299,34.561882],[-118.34627686,34.56190482],[-118.34612,34.562065],[-118.3460223,34.56214787],[-118.34597773,34.56217944],[-118.34590213,34.56223299],[-118.34586765,34.56225676],[-118.34582945,34.56230902],[-118.34582126,34.56238201],[-118.345818,34.562411],[-118.345838,34.562473],[-118.345864,34.562504],[-118.34589803,34.5625197],[-118.34596484,34.56255054],[-118.34602,34.562576],[-118.346243,34.562606],[-118.34628347,34.56263453],[-118.34634338,34.562722],[-118.346335,34.56292],[-118.34631796,34.56303502],[-118.34631057,34.56308493],[-118.346307,34.563109],[-118.346329,34.563354],[-118.34634934,34.5633933],[-118.346432,34.563553],[-118.34656,34.56387],[-118.3466367,34.56397529],[-118.34665592,34.56400167],[-118.34667,34.564021],[-118.34670198,34.56403453],[-118.3468,34.564076],[-118.347072,34.564214],[-118.34717708,34.5642523],[-118.34721968,34.56426784],[-118.347275,34.564288],[-118.347323,34.564309],[-118.34736772,34.56432089],[-118.347402,34.56433],[-118.34745583,34.56430778],[-118.347511,34.564285],[-118.34756543,34.56426197],[-118.347615,34.564241],[-118.34766569,34.56422799],[-118.347767,34.564202],[-118.34795493,34.56420264],[-118.348061,34.564203],[-118.34822628,34.56424746],[-118.348391,34.564366],[-118.34842405,34.56444969],[-118.34845488,34.56452776],[-118.348468,34.564561],[-118.348548,34.564669],[-118.34862242,34.56470425],[-118.34865238,34.56471844],[-118.34877637,34.56474098],[-118.348851,34.564748],[-118.349016,34.564711],[-118.34905454,34.56469768],[-118.34909427,34.56468394],[-118.34913726,34.56466908],[-118.349178,34.564655],[-118.349383,34.564657],[-118.349658,34.564687],[-118.349712,34.564751],[-118.34978204,34.56484669],[-118.34982571,34.56490635],[-118.349854,34.564945],[-118.349931,34.565003],[-118.350032,34.565041],[-118.35011091,34.56504702],[-118.350281,34.56506],[-118.35037755,34.56504268],[-118.35042452,34.56503425],[-118.3504594,34.565028],[-118.350543,34.565013],[-118.35073626,34.56492092],[-118.35080778,34.56488684],[-118.35084621,34.56486852],[-118.35088867,34.56484829],[-118.351032,34.56478],[-118.3510742,34.56477229],[-118.351147,34.564759],[-118.35119865,34.56476904],[-118.3512723,34.56478335],[-118.351358,34.5648],[-118.351537,34.564846],[-118.35157729,34.56484244],[-118.35163548,34.56483731],[-118.351673,34.564834],[-118.352006,34.564656],[-118.352141,34.564594],[-118.352415,34.564506],[-118.35245982,34.56449466],[-118.35252319,34.56447863],[-118.352664,34.564443],[-118.35269934,34.56442669],[-118.352833,34.564365],[-118.35285808,34.56434959],[-118.352916,34.564314],[-118.35294511,34.56431477],[-118.353029,34.564317],[-118.35314967,34.56434161],[-118.35318332,34.56434847],[-118.35323137,34.56435827],[-118.353284,34.564369],[-118.35341974,34.56444217],[-118.353563,34.564589],[-118.35356987,34.56462276],[-118.35357467,34.56464635],[-118.353586,34.564702],[-118.35355321,34.5647801],[-118.35352099,34.56485682],[-118.35346546,34.56492795],[-118.353402,34.564992],[-118.35322,34.565096],[-118.3531318,34.56516384],[-118.35309,34.565196],[-118.35294229,34.56527202],[-118.352919,34.565284],[-118.352844,34.56534002],[-118.35278833,34.56554358],[-118.35278113,34.56557346],[-118.352774,34.565603],[-118.352796,34.565798],[-118.35282282,34.56587511],[-118.352884,34.566051],[-118.35294794,34.56614123],[-118.35296716,34.56616835],[-118.352991,34.566202],[-118.35300619,34.56623573],[-118.35302793,34.56628401],[-118.35305511,34.56634436],[-118.353061,34.566429],[-118.35304297,34.56649032],[-118.353026,34.566548],[-118.35300665,34.56657517],[-118.352979,34.566614],[-118.35293937,34.56665455],[-118.35291052,34.5666671],[-118.35281,34.566703],[-118.35277576,34.56671485],[-118.35271424,34.56673615],[-118.35268,34.566748],[-118.35265054,34.56676419],[-118.35261629,34.566783],[-118.352589,34.566798],[-118.352532,34.566864],[-118.35253409,34.56698011],[-118.35253464,34.56701119],[-118.35253627,34.56707266],[-118.35253988,34.56719176],[-118.35254409,34.56733013],[-118.352547,34.567426],[-118.352479,34.567633],[-118.352363,34.56776],[-118.352321,34.567902],[-118.3523202,34.56792974],[-118.3523195,34.56795371],[-118.35233316,34.56797864],[-118.35235478,34.56801813],[-118.352394,34.568025],[-118.3524246,34.56802281],[-118.352464,34.56802],[-118.352553,34.568008],[-118.35265754,34.56791325],[-118.35269801,34.56787657],[-118.35271736,34.56785903],[-118.35278141,34.56780097],[-118.35282,34.567766],[-118.352943,34.567602],[-118.35295257,34.5675367],[-118.35296264,34.56746806],[-118.352971,34.567411],[-118.353,34.567395],[-118.35303052,34.56738143],[-118.3531215,34.56737659],[-118.353189,34.567373],[-118.35322067,34.5673817],[-118.35327484,34.56739659],[-118.35332,34.567409],[-118.35339922,34.56740791],[-118.35344781,34.56740724],[-118.35348917,34.56740291],[-118.35353,34.567396],[-118.353703,34.567205],[-118.35373415,34.56717374],[-118.35384338,34.56706413],[-118.353987,34.56692],[-118.354027,34.566822],[-118.35402395,34.56671315],[-118.35402231,34.56665451],[-118.35402,34.566572],[-118.35403496,34.56654253],[-118.35404773,34.56651739],[-118.354137,34.566503],[-118.35418637,34.56654263],[-118.35423869,34.56658463],[-118.35426968,34.56660951],[-118.35437249,34.56670399],[-118.354391,34.566721],[-118.35447087,34.56687752],[-118.35448961,34.56691424],[-118.35451378,34.56694698],[-118.354635,34.56711],[-118.35476437,34.56724332],[-118.35478996,34.5672697],[-118.354864,34.567346],[-118.354971,34.567563],[-118.35498983,34.56760945],[-118.355016,34.567674],[-118.35502257,34.56778646],[-118.355024,34.567811],[-118.354971,34.567945],[-118.3549643,34.56797225],[-118.35495065,34.5680277],[-118.35494436,34.56805327],[-118.35494154,34.56817539],[-118.35494,34.568242],[-118.35499611,34.56841699],[-118.355016,34.568479],[-118.35502322,34.56850663],[-118.3550423,34.56857964],[-118.355062,34.568655],[-118.35508676,34.56871168],[-118.35509652,34.56873404],[-118.3551,34.568933],[-118.35513574,34.56899205],[-118.35516389,34.56919652],[-118.35517085,34.5692471],[-118.355177,34.569306],[-118.355161,34.569459],[-118.35513523,34.56953573],[-118.355116,34.569593],[-118.35507,34.569692],[-118.355055,34.569906],[-118.35507,34.57007],[-118.355092,34.570165],[-118.35510939,34.57018995],[-118.35515488,34.57025521],[-118.355283,34.570382],[-118.35545731,34.57051884],[-118.355497,34.57055],[-118.35563748,34.57067333],[-118.35566668,34.57069897],[-118.35571,34.570737],[-118.35586975,34.57085508],[-118.355917,34.57089],[-118.356092,34.571012],[-118.356348,34.57122039],[-118.35636995,34.57123826],[-118.35642,34.571279],[-118.356496,34.571351],[-118.35653495,34.57139754],[-118.3565514,34.57141719],[-118.356657,34.571576],[-118.35670047,34.57166033],[-118.35671869,34.57169567],[-118.35674,34.571737],[-118.35676733,34.57182557],[-118.35677899,34.57186334],[-118.356794,34.571912],[-118.35680608,34.57196433],[-118.356824,34.572042],[-118.356832,34.572171],[-118.356924,34.572499],[-118.35692543,34.57253507],[-118.3569269,34.57257187],[-118.356931,34.572675],[-118.356962,34.572923],[-118.35696382,34.57296031],[-118.35696564,34.57299762],[-118.35696782,34.5730424],[-118.35697,34.573087],[-118.35697795,34.57312545],[-118.357,34.573232],[-118.35701953,34.57330883],[-118.35703,34.57335],[-118.357076,34.573468],[-118.357076,34.573636],[-118.35707702,34.57365942],[-118.357084,34.573819],[-118.35715148,34.57425225],[-118.35715281,34.57429413],[-118.35715246,34.57435235],[-118.357152,34.57443],[-118.35715889,34.57459355],[-118.35716,34.57462],[-118.35720947,34.57475016],[-118.357233,34.57481206],[-118.357244,34.574841],[-118.35729,34.575166],[-118.35729932,34.57521032],[-118.35730485,34.57523661],[-118.35731112,34.57526645],[-118.357335,34.57538],[-118.35737409,34.5754761],[-118.35742,34.575589],[-118.3574898,34.57567152],[-118.35752672,34.57571516],[-118.35758008,34.57577825],[-118.357656,34.575868],[-118.35769457,34.57593713],[-118.357709,34.575963],[-118.35774,34.576054],[-118.35774759,34.57608094],[-118.35769951,34.57607698],[-118.35765983,34.57607227],[-118.35761681,34.57607283],[-118.35758202,34.57608312],[-118.357541,34.576102],[-118.357524,34.57616],[-118.35749564,34.57623828],[-118.35748782,34.57625987],[-118.357474,34.576298],[-118.35743327,34.57638625],[-118.35742317,34.57640814],[-118.35738,34.576514],[-118.357405,34.576928],[-118.35743576,34.57707744],[-118.3574871,34.57732688],[-118.357511,34.577443],[-118.35751197,34.57750934],[-118.35751236,34.57753636],[-118.357513,34.57758],[-118.35749435,34.57763534],[-118.357483,34.577669],[-118.35746491,34.57769299],[-118.357437,34.57773],[-118.357403,34.577761],[-118.35737156,34.57776657],[-118.35732465,34.57777489],[-118.35727183,34.57778705],[-118.35724423,34.57779341],[-118.357207,34.577802],[-118.35715847,34.57781693],[-118.357105,34.577858],[-118.357061,34.577902],[-118.357039,34.577943],[-118.35704406,34.57798822],[-118.357057,34.578104],[-118.35709905,34.57822058],[-118.357123,34.578287],[-118.35714518,34.5783298],[-118.35722639,34.57848653],[-118.357294,34.578617],[-118.35731461,34.57869319],[-118.3573227,34.57872308],[-118.35732495,34.57875212],[-118.35731973,34.57877629],[-118.35726222,34.57884188],[-118.35710982,34.5788493],[-118.35685157,34.57884482],[-118.35681404,34.57884417],[-118.35678064,34.57884325],[-118.35669734,34.57884057],[-118.356555,34.578836],[-118.35645994,34.57882106],[-118.356415,34.578814],[-118.356368,34.578817],[-118.356303,34.578841],[-118.35627831,34.57887964],[-118.356257,34.578913],[-118.3562442,34.57893491],[-118.3562267,34.57896486],[-118.356198,34.579014],[-118.35617429,34.57903807],[-118.356133,34.57908],[-118.35597395,34.57914878],[-118.355948,34.57916],[-118.35591694,34.57916543],[-118.355765,34.579192],[-118.3557247,34.57919493],[-118.355655,34.5792],[-118.35558736,34.57921127],[-118.35554547,34.5792251],[-118.35547,34.579293],[-118.35543724,34.57938596],[-118.35541028,34.57941778],[-118.35534981,34.57947046],[-118.35532715,34.57948467],[-118.355118,34.579577],[-118.35507458,34.57959816],[-118.35497277,34.57964778],[-118.35489922,34.57968363],[-118.35484409,34.57971019],[-118.354763,34.579749],[-118.354607,34.579769],[-118.354483,34.579769],[-118.354417,34.579772],[-118.35438313,34.57977749],[-118.354343,34.579784],[-118.35430832,34.57979471],[-118.35428233,34.57980274],[-118.3542554,34.57985386],[-118.354261,34.579894],[-118.354305,34.579934],[-118.35434939,34.57994726],[-118.354382,34.579957],[-118.35441143,34.57995928],[-118.354511,34.579967],[-118.35454059,34.57996665],[-118.35460028,34.57996594],[-118.35468,34.579965],[-118.35485226,34.57992193],[-118.354924,34.579904],[-118.3550698,34.57987834],[-118.35512012,34.57986948],[-118.35515614,34.57986314],[-118.355417,34.579807],[-118.35545257,34.57980169],[-118.355618,34.579777],[-118.355749,34.579774],[-118.35579816,34.57978102],[-118.3559105,34.57979707],[-118.35602058,34.57980681],[-118.35609376,34.57980654],[-118.35613501,34.57980554],[-118.356289,34.579764],[-118.35646,34.579724],[-118.35652338,34.57971206],[-118.35658677,34.57970013],[-118.356614,34.579695],[-118.356826,34.579676],[-118.35685475,34.57967943],[-118.35688528,34.57968308],[-118.357052,34.579703],[-118.35713473,34.57971383],[-118.35719364,34.57972155],[-118.35727364,34.57973202],[-118.357304,34.579736],[-118.35734208,34.57974399],[-118.35737225,34.57975032],[-118.357447,34.579766],[-118.35753384,34.5797685],[-118.35759619,34.57977029],[-118.35768483,34.57976308],[-118.35775,34.579755],[-118.35778899,34.57974742],[-118.35784669,34.5797362],[-118.35788952,34.57972787],[-118.35792921,34.57971462],[-118.357979,34.579698],[-118.35801798,34.57969275],[-118.358083,34.579684],[-118.358116,34.57968374],[-118.35814566,34.57968351],[-118.35821,34.579683],[-118.35828555,34.57969706],[-118.35831834,34.57970317],[-118.35843746,34.57972534],[-118.35846572,34.5797306],[-118.358727,34.579791],[-118.35878234,34.57980957],[-118.35881451,34.57982037],[-118.358873,34.57984],[-118.35895019,34.57985675],[-118.359002,34.579868],[-118.359133,34.579865],[-118.35920347,34.57986632],[-118.359508,34.579872],[-118.359642,34.579893],[-118.35966151,34.57991845],[-118.359749,34.580056],[-118.359767,34.580191],[-118.359758,34.580331],[-118.35976625,34.58035574],[-118.359786,34.580415],[-118.359823,34.580435],[-118.3598491,34.580445],[-118.359905,34.580462],[-118.35994453,34.58045791],[-118.35998195,34.58044903],[-118.360031,34.580437],[-118.3600568,34.58042442],[-118.36008598,34.5804102],[-118.360111,34.580398],[-118.36015807,34.58037735],[-118.360208,34.580352],[-118.36030964,34.58034336],[-118.360361,34.580339],[-118.36040405,34.58034373],[-118.360443,34.580348],[-118.360518,34.580379],[-118.36055034,34.58041261],[-118.360569,34.580432],[-118.36059583,34.58044704],[-118.360635,34.580469],[-118.36069779,34.58048141],[-118.360807,34.580503],[-118.36084559,34.58050608],[-118.36096448,34.58051556],[-118.36106837,34.58051469],[-118.36112,34.580514],[-118.36121,34.580494],[-118.361284,34.580449],[-118.36134334,34.58040732],[-118.361368,34.58039],[-118.36143247,34.58036774],[-118.36151565,34.58033978],[-118.361551,34.580328],[-118.36158949,34.58032752],[-118.36162737,34.58032704],[-118.36179,34.580325],[-118.36185483,34.58033492],[-118.36197117,34.58035272],[-118.362352,34.580411],[-118.36242366,34.58042926],[-118.36247216,34.58044162],[-118.36253686,34.58045811],[-118.362611,34.580477],[-118.36270851,34.58049365],[-118.36276315,34.58049643],[-118.362872,34.580495],[-118.36312,34.580462],[-118.363316,34.580448],[-118.363438,34.580438],[-118.36347013,34.58043721],[-118.36357776,34.58043458],[-118.363847,34.580428],[-118.3638788,34.58043462],[-118.36396118,34.58045176],[-118.364169,34.580495],[-118.364353,34.580546],[-118.36439028,34.58055644],[-118.36442509,34.58056619],[-118.36451095,34.58057723],[-118.364582,34.580586],[-118.36468316,34.58059199],[-118.364734,34.580595],[-118.36476683,34.58059278],[-118.364867,34.580586],[-118.36495,34.580563],[-118.36501474,34.58053688],[-118.36511178,34.58049772],[-118.365292,34.580425],[-118.36538501,34.58040744],[-118.36543262,34.58039845],[-118.365578,34.580371],[-118.36569821,34.58032979],[-118.36574265,34.58031455],[-118.36580812,34.58027704],[-118.365865,34.580242],[-118.365905,34.580171],[-118.36592398,34.58015047],[-118.365954,34.580118],[-118.36602354,34.58009482],[-118.36612883,34.580074],[-118.36616786,34.58006628],[-118.366242,34.580053],[-118.36654016,34.58007229],[-118.366582,34.580075],[-118.366691,34.580098],[-118.366767,34.580099],[-118.36680269,34.58009374],[-118.366862,34.580085],[-118.36696765,34.58004687],[-118.366995,34.580037],[-118.367122,34.579963],[-118.36717189,34.57992925],[-118.3672026,34.57991188],[-118.36724146,34.57989609],[-118.367318,34.579865],[-118.367406,34.579853],[-118.3674471,34.57985679],[-118.367482,34.57986],[-118.36752162,34.57988235],[-118.367638,34.579948],[-118.3676721,34.57996624],[-118.36773953,34.5800023],[-118.367825,34.580048],[-118.36786146,34.58006158],[-118.367927,34.580086],[-118.36797092,34.58010137],[-118.368007,34.580114],[-118.36819645,34.58011114],[-118.36836099,34.58005836],[-118.36841865,34.58004382],[-118.368644,34.579987],[-118.3686962,34.57997199],[-118.3687713,34.57995039],[-118.36887,34.579922],[-118.36886556,34.57996479],[-118.36885972,34.58002114],[-118.368853,34.580086],[-118.36880895,34.58021815],[-118.36877447,34.58032159],[-118.36869431,34.58044702],[-118.368623,34.580558],[-118.3684703,34.58071279],[-118.368331,34.580854],[-118.367935,34.581118],[-118.367248,34.581529],[-118.366585,34.581883],[-118.36627146,34.58203369],[-118.366069,34.582131],[-118.36558665,34.58234881],[-118.36556291,34.58235953],[-118.365398,34.582434],[-118.364993,34.582639],[-118.36494803,34.58266427],[-118.364678,34.582816],[-118.36419019,34.58315798],[-118.36398029,34.58330513],[-118.363825,34.583414],[-118.36370281,34.58348903],[-118.36358628,34.58356059],[-118.363413,34.583667],[-118.36304,34.583829],[-118.36271143,34.5839464],[-118.362609,34.583983],[-118.36227097,34.58406474],[-118.36222189,34.58407661],[-118.36211407,34.58410269],[-118.361753,34.58419],[-118.36169671,34.58420068],[-118.36166245,34.58420719],[-118.36163312,34.58421275],[-118.3614,34.584257],[-118.36122646,34.58428322],[-118.361036,34.584312],[-118.3609524,34.58432204],[-118.360653,34.584358],[-118.36055287,34.58435971],[-118.36045453,34.58436138],[-118.36037026,34.58436282],[-118.36033395,34.58436343],[-118.360242,34.584365],[-118.359873,34.58432891],[-118.359833,34.584325],[-118.35980507,34.58432165],[-118.35966606,34.58430497],[-118.35959644,34.58429661],[-118.359308,34.584262],[-118.358993,34.584206],[-118.35884055,34.58416526],[-118.35881095,34.58415735],[-118.358746,34.58414],[-118.35874673,34.58417567],[-118.35874762,34.58421984],[-118.358751,34.584386],[-118.35876455,34.58444881],[-118.35877962,34.58451861],[-118.35878573,34.58454692],[-118.358792,34.584576],[-118.35884163,34.58463927],[-118.35888094,34.58468937],[-118.35892335,34.58471455],[-118.35898496,34.58474898],[-118.359019,34.584768],[-118.35904389,34.58477786],[-118.359072,34.584789],[-118.35910603,34.58480251],[-118.35914,34.584816],[-118.359225,34.584849],[-118.35942316,34.58491047],[-118.35945207,34.58491944],[-118.359499,34.584934],[-118.35983039,34.5850528],[-118.36031932,34.58522808],[-118.360559,34.585314],[-118.36060434,34.58532415],[-118.36067405,34.58533976],[-118.360885,34.585387],[-118.36137244,34.58545121],[-118.36151245,34.58546965],[-118.361591,34.58548],[-118.361676,34.585489],[-118.36219137,34.58554851],[-118.362516,34.585586],[-118.36271162,34.58562044],[-118.362786,34.58563354],[-118.362959,34.585664],[-118.36305012,34.58568531],[-118.36316,34.585711],[-118.3633041,34.58576853],[-118.3633327,34.58577994],[-118.363418,34.585814],[-118.36360548,34.58589656],[-118.36368741,34.58593265],[-118.36372,34.585947],[-118.365729,34.586883],[-118.365858,34.586943],[-118.366276,34.587145],[-118.36644304,34.58720068],[-118.366648,34.587269],[-118.36699357,34.58734361],[-118.367088,34.587364],[-118.36717552,34.58737847],[-118.36722867,34.58738726],[-118.36726139,34.58739268],[-118.367348,34.587407],[-118.36756469,34.58741972],[-118.367774,34.587432],[-118.369297,34.587432],[-118.36947204,34.58743041],[-118.36969353,34.5874284],[-118.369738,34.587428],[-118.36997988,34.58742573],[-118.37020843,34.58742358],[-118.37034175,34.58742233],[-118.370377,34.587422],[-118.37049927,34.58742466],[-118.371618,34.587449],[-118.372696,34.587461],[-118.37280769,34.58747051],[-118.37291093,34.5874793],[-118.37306,34.587492],[-118.37316944,34.58750815],[-118.373243,34.587519],[-118.37344,34.587553],[-118.37350128,34.58756605],[-118.37356984,34.58758065],[-118.373811,34.587632],[-118.37405356,34.58769165],[-118.37410638,34.58770463],[-118.3742148,34.5877368],[-118.374368,34.587783],[-118.37454543,34.58784746],[-118.37460894,34.58787053],[-118.37464527,34.58788393],[-118.37468986,34.58790055],[-118.375005,34.588018],[-118.37504316,34.58803469],[-118.375084,34.58805256],[-118.37524027,34.58812093],[-118.37529571,34.58814519],[-118.37533856,34.58816393],[-118.375405,34.588193],[-118.375686,34.588311],[-118.37571107,34.58832297],[-118.375862,34.588395],[-118.37588721,34.58841301],[-118.37636999,34.58875551],[-118.377397,34.589484],[-118.379163,34.590789],[-118.37927499,34.59086933],[-118.37931853,34.59090056],[-118.379545,34.591063],[-118.379728,34.591236],[-118.37975092,34.59126862],[-118.37978,34.59131],[-118.37985048,34.59140984],[-118.37987058,34.59143833],[-118.37988461,34.59145819],[-118.379936,34.591531],[-118.380076,34.591694],[-118.38012816,34.59173762],[-118.38015922,34.5917636],[-118.380186,34.591786],[-118.38023071,34.59180951],[-118.380283,34.591837],[-118.380462,34.591885],[-118.38053322,34.59188972],[-118.380613,34.591895],[-118.38066845,34.59189183],[-118.38073709,34.59188791],[-118.3808123,34.59188361],[-118.38089702,34.59187877],[-118.380963,34.591875],[-118.381232,34.591864],[-118.38129046,34.59187938],[-118.381346,34.591894],[-118.38137644,34.59190955],[-118.38144995,34.59194709],[-118.38156367,34.59200517],[-118.3817466,34.59213631],[-118.382187,34.592452],[-118.3822744,34.59256536],[-118.38229472,34.59259597],[-118.3823328,34.59266152],[-118.382381,34.592746],[-118.38241819,34.59279473],[-118.38245045,34.592837],[-118.382497,34.592898],[-118.38263,34.592951],[-118.382739,34.592961],[-118.38276777,34.5929594],[-118.382829,34.592956],[-118.382899,34.592936],[-118.38296066,34.59289654],[-118.38299816,34.59286536],[-118.38305343,34.59294741],[-118.383101,34.593018],[-118.38316114,34.5931841],[-118.38318046,34.59323747],[-118.383185,34.593426],[-118.38318856,34.59344883],[-118.38319672,34.5935011],[-118.383207,34.593567],[-118.3832947,34.59367088],[-118.383375,34.593766],[-118.383467,34.593907],[-118.38348633,34.5939974],[-118.383498,34.594052],[-118.383498,34.594216],[-118.383509,34.59425231],[-118.38353113,34.5943254],[-118.383551,34.594391],[-118.3836096,34.59450369],[-118.38363094,34.59454472],[-118.383642,34.594566],[-118.38368448,34.5946155],[-118.383757,34.5947],[-118.38378873,34.59483232],[-118.38381,34.594921],[-118.38385681,34.59505474],[-118.38389056,34.59515118],[-118.38390533,34.59518472],[-118.38394698,34.59527934],[-118.3839574,34.59530262],[-118.384077,34.59552],[-118.38412924,34.59568504],[-118.38413818,34.5957133],[-118.38416988,34.5958022],[-118.38418931,34.59585444],[-118.38420543,34.59589777],[-118.384375,34.596222],[-118.38444358,34.59630582],[-118.384528,34.596409],[-118.38459467,34.59647347],[-118.38462434,34.59650217],[-118.3846634,34.59653994],[-118.38471,34.596585],[-118.384863,34.596726],[-118.38492523,34.59676119],[-118.385031,34.596821],[-118.38523072,34.59689193],[-118.38527546,34.59692506],[-118.385275,34.59702],[-118.38521796,34.59712322],[-118.38519782,34.59715966],[-118.38504941,34.59732686],[-118.385031,34.597347],[-118.3849722,34.59742508],[-118.384787,34.597671],[-118.38476161,34.59770044],[-118.38472428,34.59774374],[-118.38463765,34.59784421],[-118.38453902,34.59795859],[-118.38447966,34.59802743],[-118.38436413,34.59814387],[-118.384253,34.598328],[-118.384146,34.598503],[-118.38413317,34.59853732],[-118.38409974,34.59862677],[-118.384032,34.598808],[-118.38400243,34.59884407],[-118.38394747,34.59891112],[-118.38389447,34.59897578],[-118.38387107,34.59900432],[-118.383841,34.599041],[-118.383673,34.599262],[-118.38360857,34.59938154],[-118.383597,34.599403],[-118.383521,34.599606],[-118.38351728,34.59968358],[-118.38351573,34.59971604],[-118.3841953,34.6002493],[-118.3844182,34.60042229],[-118.38484692,34.60078925],[-118.38510861,34.60100885],[-118.38536884,34.60130009],[-118.3856876,34.60166289],[-118.385966,34.6020572],[-118.3860524,34.6022196],[-118.38609396,34.60247653]]]},"properties":{"OBJECTID":1097995,"COUNTY":"LOS ANGELES","CITY":"LAC","ZONE_NAME":null,"ZONE_ID":"US-CA-XLA-LAC-E021","STATUS":"Evacuation Warning","EVENT_TYPE":null,"CRITICAL_INFO":null,"PUBLIC_INFO":null,"EDIT_DATE":1791067337000,"STATEWIDE_LAST_UPDATED":null,"NOTES":"Local authorities are responding to a Wildfire. An EVACUATION WARNING has been issued. PREPARE TO LEAVE.  Consider leaving now if you need more time to evacuate. Call 911 for emergency assistance. Visit AlertLA.org for more information.","SHAPE__Area":56550679.9765625,"SHAPE__Length":47989.660082889095,"GlobalID":"e8add1da-3e58-4845-9547-0cd74efae5e6","CreationDate":1791067530000,"Creator":"CalOES_Scripts","EditDate":1791067530000,"Editor":"CalOES_Scripts"}},{"type":"Feature","id":1097997,"geometry":{"type":"Polygon","coordinates":[[[-118.38653974,34.6020698],[-118.3875569,34.60204411],[-118.38777304,34.60203865],[-118.38844091,34.60202178],[-118.38931945,34.60199959],[-118.390013,34.60198207],[-118.39029156,34.60197503],[-118.393183,34.601902],[-118.39336182,34.60190284],[-118.39339096,34.60190298],[-118.393394,34.602507],[-118.39339232,34.60264861],[-118.393392,34.602676],[-118.40239047,34.60269024],[-118.40417304,34.60269306],[-118.40630996,34.60269644],[-118.40855456,34.60269999],[-118.40869659,34.60270021],[-118.41045693,34.602703],[-118.427005,34.602728],[-118.43194677,34.60273542],[-118.4343182,34.60273898],[-118.436999,34.602743],[-118.43728361,34.6028645],[-118.43732354,34.60288155],[-118.43758256,34.60299212],[-118.437854,34.603108],[-118.43817,34.60326],[-118.43835647,34.60328191],[-118.4384031,34.6032874],[-118.438655,34.603317],[-118.43881841,34.60331625],[-118.43895246,34.60331564],[-118.439312,34.603314],[-118.4397005,34.60326335],[-118.43977437,34.60325372],[-118.439918,34.603235],[-118.44014322,34.6032379],[-118.44040497,34.60324127],[-118.441083,34.60325],[-118.44276336,34.60332024],[-118.44285324,34.60332399],[-118.44310711,34.6033346],[-118.4433675,34.60334549],[-118.44359374,34.60335494],[-118.44368993,34.60335897],[-118.44375146,34.60336154],[-118.44393,34.603369],[-118.44394545,34.60371739],[-118.443965,34.604158],[-118.443959,34.604257],[-118.44396994,34.60441446],[-118.44397778,34.60452723],[-118.44397933,34.60454958],[-118.443982,34.604588],[-118.44392516,34.60463238],[-118.44390628,34.60464972],[-118.443848,34.604751],[-118.44370075,34.60494638],[-118.44366932,34.60499489],[-118.44363134,34.60505536],[-118.44361885,34.60507517],[-118.44358716,34.60510922],[-118.44356281,34.60513539],[-118.443512,34.60519],[-118.443444,34.605293],[-118.4434221,34.60533535],[-118.443383,34.605411],[-118.443375,34.605499],[-118.443375,34.605629],[-118.4433989,34.60569819],[-118.443413,34.605739],[-118.443497,34.605938],[-118.44351665,34.60600285],[-118.443527,34.606037],[-118.443527,34.606167],[-118.443497,34.606277],[-118.44347961,34.60631292],[-118.443436,34.606403],[-118.44341994,34.60643244],[-118.44339937,34.60647016],[-118.443382,34.606502],[-118.44335064,34.60654986],[-118.44330771,34.60658712],[-118.44326517,34.60661891],[-118.4431693,34.60670772],[-118.44310783,34.60675011],[-118.44307134,34.60677524],[-118.442726,34.607013],[-118.4426534,34.6070856],[-118.44262891,34.60711009],[-118.44261133,34.60712767],[-118.442566,34.607173],[-118.44254336,34.60724602],[-118.442535,34.607273],[-118.44252821,34.6074059],[-118.442566,34.607525],[-118.442589,34.607646],[-118.442589,34.607746],[-118.442528,34.607849],[-118.44247207,34.60789763],[-118.44240051,34.60794081],[-118.4423703,34.60795724],[-118.442345,34.607971],[-118.442207,34.608017],[-118.442055,34.608081],[-118.441833,34.608207],[-118.44175658,34.60830271],[-118.44172566,34.60834144],[-118.44166702,34.60841488],[-118.44160085,34.60849775],[-118.44158428,34.60851851],[-118.441528,34.608589],[-118.44141657,34.60872114],[-118.44139187,34.60875042],[-118.441345,34.608806],[-118.44127741,34.60887501],[-118.441154,34.609001],[-118.44110767,34.60902827],[-118.44106933,34.60905084],[-118.440979,34.609104],[-118.440727,34.60918],[-118.44065892,34.60918803],[-118.44060774,34.60919406],[-118.440498,34.609207],[-118.44039499,34.60921248],[-118.44033536,34.60921565],[-118.44026286,34.60921951],[-118.440216,34.609222],[-118.43994353,34.60922019],[-118.4397026,34.60921859],[-118.439613,34.609218],[-118.43957488,34.60921937],[-118.4394418,34.60922417],[-118.439308,34.609229],[-118.43901234,34.60928797],[-118.43895945,34.60929852],[-118.43890526,34.60932265],[-118.438805,34.609379],[-118.438545,34.609619],[-118.43850517,34.60965361],[-118.4384039,34.60974161],[-118.438339,34.609798],[-118.438217,34.609889],[-118.43817081,34.60993519],[-118.43812023,34.60998577],[-118.43808311,34.6100441],[-118.43804413,34.61010679],[-118.43802722,34.61013488],[-118.437973,34.610225],[-118.43795298,34.61029108],[-118.437943,34.610324],[-118.437843,34.610347],[-118.437805,34.610401],[-118.437752,34.610466],[-118.437599,34.610607],[-118.437546,34.610607],[-118.437416,34.610591],[-118.437256,34.61058],[-118.43715615,34.6105912],[-118.436935,34.610626],[-118.436737,34.610626],[-118.43648728,34.61065146],[-118.43640567,34.61065978],[-118.436325,34.610668],[-118.436127,34.610668],[-118.43593242,34.61068528],[-118.435493,34.610839],[-118.43527422,34.610946],[-118.4352243,34.61097041],[-118.43519785,34.61098106],[-118.434799,34.611133],[-118.43463268,34.61120989],[-118.434494,34.611274],[-118.4343953,34.61132658],[-118.43434905,34.61135122],[-118.434158,34.611453],[-118.433937,34.611648],[-118.43383791,34.61175358],[-118.43375289,34.61184417],[-118.433708,34.611892],[-118.43345511,34.6121067],[-118.43341738,34.61213873],[-118.433357,34.61219],[-118.43304624,34.61264185],[-118.432998,34.612712],[-118.432762,34.612945],[-118.432472,34.613273],[-118.432335,34.613319],[-118.43226367,34.61332485],[-118.432152,34.613334],[-118.431999,34.613341],[-118.431808,34.61338],[-118.43189794,34.61399126],[-118.4318467,34.61399279],[-118.43176144,34.61399534],[-118.43171552,34.61399672],[-118.43167167,34.61399803],[-118.43162895,34.61399931],[-118.43158103,34.61400074],[-118.43152904,34.6140023],[-118.43149029,34.61400346],[-118.43145253,34.61400459],[-118.43140874,34.6140059],[-118.43134234,34.61400788],[-118.43130112,34.61400911],[-118.43121174,34.61401177],[-118.43117689,34.61401281],[-118.43114896,34.61401364],[-118.43108711,34.61401549],[-118.4309753,34.61401883],[-118.43091487,34.61402314],[-118.43086333,34.61402682],[-118.4308186,34.6140235],[-118.43077371,34.61402484],[-118.43072217,34.61401635],[-118.43067048,34.61401252],[-118.43064314,34.61401049],[-118.43058102,34.61400588],[-118.4305432,34.61400308],[-118.43050332,34.61400362],[-118.43046006,34.61400041],[-118.43043291,34.6139949],[-118.43040633,34.61398934],[-118.43037738,34.61398329],[-118.43034741,34.61397702],[-118.43031926,34.61397113],[-118.43029034,34.61396508],[-118.43026244,34.61395925],[-118.4302322,34.61395292],[-118.43020325,34.61394687],[-118.43009348,34.61392391],[-118.43006641,34.61391825],[-118.43002168,34.61390889],[-118.42997495,34.61389912],[-118.4298401,34.61387092],[-118.42975305,34.61385271],[-118.42970305,34.61384225],[-118.42954959,34.61381016],[-118.42940443,34.61377505],[-118.42934739,34.61376126],[-118.42931855,34.61375948],[-118.42925907,34.6137494],[-118.42921993,34.61374975],[-118.42916815,34.61375021],[-118.42914123,34.61374855],[-118.42907849,34.61374469],[-118.42898891,34.61373917],[-118.42892164,34.61373502],[-118.42885438,34.61373087],[-118.42880958,34.61372811],[-118.42876179,34.61372517],[-118.42869382,34.61372098],[-118.42866341,34.6137191],[-118.4286228,34.6137166],[-118.42857918,34.61371391],[-118.42855036,34.61372542],[-118.42851014,34.61373222],[-118.42847275,34.6137374],[-118.42842155,34.61374449],[-118.4283739,34.6137511],[-118.42832961,34.61375724],[-118.42829137,34.61379423],[-118.42825345,34.61381405],[-118.42821386,34.61383474],[-118.42817422,34.61385545],[-118.42814299,34.61387178],[-118.42811063,34.61388869],[-118.42804411,34.61392345],[-118.42801911,34.61393652],[-118.42799205,34.61395066],[-118.42796728,34.61396361],[-118.42792936,34.61398343],[-118.42789144,34.61400324],[-118.42786255,34.61401834],[-118.42780155,34.61405022],[-118.42776736,34.61406809],[-118.42773217,34.61408648],[-118.4276878,34.61410967],[-118.42766044,34.61412397],[-118.42760937,34.61415066],[-118.4275804,34.6141658],[-118.42755119,34.61418106],[-118.42751862,34.61418861],[-118.42748238,34.61420003],[-118.42745359,34.61421008],[-118.42742785,34.61421907],[-118.42737255,34.61423838],[-118.42732293,34.61425571],[-118.42725771,34.61427848],[-118.4272199,34.61429168],[-118.42717906,34.61430594],[-118.42715183,34.61431545],[-118.42711988,34.61432661],[-118.42707534,34.61434216],[-118.42703412,34.61435656],[-118.42700233,34.61436766],[-118.42696578,34.61438042],[-118.42692328,34.61439526],[-118.42687161,34.6144133],[-118.42681994,34.61443135],[-118.42678035,34.61445036],[-118.42673208,34.61447219],[-118.42669227,34.61448931],[-118.42665247,34.61450644],[-118.42662059,34.61452016],[-118.42658079,34.61453729],[-118.42654098,34.61455442],[-118.42651048,34.61456754],[-118.42648185,34.61457986],[-118.42641259,34.61460967],[-118.42634255,34.61463981],[-118.42629384,34.61466077],[-118.42624439,34.61468205],[-118.42620459,34.61469918],[-118.42617428,34.61471222],[-118.4261218,34.6147348],[-118.426082,34.61475193],[-118.4260486,34.6147755],[-118.4260124,34.61479524],[-118.4259754,34.6148162],[-118.42593818,34.61483689],[-118.42585649,34.61488355],[-118.42582261,34.61490274],[-118.42578561,34.6149237],[-118.42576582,34.61494849],[-118.42574397,34.61496608],[-118.42572197,34.6149838],[-118.42570103,34.61500066],[-118.42566893,34.61502652],[-118.42563683,34.61505237],[-118.4256127,34.6150718],[-118.4255806,34.61509765],[-118.42556196,34.61512],[-118.42552113,34.61516236],[-118.42546367,34.61521918],[-118.42543884,34.61524374],[-118.42537821,34.6153037],[-118.42531464,34.61536657],[-118.42527773,34.61540306],[-118.42524083,34.61543956],[-118.4252121,34.61546797],[-118.42518995,34.61548988],[-118.42515745,34.61552202],[-118.4251321,34.61554709],[-118.42509013,34.61560653],[-118.42505379,34.61562532],[-118.42501678,34.61564447],[-118.42498146,34.61566274],[-118.42495403,34.61567693],[-118.42492753,34.61569063],[-118.42490275,34.61570345],[-118.42487797,34.61571627],[-118.42485148,34.61572998],[-118.4248148,34.61574895],[-118.4247742,34.61576995],[-118.42474721,34.61578391],[-118.42471649,34.6157998],[-118.42466258,34.61582768],[-118.42460867,34.61585557],[-118.42455001,34.61586586],[-118.42449535,34.61588279],[-118.4244421,34.61589929],[-118.42441128,34.61590884],[-118.42437764,34.61591926],[-118.424344,34.61592968],[-118.42417586,34.61598177],[-118.42414633,34.61599092],[-118.42411681,34.61600007],[-118.42407477,34.61601309],[-118.42403457,34.61602555],[-118.42399988,34.61603629],[-118.4239505,34.61605159],[-118.42387641,34.61607455],[-118.42380232,34.6160975],[-118.42371825,34.61612355],[-118.42362395,34.61615276],[-118.42352552,34.61617793],[-118.42349452,34.61619171],[-118.42344396,34.61620852],[-118.42342008,34.61622406],[-118.42338644,34.61623977],[-118.42334693,34.61625734],[-118.42328689,34.61628403],[-118.42324737,34.6163016],[-118.42320962,34.61631839],[-118.42318026,34.61633144],[-118.42314074,34.61634901],[-118.42310122,34.61636658],[-118.42307363,34.61637885],[-118.42303411,34.61639643],[-118.42291511,34.61646024],[-118.42287329,34.61648267],[-118.42271097,34.61656678],[-118.42265623,34.61659515],[-118.42247263,34.61669029],[-118.4223316,34.61676159],[-118.42230488,34.61677539],[-118.4222723,34.6167941],[-118.4222474,34.616807],[-118.42217145,34.616852],[-118.4221179,34.61689032],[-118.4220706,34.6169099],[-118.42204654,34.61692371],[-118.42198596,34.61694102],[-118.42194495,34.6169561],[-118.42190957,34.61696911],[-118.42188213,34.6169792],[-118.42182805,34.61699908],[-118.42177829,34.61701738],[-118.42158225,34.61706985],[-118.42138569,34.61712141],[-118.4213452,34.6171374],[-118.42130276,34.61714949],[-118.42124109,34.61717851],[-118.42120059,34.6171945],[-118.42115028,34.61721437],[-118.42110979,34.61723036],[-118.4210826,34.6172411],[-118.4210421,34.61725709],[-118.42099051,34.61730292],[-118.4209715,34.6173198],[-118.42091086,34.61735574],[-118.42088796,34.61736931],[-118.42086048,34.61739841],[-118.42082636,34.61742261],[-118.42081536,34.6174462],[-118.42078713,34.6174761],[-118.42077032,34.6174939],[-118.42075126,34.61751409],[-118.42073201,34.61753447],[-118.4207152,34.61755228],[-118.42065721,34.6176137],[-118.42061571,34.61765765],[-118.42058815,34.61768684],[-118.4205384,34.61773953],[-118.42049157,34.61779424],[-118.42046788,34.61781536],[-118.42043354,34.61785059],[-118.42037053,34.61790215],[-118.42031632,34.61795047],[-118.42024949,34.61801006],[-118.42018938,34.61806365],[-118.42014846,34.61810305],[-118.42012307,34.6181258],[-118.4200988,34.6181444],[-118.42006833,34.61817156],[-118.42004578,34.61818503],[-118.42001291,34.61821022],[-118.41999276,34.61822566],[-118.41996843,34.61824431],[-118.4199485,34.61825959],[-118.41992702,34.61827605],[-118.41990269,34.61829469],[-118.41988276,34.61830997],[-118.41986128,34.61832643],[-118.41983749,34.61834466],[-118.41980063,34.61837291],[-118.41975857,34.61840515],[-118.41972563,34.61843039],[-118.4196616,34.61847039],[-118.41960285,34.6185071],[-118.419561,34.6185354],[-118.41948382,34.61858759],[-118.41945828,34.61860252],[-118.41941205,34.61863201],[-118.41937986,34.61864944],[-118.419355,34.61866291],[-118.4192818,34.6187057],[-118.41923154,34.61873508],[-118.41918131,34.61876445],[-118.41912776,34.61879576],[-118.41903955,34.61884733],[-118.41897059,34.61888691],[-118.41894334,34.61890339],[-118.41889984,34.61892899],[-118.41886276,34.61895212],[-118.4188388,34.61896661],[-118.41877599,34.61900459],[-118.4187406,34.61902599],[-118.4186964,34.61905272],[-118.41861173,34.61910392],[-118.41857687,34.619125],[-118.41854067,34.61914689],[-118.41850841,34.6191664],[-118.41846979,34.61918992],[-118.4184444,34.61920516],[-118.41840425,34.61922926],[-118.41821296,34.6193441],[-118.41805705,34.6194377],[-118.41801345,34.61946385],[-118.41794458,34.6195052],[-118.4178474,34.61956355],[-118.41782305,34.61957817],[-118.41769996,34.61965207],[-118.41762971,34.61969424],[-118.41760002,34.61971203],[-118.41757069,34.61972964],[-118.41742424,34.61981738],[-118.41738842,34.61983883],[-118.41735719,34.61985754],[-118.4172704,34.61990955],[-118.41719002,34.61995771],[-118.41715728,34.61997733],[-118.41713481,34.61999079],[-118.41709851,34.62001255],[-118.41706888,34.6200303],[-118.4170308,34.62005312],[-118.41695404,34.62009911],[-118.41677143,34.62020854],[-118.41674806,34.62022254],[-118.41664126,34.62028895],[-118.4166036,34.6203091],[-118.416573,34.62032547],[-118.41654552,34.62034018],[-118.41650474,34.62036199],[-118.41647179,34.62037962],[-118.4164367,34.62039839],[-118.41641384,34.62041062],[-118.41635796,34.62044052],[-118.41630087,34.62047107],[-118.41627734,34.62048365],[-118.41624619,34.62050032],[-118.41621921,34.62051475],[-118.41614167,34.62055624],[-118.41610401,34.62057639],[-118.41606791,34.62059571],[-118.41603658,34.62061247],[-118.4160132,34.62062498],[-118.41596914,34.62064855],[-118.41594431,34.62066188],[-118.41588663,34.62069281],[-118.41584774,34.62071365],[-118.4158101,34.62073383],[-118.41578703,34.6207462],[-118.41576395,34.62075856],[-118.41568208,34.62080245],[-118.41563046,34.62083012],[-118.41557918,34.6208576],[-118.41552946,34.62088425],[-118.41549685,34.62090173],[-118.4154689,34.62091671],[-118.41541344,34.62093924],[-118.41538212,34.62096283],[-118.41534267,34.62098437],[-118.4152876,34.62102895],[-118.41524923,34.62106002],[-118.4152216,34.62108239],[-118.41519805,34.62110145],[-118.41511653,34.6211637],[-118.41504987,34.62121461],[-118.4150158,34.6212387],[-118.41498527,34.62126169],[-118.41495493,34.62128207],[-118.41491272,34.62131158],[-118.41485941,34.62134927],[-118.41483862,34.62136397],[-118.41481,34.6213842],[-118.41478343,34.62140105],[-118.4147414,34.6214327],[-118.41470733,34.62145679],[-118.41443864,34.62167085],[-118.41441588,34.62168898],[-118.41438228,34.62171575],[-118.41430582,34.62177578],[-118.41428623,34.62179116],[-118.41405476,34.6219746],[-118.41401573,34.62200375],[-118.41398946,34.62202537],[-118.4139606,34.6220468],[-118.41392774,34.622072],[-118.41378212,34.62220494],[-118.41354123,34.62242485],[-118.41317188,34.6227578],[-118.41315213,34.62277561],[-118.41309157,34.6228302],[-118.41285685,34.62304179],[-118.41270247,34.62318095],[-118.41231418,34.62353232],[-118.4122831,34.623559],[-118.41226444,34.62357581],[-118.41222311,34.6236105],[-118.41219539,34.62362953],[-118.41216273,34.62365491],[-118.41212904,34.6236796],[-118.41210078,34.62370092],[-118.41206767,34.62372591],[-118.41204869,34.62374284],[-118.41199595,34.62378528],[-118.41195148,34.62382107],[-118.41185426,34.62389931],[-118.4117938,34.62394796],[-118.41169283,34.62402922],[-118.41159437,34.62410646],[-118.4115635,34.6241333],[-118.41153139,34.62415914],[-118.41149696,34.62419112],[-118.41145987,34.62422341],[-118.41139812,34.6242771],[-118.41136175,34.62430873],[-118.41132924,34.62434378],[-118.4112945,34.6243672],[-118.41124396,34.62440128],[-118.41119341,34.62443535],[-118.41116181,34.62445666],[-118.41112707,34.62448008],[-118.41105758,34.62452693],[-118.41102283,34.62455035],[-118.41099102,34.6245718],[-118.41094755,34.6246011],[-118.41091578,34.62462252],[-118.41088023,34.62464649],[-118.4108575,34.62466181],[-118.4108268,34.6246822],[-118.41078896,34.62470802],[-118.41076359,34.6247311],[-118.41072869,34.62475809],[-118.41069116,34.62478713],[-118.41066746,34.62480546],[-118.41062653,34.62483712],[-118.41058425,34.62486983],[-118.41055152,34.62489515],[-118.41046824,34.62495957],[-118.41038496,34.62502399],[-118.41034016,34.62505865],[-118.41031951,34.62507462],[-118.41021987,34.6251517],[-118.4101232,34.62523167],[-118.4100875,34.6252541],[-118.4100381,34.62528513],[-118.4099971,34.62531089],[-118.40995509,34.62533728],[-118.40992562,34.6253558],[-118.40989821,34.62537302],[-118.40987621,34.62538684],[-118.40985421,34.62540066],[-118.40982681,34.62541787],[-118.40980185,34.62543356],[-118.40976614,34.62545599],[-118.40973044,34.62547841],[-118.4096897,34.62550401],[-118.40966802,34.62551765],[-118.40964614,34.6255311],[-118.40961063,34.62555373],[-118.4095878,34.62556808],[-118.40956247,34.62558426],[-118.40951095,34.62561724],[-118.40932512,34.62573565],[-118.40928961,34.62575828],[-118.40925409,34.62578091],[-118.40914685,34.62584924],[-118.40904172,34.62592001],[-118.4090041,34.6259402],[-118.40897607,34.62595806],[-118.4089273,34.62598177],[-118.40887945,34.62600712],[-118.40880421,34.62604751],[-118.4087795,34.62606077],[-118.40875479,34.62607404],[-118.40871717,34.62609423],[-118.40866907,34.62612005],[-118.40864193,34.62613462],[-118.40861285,34.62615024],[-118.40857571,34.62617017],[-118.40851243,34.62620414],[-118.40842055,34.62625347],[-118.40834531,34.62629386],[-118.40823461,34.62635328],[-118.40816199,34.62639355],[-118.40812496,34.62641408],[-118.4080863,34.6264329],[-118.40804868,34.62645309],[-118.40799055,34.62648069],[-118.40789253,34.62652723],[-118.40777812,34.62658292],[-118.40773743,34.62660273],[-118.40766011,34.62664037],[-118.40758493,34.62667696],[-118.40752433,34.62670647],[-118.40738855,34.62677256],[-118.40735397,34.6267894],[-118.40731123,34.6268102],[-118.40728641,34.62682228],[-118.40723392,34.62684784],[-118.40719197,34.62686826],[-118.40716394,34.6268819],[-118.40713713,34.62689495],[-118.40709766,34.62691417],[-118.40704886,34.62693793],[-118.40699984,34.62696096],[-118.4069614,34.6269805],[-118.40692274,34.62699932],[-118.40661222,34.62715805],[-118.40630125,34.62731618],[-118.40622483,34.62735503],[-118.40591387,34.62751315],[-118.40560266,34.62767094],[-118.4055647,34.6276907],[-118.40554122,34.62770264],[-118.40550459,34.62772163],[-118.40542644,34.62776267],[-118.4053359,34.6278098],[-118.4053087,34.62782396],[-118.40525022,34.6278544],[-118.40521821,34.62787107],[-118.40516889,34.62789674],[-118.40508757,34.62793907],[-118.40504961,34.62795883],[-118.40500563,34.62798172],[-118.40497369,34.62799835],[-118.40493574,34.62801811],[-118.40490046,34.62803647],[-118.4048625,34.62805623],[-118.40481678,34.62808003],[-118.40477882,34.62809979],[-118.4047459,34.62811693],[-118.40469783,34.62814195],[-118.40465987,34.62816171],[-118.40458395,34.62820123],[-118.40454599,34.62822099],[-118.4045073,34.62824113],[-118.40447434,34.62825828],[-118.4044471,34.62827247],[-118.40441923,34.62828697],[-118.40434331,34.62832649],[-118.40430535,34.62834625],[-118.40426999,34.62836466],[-118.40422065,34.62839034],[-118.40419408,34.62840418],[-118.40415742,34.62842326],[-118.40412388,34.62844716],[-118.4040828,34.6284621],[-118.40404484,34.62848186],[-118.40399306,34.62849549],[-118.40395185,34.62850972],[-118.40384719,34.62854778],[-118.40381155,34.62856074],[-118.40378645,34.62856986],[-118.40369374,34.62860358],[-118.40366444,34.62861423],[-118.40363801,34.62862384],[-118.40361158,34.62863345],[-118.40358227,34.62864411],[-118.40354799,34.62865658],[-118.40350969,34.6286705],[-118.4034844,34.6286797],[-118.40341843,34.62869403],[-118.40338571,34.62870114],[-118.40331944,34.62871554],[-118.40327947,34.62872422],[-118.40324269,34.62873221],[-118.40321418,34.62873841],[-118.4031664,34.62874878],[-118.40313367,34.6287559],[-118.40310661,34.62876178],[-118.40307955,34.62876765],[-118.40303612,34.62877709],[-118.40299269,34.62878652],[-118.40296569,34.62879239],[-118.4028943,34.6288079],[-118.40285087,34.62881733],[-118.40270997,34.62884365],[-118.40256936,34.62887092],[-118.40248193,34.62888788],[-118.40241738,34.6289004],[-118.40234132,34.62891515],[-118.40220068,34.6289423],[-118.402157,34.6289509],[-118.40211328,34.62895938],[-118.40202502,34.62897685],[-118.40198472,34.6289848],[-118.40191272,34.62899897],[-118.40182535,34.62901616],[-118.40167349,34.62904604],[-118.40158107,34.62906422],[-118.40153867,34.62907257],[-118.4015087,34.62907846],[-118.40148249,34.62908362],[-118.4014513,34.62908976],[-118.4014089,34.6290981],[-118.40138208,34.62910338],[-118.4013154,34.62912235],[-118.40126474,34.62913549],[-118.4012257,34.62914562],[-118.40118456,34.62915628],[-118.4011284,34.62917085],[-118.4010785,34.62918622],[-118.4010349,34.6291951],[-118.40098461,34.62920535],[-118.40093431,34.6292156],[-118.40089072,34.62922448],[-118.40083373,34.6292361],[-118.4007622,34.62925067],[-118.40067727,34.62926798],[-118.40062415,34.62927881],[-118.4005644,34.62929098],[-118.40050253,34.62931172],[-118.40043786,34.62932995],[-118.40035285,34.62935386],[-118.40032638,34.6293613],[-118.40026771,34.62937781],[-118.40024138,34.62938521],[-118.40018271,34.62940171],[-118.40009771,34.62942562],[-118.40007148,34.629433],[-118.40003944,34.62944201],[-118.40000848,34.62945071],[-118.39995444,34.62946591],[-118.39990407,34.62948008],[-118.39985232,34.62949133],[-118.39982562,34.62950099],[-118.39979098,34.62951189],[-118.39974832,34.6295273],[-118.39969213,34.62954926],[-118.39964784,34.62956527],[-118.39962289,34.62957429],[-118.3995656,34.62959501],[-118.39951202,34.62961439],[-118.3994709,34.62962926],[-118.39942978,34.62964413],[-118.3993762,34.6296635],[-118.39934353,34.62967433],[-118.39930187,34.62968815],[-118.39926021,34.62970196],[-118.39923382,34.62971072],[-118.39919216,34.62972453],[-118.3991505,34.62973835],[-118.3991241,34.6297471],[-118.39908421,34.62976033],[-118.39903611,34.62978104],[-118.39898879,34.62979929],[-118.39895139,34.62981372],[-118.39891609,34.62982733],[-118.39887762,34.62984217],[-118.39883475,34.6298587],[-118.39880784,34.62986908],[-118.39877214,34.62988285],[-118.3987339,34.6298976],[-118.39870099,34.62990987],[-118.39860313,34.62994637],[-118.39853734,34.6299709],[-118.39841,34.63001839],[-118.39831618,34.63005338],[-118.39828266,34.63006588],[-118.39820084,34.63009639],[-118.39814648,34.63011666],[-118.39809319,34.63013653],[-118.3980103,34.63016744],[-118.39794615,34.63019136],[-118.39789091,34.63021197],[-118.39782342,34.63023713],[-118.39779728,34.63024688],[-118.39775637,34.63026214],[-118.39771546,34.63027739],[-118.3976892,34.63028695],[-118.3976484,34.6303024],[-118.39760749,34.63031766],[-118.39756881,34.63033255],[-118.397528,34.630348],[-118.3974872,34.63036345],[-118.39745823,34.63037443],[-118.39741743,34.63038988],[-118.39738849,34.63040084],[-118.39734769,34.63041629],[-118.3973114,34.63043004],[-118.39726608,34.6304472],[-118.39722528,34.63046265],[-118.39717496,34.63048171],[-118.39710634,34.6305077],[-118.39707704,34.6305188],[-118.39702474,34.6305386],[-118.39696331,34.63056187],[-118.39690584,34.63058364],[-118.39686504,34.63059909],[-118.39682424,34.63061454],[-118.39674264,34.63064545],[-118.39644586,34.63075785],[-118.39640506,34.6307733],[-118.39636426,34.63078875],[-118.39631788,34.63080632],[-118.3962842,34.63081907],[-118.39619268,34.63085374],[-118.39610345,34.63088753],[-118.39606748,34.63090115],[-118.39602668,34.63091661],[-118.39598588,34.63093206],[-118.39595459,34.63094391],[-118.39591506,34.63095888],[-118.39588809,34.6309691],[-118.39584549,34.63098523],[-118.39581976,34.63099497],[-118.39577529,34.63101181],[-118.39574281,34.63101832],[-118.3957051,34.6310384],[-118.3956643,34.63105385],[-118.39562,34.63108371],[-118.39557261,34.63110893],[-118.3955349,34.63112901],[-118.39549719,34.63114909],[-118.39545998,34.6311689],[-118.39540241,34.63119954],[-118.39532699,34.6312397],[-118.39528928,34.63125977],[-118.39516159,34.63132775],[-118.39500259,34.6314124],[-118.39496942,34.63143006],[-118.39493171,34.63145014],[-118.394894,34.63147022],[-118.39473407,34.63155536],[-118.3945839,34.63163531],[-118.39453643,34.63166058],[-118.39446101,34.63170073],[-118.3944233,34.63172081],[-118.39403797,34.63192595],[-118.39400026,34.63194603],[-118.39396255,34.6319661],[-118.39393823,34.63197905],[-118.39391401,34.63199194],[-118.39389134,34.63200401],[-118.39386547,34.63201779],[-118.39383858,34.6320321],[-118.39379004,34.63205794],[-118.39376595,34.63207077],[-118.39371462,34.63209809],[-118.39367978,34.63211664],[-118.39364493,34.63213519],[-118.39360872,34.63215447],[-118.39356951,34.63217535],[-118.39353942,34.63219137],[-118.39351581,34.63220393],[-118.39345979,34.63222985],[-118.3934244,34.6322526],[-118.39338669,34.63227268],[-118.39336348,34.63229143],[-118.39333389,34.63231079],[-118.3932985,34.63233354],[-118.3932631,34.6323563],[-118.39320798,34.63239173],[-118.39317259,34.63241448],[-118.3931384,34.63243646],[-118.39310886,34.63245546],[-118.39308411,34.63247137],[-118.39303222,34.63250473],[-118.39274862,34.63268705],[-118.39260185,34.63278141],[-118.39257358,34.63279958],[-118.39253106,34.63282691],[-118.39245096,34.63287841],[-118.39229818,34.63297663],[-118.39206833,34.63312421],[-118.3920299,34.6331491],[-118.39199451,34.63317185],[-118.39197236,34.63318638],[-118.39194866,34.63320174],[-118.39192463,34.63321731],[-118.39190179,34.63323211],[-118.3918748,34.6332496],[-118.39183951,34.63327246],[-118.39181372,34.63328917],[-118.39162625,34.63341057],[-118.391413,34.63354869],[-118.39134241,34.63359441],[-118.39130943,34.63361577],[-118.39127604,34.63363739],[-118.39124857,34.63365518],[-118.39120967,34.63368038],[-118.39113908,34.63372609],[-118.39102749,34.63379837],[-118.39097345,34.63383337],[-118.39091589,34.63387064],[-118.3908806,34.6338935],[-118.39085889,34.63390756],[-118.39082982,34.63392639],[-118.39080189,34.63394448],[-118.39076659,34.63396733],[-118.39073629,34.63398696],[-118.390701,34.63400982],[-118.3906657,34.63403267],[-118.39064252,34.63404769],[-118.39060011,34.63407516],[-118.39054969,34.63411371],[-118.39050147,34.63414825],[-118.39043011,34.63419938],[-118.39037912,34.63423591],[-118.39032643,34.63427366],[-118.39030103,34.63429186],[-118.39025869,34.63432219],[-118.39022481,34.63434646],[-118.39017412,34.63438278],[-118.39013369,34.63441175],[-118.39009981,34.63443602],[-118.39007079,34.63445681],[-118.39003233,34.63448437],[-118.39001175,34.63450003],[-118.38997821,34.63452461],[-118.38994831,34.63454654],[-118.38991115,34.63457379],[-118.38986252,34.63460944],[-118.3897333,34.63470419],[-118.38964719,34.63476732],[-118.38958012,34.63481649],[-118.38946608,34.63490011],[-118.38943138,34.63492555],[-118.38928537,34.6350374],[-118.3892491,34.6350592],[-118.38921557,34.63508379],[-118.38918461,34.63509797],[-118.38915639,34.63511493],[-118.38912013,34.63513673],[-118.38908386,34.63515854],[-118.38905269,34.63517727],[-118.38902874,34.63519167],[-118.38899115,34.63521427],[-118.38895488,34.63523607],[-118.38892962,34.63525126],[-118.38890551,34.63526575],[-118.38886924,34.63528755],[-118.388838,34.63530633],[-118.38880173,34.63532813],[-118.38874733,34.63536083],[-118.38871436,34.63538066],[-118.38869088,34.63539477],[-118.3886617,34.63541232],[-118.3886372,34.63542704],[-118.38860935,34.63544378],[-118.38857249,34.63546594],[-118.38853623,34.63548774],[-118.38849996,34.63550954],[-118.38846565,34.63553017],[-118.38844283,34.63554389],[-118.38841409,34.63556116],[-118.3883588,34.6355944],[-118.38832253,34.6356162],[-118.388253,34.63564809],[-118.38820261,34.63567121],[-118.38808501,34.63572904],[-118.38804651,34.63574797],[-118.3880079,34.63576696],[-118.38790874,34.63581572],[-118.38787189,34.63583384],[-118.38777265,34.63588263],[-118.38773664,34.63590035],[-118.38769555,34.63592056],[-118.38765163,34.63594219],[-118.38761285,34.63596127],[-118.38757361,34.63597475],[-118.38753588,34.63599049],[-118.38749582,34.6360072],[-118.38746125,34.63602162],[-118.38742037,34.63603867],[-118.38739068,34.63605106],[-118.38735659,34.63606528],[-118.38730018,34.6360888],[-118.38727196,34.63610058],[-118.3872307,34.63611779],[-118.38720308,34.63612931],[-118.38714358,34.63615413],[-118.38706345,34.63618755],[-118.38695653,34.63623216],[-118.3868562,34.636274],[-118.38682788,34.63628582],[-118.38678928,34.63630192],[-118.38675518,34.63631614],[-118.38665242,34.63635901],[-118.38652723,34.63640831],[-118.3864887,34.6364273],[-118.38644864,34.63644401],[-118.38629355,34.63652345],[-118.38613694,34.63660061],[-118.38607811,34.6366296],[-118.38602061,34.63665793],[-118.38590325,34.63671575],[-118.38574367,34.63678933],[-118.38571633,34.63680668],[-118.38566956,34.63683089],[-118.38557495,34.63689638],[-118.38552936,34.6369253],[-118.38547737,34.63695828],[-118.38540623,34.63700342],[-118.3853374,34.63704709],[-118.38530865,34.63706532],[-118.38520954,34.63712569],[-118.38518544,34.63714276],[-118.38513993,34.63717237],[-118.38497832,34.63728945],[-118.38481519,34.63740499],[-118.38477649,34.6374324],[-118.38474711,34.63745321],[-118.38468649,34.63749615],[-118.38458398,34.63756875],[-118.3844997,34.63763228],[-118.38442482,34.63768873],[-118.3843868,34.6377084],[-118.38433481,34.6377353],[-118.38428689,34.6377601],[-118.38425489,34.63777666],[-118.38421749,34.63779601],[-118.38417885,34.637816],[-118.384146,34.637833],[-118.38411315,34.63785],[-118.38407513,34.63786967],[-118.38403711,34.63788935],[-118.38399951,34.6379088],[-118.38396149,34.63792848],[-118.38392346,34.63794815],[-118.38389627,34.63796222],[-118.3838657,34.63797804],[-118.38382642,34.63799836],[-118.38375038,34.63803771],[-118.38372578,34.63805044],[-118.38367333,34.63807758],[-118.38363531,34.63809725],[-118.38360527,34.6381128],[-118.38352923,34.63815214],[-118.38348408,34.6381755],[-118.38345667,34.63818968],[-118.38338429,34.63822744],[-118.3833461,34.6382469],[-118.38330808,34.63826657],[-118.3831763,34.63833356],[-118.38305235,34.63839658],[-118.38279679,34.63852679],[-118.38276696,34.63854199],[-118.38272041,34.63856571],[-118.38257142,34.63864162],[-118.38246485,34.63869593],[-118.38235164,34.63875256],[-118.38220794,34.63882445],[-118.3821711,34.6388456],[-118.38213291,34.63886506],[-118.38208226,34.6388966],[-118.38205625,34.63891153],[-118.38203025,34.63892646],[-118.38194886,34.63897318],[-118.38191974,34.6389899],[-118.38184462,34.63903303],[-118.38176949,34.63907616],[-118.38173266,34.6390973],[-118.38169582,34.63911845],[-118.38160228,34.63917215],[-118.38151204,34.63923042],[-118.3814719,34.639247],[-118.38144038,34.63926509],[-118.38138189,34.63928418],[-118.38134171,34.63930078],[-118.38129544,34.6393199],[-118.38126233,34.63933357],[-118.38122772,34.63934787],[-118.38114265,34.63938301],[-118.38110103,34.6394002],[-118.38106878,34.63941353],[-118.3810098,34.63943789],[-118.38096116,34.63945798],[-118.38091856,34.63947558],[-118.38088122,34.63949097],[-118.38084327,34.6395071],[-118.3808029,34.6395233],[-118.38076275,34.63953987],[-118.38072117,34.6395561],[-118.38067972,34.63957273],[-118.3806274,34.63959372],[-118.38059898,34.63960513],[-118.38055965,34.63962091],[-118.38049898,34.63964525],[-118.38047323,34.63965584],[-118.38042438,34.63967518],[-118.3803958,34.63968665],[-118.3803583,34.6397017],[-118.38031793,34.6397179],[-118.38026706,34.63974979],[-118.38012623,34.63984152],[-118.38010185,34.63985336],[-118.38002181,34.63990069],[-118.37997986,34.6399255],[-118.37988186,34.63998345],[-118.37980892,34.64002659],[-118.3797784,34.64004464],[-118.37957232,34.64016651],[-118.37952627,34.64019374],[-118.37940542,34.64026521],[-118.37936895,34.64028678],[-118.37934616,34.64030025],[-118.37930969,34.64032182],[-118.3792869,34.6403353],[-118.37925043,34.64035687],[-118.37893663,34.64058383],[-118.37889181,34.64061625],[-118.37852175,34.64086653],[-118.3784967,34.6408972],[-118.37846272,34.64092136],[-118.37844588,34.64095017],[-118.3784268,34.6409828],[-118.37840784,34.64100603],[-118.37838195,34.64103773],[-118.37835989,34.64106475],[-118.37833186,34.64109908],[-118.37830922,34.64112681],[-118.37828701,34.64115401],[-118.3782397,34.64120767],[-118.37821779,34.64123866],[-118.37819715,34.64126785],[-118.37817456,34.6412998],[-118.37815202,34.64133644],[-118.3781341,34.64136557],[-118.3780921,34.64143064],[-118.37804998,34.64149592],[-118.3780192,34.64154362],[-118.3779962,34.64157926],[-118.377981,34.64160282],[-118.37796593,34.64162616],[-118.37794461,34.6416592],[-118.3779242,34.64169084],[-118.37789974,34.64172874],[-118.377897,34.64175764],[-118.37788848,34.64177969],[-118.37787983,34.64180205],[-118.37787051,34.64182617],[-118.37786118,34.64185028],[-118.37785259,34.64187248],[-118.37783969,34.64190584],[-118.37781074,34.64198072],[-118.37778293,34.6420168],[-118.3777825,34.64205375],[-118.37777342,34.64207723],[-118.37777095,34.64209961],[-118.37778135,34.64215317],[-118.37777035,34.64221655],[-118.37777792,34.64224425],[-118.37779525,34.64230768],[-118.37780524,34.64233128],[-118.3778103,34.64236275],[-118.37782015,34.6423988],[-118.3778182,34.64244078],[-118.3778404,34.6424729],[-118.37785025,34.64250895],[-118.37787983,34.64252995],[-118.37789706,34.64255488],[-118.37791926,34.64258701],[-118.37793768,34.64261366],[-118.37795536,34.64263924],[-118.37797756,34.64267137],[-118.37799453,34.64269592],[-118.37801257,34.6427217],[-118.37803459,34.64275388],[-118.37806475,34.64279798],[-118.37808017,34.64282052],[-118.3780949,34.64284205],[-118.37811693,34.64287425],[-118.37813522,34.64289642],[-118.3781552,34.6429302],[-118.37817723,34.6429624],[-118.37819014,34.64298678],[-118.3782054,34.6430156],[-118.37823392,34.64304812],[-118.3782556,34.643101],[-118.37827515,34.64313427],[-118.37826996,34.64317279],[-118.37827702,34.64320812],[-118.37828432,34.64324459],[-118.37829143,34.64328015],[-118.3782989,34.64331751],[-118.37830717,34.64335883],[-118.37831395,34.64339273],[-118.37832083,34.64342713],[-118.37833001,34.64347307],[-118.37833641,34.64350507],[-118.37834418,34.64354391],[-118.37834995,34.64357273],[-118.37835649,34.64360544],[-118.37836344,34.64364022],[-118.37837107,34.64367836],[-118.37837777,34.64371184],[-118.37838361,34.64374107],[-118.37838875,34.64376677],[-118.37839674,34.6438067],[-118.37840403,34.64384316],[-118.37841322,34.6438891],[-118.37843225,34.64393461],[-118.3784297,34.6439715],[-118.37843699,34.64400796],[-118.37842396,34.64405435],[-118.37842211,34.64408111],[-118.37841971,34.64411571],[-118.37841633,34.64416454],[-118.37841398,34.6441986],[-118.37841235,34.64422214],[-118.37841049,34.64424887],[-118.37840887,34.6442724],[-118.37840724,34.64429592],[-118.37841978,34.64432282],[-118.378403,34.6443571],[-118.37840045,34.64439399],[-118.37836303,34.64443875],[-118.37835218,34.64446092],[-118.37832751,34.64451131],[-118.37831073,34.64454559],[-118.37829395,34.64457986],[-118.37827717,34.64461414],[-118.37825976,34.64464969],[-118.37824298,34.64468397],[-118.37822549,34.64471949],[-118.37820886,34.64475368],[-118.37819119,34.64478999],[-118.37817358,34.64482618],[-118.37816308,34.64484777],[-118.37815258,34.64486936],[-118.37723879,34.64484259],[-118.376304,34.644859],[-118.376281,34.64311802],[-118.376258,34.641377],[-118.3762505,34.6408125],[-118.376243,34.640248],[-118.37622642,34.63898556],[-118.37622587,34.63894352],[-118.37622501,34.63887864],[-118.37622185,34.63863747],[-118.376206,34.637431],[-118.37616257,34.63406886],[-118.3761543,34.63342903],[-118.3761471,34.63287119],[-118.37613561,34.63198206],[-118.376121,34.630851],[-118.37182039,34.63079272],[-118.37165645,34.6307905],[-118.37116354,34.63078367],[-118.37088284,34.6305471],[-118.37064602,34.63021166],[-118.37033325,34.6293796],[-118.37038438,34.62906883],[-118.37042133,34.62896249],[-118.37052272,34.62867075],[-118.37063169,34.6279645],[-118.37058078,34.62763898],[-118.37031654,34.62734859],[-118.37025173,34.62727799],[-118.36998599,34.62716094],[-118.36988025,34.62683072],[-118.36987837,34.626549],[-118.36993316,34.626325],[-118.36983327,34.62603315],[-118.36982074,34.62587726],[-118.36933826,34.62574551],[-118.36913392,34.62566082],[-118.36870633,34.62541422],[-118.36848891,34.6252838],[-118.36814496,34.62506642],[-118.36798589,34.62500266],[-118.3676834,34.6248471],[-118.36726668,34.62475371],[-118.36735061,34.62444633],[-118.36741813,34.62423427],[-118.36732389,34.62395987],[-118.3670417,34.62374945],[-118.36680758,34.6236732],[-118.36651477,34.62358854],[-118.36610772,34.62348039],[-118.36568696,34.62335216],[-118.36556159,34.62326372],[-118.36521185,34.62301701],[-118.36510305,34.62282248],[-118.36493976,34.62252783],[-118.3647679,34.62221948],[-118.36471572,34.62208907],[-118.36471836,34.62202922],[-118.3647218,34.6219511],[-118.3647183,34.6217374],[-118.36459885,34.62157326],[-118.36453232,34.62149419],[-118.3643862,34.62132053],[-118.36424173,34.62115667],[-118.36395592,34.6210014],[-118.3644025,34.62073695],[-118.36486495,34.62043124],[-118.3650748,34.62022324],[-118.3651717,34.62012719],[-118.36523164,34.62000525],[-118.36545588,34.61954913],[-118.36558678,34.61943081],[-118.36582275,34.61921751],[-118.36585748,34.61920282],[-118.36613226,34.61908653],[-118.36635557,34.61899203],[-118.36648882,34.61893563],[-118.3667,34.61887496],[-118.3669202,34.61881169],[-118.36707493,34.61876723],[-118.36715158,34.61874521],[-118.36731498,34.61869826],[-118.36767773,34.61843619],[-118.36770166,34.6184189],[-118.36772682,34.61840776],[-118.36800463,34.61828477],[-118.36826903,34.61816771],[-118.36838906,34.61811457],[-118.36894248,34.61788399],[-118.36928381,34.61787475],[-118.36931798,34.61787383],[-118.36938513,34.61787201],[-118.3696848,34.61782147],[-118.37000573,34.61765973],[-118.37014307,34.61759051],[-118.3703903,34.61742053],[-118.37046846,34.6173668],[-118.37052705,34.61729981],[-118.37060874,34.61720639],[-118.37075041,34.61716568],[-118.37083047,34.61714793],[-118.37107409,34.6170939],[-118.3712494,34.61709578],[-118.37142061,34.61709761],[-118.37147645,34.61710434],[-118.37151792,34.61710934],[-118.37161597,34.61712115],[-118.37171969,34.61713365],[-118.37220072,34.61700799],[-118.37223463,34.61699913],[-118.37227341,34.61695753],[-118.37252875,34.61668363],[-118.37275747,34.61653164],[-118.37293248,34.61641535],[-118.37339472,34.61623382],[-118.3734945,34.61618374],[-118.37372581,34.61606764],[-118.37404857,34.61592883],[-118.37406865,34.61590767],[-118.37436516,34.61559538],[-118.37436982,34.6155495],[-118.37439297,34.61532177],[-118.37435387,34.61507461],[-118.37452435,34.61495022],[-118.37456264,34.61492228],[-118.37466279,34.61491341],[-118.37469355,34.61491068],[-118.37486607,34.6148954],[-118.37515718,34.61487518],[-118.37540235,34.61485816],[-118.37583045,34.61478428],[-118.37594837,34.61476393],[-118.37622313,34.61471652],[-118.37676881,34.61452897],[-118.37695038,34.61441052],[-118.37712272,34.61429809],[-118.37715773,34.61427526],[-118.37720861,34.6142545],[-118.37723669,34.61424417],[-118.37746544,34.61415996],[-118.37751479,34.61413736],[-118.37774933,34.61402994],[-118.37790639,34.61399365],[-118.37800486,34.6139709],[-118.37812587,34.61390743],[-118.37818128,34.61387837],[-118.37821655,34.61385987],[-118.37867426,34.61361982],[-118.37883894,34.61338261],[-118.37887496,34.61333072],[-118.37890381,34.61328917],[-118.37892746,34.61321257],[-118.37893812,34.61317404],[-118.37894501,34.61314913],[-118.37898468,34.61300573],[-118.37902632,34.61271294],[-118.37917561,34.61236308],[-118.37927658,34.61220313],[-118.37932244,34.61213048],[-118.37941649,34.61208062],[-118.37953798,34.61201621],[-118.37989089,34.61180243],[-118.38010973,34.61169577],[-118.38025163,34.61162661],[-118.38037019,34.6115426],[-118.3804964,34.61145318],[-118.38055962,34.61140838],[-118.38059448,34.61134872],[-118.38062504,34.61129642],[-118.38065146,34.61125118],[-118.38060441,34.61097849],[-118.38057415,34.61086171],[-118.38056652,34.61083223],[-118.38055891,34.61080287],[-118.38055198,34.61077611],[-118.3804409,34.61050794],[-118.38051033,34.61031859],[-118.38052366,34.61028222],[-118.38053944,34.61023917],[-118.38055213,34.61020458],[-118.38078534,34.60988961],[-118.38091755,34.60971105],[-118.38095184,34.60969142],[-118.3814926,34.60938186],[-118.38190456,34.60921166],[-118.3819324,34.60919115],[-118.38195594,34.60917381],[-118.38213895,34.60903901],[-118.38238011,34.60842466],[-118.38244785,34.60831221],[-118.38246202,34.60828869],[-118.38248016,34.60825857],[-118.38249293,34.60823737],[-118.38252805,34.60795064],[-118.38242303,34.60775545],[-118.38232184,34.60756738],[-118.3822804,34.60749037],[-118.38220655,34.6073531],[-118.38187871,34.60702599],[-118.38181145,34.60679452],[-118.38174606,34.6065695],[-118.38177231,34.60615923],[-118.38196429,34.60558179],[-118.38197645,34.60554523],[-118.3819973,34.6054825],[-118.38200309,34.6053105],[-118.38200641,34.60521172],[-118.38200763,34.60517531],[-118.3820123,34.60503635],[-118.38204335,34.60480562],[-118.38204758,34.60477418],[-118.3820586,34.60469227],[-118.38246687,34.60425822],[-118.3825293,34.60421498],[-118.38260523,34.60416238],[-118.38279292,34.60403238],[-118.38295322,34.60400634],[-118.3830055,34.60399784],[-118.38304238,34.60399185],[-118.38327022,34.60396541],[-118.38334141,34.60395715],[-118.38341665,34.60394842],[-118.38365506,34.60385461],[-118.3838595,34.60377418],[-118.38406452,34.60369351],[-118.38409747,34.60368052],[-118.38412928,34.60366797],[-118.38470801,34.60347198],[-118.38478865,34.60344466],[-118.38501296,34.60330139],[-118.38504087,34.60328356],[-118.38515555,34.60320991],[-118.38519183,34.60318661],[-118.38521543,34.60317145],[-118.38527316,34.60313437],[-118.38535743,34.60308025],[-118.38553927,34.60296346],[-118.38561028,34.60291785],[-118.38563011,34.60289976],[-118.38566691,34.60286618],[-118.3856921,34.6028432],[-118.38571606,34.60282134],[-118.38575747,34.60278355],[-118.38577638,34.6027663],[-118.38581376,34.60273219],[-118.38609396,34.60247653],[-118.38623056,34.6023519],[-118.38633935,34.60225264],[-118.3863634,34.60223069],[-118.38638417,34.60221175],[-118.38649109,34.60211419],[-118.38653974,34.6020698]]]},"properties":{"OBJECTID":1097997,"COUNTY":"LOS ANGELES","CITY":"LAC","ZONE_NAME":null,"ZONE_ID":"US-CA-XLA-LAC-E019","STATUS":"Evacuation Warning","EVENT_TYPE":null,"CRITICAL_INFO":null,"PUBLIC_INFO":null,"EDIT_DATE":1791068866000,"STATEWIDE_LAST_UPDATED":null,"NOTES":"Local authorities are responding to a fast-moving Wildfire. An EVACUATION ORDER has been issued. LEAVE NOW. Your safety is in danger if you stay. Call 911 if you need emergency assistance. Visit Alertla.org for more information.","SHAPE__Area":22926738.21875,"SHAPE__Length":24984.530736117526,"GlobalID":"5d311fc4-8cfe-4395-a1d6-a125b8371281","CreationDate":1791069031000,"Creator":"CalOES_Scripts","EditDate":1791069031000,"Editor":"CalOES_Scripts"}},{"type":"Feature","id":1097999,"geometry":{"type":"Polygon","coordinates":[[[-118.43189794,34.61399126],[-118.431808,34.61338],[-118.431999,34.613341],[-118.432152,34.613334],[-118.43226367,34.61332485],[-118.432335,34.613319],[-118.432472,34.613273],[-118.432762,34.612945],[-118.432998,34.612712],[-118.43304624,34.61264185],[-118.433357,34.61219],[-118.43341738,34.61213873],[-118.43345511,34.6121067],[-118.433708,34.611892],[-118.43375289,34.61184417],[-118.43383791,34.61175358],[-118.433937,34.611648],[-118.434158,34.611453],[-118.43434905,34.61135122],[-118.4343953,34.61132658],[-118.434494,34.611274],[-118.43463268,34.61120989],[-118.434799,34.611133],[-118.43519785,34.61098106],[-118.4352243,34.61097041],[-118.43527422,34.610946],[-118.435493,34.610839],[-118.43593242,34.61068528],[-118.436127,34.610668],[-118.436325,34.610668],[-118.43640567,34.61065978],[-118.43648728,34.61065146],[-118.436737,34.610626],[-118.436935,34.610626],[-118.43715615,34.6105912],[-118.437256,34.61058],[-118.437416,34.610591],[-118.437546,34.610607],[-118.437599,34.610607],[-118.437752,34.610466],[-118.437805,34.610401],[-118.437843,34.610347],[-118.437943,34.610324],[-118.43795298,34.61029108],[-118.437973,34.610225],[-118.43802722,34.61013488],[-118.43804413,34.61010679],[-118.43808311,34.6100441],[-118.43812023,34.60998577],[-118.43817081,34.60993519],[-118.438217,34.609889],[-118.438339,34.609798],[-118.4384039,34.60974161],[-118.43850517,34.60965361],[-118.438545,34.609619],[-118.438805,34.609379],[-118.43890526,34.60932265],[-118.43895945,34.60929852],[-118.43901234,34.60928797],[-118.439308,34.609229],[-118.4394418,34.60922417],[-118.43957488,34.60921937],[-118.439613,34.609218],[-118.4397026,34.60921859],[-118.43994353,34.60922019],[-118.440216,34.609222],[-118.44026286,34.60921951],[-118.44033536,34.60921565],[-118.44039499,34.60921248],[-118.440498,34.609207],[-118.44060774,34.60919406],[-118.44065892,34.60918803],[-118.440727,34.60918],[-118.440979,34.609104],[-118.44106933,34.60905084],[-118.44110767,34.60902827],[-118.441154,34.609001],[-118.44127741,34.60887501],[-118.441345,34.608806],[-118.44139187,34.60875042],[-118.44141657,34.60872114],[-118.441528,34.608589],[-118.44158428,34.60851851],[-118.44160085,34.60849775],[-118.44166702,34.60841488],[-118.44172566,34.60834144],[-118.44175658,34.60830271],[-118.441833,34.608207],[-118.442055,34.608081],[-118.442207,34.608017],[-118.442345,34.607971],[-118.4423703,34.60795724],[-118.44240051,34.60794081],[-118.44247207,34.60789763],[-118.442528,34.607849],[-118.442589,34.607746],[-118.442589,34.607646],[-118.442566,34.607525],[-118.44252821,34.6074059],[-118.442535,34.607273],[-118.44254336,34.60724602],[-118.442566,34.607173],[-118.44261133,34.60712767],[-118.44262891,34.60711009],[-118.4426534,34.6070856],[-118.442726,34.607013],[-118.44307134,34.60677524],[-118.44310783,34.60675011],[-118.4431693,34.60670772],[-118.44326517,34.60661891],[-118.44330771,34.60658712],[-118.44335064,34.60654986],[-118.443382,34.606502],[-118.44339937,34.60647016],[-118.44341994,34.60643244],[-118.443436,34.606403],[-118.44347961,34.60631292],[-118.443497,34.606277],[-118.443527,34.606167],[-118.443527,34.606037],[-118.44351665,34.60600285],[-118.443497,34.605938],[-118.443413,34.605739],[-118.4433989,34.60569819],[-118.443375,34.605629],[-118.443375,34.605499],[-118.443383,34.605411],[-118.4434221,34.60533535],[-118.443444,34.605293],[-118.443512,34.60519],[-118.44356281,34.60513539],[-118.44358716,34.60510922],[-118.44361885,34.60507517],[-118.44363134,34.60505536],[-118.44366932,34.60499489],[-118.44370075,34.60494638],[-118.443848,34.604751],[-118.44390628,34.60464972],[-118.44392516,34.60463238],[-118.443982,34.604588],[-118.44397933,34.60454958],[-118.44397778,34.60452723],[-118.44396994,34.60441446],[-118.443959,34.604257],[-118.443965,34.604158],[-118.44394545,34.60371739],[-118.44393,34.603369],[-118.44375146,34.60336154],[-118.44368993,34.60335897],[-118.44359374,34.60335494],[-118.4433675,34.60334549],[-118.44310711,34.6033346],[-118.44285324,34.60332399],[-118.44276336,34.60332024],[-118.441083,34.60325],[-118.44040497,34.60324127],[-118.44014322,34.6032379],[-118.439918,34.603235],[-118.43977437,34.60325372],[-118.4397005,34.60326335],[-118.439312,34.603314],[-118.43895246,34.60331564],[-118.43881841,34.60331625],[-118.438655,34.603317],[-118.4384031,34.6032874],[-118.43835647,34.60328191],[-118.43817,34.60326],[-118.437854,34.603108],[-118.43758256,34.60299212],[-118.43732354,34.60288155],[-118.43728361,34.6028645],[-118.436999,34.602743],[-118.4343182,34.60273898],[-118.43194677,34.60273542],[-118.427005,34.602728],[-118.41045693,34.602703],[-118.40869659,34.60270021],[-118.40855456,34.60269999],[-118.40630996,34.60269644],[-118.40417304,34.60269306],[-118.40239047,34.60269024],[-118.393392,34.602676],[-118.39339232,34.60264861],[-118.393394,34.602507],[-118.39339096,34.60190298],[-118.39336182,34.60190284],[-118.393183,34.601902],[-118.39029156,34.60197503],[-118.390013,34.60198207],[-118.38931945,34.60199959],[-118.38844091,34.60202178],[-118.38777304,34.60203865],[-118.3875569,34.60204411],[-118.38653974,34.6020698],[-118.38668831,34.60189699],[-118.38700314,34.60153078],[-118.38702601,34.60150418],[-118.38748299,34.60097261],[-118.38776973,34.6004074],[-118.38780767,34.60037403],[-118.38783407,34.60035081],[-118.38786501,34.60032359],[-118.38794256,34.60025537],[-118.38801325,34.60019318],[-118.38835562,34.59989193],[-118.38855552,34.59979233],[-118.38859375,34.59977329],[-118.38885712,34.59964206],[-118.38975911,34.59927989],[-118.39044896,34.59899192],[-118.39068814,34.59886655],[-118.39068699,34.59879482],[-118.39068622,34.59874592],[-118.39068298,34.59853987],[-118.39066784,34.59851069],[-118.39046819,34.59812547],[-118.39037069,34.59793736],[-118.39016628,34.5973874],[-118.39014803,34.59719051],[-118.39011,34.59678009],[-118.39007469,34.59639907],[-118.39004346,34.59623461],[-118.3900366,34.5961985],[-118.39001773,34.59609915],[-118.3897469,34.59579721],[-118.38960862,34.59572825],[-118.38949382,34.59567101],[-118.38939243,34.59562042],[-118.38924644,34.59554758],[-118.38921873,34.59549604],[-118.38910136,34.59527746],[-118.38902081,34.59512745],[-118.38895173,34.5949988],[-118.38891871,34.59487176],[-118.3889007,34.59480247],[-118.38885872,34.59464097],[-118.38885051,34.59460939],[-118.38859916,34.59423657],[-118.38833567,34.59391552],[-118.38832358,34.59376805],[-118.38831843,34.59370535],[-118.38831559,34.5936707],[-118.38876733,34.59281931],[-118.38931534,34.59178663],[-118.38936277,34.59172757],[-118.38940677,34.59167277],[-118.38943416,34.59163861],[-118.38945032,34.59161848],[-118.38953979,34.59150708],[-118.38977888,34.59142175],[-118.38984356,34.59139867],[-118.39008324,34.59131314],[-118.3904486,34.59123734],[-118.39143089,34.59070354],[-118.39147105,34.59068957],[-118.3920408,34.59049139],[-118.39267296,34.59027152],[-118.39295248,34.59016491],[-118.39305284,34.59012663],[-118.39313741,34.59009437],[-118.3931509,34.59006334],[-118.39316216,34.59003743],[-118.39321371,34.58991879],[-118.39326254,34.58980643],[-118.39328742,34.58974917],[-118.39329761,34.58963965],[-118.39331151,34.58949025],[-118.39331473,34.58945571],[-118.3933241,34.58935503],[-118.39333143,34.58927629],[-118.39339445,34.58875636],[-118.39362435,34.58818608],[-118.3936849,34.58810415],[-118.39374559,34.58802203],[-118.39390043,34.5878125],[-118.39425791,34.58742711],[-118.39444874,34.58722138],[-118.3944683,34.58720029],[-118.39462698,34.58708859],[-118.39469185,34.58704292],[-118.39474276,34.58700709],[-118.39479533,34.58697008],[-118.3948307,34.58694518],[-118.39488627,34.58693634],[-118.39493204,34.58692906],[-118.39541628,34.58685204],[-118.39545581,34.58684678],[-118.39558729,34.58682928],[-118.39575364,34.58680713],[-118.39597765,34.58677731],[-118.39670614,34.58652779],[-118.39673496,34.58651792],[-118.39688273,34.58650612],[-118.396936,34.58650187],[-118.39700335,34.58649649],[-118.39722409,34.58647887],[-118.39738797,34.58646579],[-118.39744433,34.58644956],[-118.39749683,34.58643445],[-118.39759156,34.58640718],[-118.39785985,34.58632995],[-118.3978995,34.58632472],[-118.39793691,34.58631978],[-118.3981088,34.58629709],[-118.3982206,34.58628234],[-118.39853809,34.58624043],[-118.3989451,34.58625581],[-118.39905331,34.58625989],[-118.39912692,34.58626267],[-118.3993254,34.58627017],[-118.39967143,34.58634348],[-118.39971232,34.58635215],[-118.39987666,34.58638701],[-118.39996913,34.58644034],[-118.4000904,34.58651028],[-118.40016363,34.58653199],[-118.40029517,34.58657098],[-118.40038738,34.58659831],[-118.40080446,34.58661406],[-118.4008873,34.58658834],[-118.40092972,34.58657517],[-118.40106084,34.58653441],[-118.40113519,34.5865113],[-118.40122045,34.58636417],[-118.40123739,34.58633493],[-118.40127232,34.58627464],[-118.40148071,34.58614034],[-118.40186308,34.58594352],[-118.40238673,34.58582307],[-118.40243571,34.58576748],[-118.40245588,34.58574459],[-118.4025167,34.58567556],[-118.40253475,34.58565508],[-118.40259042,34.58551744],[-118.40263836,34.58539275],[-118.4026889,34.58526129],[-118.40268169,34.58483195],[-118.40264587,34.5846966],[-118.40261446,34.58457789],[-118.4025781,34.58444047],[-118.40255066,34.58434622],[-118.40253577,34.58429509],[-118.40252418,34.58425527],[-118.40249814,34.58416581],[-118.40247454,34.58408474],[-118.40240546,34.58384746],[-118.40241274,34.58373308],[-118.40242191,34.58358895],[-118.40242691,34.58351027],[-118.40243219,34.5834273],[-118.402482,34.58324824],[-118.40249365,34.58320637],[-118.40254065,34.58303741],[-118.40255762,34.58299504],[-118.40258989,34.5829145],[-118.40262577,34.58282496],[-118.40269186,34.58266001],[-118.40281976,34.58240826],[-118.40285544,34.58233803],[-118.40290169,34.58224701],[-118.40296107,34.58213014],[-118.40313539,34.58200162],[-118.40333998,34.58185078],[-118.40371989,34.58172814],[-118.40380815,34.58169774],[-118.40383544,34.58168835],[-118.40391378,34.58166137],[-118.40397804,34.58163924],[-118.40412388,34.58141694],[-118.4040236,34.5810862],[-118.40400287,34.58089173],[-118.40396886,34.58057276],[-118.40387914,34.58049037],[-118.40382636,34.58044192],[-118.40379345,34.58041169],[-118.40376709,34.58038749],[-118.40373314,34.58035632],[-118.40358849,34.5802235],[-118.40348121,34.57988427],[-118.40348611,34.57984779],[-118.4034896,34.57982185],[-118.40351591,34.57962614],[-118.40350001,34.57954581],[-118.40347815,34.57943532],[-118.40347,34.57939414],[-118.40341658,34.57912422],[-118.40340842,34.57863984],[-118.40339979,34.57812456],[-118.40337954,34.57809221],[-118.40331319,34.57798619],[-118.4032897,34.57794866],[-118.40326979,34.57770132],[-118.40333741,34.57766764],[-118.40341581,34.57762855],[-118.40348467,34.57759422],[-118.40437451,34.57742622],[-118.40492777,34.57723767],[-118.40496577,34.57722472],[-118.40503416,34.57720141],[-118.40510024,34.57717889],[-118.40541838,34.57711934],[-118.40562955,34.57707981],[-118.40576419,34.57705461],[-118.40618415,34.576976],[-118.40672971,34.57693955],[-118.40688322,34.5769293],[-118.4069621,34.57692403],[-118.40787956,34.57691359],[-118.40793914,34.57690879],[-118.40822091,34.57687834],[-118.40862344,34.57684829],[-118.40879996,34.57686421],[-118.40895555,34.57687824],[-118.40915701,34.57689642],[-118.40922933,34.57686833],[-118.40938317,34.57680859],[-118.40948155,34.57677039],[-118.40951562,34.57675717],[-118.40957425,34.57673443],[-118.40960662,34.57672188],[-118.40966517,34.57666489],[-118.40968281,34.57664772],[-118.40971179,34.57661951],[-118.40976948,34.57656342],[-118.40980443,34.57652944],[-118.40983625,34.57650301],[-118.40987244,34.57647295],[-118.40989455,34.57645459],[-118.40994644,34.57641149],[-118.41001132,34.57635759],[-118.41010002,34.57622838],[-118.410117,34.57619925],[-118.41013202,34.5761735],[-118.4101732,34.5761029],[-118.41018922,34.57607543],[-118.41025301,34.57590041],[-118.41026308,34.5758728],[-118.41029953,34.57577279],[-118.41031661,34.57572593],[-118.41036419,34.57546765],[-118.41044261,34.57526379],[-118.41046875,34.57519581],[-118.41048309,34.57515853],[-118.41050466,34.57510248],[-118.41051349,34.57507952],[-118.41052189,34.57505656],[-118.41060576,34.57482735],[-118.41068046,34.5746232],[-118.410694,34.57458621],[-118.41072353,34.57450549],[-118.41073962,34.57379204],[-118.41053491,34.57327561],[-118.41050513,34.57323551],[-118.4104008,34.57309498],[-118.41021335,34.5726782],[-118.41006016,34.57228733],[-118.41005634,34.57219513],[-118.41005061,34.57205697],[-118.40997688,34.57027906],[-118.40984937,34.56999257],[-118.40981754,34.56992107],[-118.40981201,34.5698831],[-118.40981155,34.56982436],[-118.40981129,34.56979272],[-118.40980816,34.56939909],[-118.4099945,34.56894463],[-118.41024791,34.56872903],[-118.41035285,34.56863975],[-118.41038123,34.56860754],[-118.41053946,34.56842789],[-118.41065845,34.56829281],[-118.41127405,34.5678563],[-118.41131912,34.56782971],[-118.41141867,34.56777098],[-118.41158888,34.56767057],[-118.41194233,34.56746205],[-118.41196543,34.56744827],[-118.41203793,34.56740503],[-118.41213858,34.567345],[-118.41245625,34.56715553],[-118.41275557,34.56701464],[-118.41297373,34.56687091],[-118.41319881,34.56672261],[-118.41322653,34.56670435],[-118.41333739,34.56663131],[-118.41350487,34.56660709],[-118.41365603,34.56658522],[-118.41369161,34.56658008],[-118.41378413,34.5665667],[-118.41437177,34.56673207],[-118.41442207,34.56674623],[-118.41462198,34.56695727],[-118.41466542,34.56700313],[-118.41499604,34.56732282],[-118.41536567,34.56760637],[-118.41539346,34.56762769],[-118.41557514,34.56776706],[-118.41608623,34.56805923],[-118.41615808,34.5681003],[-118.41619474,34.56813648],[-118.41623651,34.5681777],[-118.41632149,34.56826156],[-118.41656198,34.56849887],[-118.41687672,34.56870469],[-118.41698807,34.56877752],[-118.41705285,34.56881988],[-118.41768002,34.56907036],[-118.41773429,34.56908833],[-118.41784137,34.56912379],[-118.41804846,34.56919236],[-118.4183066,34.56927784],[-118.4184374,34.5692763],[-118.41882566,34.56927175],[-118.41963116,34.56905324],[-118.41972696,34.56901556],[-118.41976992,34.56899717],[-118.42006477,34.56887091],[-118.42019606,34.56875918],[-118.42023873,34.56872286],[-118.42030406,34.56866727],[-118.42033156,34.56864387],[-118.4204721,34.56852445],[-118.42060502,34.56821519],[-118.42064669,34.56811722],[-118.42066519,34.56807373],[-118.42103414,34.56787196],[-118.42132125,34.56771451],[-118.42175428,34.56747705],[-118.42209331,34.56747987],[-118.4222762,34.5674814],[-118.42273088,34.56750208],[-118.42320422,34.56746138],[-118.42332361,34.56745101],[-118.42346378,34.56741071],[-118.42353022,34.56739161],[-118.42363907,34.56736033],[-118.42368131,34.56734819],[-118.4237698,34.56729945],[-118.42410836,34.56708939],[-118.42476432,34.5665571],[-118.42489174,34.56645607],[-118.42494907,34.56641062],[-118.42500593,34.56636554],[-118.42504667,34.56630912],[-118.42506142,34.56628869],[-118.42511075,34.5662204],[-118.42518731,34.56611438],[-118.42523057,34.56605448],[-118.4252834,34.56598134],[-118.42556654,34.56575775],[-118.42589866,34.56560009],[-118.42603,34.56553774],[-118.42662512,34.56560281],[-118.4267401,34.56560318],[-118.42681104,34.56560341],[-118.42755562,34.56560582],[-118.42832952,34.56546205],[-118.42898443,34.56537142],[-118.42934333,34.5649779],[-118.42942609,34.56454472],[-118.42944208,34.56446103],[-118.42945526,34.56439209],[-118.42946726,34.56432925],[-118.42948587,34.56423186],[-118.42950215,34.56414666],[-118.42950643,34.56412428],[-118.42951832,34.56406203],[-118.42955635,34.56387058],[-118.4295779,34.56382483],[-118.42978289,34.56338962],[-118.42999312,34.56317138],[-118.43001512,34.56314854],[-118.43041237,34.56273616],[-118.43043606,34.56271295],[-118.43078222,34.56242998],[-118.43080351,34.56241257],[-118.43091777,34.56231917],[-118.43108702,34.56189439],[-118.43110267,34.56185511],[-118.4311309,34.56178425],[-118.4314574,34.56113695],[-118.4320224,34.56078685],[-118.43203596,34.56076359],[-118.43212331,34.56061376],[-118.43221715,34.56050713],[-118.43227259,34.56044414],[-118.43242879,34.56026665],[-118.432576,34.56016227],[-118.4327365,34.56004846],[-118.43278852,34.56001221],[-118.4328354,34.55997955],[-118.43330077,34.55965527],[-118.43370852,34.5592376],[-118.43375316,34.55919187],[-118.43402163,34.55891688],[-118.43404935,34.55888849],[-118.43415187,34.55879178],[-118.43425217,34.55869718],[-118.43469399,34.5582804],[-118.4347243,34.55825182],[-118.43483253,34.55814973],[-118.43525362,34.55809956],[-118.43528309,34.55809604],[-118.43532315,34.55809127],[-118.4354123,34.55809029],[-118.43553806,34.55808891],[-118.43565073,34.55808763],[-118.43571798,34.55808687],[-118.43593436,34.55801902],[-118.43602016,34.55799212],[-118.43625127,34.55791963],[-118.43659132,34.55781296],[-118.43739639,34.5575692],[-118.43745417,34.55750607],[-118.4374919,34.55746486],[-118.43760262,34.5573439],[-118.43775052,34.55718232],[-118.43848667,34.5566928],[-118.43975666,34.55632366],[-118.43984629,34.5562976],[-118.44006689,34.55623348],[-118.44019825,34.55621096],[-118.44025564,34.55620111],[-118.44058052,34.5561454],[-118.44126182,34.55602857],[-118.44146018,34.55600784],[-118.44158072,34.55599525],[-118.44161596,34.55599157],[-118.44172337,34.55598035],[-118.44178274,34.55597414],[-118.44193875,34.55595784],[-118.44198706,34.55594144],[-118.44204077,34.55592319],[-118.44245781,34.55578157],[-118.44260093,34.55573302],[-118.44355362,34.55520805],[-118.44367779,34.55513961],[-118.44379243,34.55505979],[-118.44400426,34.55491229],[-118.44409709,34.55484766],[-118.44442984,34.55431505],[-118.44451122,34.55418478],[-118.44454315,34.55412101],[-118.454504,34.569585],[-118.4543449,34.56962826],[-118.454514,34.56962],[-118.454773,34.569638],[-118.455002,34.569627],[-118.455269,34.569646],[-118.455483,34.56962],[-118.455819,34.569597],[-118.456033,34.56957],[-118.456284,34.569509],[-118.456559,34.569467],[-118.456688,34.569467],[-118.456849,34.569448],[-118.457573,34.569425],[-118.457757,34.569414],[-118.45794,34.569406],[-118.458154,34.569406],[-118.45839,34.569391],[-118.458626,34.569383],[-118.458886,34.569345],[-118.459397,34.569257],[-118.459527,34.569211],[-118.459603,34.569173],[-118.459824,34.569131],[-118.459905,34.569112],[-118.460007,34.569089],[-118.460211,34.56908],[-118.460259,34.569078],[-118.460488,34.56904],[-118.460778,34.568998],[-118.461098,34.568929],[-118.461304,34.568845],[-118.461421,34.568794],[-118.461533,34.568746],[-118.461717,34.56865],[-118.461873,34.568592],[-118.4619,34.568582],[-118.462083,34.568502],[-118.462273,34.568433],[-118.462846,34.568186],[-118.462968,34.568128],[-118.463059,34.568067],[-118.463159,34.568014],[-118.463189,34.56809],[-118.463189,34.568193],[-118.463219,34.568292],[-118.463349,34.56846],[-118.463525,34.568632],[-118.46367,34.568796],[-118.463799,34.568929],[-118.463853,34.569059],[-118.463914,34.569291],[-118.463937,34.569467],[-118.46468285,34.56977615],[-118.46465401,34.56981733],[-118.46461378,34.56987479],[-118.46457416,34.56993254],[-118.4645511,34.56996428],[-118.46452543,34.57000064],[-118.46450058,34.57003382],[-118.46446411,34.57008396],[-118.46443204,34.57012804],[-118.46440896,34.57015977],[-118.46437973,34.57019294],[-118.46436238,34.57022706],[-118.46433986,34.57025906],[-118.46433206,34.57028664],[-118.46431471,34.57032075],[-118.46430053,34.57034861],[-118.46426716,34.5704142],[-118.46425258,34.57044286],[-118.46423075,34.57047033],[-118.4642203,34.5705063],[-118.46420294,34.57054041],[-118.46419772,34.57058401],[-118.46418559,34.57062576],[-118.46417475,34.57066305],[-118.46416468,34.5706977],[-118.46414838,34.57075379],[-118.46414042,34.57078119],[-118.46413395,34.57080346],[-118.46412681,34.57082801],[-118.46411942,34.57085343],[-118.46411092,34.57088268],[-118.46410445,34.57090497],[-118.46410689,34.57092718],[-118.46410295,34.57095581],[-118.46409677,34.57100068],[-118.46408875,34.57105887],[-118.46407863,34.57113237],[-118.46407384,34.57116718],[-118.46406372,34.57124068],[-118.46405879,34.57127647],[-118.46405937,34.57131305],[-118.4640488,34.571349],[-118.46404374,34.57138575],[-118.4639945,34.57153365],[-118.46395712,34.57168404],[-118.4639402,34.5717183],[-118.46392963,34.57175425],[-118.46389328,34.57181328],[-118.46388067,34.57183879],[-118.46386065,34.57187932],[-118.46384683,34.5719073],[-118.46382458,34.57195357],[-118.4638116,34.5719967],[-118.4637873,34.5720278],[-118.46377038,34.57206206],[-118.46374719,34.57207915],[-118.46373138,34.57209939],[-118.46370779,34.57212959],[-118.46368349,34.57216069],[-118.46364739,34.57220689],[-118.4636113,34.5722531],[-118.463587,34.5722842],[-118.46352747,34.57233663],[-118.46347225,34.57239166],[-118.46341502,34.57244867],[-118.46335982,34.57250368],[-118.46331372,34.57256712],[-118.463276,34.5725872],[-118.46322781,34.57261285],[-118.46319009,34.57263292],[-118.46314544,34.57265669],[-118.4631096,34.57267576],[-118.46307188,34.57269584],[-118.46302911,34.5727186],[-118.46299139,34.57273868],[-118.46295114,34.5727601],[-118.46292766,34.5727726],[-118.46289763,34.57278858],[-118.4628416,34.5728184],[-118.46280388,34.57283848],[-118.46277312,34.57286673],[-118.46273875,34.57289098],[-118.46270465,34.57291505],[-118.46267054,34.57293912],[-118.46260649,34.57298432],[-118.4625677,34.5730117],[-118.4625336,34.57303577],[-118.46251273,34.573052],[-118.4624913,34.57306771],[-118.46239066,34.57314149],[-118.46235717,34.57316605],[-118.46232367,34.57319061],[-118.46225658,34.5732398],[-118.46220632,34.57327665],[-118.46215681,34.57331424],[-118.4621225,34.5733381],[-118.46207301,34.57337251],[-118.4620413,34.57339457],[-118.46200438,34.57342024],[-118.46196704,34.57344621],[-118.46193272,34.57347007],[-118.4618939,34.57349707],[-118.46185509,34.57352406],[-118.4618369,34.57355318],[-118.46180503,34.57358534],[-118.46177745,34.57361318],[-118.46173533,34.57365569],[-118.46171426,34.57367694],[-118.4616932,34.5736982],[-118.4616648,34.57372686],[-118.46164555,34.57376353],[-118.46162103,34.57379715],[-118.4615979,34.57382885],[-118.46157477,34.57386055],[-118.46155025,34.57389417],[-118.46152446,34.57392719],[-118.4615026,34.5739595],[-118.46147947,34.5739912],[-118.46144385,34.57404635],[-118.46140696,34.57410089],[-118.46136324,34.57416551],[-118.46132635,34.57422005],[-118.46128916,34.57427446],[-118.4612676,34.5743069],[-118.46124574,34.57433921],[-118.46123146,34.57436129],[-118.46121687,34.57438324],[-118.46119531,34.57441568],[-118.46117325,34.57444889],[-118.46115118,34.5744821],[-118.46112962,34.57451455],[-118.46110806,34.57454699],[-118.46107521,34.57459642],[-118.46104439,34.57464683],[-118.4610208,34.5746783],[-118.46099924,34.57471074],[-118.46097962,34.57473323],[-118.46096204,34.57475669],[-118.46093845,34.57478816],[-118.46091485,34.57481963],[-118.46089923,34.57484047],[-118.46088163,34.57486395],[-118.46085609,34.57489802],[-118.4608325,34.57492949],[-118.46080589,34.57496499],[-118.46078229,34.57499646],[-118.4607454,34.57504568],[-118.4607085,34.5750949],[-118.46067155,34.57514037],[-118.46065421,34.57516171],[-118.4606346,34.57518584],[-118.46060962,34.57521658],[-118.46058138,34.57525132],[-118.4605564,34.57528206],[-118.46054084,34.57530121],[-118.4605216,34.57531854],[-118.4605003,34.5753511],[-118.46047532,34.57538184],[-118.46046634,34.57540301],[-118.46045267,34.57542392],[-118.46043137,34.57545648],[-118.46040327,34.57549945],[-118.46038197,34.57553201],[-118.46036473,34.57555836],[-118.46034343,34.57559093],[-118.46032214,34.57562349],[-118.46030668,34.57564712],[-118.4602836,34.5756824],[-118.4602623,34.57571496],[-118.46025196,34.57574098],[-118.46023857,34.57576577],[-118.46022032,34.57579956],[-118.46019753,34.57584175],[-118.46018381,34.57586714],[-118.46016102,34.57590933],[-118.46013431,34.57595877],[-118.46011606,34.57599256],[-118.46009781,34.57602636],[-118.4600711,34.5760758],[-118.46005285,34.57610959],[-118.46003734,34.57615964],[-118.46001771,34.57620838],[-118.46000358,34.57624349],[-118.4599926,34.57627075],[-118.4599773,34.57630875],[-118.45996317,34.57634385],[-118.45994394,34.57639161],[-118.45993426,34.57641563],[-118.45992013,34.57645074],[-118.459906,34.57648584],[-118.45988573,34.57654292],[-118.4598537,34.57667225],[-118.45980803,34.57681743],[-118.4598032,34.5768542],[-118.45979319,34.57689025],[-118.45979423,34.5769225],[-118.45979008,34.57695403],[-118.45978042,34.57702757],[-118.45977628,34.5770591],[-118.45977039,34.57709051],[-118.4597673,34.5771274],[-118.45976247,34.57716417],[-118.45976095,34.5772032],[-118.45975769,34.57724211],[-118.45975151,34.57731589],[-118.45974825,34.5773548],[-118.45974445,34.57739368],[-118.4597419,34.5774306],[-118.45973881,34.57746749],[-118.45973768,34.57749163],[-118.45973573,34.57751975],[-118.45973405,34.57754406],[-118.45973107,34.57758712],[-118.45972852,34.57762404],[-118.45972596,34.57766096],[-118.45972225,34.57771472],[-118.4597247,34.57775182],[-118.45972466,34.5777888],[-118.45972461,34.57782578],[-118.45972458,34.5778503],[-118.45972453,34.57788728],[-118.4597245,34.5779118],[-118.45972445,34.57794878],[-118.45973293,34.57797385],[-118.45973748,34.57800737],[-118.45974291,34.57804736],[-118.45974746,34.57808088],[-118.45975245,34.57811763],[-118.45975979,34.57817169],[-118.45976478,34.57820844],[-118.45976977,34.57824519],[-118.45977344,34.57827222],[-118.45977609,34.57829935],[-118.4597821,34.578336],[-118.45978709,34.57837275],[-118.45980455,34.57847295],[-118.45982664,34.57857292],[-118.459827,34.5786099],[-118.45983301,34.57864655],[-118.45982778,34.57868977],[-118.45982819,34.57873267],[-118.45982891,34.57880663],[-118.45982932,34.57884952],[-118.45983861,34.57889309],[-118.4598301,34.5789294],[-118.45983046,34.57896638],[-118.4597981,34.57906595],[-118.45978275,34.57916815],[-118.4597661,34.5792025],[-118.45975759,34.57923881],[-118.45973495,34.57926675],[-118.45972045,34.57929665],[-118.4597038,34.579331],[-118.45969276,34.57935378],[-118.45967265,34.57939525],[-118.45965744,34.57942493],[-118.4596415,34.5794595],[-118.45962485,34.57949385],[-118.45960794,34.5795323],[-118.45959201,34.57956687],[-118.45957878,34.57959557],[-118.45956284,34.57963015],[-118.4595484,34.57966147],[-118.45953246,34.57969605],[-118.45951802,34.57972737],[-118.45950208,34.57976195],[-118.45948615,34.57979652],[-118.4594762,34.5798181],[-118.45946026,34.57985267],[-118.45944736,34.57987428],[-118.459436,34.57989639],[-118.45940102,34.57996451],[-118.45937831,34.58000874],[-118.45936082,34.5800428],[-118.45934628,34.58007112],[-118.45933322,34.58009656],[-118.45931573,34.58013061],[-118.45929824,34.58016468],[-118.4592837,34.580193],[-118.45926621,34.58022706],[-118.4592328,34.58025038],[-118.45920631,34.58028025],[-118.45918388,34.58030553],[-118.45916711,34.58032444],[-118.45914662,34.58034754],[-118.4591196,34.580378],[-118.4590931,34.58040787],[-118.45906415,34.58044081],[-118.45905722,34.58046801],[-118.45903777,34.58050135],[-118.4590237,34.58052548],[-118.45900425,34.58055881],[-118.4589614,34.58064214],[-118.45892375,34.58072789],[-118.4588991,34.5807588],[-118.45888102,34.58079265],[-118.45881805,34.58086045],[-118.45875236,34.58092735],[-118.458737,34.5809621],[-118.45871235,34.58099301],[-118.45865965,34.5811371],[-118.4586073,34.58128138],[-118.4585823,34.5813121],[-118.45856694,34.58134685],[-118.4584231,34.58150775],[-118.45828956,34.58167305],[-118.4582639,34.5817034],[-118.4582389,34.58173412],[-118.45812605,34.5818665],[-118.45801413,34.58199941],[-118.4579882,34.5820296],[-118.45796255,34.58205995],[-118.45791963,34.58210943],[-118.45787699,34.58215908],[-118.45782512,34.58221946],[-118.45780273,34.58224553],[-118.45777989,34.58227135],[-118.4577544,34.5823018],[-118.45772847,34.58233199],[-118.4576266,34.58245447],[-118.4575243,34.58257669],[-118.45747332,34.58263759],[-118.457408,34.58271562],[-118.45734462,34.58279481],[-118.4573172,34.5828241],[-118.45729171,34.58285455],[-118.45726765,34.58287705],[-118.45724551,34.5829007],[-118.45719068,34.58295928],[-118.4571179,34.58303705],[-118.45704245,34.58311324],[-118.4570177,34.5831441],[-118.45699028,34.58317339],[-118.4568977,34.58329375],[-118.45680013,34.58341136],[-118.4567777,34.5834434],[-118.45675295,34.58347426],[-118.45673687,34.58350172],[-118.45669202,34.5835658],[-118.45659462,34.58370493],[-118.45649365,34.58384254],[-118.4564748,34.5838761],[-118.45645237,34.58390814],[-118.4563694,34.58406375],[-118.45628044,34.58421699],[-118.456264,34.5842514],[-118.45624515,34.58428496],[-118.45623434,34.58431351],[-118.45622219,34.58433894],[-118.45620896,34.58436663],[-118.45619253,34.58440104],[-118.45617609,34.58443546],[-118.45613966,34.58451172],[-118.45610085,34.58458728],[-118.4560868,34.5846224],[-118.45607036,34.58465681],[-118.4560278,34.5847699],[-118.45598015,34.58488162],[-118.4559688,34.5849174],[-118.45595475,34.58495252],[-118.45592291,34.585062],[-118.45588838,34.58517081],[-118.45587702,34.58520659],[-118.45586567,34.58524237],[-118.45584016,34.58532275],[-118.45580962,34.58540229],[-118.4558033,34.5854389],[-118.45579195,34.58547468],[-118.45578367,34.58555265],[-118.45577036,34.58562978],[-118.45575772,34.585703],[-118.45574262,34.5857905],[-118.4557285,34.58587811],[-118.4557212,34.5859146],[-118.45571488,34.58595121],[-118.4556936,34.58605255],[-118.45567477,34.58615423],[-118.455666,34.5861905],[-118.4556587,34.58622699],[-118.45563883,34.58630283],[-118.45562043,34.58637889],[-118.45560288,34.58645143],[-118.4555966,34.5864774],[-118.45558783,34.58651367],[-118.45553815,34.5866746],[-118.45549057,34.58683592],[-118.4554797,34.5868718],[-118.45546905,34.58690772],[-118.4554128,34.5870926],[-118.45535493,34.58727718],[-118.4553459,34.5873134],[-118.45533503,34.58734928],[-118.4552971,34.5875091],[-118.45525054,34.58766787],[-118.4552483,34.5877048],[-118.45523927,34.58774102],[-118.45524369,34.58778069],[-118.45524132,34.58781965],[-118.45523683,34.58789351],[-118.45523029,34.58800119],[-118.45521643,34.58810906],[-118.4552215,34.5881458],[-118.45521926,34.58818273],[-118.4552485,34.58834155],[-118.45526034,34.58850249],[-118.4552755,34.5885373],[-118.45528057,34.58857404],[-118.45539145,34.58880345],[-118.45548475,34.58903767],[-118.4555074,34.5890696],[-118.45552256,34.58910441],[-118.4556451,34.5892637],[-118.45575412,34.58942934],[-118.4557828,34.5894578],[-118.45580545,34.58948973],[-118.4559593,34.58963295],[-118.45610075,34.58978498],[-118.4561358,34.5898081],[-118.45616448,34.58983656],[-118.4563659,34.5899599],[-118.45655684,34.59009359],[-118.456596,34.5901117],[-118.45663105,34.59013482],[-118.45684925,34.59022885],[-118.45706066,34.59033255],[-118.4571025,34.590346],[-118.45714166,34.59036411],[-118.45745077,34.590458],[-118.4577572,34.59055654],[-118.45784087,34.59058345],[-118.45802652,34.59064315],[-118.45821322,34.5907008],[-118.458254,34.5907163],[-118.45829584,34.59072975],[-118.4585408,34.5908253],[-118.45879407,34.5909097],[-118.4588276,34.5909343],[-118.45886768,34.59096371],[-118.45889708,34.59098528],[-118.45906753,34.59111034],[-118.45925389,34.59122598],[-118.4592715,34.59126],[-118.45930503,34.5912846],[-118.45930499,34.59132468],[-118.45932035,34.59135435],[-118.4593383,34.59138895],[-118.45935389,34.59141906],[-118.45937123,34.59145251],[-118.45938198,34.5914733],[-118.45940265,34.59151324],[-118.45941764,34.59154218],[-118.45943216,34.59157023],[-118.45945646,34.59159589],[-118.4594643,34.5916323],[-118.45948191,34.59166631],[-118.45949347,34.59176776],[-118.45950798,34.59183514],[-118.4595148,34.59186681],[-118.45953049,34.59193962],[-118.45953762,34.59197276],[-118.45955699,34.5920055],[-118.45955497,34.59205332],[-118.45956044,34.59207871],[-118.45954432,34.59216409],[-118.4595274,34.59225375],[-118.45952164,34.59237525],[-118.459519,34.59243091],[-118.4595022,34.5924652],[-118.45949781,34.592502],[-118.45946919,34.59254724],[-118.45943746,34.59259737],[-118.45938952,34.59269525],[-118.45937272,34.59272954],[-118.45935576,34.59276417],[-118.4593388,34.5927988],[-118.459322,34.59283309],[-118.45929406,34.59286036],[-118.45925815,34.5928954],[-118.45919965,34.59297432],[-118.4591775,34.592992],[-118.45915206,34.59302247],[-118.45907505,34.59307375],[-118.45900924,34.59313412],[-118.45896118,34.59316461],[-118.45894035,34.59318123],[-118.45887733,34.59321109],[-118.45883077,34.59323826],[-118.45880304,34.59325444],[-118.45875748,34.59328103],[-118.4587236,34.5933008],[-118.45868696,34.59332218],[-118.45858805,34.59335915],[-118.45855786,34.59337547],[-118.45849616,34.59340881],[-118.4584525,34.5934175],[-118.4584127,34.59343463],[-118.4583726,34.59344077],[-118.4582125,34.59346525],[-118.45810191,34.5934939],[-118.45800949,34.59351534],[-118.4579725,34.593513],[-118.45792884,34.59352169],[-118.45773025,34.5934977],[-118.45753072,34.59349383],[-118.457488,34.5934824],[-118.45744322,34.59347957],[-118.457293,34.59343024],[-118.45726562,34.59342291],[-118.45714071,34.5933895],[-118.45709799,34.59337807],[-118.45705527,34.59336665],[-118.45702553,34.59336096],[-118.4569837,34.5933475],[-118.45694098,34.59333607],[-118.45646405,34.5931803],[-118.45622299,34.59310333],[-118.45598573,34.59302758],[-118.4559444,34.5930131],[-118.45590257,34.59299964],[-118.4556793,34.5929206],[-118.45557155,34.59288245],[-118.45524174,34.59276236],[-118.4551987,34.5927518],[-118.45515737,34.59273732],[-118.45511117,34.5927282],[-118.45504769,34.59271384],[-118.45498004,34.59269413],[-118.4549359,34.5926873],[-118.45488026,34.59267532],[-118.45480025,34.5926663],[-118.45470948,34.5926439],[-118.4546646,34.5926453],[-118.45459793,34.5926424],[-118.4545633,34.59264845],[-118.45450689,34.59265019],[-118.4544598,34.59265167],[-118.45441712,34.592653],[-118.45436927,34.59265451],[-118.45432419,34.59265593],[-118.45427712,34.59265741],[-118.45415955,34.59268435],[-118.45409134,34.59269082],[-118.45403715,34.59269597],[-118.4539971,34.5927127],[-118.45395316,34.59272037],[-118.4539064,34.5927506],[-118.45386219,34.59276907],[-118.45382214,34.5927858],[-118.45378209,34.59280254],[-118.45371794,34.59282774],[-118.45367819,34.59284198],[-118.45363134,34.59286553],[-118.45360715,34.59287564],[-118.45358561,34.59289253],[-118.45356145,34.59290572],[-118.45352402,34.59292615],[-118.45348659,34.59294659],[-118.45344916,34.59296703],[-118.45342162,34.59298206],[-118.45339409,34.59299709],[-118.45331923,34.59303796],[-118.45327298,34.59306321],[-118.45324445,34.5930792],[-118.45321993,34.5930927],[-118.4531893,34.5931089],[-118.45315187,34.59312934],[-118.45309231,34.59316018],[-118.45305129,34.59318187],[-118.45301662,34.5932002],[-118.45297571,34.59322183],[-118.4529256,34.59324832],[-118.45287732,34.59327738],[-118.4528377,34.5932948],[-118.45278273,34.59331897],[-118.45275804,34.59332982],[-118.45271175,34.59335018],[-118.45266504,34.59337071],[-118.4526214,34.5933899],[-118.45258004,34.59340498],[-118.452529,34.5934236],[-118.4524991,34.5934345],[-118.45245684,34.59344992],[-118.45241757,34.59346424],[-118.4523771,34.593479],[-118.45233603,34.59349398],[-118.45230791,34.59349161],[-118.45227217,34.59349812],[-118.45223894,34.59350418],[-118.45218446,34.59351411],[-118.45213194,34.59352368],[-118.4520852,34.5935322],[-118.45204135,34.59354019],[-118.45195907,34.59354633],[-118.45187128,34.59355616],[-118.45183294,34.59356045],[-118.4517939,34.59356482],[-118.45170489,34.59357479],[-118.4516697,34.59357874],[-118.45157307,34.59358956],[-118.45154246,34.59359299],[-118.4515145,34.59359612],[-118.45146999,34.5936011],[-118.45144206,34.59360423],[-118.45140084,34.59360885],[-118.451349,34.59361465],[-118.45131479,34.59361848],[-118.45124817,34.59362602],[-118.45120415,34.593631],[-118.45109253,34.59363939],[-118.451049,34.5936485],[-118.4510045,34.59365352],[-118.45096809,34.59366543],[-118.45092456,34.59367453],[-118.45088103,34.59368364],[-118.45084959,34.59369022],[-118.45082043,34.59369632],[-118.45076836,34.59370721],[-118.45070537,34.59372039],[-118.45067277,34.59372721],[-118.45061721,34.59375081],[-118.45058115,34.59376356],[-118.45050191,34.59378796],[-118.4504777,34.5938007],[-118.4504363,34.59381503],[-118.45036825,34.59385829],[-118.45028199,34.59389673],[-118.45025879,34.59391589],[-118.45022095,34.5939358],[-118.45020833,34.59395755],[-118.45018445,34.59397726],[-118.45016502,34.59399331],[-118.4501449,34.59400992],[-118.4501213,34.5940294],[-118.45008959,34.59405558],[-118.45006888,34.59407091],[-118.45004883,34.59408679],[-118.45001647,34.59411243],[-118.44999567,34.59412889],[-118.44996405,34.59415394],[-118.44993146,34.59416228],[-118.44990632,34.59419966],[-118.44987781,34.59423398],[-118.4498753,34.59425622],[-118.4498588,34.5942838],[-118.44983896,34.59431698],[-118.44981913,34.59435015],[-118.44980263,34.59437774],[-118.4497823,34.59440395],[-118.4497663,34.5944385],[-118.44974646,34.59447167],[-118.44963318,34.59472598],[-118.44951605,34.5949789],[-118.44950005,34.59501345],[-118.44948405,34.595048],[-118.44936693,34.59530093],[-118.44928658,34.59547526],[-118.44925029,34.59555401],[-118.4492338,34.5955884],[-118.4492178,34.59562295],[-118.44919966,34.59566046],[-118.44915232,34.59575835],[-118.44908669,34.59589527],[-118.44907085,34.5959283],[-118.44905436,34.59596269],[-118.44902073,34.59603286],[-118.44898937,34.59609825],[-118.44892062,34.59624113],[-118.4489079,34.5962682],[-118.44889141,34.59630259],[-118.44882973,34.59643458],[-118.44876775,34.59656647],[-118.44873535,34.59663543],[-118.44867338,34.59676733],[-118.44860776,34.59690479],[-118.4485952,34.5969337],[-118.448579,34.59696818],[-118.44856368,34.59700625],[-118.44854728,34.59704399],[-118.44851702,34.59711361],[-118.44849652,34.59715809],[-118.44847525,34.59720011],[-118.4484691,34.5972239],[-118.44845392,34.59726024],[-118.44845311,34.59728573],[-118.44844498,34.59731716],[-118.44843712,34.59734756],[-118.44842183,34.59740668],[-118.4484105,34.5974505],[-118.44841066,34.5974728],[-118.44841094,34.59750977],[-118.44841121,34.59754675],[-118.44841138,34.59756905],[-118.44841236,34.59760203],[-118.44841193,34.59764318],[-118.44841218,34.59767597],[-118.44841114,34.5977009],[-118.4484106,34.59774461],[-118.44841014,34.59778158],[-118.44840957,34.59782794],[-118.44841097,34.59788293],[-118.44842252,34.59793349],[-118.44842756,34.59795552],[-118.44843269,34.59797797],[-118.44844175,34.59801763],[-118.44844788,34.59804448],[-118.44845442,34.59807309],[-118.44845946,34.59809516],[-118.44847074,34.5981197],[-118.44847052,34.59814357],[-118.44847585,34.59816688],[-118.4484818,34.59819294],[-118.4484781,34.59821818],[-118.44847998,34.59824323],[-118.44848175,34.59826693],[-118.4484842,34.59829975],[-118.44848666,34.59833256],[-118.44849217,34.59840637],[-118.44849601,34.59845763],[-118.44850392,34.59850884],[-118.44850286,34.59854923],[-118.44850536,34.5985827],[-118.44850018,34.59861343],[-118.44849928,34.59863862],[-118.4484976,34.59868561],[-118.44849663,34.59871253],[-118.44849531,34.59874949],[-118.44849427,34.59877862],[-118.44849501,34.59880782],[-118.4484919,34.5988447],[-118.44849058,34.59888166],[-118.44848205,34.59896165],[-118.44847884,34.59899971],[-118.44847573,34.5990366],[-118.44847262,34.59907348],[-118.44847073,34.59909598],[-118.44846856,34.59912172],[-118.44846545,34.5991586],[-118.44846267,34.59919161],[-118.44846034,34.59921926],[-118.44845802,34.59924674],[-118.44845602,34.59926911],[-118.44845412,34.59929303],[-118.44845179,34.59932068],[-118.44845001,34.5993478],[-118.44844775,34.59937736],[-118.44844586,34.59940202],[-118.44844352,34.59943263],[-118.44844073,34.59946914],[-118.44843847,34.5994987],[-118.44843565,34.5995356],[-118.44843301,34.59957015],[-118.44843018,34.59960705],[-118.44842736,34.59964395],[-118.44842739,34.59967871],[-118.4484219,34.5997154],[-118.44841908,34.5997523],[-118.4484083,34.59980622],[-118.4484002,34.59986034],[-118.44838922,34.59993373],[-118.44838565,34.59995754],[-118.44838209,34.59998134],[-118.4483766,34.60001804],[-118.44837274,34.60004381],[-118.44836752,34.60007867],[-118.44836029,34.60012695],[-118.44835654,34.60015205],[-118.44835152,34.60018558],[-118.4483465,34.6002191],[-118.44833436,34.60028443],[-118.44833025,34.60030655],[-118.44832553,34.600332],[-118.4483208,34.60035745],[-118.44830043,34.60046709],[-118.44829219,34.6005114],[-118.44828654,34.60054181],[-118.44828141,34.60056946],[-118.44827588,34.60059921],[-118.44827152,34.60062266],[-118.44826628,34.60065087],[-118.44826101,34.60067925],[-118.44825252,34.60072887],[-118.44824372,34.60077846],[-118.44823724,34.60081505],[-118.44823075,34.60085163],[-118.4482252,34.60088293],[-118.44821965,34.60091423],[-118.44821316,34.60095081],[-118.44820492,34.60099728],[-118.44819858,34.60103302],[-118.44819256,34.60106696],[-118.44818561,34.60110619],[-118.44817768,34.60115088],[-118.44817258,34.60117965],[-118.4481665,34.60121395],[-118.44815775,34.60126329],[-118.4481537,34.60128613],[-118.44815433,34.60132302],[-118.4481409,34.6013583],[-118.44813061,34.60138534],[-118.44812004,34.60141309],[-118.44810375,34.6014559],[-118.44809032,34.60149118],[-118.44807689,34.60152646],[-118.44806437,34.60155934],[-118.44805185,34.60159222],[-118.44803842,34.6016275],[-118.44802499,34.60166278],[-118.44800335,34.60172021],[-118.44798796,34.60176421],[-118.4479731,34.6017991],[-118.44795118,34.60185346],[-118.44792283,34.60191718],[-118.44791255,34.60194132],[-118.44788741,34.60200036],[-118.44786934,34.6020428],[-118.44785769,34.60207014],[-118.44784017,34.6021113],[-118.44782227,34.60215333],[-118.44778638,34.60223638],[-118.447772,34.6022714],[-118.44775714,34.60230629],[-118.44769762,34.60245258],[-118.44763763,34.60259873],[-118.44762528,34.6026288],[-118.44760887,34.60266878],[-118.44754888,34.60281492],[-118.44748404,34.60297279],[-118.4474745,34.6029961],[-118.44746012,34.60303113],[-118.44745065,34.60305441],[-118.44744114,34.60307768],[-118.44742681,34.60311272],[-118.44741646,34.60313801],[-118.44740778,34.60315926],[-118.44739853,34.60318185],[-118.44738781,34.60320808],[-118.44737912,34.60322933],[-118.44736479,34.60326437],[-118.44734209,34.60331988],[-118.44733041,34.60334842],[-118.44731143,34.60339484],[-118.4472914,34.60344381],[-118.44728171,34.60346751],[-118.44726621,34.60350541],[-118.44725653,34.60352907],[-118.44724704,34.60355228],[-118.44723755,34.60357549],[-118.44721867,34.60362165],[-118.4472027,34.6036607],[-118.44718837,34.60369574],[-118.44718265,34.60371878],[-118.44717037,34.60375434],[-118.4471626,34.60377686],[-118.44715032,34.60381243],[-118.44713805,34.60384799],[-118.44713061,34.60386953],[-118.44712182,34.603895],[-118.44710533,34.60394276],[-118.44709252,34.60397987],[-118.44708505,34.60400152],[-118.44707327,34.60404129],[-118.4470592,34.6040764],[-118.44704692,34.60411196],[-118.4470111,34.60419638],[-118.44699663,34.60423247],[-118.44697707,34.60428125],[-118.44694892,34.60435147],[-118.44692071,34.60442185],[-118.44689249,34.60449224],[-118.44687955,34.60452451],[-118.44686996,34.60454844],[-118.44686107,34.60457061],[-118.4468464,34.6046072],[-118.44683233,34.60464231],[-118.44681808,34.60467667],[-118.44678463,34.60475732],[-118.44676751,34.60479891],[-118.44673726,34.60487243],[-118.44670844,34.60494247],[-118.44666108,34.60505758],[-118.44661257,34.60517238],[-118.44659519,34.60521769],[-118.44658489,34.60524272],[-118.44657499,34.60527237],[-118.44656172,34.60530769],[-118.44654985,34.60533928],[-118.44649759,34.60547831],[-118.44648204,34.60551967],[-118.44645549,34.60559031],[-118.44643693,34.60564461],[-118.44643078,34.60566821],[-118.4464134,34.6057023],[-118.44640013,34.60573762],[-118.44637858,34.60577058],[-118.4463612,34.60580467],[-118.44634376,34.60583886],[-118.44632638,34.60587295],[-118.446309,34.60590704],[-118.4462975,34.60592958],[-118.44628656,34.60595104],[-118.44627423,34.60597522],[-118.44625179,34.60601922],[-118.44623087,34.60606026],[-118.44621787,34.60608573],[-118.44620082,34.60611],[-118.4461875,34.6061453],[-118.44617012,34.60617939],[-118.44616285,34.60621062],[-118.44612287,34.60631653],[-118.4461135,34.60634138],[-118.44609366,34.60639393],[-118.44608491,34.60641711],[-118.44607544,34.60644222],[-118.44606402,34.60647246],[-118.446032,34.6065573],[-118.44600795,34.60662103],[-118.44598314,34.60670041],[-118.4459652,34.6067343],[-118.44595188,34.6067696],[-118.4458983,34.60686068],[-118.44585167,34.60695171],[-118.4458324,34.6069851],[-118.44581446,34.60701899],[-118.44579791,34.60704488],[-118.44578415,34.60706873],[-118.44576489,34.60710213],[-118.44574425,34.60713791],[-118.44572115,34.60717795],[-118.44570571,34.6072047],[-118.44568507,34.60724049],[-118.44566581,34.60727388],[-118.44564654,34.60730728],[-118.44562728,34.60734067],[-118.44561342,34.60736469],[-118.44559415,34.60739808],[-118.4455803,34.6074221],[-118.44556698,34.60744519],[-118.44554715,34.60746889],[-118.4455198,34.60749526],[-118.44548457,34.60753786],[-118.44544559,34.60758499],[-118.44542032,34.60761555],[-118.44539505,34.60764611],[-118.44536357,34.60768418],[-118.44533829,34.60771474],[-118.44530614,34.60775362],[-118.44528775,34.60777586],[-118.44526757,34.60780026],[-118.4452423,34.60783082],[-118.44521702,34.60786138],[-118.44517734,34.60790937],[-118.4451463,34.6079469],[-118.4451061,34.60799049],[-118.44507623,34.60801655],[-118.44503134,34.60806117],[-118.44500616,34.6080862],[-118.44497752,34.60811467],[-118.44495042,34.60814161],[-118.44492332,34.60816854],[-118.44490058,34.60819114],[-118.44487777,34.60821382],[-118.44485401,34.60823744],[-118.44482656,34.60826472],[-118.44476927,34.60832167],[-118.4447298,34.6083609],[-118.44470115,34.60838937],[-118.44467351,34.60839874],[-118.44459035,34.60845464],[-118.44456885,34.60846909],[-118.44453409,34.60849246],[-118.44449928,34.60851586],[-118.44445399,34.6085463],[-118.4444192,34.60856969],[-118.44438442,34.60859307],[-118.44436313,34.60860738],[-118.44433833,34.60862405],[-118.44431239,34.60864149],[-118.4442776,34.60866487],[-118.44424271,34.60868833],[-118.44422047,34.60870328],[-118.4441856,34.60872671],[-118.44415082,34.6087501],[-118.4441285,34.6087651],[-118.4440675,34.60879507],[-118.44403299,34.60881202],[-118.44397271,34.60884164],[-118.44393803,34.60885868],[-118.4438609,34.60889657],[-118.44380658,34.60892326],[-118.44374601,34.60895301],[-118.44367512,34.60898784],[-118.44361154,34.60901908],[-118.44356489,34.609042],[-118.44350497,34.60907186],[-118.44344209,34.60910285],[-118.4434161,34.6091151],[-118.44337753,34.60913405],[-118.44334401,34.60914941],[-118.44331979,34.60916051],[-118.44326244,34.60918754],[-118.4431845,34.60922429],[-118.44313512,34.60924757],[-118.44310879,34.60925998],[-118.4429529,34.60933348],[-118.4428605,34.60937704],[-118.4427681,34.6094206],[-118.44270725,34.60944929],[-118.44266827,34.60946766],[-118.44263785,34.60948201],[-118.44260748,34.60949632],[-118.44248699,34.60955313],[-118.44234489,34.60962054],[-118.44229091,34.60964542],[-118.44226196,34.60965876],[-118.44221023,34.6096826],[-118.44218358,34.60969488],[-118.4421444,34.60971295],[-118.44210521,34.60973101],[-118.44207981,34.60974272],[-118.44205624,34.60975358],[-118.44201705,34.60977165],[-118.441982,34.6097878],[-118.44194281,34.60980586],[-118.44190121,34.60982738],[-118.44187547,34.60984],[-118.44185145,34.60985177],[-118.44181269,34.60987076],[-118.44178183,34.60988587],[-118.44174051,34.60990612],[-118.44169887,34.60992652],[-118.44166332,34.60994394],[-118.44161855,34.60996668],[-118.4415834,34.6099831],[-118.44152833,34.61000883],[-118.44148066,34.6100311],[-118.4414416,34.61004935],[-118.44140254,34.6100676],[-118.44135438,34.6100901],[-118.44132106,34.61010567],[-118.44128801,34.61012111],[-118.4412281,34.6101491],[-118.44116622,34.61016959],[-118.44112397,34.61018358],[-118.44108118,34.61019775],[-118.4410492,34.61020834],[-118.441021,34.61021768],[-118.44097933,34.61023147],[-118.44093766,34.61024527],[-118.44088954,34.61026121],[-118.44084142,34.61027714],[-118.44075808,34.61030474],[-118.44072376,34.6103161],[-118.44068913,34.61032757],[-118.44061561,34.61035503],[-118.4405785,34.6103642],[-118.44052763,34.61037998],[-118.44042642,34.61040178],[-118.44031736,34.61042872],[-118.44023132,34.61044998],[-118.44020459,34.61045659],[-118.44012227,34.61047693],[-118.44001303,34.61050336],[-118.4399702,34.6105145],[-118.43992718,34.61052513],[-118.43989715,34.61053351],[-118.43986692,34.61054137],[-118.43982409,34.61055252],[-118.4397745,34.61056542],[-118.43973167,34.61057657],[-118.43970231,34.61058421],[-118.43964264,34.61059973],[-118.43959527,34.61060911],[-118.4395536,34.6106229],[-118.43951077,34.61063404],[-118.439436,34.61066183],[-118.43936007,34.61068696],[-118.43929719,34.61070778],[-118.43924067,34.61072649],[-118.43920576,34.61073804],[-118.43916655,34.61075102],[-118.43908321,34.61077861],[-118.43904154,34.61079241],[-118.439005,34.6108045],[-118.43896333,34.61081829],[-118.43893243,34.61083737],[-118.43889308,34.61085519],[-118.43886109,34.61086968],[-118.43882888,34.61088427],[-118.43877052,34.61091071],[-118.43874141,34.61092389],[-118.43871105,34.61093764],[-118.4386717,34.61095546],[-118.43863235,34.61097329],[-118.4385951,34.61099016],[-118.43855575,34.61100798],[-118.43852485,34.61102198],[-118.4384814,34.61104166],[-118.4384398,34.6110605],[-118.43840045,34.61107832],[-118.43837817,34.61110523],[-118.43835024,34.6111255],[-118.43831655,34.61114995],[-118.43828286,34.6111744],[-118.43825492,34.61119468],[-118.43822632,34.61121434],[-118.4381933,34.6112394],[-118.43815961,34.61126385],[-118.43809055,34.6113174],[-118.43804179,34.61135441],[-118.4379721,34.61140731],[-118.43794777,34.61142578],[-118.43790824,34.6114558],[-118.43788174,34.61147591],[-118.43785727,34.61149448],[-118.43782425,34.61151955],[-118.43780269,34.61153592],[-118.43778045,34.6115528],[-118.43775716,34.61157048],[-118.43772557,34.61159446],[-118.43770462,34.61161036],[-118.43768559,34.61162746],[-118.43765102,34.61165106],[-118.437618,34.61167612],[-118.43757948,34.61169988],[-118.43754491,34.61172348],[-118.43751033,34.61174708],[-118.43747796,34.61177779],[-118.4374388,34.6117959],[-118.43740379,34.6118121],[-118.43736463,34.61183021],[-118.43733264,34.611845],[-118.43730871,34.61185607],[-118.4372824,34.61186824],[-118.43725433,34.61188122],[-118.4372304,34.61189229],[-118.4372044,34.61190431],[-118.43716524,34.61192243],[-118.43711814,34.61194421],[-118.43709032,34.61194837],[-118.43706499,34.6119568],[-118.43702334,34.61197064],[-118.43699599,34.61197974],[-118.43695941,34.6119919],[-118.43693103,34.61200134],[-118.43688938,34.61201519],[-118.43684774,34.61202904],[-118.43680609,34.61204288],[-118.43677545,34.61205307],[-118.43673381,34.61206692],[-118.43667568,34.61208625],[-118.43663404,34.6121001],[-118.43659239,34.61211394],[-118.43649799,34.61214515],[-118.43640538,34.61217487],[-118.4363787,34.612185],[-118.43633706,34.61219885],[-118.43630926,34.61221028],[-118.43627563,34.61222412],[-118.43621335,34.61224775],[-118.43613178,34.61227871],[-118.43608989,34.61229461],[-118.43604801,34.6123105],[-118.43600722,34.61232598],[-118.43597294,34.61233899],[-118.43594254,34.61235053],[-118.43590509,34.61236474],[-118.43587131,34.61237756],[-118.43583967,34.61238957],[-118.43577678,34.61241344],[-118.43574018,34.61242733],[-118.43570949,34.61243897],[-118.43564524,34.61246336],[-118.43560337,34.61247925],[-118.43555778,34.61249655],[-118.43552062,34.61251066],[-118.43549527,34.61252028],[-118.43545422,34.61253586],[-118.43541525,34.61255064],[-118.43538871,34.6125607],[-118.43536037,34.61257145],[-118.4353294,34.6125832],[-118.43528861,34.61259867],[-118.43523712,34.61261287],[-118.4352047,34.6126305],[-118.43516391,34.61264597],[-118.43508769,34.61269413],[-118.43501061,34.61273605],[-118.43493566,34.61277681],[-118.43487609,34.6128092],[-118.43481652,34.6128416],[-118.43477905,34.61286198],[-118.4347041,34.61290274],[-118.43466663,34.61292311],[-118.43447347,34.61302816],[-118.43428031,34.6131332],[-118.43420536,34.61317396],[-118.43401975,34.6132749],[-118.43399347,34.61328919],[-118.43384051,34.61337472],[-118.43378328,34.61340672],[-118.4337441,34.6134248],[-118.43371896,34.6134364],[-118.4336798,34.61345447],[-118.43364061,34.61347256],[-118.43351279,34.61353155],[-118.43348845,34.61354279],[-118.43344927,34.61356087],[-118.43342002,34.61357436],[-118.43339633,34.6135853],[-118.43336755,34.61359858],[-118.43334167,34.61361053],[-118.43331797,34.61362146],[-118.43329306,34.61363296],[-118.43326908,34.61364403],[-118.4332451,34.6136551],[-118.43321719,34.61366797],[-118.4331889,34.61368103],[-118.43314632,34.61370068],[-118.43307749,34.61372155],[-118.43304895,34.6137302],[-118.43295376,34.61376338],[-118.43290437,34.6137806],[-118.43287104,34.61379222],[-118.43277585,34.6138254],[-118.43274186,34.61383924],[-118.43268266,34.61386335],[-118.4326393,34.613873],[-118.43259794,34.61388742],[-118.4325653,34.61388947],[-118.43253466,34.61389629],[-118.43249131,34.61390593],[-118.43246446,34.61391191],[-118.43242026,34.61392174],[-118.43238712,34.61392912],[-118.43234331,34.61393887],[-118.43228526,34.61395178],[-118.43224191,34.61396143],[-118.43219855,34.61397108],[-118.4321405,34.613984],[-118.43210899,34.61398494],[-118.43207447,34.61398598],[-118.43204685,34.6139868],[-118.43201922,34.61398763],[-118.43198771,34.61398857],[-118.43194226,34.61398993],[-118.43189794,34.61399126]]]},"properties":{"OBJECTID":1097999,"COUNTY":"LOS ANGELES","CITY":"LAC","ZONE_NAME":null,"ZONE_ID":"US-CA-XLA-LAC-E018","STATUS":"Evacuation Order","EVENT_TYPE":null,"CRITICAL_INFO":null,"PUBLIC_INFO":null,"EDIT_DATE":1791068866000,"STATEWIDE_LAST_UPDATED":null,"NOTES":"Local authorities are responding to a fast-moving Wildfire. An EVACUATION ORDER has been issued. LEAVE NOW. Your safety is in danger if you stay. Call 911 if you need emergency assistance. Visit Alertla.org for more information.","SHAPE__Area":33766191.6796875,"SHAPE__Length":32671.668554013591,"GlobalID":"095a53fd-398d-42d0-b6f3-32782a8cb568","CreationDate":1791069031000,"Creator":"CalOES_Scripts","EditDate":1791069031000,"Editor":"CalOES_Scripts"}},{"type":"Feature","id":1098004,"geometry":{"type":"Polygon","coordinates":[[[-118.51361137,34.55020507],[-118.51357989,34.55022154],[-118.5133757,34.5502951],[-118.51327468,34.55033465],[-118.51317479,34.55037376],[-118.5131336,34.5503885],[-118.51309293,34.55040419],[-118.51288495,34.5504775],[-118.51267797,34.5505527],[-118.5126363,34.5505665],[-118.51259101,34.5505815],[-118.51254572,34.55059649],[-118.51250405,34.55061029],[-118.51172026,34.55090096],[-118.51093573,34.55119032],[-118.51089474,34.55120544],[-118.51085374,34.55122056],[-118.51081179,34.55123604],[-118.51076983,34.55125151],[-118.51072885,34.55126663],[-118.51068785,34.55128175],[-118.51057882,34.55132197],[-118.51047,34.55136256],[-118.5104288,34.5513773],[-118.51038781,34.55139242],[-118.51033158,34.55141208],[-118.51029039,34.55142682],[-118.50993127,34.55155532],[-118.50984888,34.5515848],[-118.50978433,34.5516079],[-118.50948975,34.5517133],[-118.50944856,34.55172804],[-118.50940736,34.55174278],[-118.50936617,34.55175752],[-118.50932497,34.55177226],[-118.50920363,34.55181568],[-118.50908228,34.5518591],[-118.50899989,34.55188858],[-118.50895553,34.55190445],[-118.50891433,34.55191919],[-118.50887314,34.55193393],[-118.50866782,34.5520074],[-118.5084614,34.55207894],[-118.5084213,34.5520956],[-118.5083801,34.55211034],[-118.50835189,34.55212444],[-118.50831179,34.5521411],[-118.50828248,34.55215327],[-118.50824237,34.55216993],[-118.50819114,34.55219122],[-118.50815668,34.55220553],[-118.50811094,34.55222454],[-118.50808091,34.55223701],[-118.50804081,34.55225367],[-118.50799417,34.55227681],[-118.5079524,34.5522904],[-118.5079123,34.55230706],[-118.50783885,34.55232735],[-118.50776707,34.55235071],[-118.50768353,34.55237789],[-118.50761175,34.55240125],[-118.50753978,34.5524242],[-118.5074982,34.5524382],[-118.50745643,34.55245179],[-118.50724568,34.5525232],[-118.50703474,34.55259421],[-118.50697957,34.55261278],[-118.50689641,34.55264077],[-118.50657128,34.55275021],[-118.5065297,34.55276421],[-118.50648812,34.55277821],[-118.50644654,34.5527922],[-118.50640497,34.5528062],[-118.50602863,34.55293288],[-118.50597759,34.55295006],[-118.50593601,34.55296405],[-118.50589443,34.55297805],[-118.50565996,34.55305698],[-118.50542378,34.55313288],[-118.5053839,34.5531499],[-118.50534232,34.5531639],[-118.50530215,34.55318478],[-118.50526029,34.55320265],[-118.50518053,34.55323668],[-118.50513667,34.5532554],[-118.50497715,34.55332347],[-118.50490669,34.55335353],[-118.50483624,34.5533836],[-118.50475648,34.55341763],[-118.50466608,34.55345621],[-118.50457709,34.55349724],[-118.5045358,34.5535118],[-118.50449592,34.55352882],[-118.5043024,34.55359412],[-118.50411029,34.55366189],[-118.50402771,34.55369101],[-118.5038356,34.55375877],[-118.50364453,34.55382874],[-118.5036022,34.5538411],[-118.50356091,34.55385566],[-118.50352378,34.553864],[-118.50348145,34.55387636],[-118.50342722,34.5538922],[-118.50339175,34.55390256],[-118.50336069,34.55391163],[-118.50331836,34.55392399],[-118.50327808,34.55393575],[-118.50319341,34.55396048],[-118.50315202,34.55396991],[-118.5031108,34.5539846],[-118.50306847,34.55399696],[-118.5023398,34.55425925],[-118.50160969,34.55451859],[-118.5015688,34.5545339],[-118.50152758,34.55454858],[-118.50148118,34.55456671],[-118.50143628,34.55458352],[-118.5013994,34.55459733],[-118.50070153,34.55485865],[-118.50053823,34.55491979],[-118.50045645,34.55495041],[-118.50000542,34.5551193],[-118.49955361,34.55528685],[-118.4995135,34.5553035],[-118.49947261,34.55531881],[-118.4994008,34.5553503],[-118.49932821,34.55538044],[-118.4992837,34.55539892],[-118.49920349,34.55543223],[-118.4991732,34.55544481],[-118.49914291,34.55545739],[-118.49909271,34.55547823],[-118.4990627,34.5554907],[-118.49902259,34.55550735],[-118.49898249,34.555524],[-118.49892251,34.55554891],[-118.4988824,34.55556556],[-118.4988462,34.5555806],[-118.49880609,34.55559725],[-118.49873795,34.55562555],[-118.49866918,34.55565287],[-118.4986297,34.5556705],[-118.49858959,34.55568715],[-118.4985305,34.5557148],[-118.49849102,34.55573243],[-118.49845875,34.55575111],[-118.49842051,34.55577046],[-118.49838221,34.55578983],[-118.49834397,34.55580918],[-118.49827838,34.55584237],[-118.49821279,34.55587555],[-118.49817452,34.55589492],[-118.49813625,34.55591428],[-118.49806647,34.55594959],[-118.4980051,34.55598064],[-118.49795264,34.55600719],[-118.49789029,34.55603873],[-118.49785202,34.5560581],[-118.49777948,34.5560948],[-118.49775035,34.55610954],[-118.49770294,34.55613353],[-118.4976304,34.55617023],[-118.49759212,34.5561896],[-118.49755,34.55621091],[-118.49751558,34.55622833],[-118.49747731,34.55624769],[-118.49717747,34.55639941],[-118.49713922,34.55641876],[-118.49710093,34.55643813],[-118.49693155,34.55652383],[-118.49676098,34.55660802],[-118.4967239,34.5566289],[-118.49668563,34.55664826],[-118.49652617,34.55674025],[-118.49636552,34.55683072],[-118.49629137,34.55687248],[-118.49613072,34.55696295],[-118.4959683,34.55705143],[-118.495933,34.5570743],[-118.49589592,34.55709518],[-118.49577818,34.55717463],[-118.49565865,34.55725208],[-118.49558805,34.55729782],[-118.49546853,34.55737528],[-118.49534669,34.5574505],[-118.4953137,34.5574756],[-118.4952784,34.55749847],[-118.4952515,34.55752292],[-118.49522229,34.55754515],[-118.4951893,34.55757025],[-118.49515156,34.55759896],[-118.49511857,34.55762406],[-118.49508557,34.55764916],[-118.49505359,34.5576735],[-118.49501337,34.5577041],[-118.4949763,34.5577323],[-118.49494331,34.5577574],[-118.49490854,34.55778263],[-118.49485336,34.55782363],[-118.49482,34.5578484],[-118.49478665,34.55787318],[-118.4947533,34.55789795],[-118.49472118,34.55792181],[-118.49468905,34.55794568],[-118.4946557,34.55797045],[-118.49462235,34.55799523],[-118.49457355,34.55803148],[-118.49452355,34.55806667],[-118.4944914,34.5580925],[-118.49445805,34.55811728],[-118.49435468,34.55820237],[-118.4942501,34.55828642],[-118.49421795,34.55831225],[-118.4941858,34.55833808],[-118.49413657,34.55837765],[-118.49402588,34.5584666],[-118.49397719,34.55850663],[-118.4939445,34.558532],[-118.49391235,34.55855783],[-118.49386616,34.5585928],[-118.49382052,34.55862822],[-118.49375514,34.55867896],[-118.49372584,34.55870171],[-118.49369654,34.55872445],[-118.49366385,34.55874982],[-118.49361997,34.55878387],[-118.49358728,34.55880924],[-118.49355459,34.55883461],[-118.49351071,34.55886867],[-118.49346816,34.55890234],[-118.49343564,34.55892785],[-118.49339291,34.55896138],[-118.49335636,34.55899006],[-118.49332787,34.55901241],[-118.49329311,34.55903969],[-118.49326059,34.5590652],[-118.49322512,34.55909189],[-118.4931933,34.559118],[-118.49316078,34.55914352],[-118.49309109,34.55920186],[-118.49302069,34.55925962],[-118.49298887,34.55928572],[-118.49295705,34.55931183],[-118.49284806,34.55940126],[-118.49281624,34.55942736],[-118.49278442,34.55945347],[-118.4927526,34.55947958],[-118.4927193,34.5595069],[-118.49268748,34.55953301],[-118.49263547,34.55957147],[-118.49257944,34.55961463],[-118.49253419,34.55964948],[-118.49250138,34.55967475],[-118.4924687,34.55970517],[-118.4924329,34.5597275],[-118.49239639,34.55975027],[-118.49236059,34.55977261],[-118.49232478,34.55979494],[-118.49228597,34.55981915],[-118.49225318,34.55983961],[-118.49215764,34.5598992],[-118.49212777,34.55991784],[-118.49209395,34.55993272],[-118.4920621,34.5599588],[-118.4920263,34.55998113],[-118.49200299,34.5600072],[-118.49197113,34.56003328],[-118.49193928,34.56005936],[-118.49190743,34.56008544],[-118.49186311,34.56012172],[-118.4918188,34.560158],[-118.49178695,34.56018408],[-118.49172732,34.56021758],[-118.49167106,34.56025422],[-118.49163583,34.56027716],[-118.4916006,34.56030011],[-118.49154168,34.56033847],[-118.49148277,34.56037684],[-118.49141965,34.56040577],[-118.49135912,34.5604377],[-118.49128348,34.5604776],[-118.49122295,34.56050952],[-118.49116077,34.56053947],[-118.4911246,34.5605614],[-118.49108678,34.56058135],[-118.49105184,34.56060553],[-118.49101524,34.56062772],[-118.49097907,34.56064965],[-118.49091523,34.56068837],[-118.49087573,34.56071232],[-118.49083354,34.5607379],[-118.49078759,34.56076577],[-118.49075142,34.5607877],[-118.49071036,34.5608126],[-118.4906693,34.5608375],[-118.49063313,34.56085943],[-118.4905879,34.56087932],[-118.49054461,34.56090157],[-118.49046839,34.56094073],[-118.49041992,34.56096563],[-118.49038181,34.56098521],[-118.4903437,34.56100479],[-118.49030366,34.56102537],[-118.49026749,34.56104395],[-118.49022648,34.56106502],[-118.4901874,34.5610851],[-118.49014929,34.56110468],[-118.49009848,34.56112892],[-118.49006865,34.56114361],[-118.4900301,34.5611626],[-118.49000185,34.56117651],[-118.489939,34.56120746],[-118.48988515,34.56123398],[-118.4898313,34.5612605],[-118.48976992,34.56128448],[-118.48970854,34.56130846],[-118.48962738,34.56134017],[-118.4895868,34.56135603],[-118.48954967,34.56137053],[-118.48950909,34.56138639],[-118.4894685,34.56140224],[-118.48943135,34.56141668],[-118.4893908,34.5614326],[-118.48935022,34.56144845],[-118.48920965,34.56150371],[-118.48906904,34.5615589],[-118.4890285,34.56157482],[-118.4889695,34.56159798],[-118.48878637,34.56166986],[-118.48874583,34.56168578],[-118.48870528,34.56170169],[-118.48866474,34.56171761],[-118.48860724,34.56174018],[-118.48852552,34.56177226],[-118.48849701,34.56178345],[-118.48846865,34.5617946],[-118.4884281,34.5618105],[-118.48837323,34.56183202],[-118.48833267,34.56184793],[-118.48829212,34.56186383],[-118.48823725,34.56188536],[-118.48815615,34.56191717],[-118.48780741,34.56205395],[-118.48772631,34.56208576],[-118.4875995,34.56213549],[-118.48747269,34.56218523],[-118.48743214,34.56220113],[-118.48739354,34.56221627],[-118.48733713,34.5622384],[-118.48729658,34.5622543],[-118.48724484,34.5622746],[-118.48716374,34.56230641],[-118.487112,34.5623267],[-118.48707145,34.56234261],[-118.4869488,34.56238905],[-118.48682634,34.56243584],[-118.48678559,34.5624514],[-118.48674485,34.56246697],[-118.4866224,34.56251375],[-118.48649857,34.5625583],[-118.4864592,34.5625761],[-118.48641846,34.56259167],[-118.48637733,34.56261313],[-118.48633796,34.56263093],[-118.48629545,34.56265015],[-118.48625395,34.56266892],[-118.48621671,34.56268576],[-118.48617414,34.56270501],[-118.4861337,34.5627233],[-118.48610055,34.56273497],[-118.48606739,34.56274664],[-118.48600901,34.56276718],[-118.48594349,34.56279025],[-118.48591497,34.56280028],[-118.48587669,34.56281376],[-118.4858393,34.56282692],[-118.48579799,34.56284146],[-118.48575669,34.56285599],[-118.4857046,34.56287433],[-118.48565131,34.56289055],[-118.4856112,34.5629072],[-118.4855699,34.56292174],[-118.48551633,34.56294659],[-118.48547622,34.56296324],[-118.48543612,34.56297989],[-118.48538136,34.56300262],[-118.48534125,34.56301927],[-118.48526763,34.56304984],[-118.48522752,34.56306649],[-118.48518742,34.56308314],[-118.48515436,34.56309781],[-118.4851138,34.5631137],[-118.48507369,34.56313035],[-118.48491332,34.56319221],[-118.48475339,34.56325484],[-118.48467226,34.56328661],[-118.4845124,34.56334922],[-118.48435251,34.56341173],[-118.484312,34.5634277],[-118.48427144,34.56344358],[-118.48419034,34.56347566],[-118.48410919,34.56350765],[-118.48402817,34.56353959],[-118.48396728,34.56356359],[-118.48390639,34.56358759],[-118.48386138,34.56360533],[-118.48383029,34.56361759],[-118.4837945,34.5636317],[-118.48375399,34.56364767],[-118.48353855,34.56372965],[-118.48332333,34.56381201],[-118.4832826,34.5638276],[-118.48324187,34.56384319],[-118.48302665,34.56392555],[-118.48281056,34.56400646],[-118.4827707,34.5640235],[-118.48272997,34.56403909],[-118.48265835,34.56407153],[-118.48258587,34.56410252],[-118.48250614,34.56413661],[-118.48245358,34.56415908],[-118.48240103,34.56418155],[-118.48236117,34.56419859],[-118.48230262,34.56422362],[-118.48222289,34.56425771],[-118.48217926,34.56427506],[-118.48211446,34.56429937],[-118.48207257,34.56431508],[-118.48204395,34.56432582],[-118.48199105,34.56434567],[-118.4819372,34.56436587],[-118.48179539,34.56441907],[-118.48175452,34.5644344],[-118.48171365,34.56444974],[-118.48163801,34.56447811],[-118.48155626,34.56450878],[-118.48138622,34.56457257],[-118.48121567,34.56463549],[-118.4811753,34.5646517],[-118.48113443,34.56466703],[-118.48107715,34.56469112],[-118.48101938,34.56471433],[-118.48097901,34.56473054],[-118.48093864,34.56474676],[-118.48090106,34.56476185],[-118.48086349,34.56477694],[-118.48082312,34.56479315],[-118.48078275,34.56480937],[-118.48074238,34.56482558],[-118.4807142,34.5648369],[-118.48067383,34.56485311],[-118.4806194,34.56487634],[-118.48058572,34.56489035],[-118.48054563,34.56490703],[-118.48048411,34.56493262],[-118.4804226,34.56495821],[-118.48034241,34.56499156],[-118.48026085,34.56502549],[-118.48017976,34.5650602],[-118.4801392,34.5650761],[-118.48009911,34.56509278],[-118.48003105,34.56511849],[-118.47996345,34.56514499],[-118.47992289,34.56516089],[-118.47988234,34.56517678],[-118.47983502,34.56519533],[-118.47978769,34.56521388],[-118.47974714,34.56522978],[-118.47970658,34.56524567],[-118.4796633,34.56526264],[-118.47962547,34.56527747],[-118.47958082,34.56529497],[-118.4795389,34.5653114],[-118.47949834,34.5653273],[-118.4794478,34.5653439],[-118.47940659,34.5653586],[-118.47935254,34.56537789],[-118.47931132,34.56539259],[-118.47924319,34.5654169],[-118.47919188,34.56543473],[-118.47915057,34.56544926],[-118.47909935,34.56546726],[-118.47905804,34.56548179],[-118.47901674,34.56549631],[-118.47897543,34.56551084],[-118.47893412,34.56552536],[-118.47876027,34.56558649],[-118.47871896,34.56560101],[-118.47867864,34.56561519],[-118.47863635,34.56563006],[-118.47860606,34.56564071],[-118.47857165,34.5656535],[-118.47854089,34.56566362],[-118.47849151,34.56568692],[-118.47845144,34.56570363],[-118.47841136,34.56572033],[-118.47836076,34.56574143],[-118.47831016,34.56576253],[-118.47827637,34.56577662],[-118.47823002,34.56579595],[-118.47817941,34.56581705],[-118.47812881,34.56583815],[-118.47804866,34.56587157],[-118.4780008,34.56589153],[-118.47794859,34.5659133],[-118.47792066,34.56592494],[-118.4778728,34.5659449],[-118.47783273,34.56596161],[-118.47777612,34.5659846],[-118.4777449,34.56599743],[-118.47769573,34.56601761],[-118.47766451,34.56603044],[-118.47754722,34.5660786],[-118.47742994,34.56612676],[-118.47734955,34.56615978],[-118.47731514,34.56617391],[-118.47723475,34.56620692],[-118.47703997,34.56628691],[-118.47684755,34.56637155],[-118.476805,34.5663834],[-118.47676481,34.56639991],[-118.47668812,34.56641596],[-118.47661378,34.56643666],[-118.47652868,34.56646036],[-118.47647562,34.56647514],[-118.47642255,34.56648992],[-118.47638,34.56650178],[-118.47634103,34.56651263],[-118.47628418,34.56652847],[-118.47622733,34.5665443],[-118.47617124,34.56655992],[-118.47612869,34.56657177],[-118.47608614,34.56658363],[-118.47603012,34.56659943],[-118.4759875,34.5666111],[-118.47592285,34.5666288],[-118.4758582,34.5666465],[-118.47581558,34.56665817],[-118.47571107,34.5666868],[-118.47560656,34.56671543],[-118.47552133,34.56673878],[-118.47545251,34.56675763],[-118.47540989,34.5667693],[-118.47535493,34.56678436],[-118.47531231,34.56679603],[-118.47518445,34.56683105],[-118.47510391,34.56685312],[-118.47502337,34.56687518],[-118.47493813,34.56689853],[-118.47483627,34.56692643],[-118.47473314,34.56695153],[-118.4746918,34.566966],[-118.47464918,34.56697767],[-118.47461349,34.56699341],[-118.47457651,34.56700635],[-118.47453518,34.56702081],[-118.47449384,34.56703528],[-118.47445686,34.56704822],[-118.47442029,34.56706196],[-118.47437855,34.56707563],[-118.47431395,34.56709677],[-118.47426921,34.56711142],[-118.4742016,34.56713355],[-118.47412866,34.56715694],[-118.47405578,34.56718048],[-118.47401397,34.56719399],[-118.47397216,34.5672075],[-118.47389929,34.56723105],[-118.47382741,34.5672569],[-118.4737846,34.5672681],[-118.47374279,34.56728161],[-118.4734963,34.56734355],[-118.47325109,34.56740857],[-118.473208,34.567419],[-118.47316519,34.5674302],[-118.47309588,34.56744615],[-118.47302685,34.56746286],[-118.47294066,34.56748373],[-118.47287163,34.56750045],[-118.47280315,34.5675189],[-118.4727595,34.5675276],[-118.47271641,34.56753803],[-118.47266273,34.56754689],[-118.47261908,34.56755559],[-118.47257542,34.5675643],[-118.47253566,34.56757222],[-118.47247213,34.56758489],[-118.47240859,34.56759756],[-118.47236493,34.56760626],[-118.47230787,34.56762049],[-118.47225044,34.56763357],[-118.47220715,34.56764343],[-118.47216386,34.56765329],[-118.47210642,34.56766636],[-118.47204894,34.56767929],[-118.4720057,34.5676893],[-118.47196241,34.56769916],[-118.47191783,34.56770965],[-118.47187319,34.56771999],[-118.47183125,34.5677297],[-118.47178671,34.56774001],[-118.47174208,34.56775035],[-118.47169812,34.56776296],[-118.4716542,34.5677707],[-118.47161096,34.56778071],[-118.47155644,34.56778793],[-118.47146859,34.56780342],[-118.47139792,34.56781588],[-118.47134456,34.56782732],[-118.4713002,34.5678331],[-118.47125628,34.56784084],[-118.4710711,34.56786295],[-118.4709278,34.56788052],[-118.47088606,34.56788564],[-118.470842,34.5678928],[-118.47079764,34.56789858],[-118.47072408,34.56791197],[-118.47065023,34.56792397],[-118.4705621,34.5679383],[-118.47051029,34.56794672],[-118.47045847,34.56795515],[-118.4704144,34.56796231],[-118.47034573,34.56797347],[-118.47030167,34.56798064],[-118.47026733,34.56798622],[-118.470233,34.5679918],[-118.47018893,34.56799896],[-118.47007765,34.5680156],[-118.46996669,34.56803378],[-118.4699223,34.5680394],[-118.46987814,34.56804617],[-118.46982502,34.56805172],[-118.46978063,34.56805735],[-118.46972775,34.56806405],[-118.46968336,34.56806967],[-118.46962887,34.56807657],[-118.46958448,34.5680822],[-118.46953,34.5680891],[-118.4694933,34.56809364],[-118.46940447,34.56810462],[-118.46935591,34.56811062],[-118.46931149,34.56811611],[-118.46926707,34.56812161],[-118.46921754,34.5681237],[-118.4691741,34.5681331],[-118.46912968,34.56813859],[-118.4690906,34.56815116],[-118.46905055,34.56815982],[-118.46900861,34.5681689],[-118.46896366,34.56817862],[-118.46892699,34.56818655],[-118.46888355,34.56819594],[-118.46881316,34.56821117],[-118.46874276,34.5682264],[-118.46868757,34.56823998],[-118.46860113,34.56826012],[-118.46854626,34.56827478],[-118.4685025,34.5682831],[-118.46845196,34.56829271],[-118.46840819,34.56830103],[-118.46836443,34.56830935],[-118.46832804,34.56831627],[-118.46829051,34.56832341],[-118.46820298,34.56834005],[-118.46816427,34.56834854],[-118.46810616,34.56836385],[-118.46806338,34.56837512],[-118.4680068,34.56839002],[-118.46792124,34.56841256],[-118.46787156,34.56842564],[-118.46782157,34.56843795],[-118.4677791,34.56845],[-118.46773632,34.56846127],[-118.46768594,34.56847643],[-118.46764348,34.56848848],[-118.46761369,34.56849693],[-118.46757122,34.56850898],[-118.46752876,34.56852103],[-118.46749956,34.56852932],[-118.46745709,34.56854137],[-118.46741463,34.56855342],[-118.4673788,34.56856358],[-118.46734346,34.56857501],[-118.4673005,34.5685858],[-118.46725803,34.56859785],[-118.46713018,34.56862858],[-118.46700283,34.56866056],[-118.4669169,34.56868214],[-118.46681103,34.56870873],[-118.46670515,34.56873532],[-118.46666219,34.56874611],[-118.46661183,34.56875876],[-118.46656886,34.56876955],[-118.4665259,34.56878034],[-118.46647554,34.56879299],[-118.46641635,34.56880612],[-118.4663574,34.56881993],[-118.46632573,34.56882735],[-118.466271,34.56884017],[-118.46621205,34.56885397],[-118.46615241,34.56886597],[-118.4661099,34.5688779],[-118.4660667,34.56888802],[-118.46602138,34.56890274],[-118.46597642,34.56891536],[-118.46591431,34.56893279],[-118.46587179,34.56894472],[-118.46582928,34.56895665],[-118.465797,34.56896571],[-118.46576158,34.56896891],[-118.4657222,34.5689867],[-118.46567969,34.56899863],[-118.4656245,34.56903082],[-118.46556618,34.56905716],[-118.46548742,34.56909274],[-118.4654291,34.56911907],[-118.46536527,34.56913891],[-118.4653314,34.5691632],[-118.46529202,34.56918099],[-118.46525638,34.569217],[-118.46521522,34.56924651],[-118.46518135,34.5692708],[-118.46514748,34.56929509],[-118.46510633,34.5693246],[-118.46505997,34.56934993],[-118.4650313,34.5693784],[-118.46499743,34.56940269],[-118.46498042,34.56942892],[-118.46495175,34.56945739],[-118.46492308,34.56948586],[-118.46488137,34.56952728],[-118.46484157,34.5695668],[-118.4648018,34.5696063],[-118.46477313,34.56963477],[-118.46473913,34.5696958],[-118.46469889,34.56975325],[-118.463937,34.569467],[-118.463914,34.569291],[-118.463853,34.569059],[-118.463799,34.568929],[-118.46367,34.568796],[-118.463525,34.568632],[-118.463349,34.56846],[-118.463219,34.568292],[-118.463189,34.568193],[-118.463189,34.56809],[-118.463159,34.568014],[-118.463059,34.568067],[-118.462968,34.568128],[-118.462846,34.568186],[-118.462273,34.568433],[-118.462083,34.568502],[-118.4619,34.568582],[-118.461717,34.56865],[-118.461533,34.568746],[-118.461421,34.568794],[-118.461304,34.568845],[-118.461098,34.568929],[-118.460778,34.568998],[-118.460488,34.56904],[-118.460259,34.569078],[-118.460211,34.56908],[-118.460007,34.569089],[-118.459905,34.569112],[-118.459824,34.569131],[-118.459603,34.569173],[-118.459527,34.569211],[-118.459397,34.569257],[-118.458886,34.569345],[-118.458626,34.569383],[-118.45839,34.569391],[-118.458154,34.569406],[-118.45794,34.569406],[-118.457757,34.569414],[-118.457573,34.569425],[-118.456849,34.569448],[-118.456688,34.569467],[-118.456559,34.569467],[-118.456284,34.569509],[-118.456033,34.56957],[-118.455819,34.569597],[-118.455483,34.56962],[-118.455269,34.569646],[-118.455002,34.569627],[-118.454773,34.569638],[-118.454514,34.56962],[-118.4543449,34.56962826],[-118.454504,34.569585],[-118.44454315,34.55412101],[-118.44480414,34.55359955],[-118.4448461,34.55351571],[-118.44486902,34.55346992],[-118.44524674,34.55327609],[-118.44537666,34.55320942],[-118.44521308,34.55291189],[-118.4452193,34.55276009],[-118.44522585,34.55259987],[-118.44524756,34.55248553],[-118.44527281,34.55235252],[-118.44540153,34.55224552],[-118.44544806,34.55220684],[-118.44561331,34.55207056],[-118.44564069,34.55204798],[-118.44574664,34.55199051],[-118.44595096,34.55187968],[-118.44627188,34.55182243],[-118.44632786,34.55181106],[-118.44636478,34.55180356],[-118.4465594,34.55176403],[-118.44667342,34.55164943],[-118.44677178,34.55155058],[-118.44685341,34.55137472],[-118.44688663,34.55129496],[-118.44691168,34.55106698],[-118.44691876,34.55100253],[-118.44714469,34.55060007],[-118.44728546,34.55057078],[-118.4474023,34.55054646],[-118.44758039,34.5505094],[-118.4479341,34.55056149],[-118.44809617,34.55058536],[-118.44813113,34.55058798],[-118.44817041,34.55059092],[-118.44854605,34.55061904],[-118.44870174,34.55055118],[-118.4490679,34.55039158],[-118.44912976,34.55031752],[-118.44919457,34.55023995],[-118.44923803,34.55018792],[-118.44927088,34.5501486],[-118.44937551,34.55002334],[-118.44940583,34.54999305],[-118.44971601,34.54968311],[-118.45003707,34.54955095],[-118.45014191,34.54950779],[-118.45017023,34.54949613],[-118.45052503,34.54928021],[-118.45084795,34.54898115],[-118.45083387,34.54843749],[-118.45082877,34.54824553],[-118.45082196,34.54812848],[-118.45081658,34.54803585],[-118.45086065,34.54795082],[-118.45089145,34.54789139],[-118.45097275,34.54773452],[-118.45122868,34.54744833],[-118.45140404,34.54727427],[-118.4515718,34.54710776],[-118.45164671,34.54700137],[-118.4517712,34.54682459],[-118.45173284,34.54666059],[-118.45158595,34.54654088],[-118.45157796,34.54644022],[-118.45154629,34.54604117],[-118.45155014,34.54597066],[-118.45155909,34.54580644],[-118.45165764,34.54553337],[-118.4518097,34.54539202],[-118.45188665,34.54532049],[-118.4519563,34.54529347],[-118.45202348,34.5452674],[-118.45239223,34.54512431],[-118.45251441,34.54507691],[-118.45255745,34.54506021],[-118.45259128,34.54504708],[-118.45263898,34.54501212],[-118.45290575,34.54475033],[-118.45294937,34.54470753],[-118.45298561,34.54467196],[-118.4531242,34.54441166],[-118.45323684,34.54402861],[-118.45324942,34.54398581],[-118.45305909,34.5434867],[-118.45296305,34.54329275],[-118.45293466,34.54323541],[-118.45291454,34.54319479],[-118.45285506,34.54307469],[-118.45283238,34.54302889],[-118.45273821,34.54283875],[-118.45272213,34.54280629],[-118.45268153,34.54245176],[-118.45267538,34.54239806],[-118.45266518,34.54230895],[-118.45264687,34.54224611],[-118.45258868,34.54204644],[-118.45257027,34.54198325],[-118.45256568,34.54190718],[-118.45256006,34.54181401],[-118.45255585,34.54174426],[-118.45255269,34.54169198],[-118.45256172,34.54152619],[-118.45278569,34.54127605],[-118.45290286,34.54122006],[-118.45312263,34.54111506],[-118.45321935,34.54107141],[-118.45329328,34.54103805],[-118.45342783,34.54097733],[-118.45345541,34.5409392],[-118.45347771,34.54090835],[-118.45349935,34.54087842],[-118.45352382,34.54084458],[-118.45355448,34.54080216],[-118.45364148,34.54065193],[-118.45359623,34.54050672],[-118.45356159,34.5403956],[-118.45354587,34.54034516],[-118.45340548,34.54016003],[-118.45335949,34.54010682],[-118.45323243,34.53995981],[-118.45323518,34.53990932],[-118.45323853,34.53984797],[-118.45324091,34.53980425],[-118.45324544,34.53973705],[-118.45327755,34.53967675],[-118.45335861,34.53952452],[-118.45343878,34.53946712],[-118.45350989,34.53941622],[-118.45357555,34.53936921],[-118.45362586,34.53933319],[-118.45406479,34.53888044],[-118.45460602,34.53815963],[-118.45504365,34.53777567],[-118.4554018,34.53719573],[-118.45550344,34.53703745],[-118.45552343,34.53700633],[-118.4557323,34.53668107],[-118.45575955,34.53663865],[-118.45578787,34.53660225],[-118.45601565,34.53630958],[-118.45604368,34.53625309],[-118.45614565,34.53604758],[-118.45615658,34.53587392],[-118.45615862,34.53584167],[-118.45616585,34.53572683],[-118.45623144,34.53521171],[-118.45620026,34.53508381],[-118.45619118,34.5350466],[-118.45614168,34.53484358],[-118.45605398,34.53436655],[-118.45627165,34.53387644],[-118.45631433,34.53382328],[-118.45647857,34.53361871],[-118.45650958,34.5335801],[-118.45661377,34.53345032],[-118.45673684,34.53331778],[-118.45679711,34.53325288],[-118.45708691,34.53305281],[-118.45718324,34.53302371],[-118.45731364,34.53298643],[-118.45824851,34.53279084],[-118.45841491,34.5327135],[-118.45846215,34.53269154],[-118.45859746,34.53262171],[-118.4586383,34.5325809],[-118.45898064,34.53223878],[-118.45911793,34.53207435],[-118.45926466,34.53189862],[-118.45929524,34.53186261],[-118.45944309,34.53168846],[-118.45948988,34.53163335],[-118.45954861,34.53156417],[-118.45956573,34.53153189],[-118.45963204,34.53140689],[-118.45973583,34.53121126],[-118.45976762,34.53117445],[-118.45978793,34.53115093],[-118.4598943,34.53102775],[-118.45992628,34.53099072],[-118.46001968,34.53088256],[-118.46030355,34.53058732],[-118.46032446,34.53056111],[-118.46062604,34.53018296],[-118.46066811,34.53013021],[-118.46070093,34.53008906],[-118.46072397,34.53004537],[-118.46084501,34.52981578],[-118.46085533,34.52978199],[-118.46087113,34.52973023],[-118.46089729,34.52964455],[-118.46091749,34.52957839],[-118.46093201,34.52953082],[-118.46094636,34.52948381],[-118.46096356,34.5294275],[-118.46095871,34.52917673],[-118.46095742,34.52911035],[-118.46095668,34.52907198],[-118.46090869,34.52869291],[-118.46090813,34.52865423],[-118.4609053,34.52845856],[-118.46090316,34.52831096],[-118.46091386,34.528194],[-118.4609603,34.52786301],[-118.46105221,34.52773739],[-118.46130868,34.52754246],[-118.46133385,34.52752333],[-118.46139739,34.52743723],[-118.46141642,34.52741145],[-118.46161876,34.52713727],[-118.46174505,34.52694365],[-118.46181896,34.52683035],[-118.46189811,34.52677121],[-118.46203001,34.52667265],[-118.46211756,34.52662903],[-118.46215375,34.526611],[-118.46229819,34.52653904],[-118.46247818,34.52644937],[-118.46268154,34.52625272],[-118.46274063,34.52619558],[-118.46281747,34.52612128],[-118.4628433,34.52607359],[-118.4628607,34.52604148],[-118.46306539,34.52566364],[-118.46319052,34.52518409],[-118.46328688,34.52481477],[-118.46337993,34.52462783],[-118.46344563,34.52449583],[-118.46361724,34.52444172],[-118.46379447,34.52438584],[-118.46415497,34.52439067],[-118.46442693,34.52429955],[-118.46461554,34.52423636],[-118.464801,34.52397509],[-118.46494455,34.52372476],[-118.46504659,34.52348467],[-118.46507672,34.52340297],[-118.46508483,34.52331791],[-118.46509444,34.52321709],[-118.46511033,34.52305044],[-118.46510113,34.52297007],[-118.46507481,34.52274035],[-118.46495699,34.52241323],[-118.46485396,34.52228491],[-118.46467214,34.52205846],[-118.46442665,34.52184869],[-118.46432471,34.521775],[-118.46425388,34.5217238],[-118.46412008,34.52162709],[-118.46407114,34.52159172],[-118.46399344,34.52153195],[-118.46372963,34.52132906],[-118.4633973,34.52111056],[-118.46319612,34.5209551],[-118.46303196,34.52084981],[-118.46270311,34.52063887],[-118.46227773,34.52041528],[-118.46214272,34.52027097],[-118.46206042,34.52018301],[-118.46200946,34.51995294],[-118.46204301,34.51965532],[-118.4620896,34.51956333],[-118.46210915,34.51952474],[-118.46218723,34.51937059],[-118.4623137,34.51910189],[-118.46233202,34.51906297],[-118.46232536,34.51869584],[-118.46209757,34.51829152],[-118.46187846,34.51796227],[-118.46182812,34.51788662],[-118.46164114,34.51752289],[-118.46160015,34.51743225],[-118.46149503,34.51719987],[-118.46146991,34.51687242],[-118.46128558,34.51656637],[-118.46126759,34.51651921],[-118.46124141,34.51645055],[-118.46119328,34.51632433],[-118.46118887,34.51609662],[-118.46118737,34.51601896],[-118.46118639,34.51596877],[-118.4613584,34.51568442],[-118.46151398,34.51552602],[-118.46163415,34.51535157],[-118.46166211,34.51531097],[-118.4617566,34.5151738],[-118.4619295,34.51484355],[-118.46207503,34.51455121],[-118.46220431,34.51440531],[-118.46238549,34.51421904],[-118.46276549,34.51394962],[-118.46287755,34.51387016],[-118.46320101,34.51363945],[-118.46330884,34.51350017],[-118.4633403,34.51345952],[-118.46345406,34.51331259],[-118.46349979,34.51325352],[-118.46395056,34.51289268],[-118.46440424,34.51238275],[-118.46466134,34.51199631],[-118.46486172,34.51174053],[-118.46494577,34.51163324],[-118.46498539,34.51154999],[-118.46500898,34.51150043],[-118.46516265,34.5111775],[-118.4652058,34.510983],[-118.46521795,34.5109282],[-118.46524309,34.51081263],[-118.46527576,34.51066159],[-118.46528723,34.51060857],[-118.46531866,34.51046325],[-118.46533519,34.51042345],[-118.465511,34.50999985],[-118.46568213,34.50961875],[-118.46594748,34.50933612],[-118.46603676,34.50927917],[-118.4661066,34.50923462],[-118.4661801,34.50918773],[-118.4663733,34.50912654],[-118.46649777,34.50908902],[-118.46657985,34.5090627],[-118.46668539,34.50902885],[-118.4668584,34.50897337],[-118.46690491,34.50895846],[-118.46700136,34.5088734],[-118.46710916,34.50877833],[-118.4671324,34.50874203],[-118.46722547,34.50859672],[-118.46723596,34.50840336],[-118.46724442,34.50824118],[-118.4674291,34.50801434],[-118.46769369,34.50780249],[-118.46780958,34.5077097],[-118.46786219,34.50766757],[-118.46790799,34.50763091],[-118.468248,34.50725707],[-118.46827108,34.50721742],[-118.4684316,34.50694161],[-118.46850629,34.50681327],[-118.46854801,34.50654692],[-118.46855379,34.50651004],[-118.46887414,34.50643517],[-118.46911087,34.50637985],[-118.46921844,34.50633255],[-118.46945756,34.50622741],[-118.46948784,34.5062141],[-118.46960155,34.5061641],[-118.46964229,34.50614619],[-118.46995361,34.50592463],[-118.47015493,34.50577677],[-118.47026936,34.50561517],[-118.47046209,34.505343],[-118.47062282,34.50492091],[-118.47069535,34.50473213],[-118.47071049,34.50469272],[-118.4707514,34.50464845],[-118.47091097,34.50447573],[-118.47095121,34.50443218],[-118.4711026,34.50430288],[-118.47112963,34.50427979],[-118.47116269,34.50425155],[-118.47150228,34.5039006],[-118.47177992,34.50366937],[-118.47185459,34.50360719],[-118.47192264,34.50356456],[-118.4720323,34.50349586],[-118.47225502,34.50340821],[-118.47239518,34.50335306],[-118.47243088,34.50333903],[-118.47248431,34.50331804],[-118.47252137,34.50330348],[-118.47257885,34.5032809],[-118.47263139,34.50324592],[-118.47301238,34.50299256],[-118.4731608,34.5028272],[-118.47325865,34.50271817],[-118.47336605,34.50259851],[-118.47345714,34.50249702],[-118.4736884,34.50227239],[-118.47395116,34.50201717],[-118.47478041,34.50143875],[-118.4748904,34.50129665],[-118.47499549,34.50116087],[-118.47504532,34.50109649],[-118.47507903,34.50105293],[-118.47535044,34.50074376],[-118.47538145,34.50069443],[-118.47554869,34.50042845],[-118.4756911,34.50023549],[-118.47585143,34.50005842],[-118.47598861,34.49990692],[-118.47605021,34.49984862],[-118.47607742,34.49982287],[-118.47630866,34.49960289],[-118.47643619,34.49946615],[-118.47665324,34.49923345],[-118.47673163,34.49917767],[-118.47680308,34.49912683],[-118.47703284,34.49896333],[-118.47728335,34.49887954],[-118.47739555,34.49884201],[-118.4775595,34.49879265],[-118.47759774,34.49878114],[-118.4776308,34.49877118],[-118.47778391,34.49872508],[-118.47786964,34.49869927],[-118.47804187,34.49868377],[-118.47809642,34.49867886],[-118.47831407,34.49865927],[-118.47842262,34.49862501],[-118.47851167,34.49859691],[-118.47860812,34.4985549],[-118.47881111,34.49833528],[-118.4788338,34.49831073],[-118.47903247,34.49807256],[-118.47931541,34.49777819],[-118.47972398,34.49743958],[-118.48006018,34.4972606],[-118.48032773,34.49704625],[-118.48043185,34.49668069],[-118.48042929,34.49658924],[-118.48042657,34.49649252],[-118.48042364,34.49638821],[-118.4803731,34.4963211],[-118.48030296,34.49622796],[-118.48026402,34.49617624],[-118.48022101,34.49611914],[-118.48017064,34.49607592],[-118.47991757,34.49585882],[-118.4796983,34.495623],[-118.4796286,34.49532429],[-118.47961394,34.49526146],[-118.4795461,34.49497073],[-118.47953697,34.4949316],[-118.47947191,34.49471284],[-118.47940808,34.49462155],[-118.4793328,34.49451389],[-118.47925668,34.49440503],[-118.47918279,34.49429935],[-118.47910772,34.494192],[-118.47891958,34.49402483],[-118.47876711,34.49388936],[-118.47865483,34.49377863],[-118.47861354,34.49373792],[-118.4784135,34.49354065],[-118.47838093,34.49349357],[-118.47831381,34.49339655],[-118.47817967,34.49320266],[-118.47815731,34.49317032],[-118.47812958,34.4931201],[-118.47802529,34.49293118],[-118.47798571,34.49285948],[-118.47788945,34.49268512],[-118.47783118,34.4924628],[-118.47781295,34.49239326],[-118.47777973,34.49226653],[-118.47778472,34.49165745],[-118.47781333,34.49152431],[-118.4778267,34.49146206],[-118.47793702,34.49094856],[-118.47806763,34.49059232],[-118.47811273,34.49046928],[-118.47812372,34.49043234],[-118.4781736,34.49026466],[-118.47818409,34.49022941],[-118.47819887,34.49017973],[-118.47821634,34.490121],[-118.47822601,34.49008847],[-118.47824241,34.49003335],[-118.47826391,34.48996108],[-118.47827582,34.48992103],[-118.478305,34.48985568],[-118.47835046,34.48975387],[-118.47841669,34.48960556],[-118.47845166,34.48952725],[-118.47846419,34.48949918],[-118.47852497,34.48929632],[-118.47855315,34.4892023],[-118.47864835,34.48857107],[-118.47866448,34.48846415],[-118.47871183,34.48816662],[-118.4787974,34.4880506],[-118.47882901,34.48800775],[-118.47885423,34.48797356],[-118.47931818,34.48763573],[-118.47965843,34.4873736],[-118.47968399,34.48735391],[-118.47993922,34.48705918],[-118.47998705,34.48688633],[-118.47999985,34.48684006],[-118.48004355,34.48668213],[-118.4800625,34.48660318],[-118.48009492,34.48646805],[-118.48016424,34.48617921],[-118.48014669,34.48565151],[-118.47991885,34.48520438],[-118.47987224,34.4851129],[-118.47979958,34.48497032],[-118.47969329,34.48480277],[-118.47955501,34.48458309],[-118.47949113,34.48443877],[-118.47925346,34.48403969],[-118.47921872,34.48398274],[-118.47919206,34.48394734],[-118.47908751,34.48380848],[-118.4790567,34.48369909],[-118.47904288,34.48365003],[-118.47903248,34.4832824],[-118.4790312,34.48314264],[-118.47896524,34.48304122],[-118.47889681,34.482936],[-118.4788457,34.48285743],[-118.47877542,34.48274936],[-118.47867082,34.48242691],[-118.47877796,34.48222695],[-118.47887217,34.48205114],[-118.47917003,34.48169966],[-118.47920064,34.48146255],[-118.47922155,34.48131806],[-118.48176736,34.48135701],[-118.4859725,34.481421],[-118.490178,34.481485],[-118.49308027,34.4815295],[-118.495983,34.481574],[-118.49923296,34.481985],[-118.50077508,34.48218001],[-118.50248352,34.48239607],[-118.50500401,34.4827145],[-118.507525,34.483033],[-118.507578,34.483007],[-118.507647,34.482998],[-118.507716,34.482989],[-118.507773,34.482981],[-118.50783,34.482973],[-118.507876,34.482967],[-118.507922,34.482961],[-118.5079855,34.482968],[-118.508049,34.482975],[-118.508095,34.482946],[-118.5082965,34.4827765],[-118.508498,34.482607],[-118.508541,34.482506],[-118.508643,34.482425],[-118.508683,34.4824035],[-118.508723,34.482382],[-118.5087875,34.482359],[-118.508852,34.482336],[-118.508888,34.4823245],[-118.508924,34.482313],[-118.5090175,34.4823065],[-118.509111,34.4823],[-118.509266,34.482291],[-118.5093625,34.48228],[-118.509459,34.482269],[-118.509548,34.482242],[-118.509637,34.482215],[-118.509683,34.482189],[-118.509719,34.482168],[-118.509794,34.482105],[-118.5098225,34.48205],[-118.509851,34.481995],[-118.509912,34.481751],[-118.50991491,34.4816356],[-118.520197,34.481658],[-118.52201,34.481664],[-118.52457647,34.48167094],[-118.52498155,34.48167192],[-118.525014,34.481672],[-118.525634,34.481674],[-118.525915,34.481675],[-118.526088,34.481675],[-118.526252,34.481676],[-118.526439,34.481676],[-118.526591,34.481673],[-118.527398,34.48168],[-118.527528,34.48168],[-118.528779,34.481683],[-118.52908955,34.481684],[-118.52949,34.481685],[-118.529631,34.481685],[-118.531205,34.481689],[-118.53138,34.48169],[-118.53395636,34.48169728],[-118.53647867,34.48170339],[-118.53781027,34.48170659],[-118.53780884,34.48327715],[-118.53780711,34.49627578],[-118.53778061,34.50262703],[-118.53777363,34.50374517],[-118.537953,34.503832],[-118.53793216,34.50386479],[-118.53789002,34.50390357],[-118.53786837,34.503936],[-118.53784336,34.50396674],[-118.53781419,34.50401719],[-118.53779255,34.50404962],[-118.53776539,34.50409437],[-118.53773735,34.50413873],[-118.53770028,34.5041818],[-118.53765252,34.5042445],[-118.53761182,34.50428618],[-118.5375947,34.5043204],[-118.53757082,34.50435175],[-118.5375261,34.50445747],[-118.53747463,34.50456033],[-118.53744038,34.50462877],[-118.5373889,34.50473162],[-118.537332,34.50483296],[-118.5373203,34.5048687],[-118.53730318,34.50490292],[-118.53729115,34.5049577],[-118.53727658,34.5050022],[-118.537262,34.5050467],[-118.5372503,34.50508243],[-118.53724475,34.5051493],[-118.5372311,34.5052305],[-118.53723626,34.50529084],[-118.53724049,34.50534036],[-118.53724472,34.50538988],[-118.53725026,34.50545462],[-118.53725675,34.50551045],[-118.53726257,34.50556632],[-118.53726641,34.5056032],[-118.53727131,34.50565028],[-118.53727515,34.50568716],[-118.53727899,34.50572404],[-118.53729339,34.50586246],[-118.53729852,34.5059117],[-118.53730364,34.50596094],[-118.53731132,34.5060347],[-118.53732268,34.50614383],[-118.5373288,34.50622554],[-118.537335,34.5062622],[-118.53734255,34.50630684],[-118.53735151,34.50635984],[-118.53736597,34.5063879],[-118.5373625,34.5064248],[-118.5373687,34.50646146],[-118.53735559,34.50649828],[-118.53736455,34.50655222],[-118.5373473,34.5065864],[-118.5373264,34.50662782],[-118.53730915,34.506662],[-118.53729008,34.5066998],[-118.537271,34.5067376],[-118.53725375,34.50677178],[-118.53715794,34.50693106],[-118.53706438,34.50709117],[-118.5370254,34.50715787],[-118.53694158,34.50730131],[-118.53685775,34.50744474],[-118.5367798,34.50757813],[-118.53669478,34.50772362],[-118.5366558,34.50779032],[-118.53660354,34.50787974],[-118.53654789,34.50796794],[-118.5365318,34.5080025],[-118.53651231,34.50803585],[-118.53649078,34.50809061],[-118.53647469,34.50812516],[-118.53646052,34.50815559],[-118.5363854,34.50831694],[-118.53636821,34.50835385],[-118.53635103,34.50839076],[-118.53631885,34.50845987],[-118.53629362,34.50851406],[-118.5362646,34.5085672],[-118.5362523,34.5086028],[-118.53623621,34.50863736],[-118.53622082,34.50869389],[-118.53620165,34.50874938],[-118.53618935,34.50878497],[-118.53617704,34.50882057],[-118.536151,34.50889595],[-118.53612639,34.50896714],[-118.53611516,34.50899965],[-118.53610105,34.50904048],[-118.53608875,34.50907607],[-118.53607197,34.50912463],[-118.53605519,34.50917319],[-118.53603393,34.50923471],[-118.53601981,34.50927555],[-118.53600749,34.50930701],[-118.53595116,34.5094476],[-118.5359391,34.50947768],[-118.53592705,34.50950776],[-118.53589888,34.50957805],[-118.53587978,34.5096257],[-118.53585821,34.50967275],[-118.5358466,34.5097085],[-118.53583252,34.50974364],[-118.53581846,34.50979518],[-118.53580192,34.50984611],[-118.53577871,34.50991762],[-118.53576798,34.50995066],[-118.53575725,34.50998371],[-118.53573403,34.51005522],[-118.53572242,34.51009098],[-118.53571221,34.51012241],[-118.53570061,34.51015817],[-118.5356904,34.5101896],[-118.53567879,34.51022535],[-118.5356111,34.51041451],[-118.53554433,34.51060387],[-118.5355318,34.51063941],[-118.53552062,34.51067111],[-118.5354525,34.5108643],[-118.53539299,34.51105598],[-118.5353732,34.5110892],[-118.53534382,34.51113851],[-118.5353245,34.51117095],[-118.53529896,34.51121382],[-118.53528337,34.51123999],[-118.53525937,34.51128027],[-118.53524378,34.51130643],[-118.53522532,34.51133742],[-118.53520553,34.51137065],[-118.53518574,34.51140387],[-118.53516078,34.51144576],[-118.53513115,34.51149549],[-118.53509157,34.51156194],[-118.53505438,34.51162436],[-118.53501807,34.51168714],[-118.5349974,34.51172],[-118.53497761,34.51175322],[-118.53494365,34.51180546],[-118.53491057,34.51185806],[-118.5348899,34.51189092],[-118.53486924,34.51192378],[-118.53484955,34.51195508],[-118.53482374,34.51199612],[-118.53478241,34.51206184],[-118.53476174,34.5120947],[-118.53472623,34.51215116],[-118.5347001,34.51219276],[-118.53466247,34.51225264],[-118.5346415,34.512286],[-118.53462084,34.51231886],[-118.53461431,34.51235436],[-118.53460316,34.51238241],[-118.53459153,34.51241165],[-118.534569,34.5124683],[-118.53455423,34.51249635],[-118.53453946,34.5125244],[-118.53452158,34.51255836],[-118.53450447,34.51259085],[-118.53448583,34.51262626],[-118.53446482,34.51266615],[-118.53447506,34.51269612],[-118.53447065,34.51273295],[-118.53446624,34.51276978],[-118.5344586,34.5128337],[-118.53446195,34.51287624],[-118.53446486,34.51291317],[-118.53446777,34.5129501],[-118.53447568,34.5130505],[-118.53448028,34.51310894],[-118.53448488,34.51316738],[-118.5344907,34.51324125],[-118.53449579,34.5133059],[-118.53449991,34.51335813],[-118.53450281,34.51339507],[-118.53450572,34.513432],[-118.53450876,34.51347053],[-118.53451265,34.51351993],[-118.53451691,34.51357405],[-118.53451982,34.51361098],[-118.53452251,34.51364507],[-118.53453796,34.51367999],[-118.5345281,34.5137161],[-118.53453101,34.51375303],[-118.53450929,34.51378498],[-118.53449943,34.51382109],[-118.53448956,34.5138572],[-118.5344797,34.5138933],[-118.53446562,34.51394486],[-118.5344479,34.51400976],[-118.53443804,34.51404586],[-118.53442706,34.51408604],[-118.53441609,34.51412621],[-118.53439637,34.51419842],[-118.53437953,34.51426006],[-118.53436967,34.51429617],[-118.53435284,34.51435781],[-118.53435018,34.51440656],[-118.53434439,34.51444579],[-118.53433897,34.51448253],[-118.53433354,34.51451927],[-118.53432903,34.51454986],[-118.53432452,34.51458046],[-118.53431367,34.51465394],[-118.53430645,34.5147029],[-118.534297,34.51475168],[-118.5342938,34.5147886],[-118.53428838,34.51482534],[-118.53428671,34.51487027],[-118.53428351,34.51490718],[-118.53427963,34.51495193],[-118.53427322,34.51502576],[-118.53426841,34.51508123],[-118.53426457,34.51511718],[-118.53426274,34.51515416],[-118.53425975,34.51519109],[-118.53425823,34.51524521],[-118.53425628,34.51528474],[-118.53425477,34.51531524],[-118.53425287,34.51535359],[-118.53424984,34.51541494],[-118.53425094,34.51545532],[-118.53424373,34.51549185],[-118.53423754,34.51552322],[-118.53422517,34.51558594],[-118.53421797,34.51562247],[-118.53420842,34.51567088],[-118.53420365,34.51573379],[-118.5341891,34.5157688],[-118.53416915,34.51581679],[-118.5341546,34.5158518],[-118.53414005,34.51588681],[-118.5341201,34.5159348],[-118.53410209,34.51596628],[-118.53408408,34.51599776],[-118.53402661,34.51609818],[-118.53401134,34.51612488],[-118.53399218,34.51615835],[-118.53396539,34.51620518],[-118.5339386,34.516252],[-118.53391945,34.51628548],[-118.53389059,34.51633154],[-118.53386258,34.51637794],[-118.53382258,34.51644422],[-118.53380457,34.51647405],[-118.53378657,34.51650389],[-118.53376657,34.51653703],[-118.53374657,34.51657016],[-118.53371893,34.51661594],[-118.53366846,34.51669957],[-118.5336513,34.516728],[-118.5336313,34.51676114],[-118.53361957,34.51679527],[-118.5336033,34.51682977],[-118.53358703,34.51686426],[-118.53357076,34.51689876],[-118.53355125,34.51694012],[-118.5335339,34.5169769],[-118.53351763,34.51701139],[-118.53351058,34.51705994],[-118.53349032,34.51713206],[-118.53346878,34.51717812],[-118.533467,34.5172151],[-118.53345687,34.51725116],[-118.5334628,34.51730225],[-118.53346038,34.51735242],[-118.53345682,34.51742638],[-118.5334544,34.51747655],[-118.53344638,34.51752682],[-118.5334502,34.5175637],[-118.53344842,34.51760068],[-118.53346358,34.51769295],[-118.53347313,34.51778533],[-118.53347695,34.5178222],[-118.53348077,34.51785907],[-118.53349033,34.51795145],[-118.53349899,34.5180439],[-118.5335037,34.5180807],[-118.53350752,34.51811757],[-118.5335368,34.51833915],[-118.53355936,34.51856163],[-118.5335699,34.5185976],[-118.53357461,34.5186344],[-118.53359535,34.51868445],[-118.53361861,34.51876383],[-118.53362915,34.5187998],[-118.53363969,34.51883577],[-118.53365878,34.5189009],[-118.53367406,34.51896693],[-118.5336884,34.519002],[-118.53369894,34.51903797],[-118.53373265,34.51911023],[-118.53376256,34.51918338],[-118.53379124,34.51925352],[-118.53382115,34.51932668],[-118.53385398,34.51939911],[-118.5338654,34.5194349],[-118.53387974,34.51946997],[-118.53388627,34.51950032],[-118.53389573,34.51952995],[-118.53390715,34.51956574],[-118.53391857,34.51960153],[-118.53393871,34.51966465],[-118.53394889,34.51969658],[-118.53396031,34.51973237],[-118.53397306,34.5197723],[-118.53399277,34.51983408],[-118.53401491,34.519863],[-118.5340138,34.5199],[-118.53402522,34.51993579],[-118.53401149,34.51997704],[-118.53402176,34.52001856],[-118.53400917,34.52005409],[-118.53400806,34.52009108],[-118.5339881,34.52011354],[-118.53395444,34.52020852],[-118.5339384,34.5202566],[-118.5339249,34.5202919],[-118.53391231,34.52032742],[-118.5338783,34.5204137],[-118.53384882,34.52050129],[-118.5338317,34.5205355],[-118.5338182,34.5205708],[-118.53379831,34.52060223],[-118.53378119,34.52063644],[-118.5337478,34.52070318],[-118.53373068,34.52073739],[-118.53371145,34.52077582],[-118.5336893,34.5208201],[-118.53365525,34.52087293],[-118.53363418,34.52090561],[-118.53361771,34.52093117],[-118.5335884,34.52097664],[-118.5335591,34.5210221],[-118.53353803,34.52105478],[-118.5334799,34.5210903],[-118.53344885,34.52111704],[-118.5334007,34.5211585],[-118.53335812,34.52118595],[-118.53332275,34.52120875],[-118.53328738,34.52123155],[-118.5332448,34.521259],[-118.53321446,34.52127214],[-118.53317889,34.52128755],[-118.53313913,34.52130477],[-118.53309937,34.52132199],[-118.5330638,34.5213374],[-118.53302404,34.52135462],[-118.53298471,34.52137592],[-118.53294604,34.52139475],[-118.53290213,34.52141614],[-118.53286695,34.52143327],[-118.53282479,34.5214538],[-118.53278263,34.52147433],[-118.5327565,34.5215032],[-118.5326895,34.5215525],[-118.53264634,34.52156777],[-118.5326247,34.5216002],[-118.5325912,34.52162485],[-118.53257572,34.52167361],[-118.53253245,34.52173847],[-118.53251081,34.5217709],[-118.5324912,34.5218003],[-118.53246956,34.52183273],[-118.53247077,34.52187445],[-118.53246083,34.52191054],[-118.53245009,34.52194951],[-118.53243936,34.52198849],[-118.53244304,34.52209111],[-118.53244129,34.52212976],[-118.5324396,34.5221673],[-118.53243793,34.52220428],[-118.53244742,34.52224561],[-118.53245156,34.52228703],[-118.53245893,34.52236079],[-118.53246306,34.52240222],[-118.53248553,34.52244554],[-118.53247088,34.52248052],[-118.53247457,34.5225174],[-118.53244345,34.52253481],[-118.53240531,34.52260182],[-118.5323875,34.5226331],[-118.53236843,34.52266661],[-118.53232245,34.5227127],[-118.53229736,34.5227434],[-118.53227562,34.52277001],[-118.53223231,34.522823],[-118.53219799,34.52283502],[-118.53216415,34.52285935],[-118.53211752,34.52289288],[-118.5320709,34.5229264],[-118.53194093,34.52301007],[-118.53189721,34.52303821],[-118.53186182,34.523061],[-118.53181811,34.52308914],[-118.53178272,34.52311192],[-118.53174001,34.52313942],[-118.53171193,34.52315749],[-118.53166922,34.52318499],[-118.53162651,34.52321248],[-118.53161603,34.52324224],[-118.53159233,34.5232694],[-118.5315661,34.52329944],[-118.53151127,34.52336224],[-118.5315024,34.5234148],[-118.53148756,34.52344973],[-118.5314673,34.5234974],[-118.53146797,34.5235459],[-118.53146866,34.52359625],[-118.53147644,34.52364615],[-118.53147934,34.52368792],[-118.53149878,34.52372128],[-118.53152541,34.52376698],[-118.53155203,34.52381268],[-118.5315705,34.5238433],[-118.53159978,34.52388043],[-118.53162907,34.52391756],[-118.53165354,34.52394859],[-118.53167801,34.52397962],[-118.53170248,34.52401065],[-118.53172696,34.52404168],[-118.53175688,34.52407963],[-118.53180583,34.52414169],[-118.53183303,34.52417618],[-118.53186167,34.52420993],[-118.5318847,34.5242417],[-118.53190859,34.52427466],[-118.53193248,34.52430762],[-118.53193618,34.52431273],[-118.53195465,34.52433821],[-118.53197854,34.52437117],[-118.53202459,34.52443471],[-118.53204369,34.52446106],[-118.53206279,34.52448741],[-118.53210885,34.52455096],[-118.53213946,34.52459319],[-118.53217232,34.52463439],[-118.5321931,34.5246672],[-118.53221295,34.52469855],[-118.53223372,34.52473135],[-118.5322545,34.52476416],[-118.53227435,34.5247955],[-118.53229512,34.52482831],[-118.5323159,34.52486112],[-118.5323466,34.5249096],[-118.53236738,34.52494241],[-118.53235904,34.52497619],[-118.5323689,34.525029],[-118.53237573,34.52506557],[-118.53236579,34.52509772],[-118.53234468,34.52513038],[-118.53231687,34.52517338],[-118.53230417,34.5252251],[-118.5322686,34.5252477],[-118.53222382,34.52527616],[-118.53218825,34.52529875],[-118.53215319,34.52532104],[-118.53212534,34.52533873],[-118.53208978,34.52536133],[-118.53205421,34.52538393],[-118.53202061,34.52539586],[-118.5319913,34.5254239],[-118.53195573,34.5254465],[-118.53192255,34.52548966],[-118.53189324,34.5255177],[-118.53186392,34.52554574],[-118.53182399,34.52558394],[-118.53180536,34.52563166],[-118.5317725,34.52568359],[-118.53173963,34.52573551],[-118.53174029,34.52577733],[-118.53173056,34.52581346],[-118.53171327,34.52587763],[-118.53170133,34.52593176],[-118.53167447,34.52598526],[-118.53167967,34.52602201],[-118.53168486,34.52605877],[-118.53169525,34.52613228],[-118.53170846,34.52622579],[-118.53171365,34.52626254],[-118.53171884,34.5262993],[-118.53172516,34.52634399],[-118.53173147,34.52638868],[-118.53173666,34.52642544],[-118.53174244,34.52646629],[-118.5317487,34.5265071],[-118.5317534,34.5265439],[-118.53175859,34.52658066],[-118.53176514,34.52663574],[-118.53176984,34.52667254],[-118.53177455,34.52670934],[-118.5317784,34.52673949],[-118.5317831,34.52677629],[-118.5317888,34.52682084],[-118.5317935,34.52685764],[-118.53180192,34.52690203],[-118.5318039,34.526939],[-118.5318086,34.5269758],[-118.5318094,34.5270415],[-118.53181138,34.52707847],[-118.53181161,34.52714712],[-118.53181269,34.52719837],[-118.53181376,34.52724962],[-118.53181454,34.52728662],[-118.53181531,34.52732362],[-118.53182695,34.52735855],[-118.5318168,34.5273946],[-118.53181758,34.5274316],[-118.53178447,34.52750939],[-118.53177431,34.52754543],[-118.53176416,34.52758148],[-118.53176046,34.52763908],[-118.5317388,34.5276715],[-118.53172865,34.52770755],[-118.5317011,34.52775462],[-118.5316671,34.5277788],[-118.5316107,34.5278189],[-118.5315767,34.52784308],[-118.53149987,34.52787871],[-118.53144545,34.52789842],[-118.53140433,34.52791331],[-118.53137092,34.52791178],[-118.53134028,34.52791727],[-118.5312948,34.5279207],[-118.5312504,34.52792631],[-118.5312032,34.5279154],[-118.53115839,34.52791281],[-118.53110582,34.52788992],[-118.5310599,34.5278779],[-118.53101709,34.5278667],[-118.530776,34.52781525],[-118.53053549,34.52776217],[-118.5304921,34.5277526],[-118.53044871,34.52774303],[-118.5302082,34.52768995],[-118.52996842,34.52763423],[-118.5299243,34.5276273],[-118.52988091,34.52761773],[-118.5298089,34.52760919],[-118.52964939,34.52758415],[-118.52961093,34.52757811],[-118.5295668,34.52757119],[-118.52950345,34.52756124],[-118.5294401,34.5275513],[-118.52939598,34.52754437],[-118.5293515,34.5275396],[-118.52930715,34.52753374],[-118.5292629,34.5275279],[-118.52921855,34.52752204],[-118.52916164,34.5275157],[-118.52910492,34.52750886],[-118.5290712,34.5275048],[-118.52902676,34.52749944],[-118.52898649,34.52750747],[-118.52894161,34.52750889],[-118.52889312,34.52751042],[-118.5288355,34.52753213],[-118.52876504,34.52754943],[-118.52873292,34.52756154],[-118.52866218,34.52760593],[-118.5286043,34.5276691],[-118.52857278,34.52769546],[-118.52852772,34.52774648],[-118.52847952,34.52779518],[-118.52846544,34.52782421],[-118.52841887,34.52788749],[-118.52839962,34.52791353],[-118.5283764,34.5279452],[-118.52835312,34.52797684],[-118.52832089,34.52802091],[-118.52829767,34.52805259],[-118.528269,34.5280917],[-118.52824578,34.52812337],[-118.5282404,34.5281696],[-118.5282261,34.52820855],[-118.5282118,34.5282475],[-118.5281988,34.52828292],[-118.5281947,34.52832314],[-118.52818641,34.52835978],[-118.52817819,34.52839616],[-118.52816167,34.52846918],[-118.5281529,34.52851459],[-118.52813966,34.52857833],[-118.52813262,34.5286204],[-118.52812582,34.52865698],[-118.52811511,34.52871454],[-118.5281044,34.5287721],[-118.52809759,34.52880868],[-118.52809714,34.52884634],[-118.52809353,34.52888322],[-118.52808993,34.52892011],[-118.52808812,34.52899513],[-118.52808943,34.5290545],[-118.52808455,34.52909339],[-118.5280911,34.52913],[-118.5281095,34.5292328],[-118.52812495,34.5292781],[-118.5281404,34.5293234],[-118.52815555,34.52935195],[-118.52817355,34.52938585],[-118.52819155,34.52941975],[-118.5282067,34.5294483],[-118.52822344,34.52947525],[-118.52824755,34.52951405],[-118.52827334,34.52954684],[-118.5282894,34.5295814],[-118.52830384,34.52961246],[-118.5283199,34.52964702],[-118.5283417,34.52968195],[-118.5283528,34.5297178],[-118.52836453,34.52975569],[-118.52838424,34.52981937],[-118.52839223,34.52985197],[-118.52840111,34.52988824],[-118.52841062,34.52993932],[-118.528409,34.5299763],[-118.52841396,34.53001308],[-118.52840873,34.53007861],[-118.5284029,34.5301153],[-118.52840128,34.53015228],[-118.52837785,34.53027296],[-118.52835864,34.53039393],[-118.52835281,34.53043062],[-118.52834475,34.53048132],[-118.52833893,34.53051801],[-118.5283331,34.5305547],[-118.52832374,34.53061363],[-118.52831437,34.53067257],[-118.52830855,34.53070925],[-118.52830219,34.53074928],[-118.52829636,34.53078597],[-118.52829,34.530826],[-118.52828417,34.53086269],[-118.52827192,34.53092067],[-118.52826493,34.53095723],[-118.52825383,34.53101535],[-118.52824685,34.5310519],[-118.52823987,34.53108845],[-118.52822932,34.53114368],[-118.52822233,34.53118024],[-118.52821357,34.53122613],[-118.5282048,34.53127202],[-118.5281969,34.53130993],[-118.52819013,34.53134245],[-118.5281817,34.53138287],[-118.5281738,34.53142078],[-118.5281669,34.5314535],[-118.52815988,34.53148678],[-118.52816096,34.53152801],[-118.5281679,34.5315603],[-118.52818294,34.53159548],[-118.52820381,34.53164458],[-118.52824962,34.53169359],[-118.5283415,34.53177627],[-118.52838475,34.53181396],[-118.52841561,34.53184085],[-118.52845937,34.53187811],[-118.5284897,34.5319054],[-118.5285309,34.53194248],[-118.52857211,34.53197957],[-118.52860075,34.53200154],[-118.52863276,34.53203416],[-118.52865476,34.5320575],[-118.52869278,34.53209691],[-118.52874032,34.53213419],[-118.52877199,34.53218574],[-118.52879227,34.53221875],[-118.52882663,34.53226804],[-118.52884763,34.53231044],[-118.52887888,34.53235051],[-118.5288856,34.5323871],[-118.52890257,34.53242136],[-118.52890088,34.53247034],[-118.52891425,34.53249845],[-118.5289006,34.5325337],[-118.52890158,34.53257069],[-118.5288716,34.5326086],[-118.52885795,34.53264385],[-118.5288326,34.5326803],[-118.52881423,34.53271407],[-118.52879267,34.53273965],[-118.52877452,34.53276664],[-118.52875274,34.532799],[-118.52873342,34.53282772],[-118.52871643,34.53285298],[-118.52867288,34.5329177],[-118.52864387,34.53296084],[-118.52862633,34.5329869],[-118.52860032,34.53302557],[-118.5285713,34.5330687],[-118.52854953,34.53310106],[-118.52850164,34.53313792],[-118.52847687,34.53316255],[-118.5284482,34.53319103],[-118.52842644,34.53321266],[-118.52840106,34.53323788],[-118.528378,34.5332608],[-118.52834934,34.53328929],[-118.52832253,34.53331193],[-118.52827831,34.53334784],[-118.52824544,34.53337036],[-118.52818677,34.53341056],[-118.52813596,34.5334293],[-118.5280975,34.53344841],[-118.5280394,34.53345296],[-118.52797235,34.53346389],[-118.52793938,34.53346554],[-118.5279064,34.5334672],[-118.52786157,34.53346945],[-118.52780522,34.53345949],[-118.52777499,34.53345619],[-118.52771921,34.53344894],[-118.52767147,34.53344274],[-118.5276271,34.53343697],[-118.52755913,34.53342813],[-118.52750967,34.53342183],[-118.52746023,34.53341546],[-118.52737147,34.53340404],[-118.52732202,34.53339768],[-118.52727304,34.5333877],[-118.5272282,34.5333856],[-118.52718382,34.53337989],[-118.52713499,34.53338124],[-118.52709828,34.53337953],[-118.5270678,34.5333781],[-118.52702296,34.533376],[-118.52698365,34.53337607],[-118.5269388,34.5333781],[-118.52689388,34.5333781],[-118.52685685,34.5333818],[-118.526812,34.53338382],[-118.5267749,34.5333855],[-118.52673005,34.53338752],[-118.52669921,34.533398],[-118.52665518,34.53340527],[-118.52662353,34.5334105],[-118.52657949,34.53341777],[-118.52654926,34.53343135],[-118.52651213,34.53344178],[-118.526475,34.5334522],[-118.52643248,34.53346414],[-118.5263965,34.53346954],[-118.5263183,34.53350496],[-118.52625954,34.53354964],[-118.5262261,34.5335692],[-118.52618948,34.53359062],[-118.52614302,34.53362303],[-118.52609679,34.53365297],[-118.52606617,34.53367281],[-118.526054,34.53370471],[-118.52603087,34.53373139],[-118.5260052,34.533761],[-118.5259791,34.53379111],[-118.52595545,34.53382189],[-118.5259372,34.5338557],[-118.52591433,34.53388755],[-118.52590255,34.5339199],[-118.52588186,34.53394893],[-118.5258679,34.5339841],[-118.52584965,34.53401791],[-118.5258391,34.53405665],[-118.52582077,34.53409322],[-118.5258103,34.5341292],[-118.52579634,34.53416437],[-118.52578533,34.53421505],[-118.52577082,34.53426492],[-118.52576035,34.5343009],[-118.52574988,34.53433688],[-118.52573538,34.53438675],[-118.52571952,34.53443637],[-118.5257104,34.5344726],[-118.52569993,34.53450858],[-118.52569022,34.53455274],[-118.52567377,34.53461805],[-118.52566465,34.53465428],[-118.52565333,34.53468284],[-118.5256482,34.5347196],[-118.52563908,34.53475583],[-118.52563615,34.53480593],[-118.52563895,34.53484811],[-118.52563498,34.53490004],[-118.52565138,34.53495645],[-118.52566631,34.53498258],[-118.52567904,34.53501054],[-118.52569377,34.5350622],[-118.52572714,34.5351046],[-118.52577206,34.53514866],[-118.5257922,34.5351709],[-118.5258394,34.53520751],[-118.52587679,34.53522801],[-118.52591501,34.53524898],[-118.52594213,34.53526386],[-118.52598692,34.53528748],[-118.5260317,34.5353111],[-118.52609345,34.53533691],[-118.5261335,34.53535365],[-118.52619639,34.53537772],[-118.5262353,34.5353962],[-118.52627535,34.53541294],[-118.52630448,34.53542905],[-118.52633475,34.53544343],[-118.52637366,34.53546191],[-118.52643419,34.53549066],[-118.52647311,34.53550914],[-118.52651202,34.53552762],[-118.526576,34.535558],[-118.52661438,34.53558137],[-118.52665713,34.5356074],[-118.52668661,34.53562535],[-118.52672273,34.53564735],[-118.52675885,34.53566934],[-118.52679241,34.53568978],[-118.52682673,34.53571067],[-118.52686043,34.53572799],[-118.5268946,34.535752],[-118.52692941,34.53577482],[-118.52696258,34.53579978],[-118.52700304,34.53583684],[-118.5270306,34.53585186],[-118.5270558,34.53589673],[-118.52707947,34.5359567],[-118.52709399,34.53598753],[-118.52711858,34.536026],[-118.52713583,34.53606844],[-118.52716476,34.53609783],[-118.527193,34.5361266],[-118.52722416,34.53615835],[-118.52726148,34.53618132],[-118.52729962,34.5362047],[-118.52733904,34.53622383],[-118.527367,34.5362374],[-118.5274057,34.53625618],[-118.5274976,34.5362628],[-118.52758586,34.53627586],[-118.52762229,34.5362756],[-118.5276513,34.53629269],[-118.52767781,34.53630831],[-118.52770597,34.5363249],[-118.52773333,34.53634102],[-118.52771524,34.53637718],[-118.52768958,34.53644932],[-118.5276802,34.53652046],[-118.5276705,34.53659403],[-118.52766658,34.53662382],[-118.52765646,34.53665342],[-118.5276578,34.5366904],[-118.52765295,34.53672718],[-118.52766431,34.53687028],[-118.52766949,34.53701317],[-118.5276718,34.537077],[-118.52767314,34.53711398],[-118.52766116,34.53717898],[-118.5276536,34.53725136],[-118.52765592,34.53732537],[-118.5276422,34.5373606],[-118.52763835,34.53739746],[-118.5275873,34.5375016],[-118.52754558,34.53760723],[-118.5275324,34.5376426],[-118.52751868,34.53767783],[-118.5274835,34.53777385],[-118.52743861,34.53786825],[-118.5274346,34.5379051],[-118.52742142,34.53794047],[-118.52741935,34.53804541],[-118.5274081,34.53814886],[-118.52740009,34.53822257],[-118.52739299,34.53828785],[-118.5274103,34.53848585],[-118.52743424,34.53868475],[-118.5274236,34.5387207],[-118.52742569,34.53875766],[-118.52738976,34.53883505],[-118.52736656,34.53891346],[-118.52734528,34.53898536],[-118.52733306,34.53902665],[-118.52732851,34.53907011],[-118.5273102,34.5391039],[-118.52729956,34.53913985],[-118.52721715,34.5392756],[-118.52715752,34.53942258],[-118.5271241,34.5394473],[-118.52710579,34.53948109],[-118.5268963,34.53961575],[-118.52670994,34.53976994],[-118.5266685,34.5397842],[-118.52663506,34.53979571],[-118.52655217,34.53982423],[-118.52636225,34.53988959],[-118.52617536,34.53996396],[-118.5261309,34.5399692],[-118.52608946,34.53998346],[-118.52580958,34.54000705],[-118.52553272,34.54003967],[-118.52548825,34.54004491],[-118.52545178,34.5400492],[-118.5254153,34.5400535],[-118.52537084,34.54005874],[-118.5250094,34.54009555],[-118.52464599,34.54012559],[-118.5246035,34.5401376],[-118.52455894,34.54014222],[-118.52426994,34.54023185],[-118.52397483,34.54030695],[-118.5239364,34.5403261],[-118.52389391,34.5403381],[-118.5236243,34.5404816],[-118.52334837,34.54061516],[-118.5233122,34.5406371],[-118.52327377,34.54065625],[-118.52323358,34.54068478],[-118.52319113,34.54071053],[-118.52315505,34.54073241],[-118.52311879,34.5407544],[-118.52308163,34.54077693],[-118.52303887,34.54079429],[-118.5230083,34.5408214],[-118.52297213,34.54084334],[-118.52294206,34.54088015],[-118.52291149,34.54090726],[-118.52283548,34.54097467],[-118.5227551,34.54103915],[-118.5227289,34.5410692],[-118.52269833,34.54109631],[-118.52263493,34.54117701],[-118.52256715,34.54125477],[-118.52251476,34.54131487],[-118.52247668,34.54135856],[-118.52243371,34.54139973],[-118.5224124,34.5414323],[-118.5223862,34.54146235],[-118.52226635,34.54165545],[-118.52213186,34.54184285],[-118.5221203,34.5418786],[-118.52209899,34.54191117],[-118.52209407,34.54195974],[-118.52207095,34.54203124],[-118.522006,34.54223209],[-118.52194457,34.54243385],[-118.5219295,34.5424687],[-118.52191794,34.54250445],[-118.52180195,34.54276375],[-118.52168905,34.54302383],[-118.5216744,34.5430588],[-118.52165933,34.54309365],[-118.52161159,34.54320878],[-118.52156342,34.54332379],[-118.52153413,34.54339374],[-118.52145724,34.54357733],[-118.52138575,34.54376279],[-118.5213657,34.5437959],[-118.52135105,34.54383087],[-118.52122504,34.54402815],[-118.52110443,34.54422729],[-118.52106432,34.5442935],[-118.52093184,34.54451225],[-118.52080179,34.54473208],[-118.5207793,34.5447641],[-118.52075925,34.54479721],[-118.52063335,34.5449719],[-118.52050989,34.54514767],[-118.5204874,34.5451797],[-118.52046491,34.54521172],[-118.5204261,34.545267],[-118.52038728,34.54532227],[-118.5203648,34.5453543],[-118.52034231,34.54538633],[-118.5202802,34.5454748],[-118.52021686,34.54556271],[-118.5201956,34.5455953],[-118.52017311,34.54562733],[-118.52012275,34.54570696],[-118.52007116,34.54578604],[-118.52002863,34.54585122],[-118.51995785,34.54595971],[-118.5198918,34.54607063],[-118.5198658,34.5461008],[-118.51984454,34.54613339],[-118.51966925,34.54632885],[-118.5195056,34.54653171],[-118.5194727,34.5465569],[-118.51943587,34.54658509],[-118.51940297,34.54661028],[-118.51931464,34.5466779],[-118.51923093,34.54675038],[-118.5191934,34.5467707],[-118.5191605,34.54679588],[-118.51898145,34.54688545],[-118.5188112,34.54698645],[-118.5187695,34.5470002],[-118.51873197,34.54702052],[-118.5185035,34.54708795],[-118.51828109,34.54716679],[-118.5182375,34.5471757],[-118.5181958,34.54718945],[-118.51802573,34.54721898],[-118.51785756,34.54725334],[-118.51777037,34.54727116],[-118.51753663,34.54731893],[-118.5173026,34.54736576],[-118.5172593,34.5473756],[-118.51721571,34.54738451],[-118.5169945,34.54743575],[-118.51677033,34.54748012],[-118.5167297,34.5474959],[-118.5166864,34.54750574],[-118.51662058,34.54753828],[-118.51655208,34.54756488],[-118.51647083,34.54759643],[-118.51644213,34.54760758],[-118.51640833,34.54761187],[-118.5163728,34.5476345],[-118.51633217,34.54765028],[-118.51626005,34.54770631],[-118.51618283,34.5477555],[-118.51614729,34.54777813],[-118.51610775,34.54780331],[-118.5160682,34.5478285],[-118.51603267,34.54785113],[-118.51594055,34.54794115],[-118.51584058,34.54802467],[-118.5158129,34.5480538],[-118.51578225,34.54808085],[-118.51575336,34.54811646],[-118.51572151,34.54814999],[-118.51566615,34.54820825],[-118.51563326,34.54824286],[-118.5155957,34.54827482],[-118.5155727,34.5483066],[-118.51554502,34.54833573],[-118.51549069,34.54841994],[-118.51543167,34.5485015],[-118.51540867,34.54853328],[-118.51537694,34.54857714],[-118.5153452,34.548621],[-118.51532221,34.54865278],[-118.51530694,34.54868139],[-118.51528617,34.54871419],[-118.51526539,34.54874699],[-118.51518598,34.54887235],[-118.51511161,34.54900022],[-118.5150858,34.5490305],[-118.51506502,34.5490633],[-118.51502184,34.54910553],[-118.51498369,34.54915028],[-118.51495788,34.54918055],[-118.51493207,34.54921083],[-118.51487619,34.54927638],[-118.51482446,34.54934464],[-118.5147945,34.5493722],[-118.51476869,34.54940248],[-118.5146675,34.54948902],[-118.51457046,34.54957827],[-118.5145405,34.54960583],[-118.5144915,34.5496509],[-118.51446154,34.54967846],[-118.51437265,34.5497488],[-118.51428989,34.54982468],[-118.5142538,34.5498467],[-118.51422204,34.54987286],[-118.51416039,34.54990369],[-118.51409754,34.54994204],[-118.51403651,34.54998256],[-118.5139986,34.5500024],[-118.51396251,34.55002442],[-118.5138082,34.55010205],[-118.51375632,34.55013114],[-118.51365847,34.55018601],[-118.51361137,34.55020507]]]},"properties":{"OBJECTID":1098004,"COUNTY":"LOS ANGELES","CITY":"LAC","ZONE_NAME":null,"ZONE_ID":"US-CA-XLA-LAC-E029","STATUS":"Evacuation Warning","EVENT_TYPE":null,"CRITICAL_INFO":null,"PUBLIC_INFO":null,"EDIT_DATE":1791069876000,"STATEWIDE_LAST_UPDATED":null,"NOTES":"Local authorities are responding to a fast-moving Wildfire. An EVACUATION ORDER has been issued. LEAVE NOW. Your safety is in danger if you stay. Call 911 if you need emergency assistance. Visit Alertla.org for more information.","SHAPE__Area":80368084.5234375,"SHAPE__Length":39957.147928571234,"GlobalID":"daef99c5-b240-4974-8735-dacf3e1b00f0","CreationDate":1791069932000,"Creator":"CalOES_Scripts","EditDate":1791069932000,"Editor":"CalOES_Scripts"}},{"type":"Feature","id":1098005,"geometry":{"type":"Polygon","coordinates":[[[-118.44290255,34.6433156],[-118.44292591,34.64326625],[-118.443173,34.642744],[-118.443369,34.642681],[-118.443492,34.642663],[-118.443585,34.642674],[-118.443659,34.642677],[-118.44370406,34.64265999],[-118.44376413,34.64262234],[-118.44378,34.642583],[-118.443775,34.642542],[-118.443744,34.642485],[-118.443699,34.642441],[-118.443615,34.642385],[-118.443555,34.642337],[-118.44349764,34.64229398],[-118.443475,34.642277],[-118.44342757,34.64220703],[-118.443374,34.642128],[-118.44331653,34.64204566],[-118.443233,34.641926],[-118.44320368,34.64182887],[-118.443206,34.641801],[-118.443247,34.641613],[-118.44325434,34.64149867],[-118.443259,34.641426],[-118.44325667,34.64140035],[-118.443252,34.641349],[-118.44330056,34.64129111],[-118.44333,34.641266],[-118.443393,34.641254],[-118.443487,34.641248],[-118.443575,34.641239],[-118.4435991,34.64122671],[-118.443624,34.641214],[-118.443633,34.641173],[-118.443627,34.641125],[-118.443527,34.641012],[-118.44350554,34.64097142],[-118.443435,34.640838],[-118.443399,34.640745],[-118.44340458,34.64072306],[-118.443427,34.640635],[-118.443504,34.640524],[-118.443639,34.640409],[-118.44368778,34.64038067],[-118.443732,34.640355],[-118.443849,34.640325],[-118.443918,34.640304],[-118.44397657,34.64026611],[-118.443991,34.640238],[-118.444005,34.640205],[-118.44400787,34.64017013],[-118.444017,34.640059],[-118.44410057,34.63980761],[-118.444139,34.639692],[-118.444186,34.639606],[-118.4442456,34.63956285],[-118.444318,34.639555],[-118.444427,34.639566],[-118.444585,34.639601],[-118.444718,34.639616],[-118.44483548,34.63960073],[-118.444895,34.639593],[-118.444997,34.639551],[-118.44506,34.639473],[-118.44510441,34.63938699],[-118.445155,34.639289],[-118.44522742,34.63913128],[-118.445245,34.639093],[-118.44525961,34.63906777],[-118.44534,34.638929],[-118.44536712,34.63883906],[-118.445378,34.638803],[-118.44536655,34.63873229],[-118.445355,34.638661],[-118.445329,34.638539],[-118.44533322,34.63849623],[-118.445337,34.638458],[-118.44538989,34.63838528],[-118.445409,34.638359],[-118.44547805,34.63829318],[-118.445772,34.638013],[-118.44603239,34.63786297],[-118.446074,34.637839],[-118.446304,34.637735],[-118.446446,34.6377],[-118.446544,34.637711],[-118.446599,34.637747],[-118.446696,34.637974],[-118.44672411,34.63801093],[-118.446782,34.638087],[-118.44683516,34.63813751],[-118.446862,34.638163],[-118.446941,34.638191],[-118.44702,34.638202],[-118.447089,34.638193],[-118.44713817,34.63815663],[-118.447162,34.638139],[-118.4472,34.638053],[-118.447266,34.63791],[-118.447347,34.637783],[-118.447537,34.637643],[-118.4476,34.637589],[-118.44760521,34.6375395],[-118.447612,34.637475],[-118.44763674,34.63740967],[-118.447651,34.637372],[-118.447683,34.637287],[-118.44771217,34.63723391],[-118.447955,34.636792],[-118.4479651,34.63676587],[-118.44804,34.636572],[-118.44808242,34.63649047],[-118.44816,34.63644],[-118.448224,34.636423],[-118.448298,34.636451],[-118.448379,34.636527],[-118.448453,34.636545],[-118.448603,34.636546],[-118.448721,34.636466],[-118.448794,34.636455],[-118.448971,34.636449],[-118.4491764,34.63640826],[-118.449329,34.636378],[-118.44942,34.636329],[-118.4495,34.636265],[-118.449613,34.636268],[-118.449674,34.636337],[-118.44969118,34.63635949],[-118.44974862,34.63641513],[-118.449793,34.636429],[-118.449891,34.636387],[-118.44990944,34.63634722],[-118.449929,34.636305],[-118.449892,34.636188],[-118.449851,34.636066],[-118.44979,34.635986],[-118.44975842,34.63573578],[-118.449751,34.635677],[-118.449768,34.635526],[-118.449925,34.635232],[-118.45013,34.634867],[-118.45017675,34.63478168],[-118.450273,34.634606],[-118.45029208,34.63455282],[-118.450348,34.634397],[-118.450383,34.634157],[-118.45039593,34.63408843],[-118.450406,34.634035],[-118.45042405,34.63401334],[-118.450536,34.633879],[-118.450623,34.63373674],[-118.450684,34.633637],[-118.45069384,34.63361136],[-118.450717,34.633551],[-118.45071,34.633458],[-118.4506755,34.63339533],[-118.45065,34.633349],[-118.450604,34.63328],[-118.45060287,34.6332107],[-118.450621,34.63315],[-118.45066689,34.6330961],[-118.450684,34.633076],[-118.45072704,34.6330363],[-118.4508,34.632969],[-118.45086915,34.63289273],[-118.450897,34.632862],[-118.450951,34.632809],[-118.45102,34.632761],[-118.451061,34.632709],[-118.451094,34.632633],[-118.45109638,34.63260785],[-118.451101,34.632559],[-118.45114445,34.63250673],[-118.451165,34.632482],[-118.451241,34.632421],[-118.451263,34.632347],[-118.451258,34.632264],[-118.4512514,34.63221924],[-118.451244,34.632169],[-118.451323,34.632044],[-118.451445,34.631956],[-118.45149,34.631889],[-118.45151997,34.63184784],[-118.451565,34.631786],[-118.4516012,34.63175504],[-118.451641,34.631721],[-118.451726,34.631695],[-118.451772,34.631693],[-118.451816,34.6317],[-118.45189945,34.63172525],[-118.451935,34.631736],[-118.4520199,34.63176492],[-118.452073,34.631783],[-118.45219901,34.63181278],[-118.452231,34.631818],[-118.45231,34.631788],[-118.45240548,34.63174699],[-118.452466,34.631721],[-118.452558,34.631663],[-118.45257315,34.63164295],[-118.452592,34.631618],[-118.45259639,34.63158764],[-118.452605,34.631528],[-118.452599,34.631435],[-118.452563,34.631379],[-118.452453,34.631294],[-118.452394,34.631242],[-118.452373,34.631186],[-118.452367,34.631117],[-118.452395,34.631047],[-118.4525055,34.63095356],[-118.452531,34.630932],[-118.452783,34.630734],[-118.45281859,34.63071811],[-118.452886,34.630688],[-118.452935,34.630683],[-118.453112,34.630709],[-118.45326,34.630736],[-118.45339429,34.63076666],[-118.453437,34.63076475],[-118.453526,34.630737],[-118.453648,34.630715],[-118.45368883,34.63071827],[-118.45391,34.630736],[-118.4539484,34.63075246],[-118.453994,34.630772],[-118.45402279,34.63077542],[-118.454053,34.630779],[-118.454136,34.630758],[-118.454238,34.63068],[-118.45432438,34.63060843],[-118.454413,34.630535],[-118.45443508,34.63051353],[-118.454485,34.630465],[-118.45452002,34.63035844],[-118.454532,34.630322],[-118.45455,34.630241],[-118.45462758,34.63015595],[-118.454685,34.630093],[-118.454743,34.630035],[-118.454762,34.62997],[-118.45476926,34.6298865],[-118.45477878,34.62981023],[-118.454792,34.62975],[-118.45482893,34.62965537],[-118.45484,34.629627],[-118.454902,34.629554],[-118.455014,34.629475],[-118.45506003,34.62945975],[-118.45518,34.62942],[-118.455361,34.629381],[-118.455509,34.62938],[-118.455573,34.629395],[-118.455608,34.629431],[-118.45568,34.629597],[-118.455736,34.629686],[-118.4558,34.629718],[-118.45584017,34.62972835],[-118.455963,34.62976],[-118.45604132,34.6297839],[-118.456117,34.629807],[-118.45624,34.629855],[-118.456344,34.629849],[-118.45636508,34.62983265],[-118.456402,34.629804],[-118.456435,34.62971],[-118.45644287,34.6296735],[-118.456457,34.629608],[-118.456446,34.629523],[-118.456391,34.629467],[-118.45631348,34.62943225],[-118.456188,34.629376],[-118.456132,34.629291],[-118.4561,34.629153],[-118.45609863,34.62905582],[-118.456098,34.629011],[-118.45613686,34.62888665],[-118.456163,34.628803],[-118.45623,34.62868],[-118.45626528,34.62864229],[-118.456288,34.628618],[-118.456405,34.628564],[-118.456551,34.628473],[-118.456663,34.628414],[-118.456837,34.628396],[-118.45698565,34.62835501],[-118.457044,34.62833],[-118.457142,34.628258],[-118.457181,34.628205],[-118.457291,34.628146],[-118.45739659,34.62813725],[-118.457472,34.628131],[-118.45758537,34.62813373],[-118.457638,34.628135],[-118.45770536,34.62812557],[-118.457838,34.628107],[-118.458049,34.628063],[-118.458176,34.628014],[-118.458214,34.627969],[-118.45821128,34.6279268],[-118.458208,34.627876],[-118.458192,34.627798],[-118.45819015,34.62770464],[-118.458232,34.627603],[-118.458304,34.627468],[-118.458435,34.627385],[-118.4584843,34.62736404],[-118.458562,34.627331],[-118.458773,34.627291],[-118.458861,34.62725],[-118.458933,34.627163],[-118.4589621,34.62709668],[-118.458976,34.627065],[-118.459008,34.626976],[-118.459182,34.62675],[-118.45934603,34.62657551],[-118.459433,34.626483],[-118.459544,34.626388],[-118.459652,34.62635],[-118.45997951,34.62632917],[-118.460281,34.62631],[-118.46053855,34.62630756],[-118.460598,34.626351],[-118.46060387,34.62638183],[-118.46061,34.626414],[-118.46057235,34.62645664],[-118.460542,34.626491],[-118.46050759,34.62651907],[-118.460466,34.626553],[-118.46039484,34.62661592],[-118.460371,34.626637],[-118.460326,34.626711],[-118.460357,34.626768],[-118.460378,34.626813],[-118.460423,34.626841],[-118.460561,34.626851],[-118.46067207,34.62683066],[-118.460703,34.626825],[-118.46074614,34.62682318],[-118.460845,34.626819],[-118.460993,34.62683],[-118.461141,34.626852],[-118.46125075,34.62684516],[-118.461335,34.626832],[-118.461422,34.626742],[-118.461489,34.626611],[-118.46149094,34.62658368],[-118.461501,34.626442],[-118.46148,34.62633],[-118.461439,34.626204],[-118.46140827,34.625838],[-118.461435,34.625757],[-118.461495,34.625636],[-118.46154098,34.62559449],[-118.461567,34.625571],[-118.461639,34.625541],[-118.461733,34.625544],[-118.46192285,34.62562385],[-118.462189,34.625746],[-118.46227852,34.62576475],[-118.462337,34.625777],[-118.46239418,34.62576183],[-118.462435,34.625751],[-118.462464,34.625702],[-118.462522,34.625417],[-118.46253178,34.62535071],[-118.462549,34.625234],[-118.462587,34.625176],[-118.46262772,34.62513898],[-118.462664,34.625106],[-118.46275595,34.62500466],[-118.462948,34.624793],[-118.4630196,34.62475227],[-118.463166,34.624669],[-118.463261,34.624605],[-118.46333764,34.62453815],[-118.463402,34.624482],[-118.463505,34.624442],[-118.46358926,34.62443828],[-118.463686,34.624434],[-118.463825,34.624448],[-118.463902,34.62446],[-118.463991,34.624437],[-118.46409074,34.6241831],[-118.464112,34.624129],[-118.464111,34.624062],[-118.46408479,34.6240001],[-118.46407422,34.62397127],[-118.464062,34.623881],[-118.464075,34.623785],[-118.46410034,34.62372011],[-118.464116,34.62368],[-118.464225,34.623494],[-118.464376,34.623341],[-118.46443359,34.62325324],[-118.46446,34.623213],[-118.464487,34.623074],[-118.464533,34.62297],[-118.46456971,34.62294716],[-118.464623,34.622914],[-118.464694,34.622829],[-118.464741,34.6227],[-118.464791,34.622601],[-118.464855,34.622498],[-118.464976,34.622395],[-118.465121,34.622317],[-118.465344,34.622289],[-118.465437,34.622282],[-118.465514,34.622277],[-118.465621,34.622234],[-118.46564512,34.62222179],[-118.465781,34.622153],[-118.4658277,34.62212762],[-118.465919,34.622078],[-118.46593594,34.62204669],[-118.46594955,34.62200659],[-118.46594,34.621966],[-118.465869,34.621913],[-118.465764,34.621831],[-118.465724,34.621726],[-118.46571925,34.62162102],[-118.465693,34.621497],[-118.465702,34.621367],[-118.46575251,34.62128497],[-118.465811,34.62119],[-118.465847,34.621053],[-118.46583484,34.62097732],[-118.465829,34.620941],[-118.465762,34.620862],[-118.465602,34.620746],[-118.46550641,34.62068722],[-118.465415,34.620631],[-118.46536,34.620558],[-118.46533079,34.62048408],[-118.465311,34.620434],[-118.465301,34.620275],[-118.46530786,34.62023764],[-118.465328,34.620128],[-118.465375,34.620072],[-118.46542,34.620044],[-118.46544501,34.62002923],[-118.465503,34.619995],[-118.46558243,34.61995267],[-118.465655,34.619914],[-118.465754,34.619786],[-118.46579743,34.6196704],[-118.465817,34.619587],[-118.465932,34.619337],[-118.46595704,34.6192467],[-118.466026,34.618998],[-118.466058,34.618839],[-118.466045,34.618734],[-118.465973,34.618617],[-118.46593974,34.61854827],[-118.465913,34.618493],[-118.4659119,34.61842333],[-118.465911,34.618366],[-118.465941,34.618295],[-118.466039,34.618164],[-118.4660929,34.61812088],[-118.466149,34.618076],[-118.46632802,34.61800167],[-118.466459,34.617974],[-118.46650325,34.61793965],[-118.466535,34.617915],[-118.46654059,34.61788096],[-118.466546,34.617848],[-118.466528,34.61774],[-118.46652761,34.61771775],[-118.466525,34.617571],[-118.466485,34.617441],[-118.46649159,34.61739741],[-118.466498,34.617355],[-118.466586,34.617287],[-118.46672,34.617244],[-118.4667978,34.61721288],[-118.466835,34.617198],[-118.466938,34.617133],[-118.467006,34.61704],[-118.466991,34.616893],[-118.466909,34.616585],[-118.46689513,34.61646927],[-118.46691,34.616426],[-118.46696,34.616416],[-118.4669895,34.61641507],[-118.467118,34.616411],[-118.46719731,34.6163976],[-118.46727498,34.61637894],[-118.467405,34.616309],[-118.467465,34.616206],[-118.467508,34.616052],[-118.467568,34.615953],[-118.467629,34.615908],[-118.467718,34.61591],[-118.46778349,34.61593869],[-118.467823,34.615956],[-118.468104,34.616176],[-118.468319,34.616352],[-118.46840047,34.6163908],[-118.468424,34.616402],[-118.46851313,34.61639766],[-118.468609,34.616393],[-118.46866697,34.61640395],[-118.468752,34.61642],[-118.46882417,34.61645216],[-118.468954,34.61651],[-118.46901006,34.61651841],[-118.469054,34.616525],[-118.469262,34.616509],[-118.469401,34.61652],[-118.46964758,34.61653188],[-118.469733,34.616536],[-118.469895,34.616518],[-118.46998947,34.61647497],[-118.470097,34.616426],[-118.4701395,34.61642023],[-118.47019746,34.61642149],[-118.470244,34.616437],[-118.470303,34.616491],[-118.470339,34.61657],[-118.470369,34.616773],[-118.470402,34.616891],[-118.470457,34.616963],[-118.47058101,34.61699556],[-118.470876,34.617073],[-118.4709519,34.61707983],[-118.471065,34.61709],[-118.471188,34.617069],[-118.47121749,34.61705303],[-118.47126,34.61703],[-118.47127858,34.61700017],[-118.471298,34.616969],[-118.471302,34.6168],[-118.471355,34.616491],[-118.47143,34.616362],[-118.47150152,34.6163275],[-118.471544,34.616307],[-118.47164336,34.61629781],[-118.471825,34.616281],[-118.47194,34.61621611],[-118.472004,34.61618],[-118.472111,34.616137],[-118.47219482,34.6161363],[-118.47225081,34.61614323],[-118.472483,34.616228],[-118.4725688,34.6162402],[-118.472715,34.616261],[-118.472854,34.616268],[-118.472973,34.616251],[-118.473076,34.616186],[-118.473173,34.616038],[-118.473256,34.615684],[-118.47333325,34.61550531],[-118.473371,34.615418],[-118.47339528,34.61538271],[-118.473446,34.615309],[-118.47348103,34.61527706],[-118.473514,34.615247],[-118.47355951,34.61523779],[-118.473598,34.61523],[-118.47367281,34.61527484],[-118.473739,34.61533],[-118.47388821,34.61539717],[-118.474037,34.615416],[-118.47413445,34.61540586],[-118.47421,34.615398],[-118.47425358,34.61538166],[-118.474314,34.615359],[-118.474374,34.615288],[-118.47447648,34.614859],[-118.47453372,34.61471801],[-118.474579,34.614677],[-118.474979,34.614595],[-118.47518927,34.61456539],[-118.475398,34.614536],[-118.47546928,34.61451339],[-118.475543,34.61449],[-118.475604,34.614438],[-118.475594,34.614311],[-118.47560366,34.61424113],[-118.475628,34.614065],[-118.47563422,34.61398898],[-118.475641,34.613906],[-118.47565424,34.61387595],[-118.475678,34.613822],[-118.47585472,34.61363945],[-118.47589587,34.61359462],[-118.47594699,34.6135226],[-118.476034,34.613487],[-118.476243,34.61351],[-118.47634085,34.61351207],[-118.476432,34.613514],[-118.476589,34.613489],[-118.47664695,34.61344899],[-118.476673,34.613431],[-118.47678,34.61314],[-118.47679598,34.612976],[-118.47679895,34.61294435],[-118.476789,34.612805],[-118.47677315,34.6127114],[-118.476768,34.612681],[-118.47678523,34.61265437],[-118.47680894,34.61262484],[-118.476881,34.612578],[-118.47691347,34.61256826],[-118.476981,34.612548],[-118.477177,34.612507],[-118.47730209,34.61251241],[-118.477362,34.612515],[-118.47740933,34.61253303],[-118.477467,34.612555],[-118.47757696,34.61254215],[-118.477621,34.612537],[-118.477777,34.61243],[-118.477933,34.612339],[-118.478186,34.612256],[-118.478304,34.612169],[-118.478356,34.612073],[-118.478354,34.611961],[-118.478289,34.611736],[-118.478314,34.611646],[-118.478392,34.611489],[-118.47842872,34.61139719],[-118.47847,34.611294],[-118.478557,34.61121],[-118.478684,34.611199],[-118.478819,34.61121],[-118.478961,34.611208],[-118.47916896,34.61114123],[-118.479341,34.611086],[-118.479691,34.611065],[-118.479869,34.611092],[-118.47999363,34.61115736],[-118.480094,34.61121],[-118.48037,34.611344],[-118.48051231,34.61138258],[-118.48061622,34.61141501],[-118.480754,34.61148],[-118.480854,34.611469],[-118.480931,34.61143],[-118.480949,34.611382],[-118.480954,34.611219],[-118.480907,34.610942],[-118.48090875,34.61086816],[-118.480911,34.610773],[-118.480947,34.610646],[-118.481023,34.610539],[-118.48104938,34.61052675],[-118.481107,34.6105],[-118.481191,34.61049],[-118.48122127,34.61049637],[-118.481362,34.610526],[-118.48145265,34.6105436],[-118.481532,34.610559],[-118.48172369,34.61056304],[-118.481832,34.610533],[-118.481897,34.610484],[-118.481918,34.610373],[-118.48192408,34.61002835],[-118.481961,34.60998],[-118.48199021,34.60996401],[-118.482056,34.609928],[-118.482217,34.609875],[-118.482413,34.609822],[-118.482655,34.609809],[-118.48272056,34.60980258],[-118.482798,34.609795],[-118.482878,34.609749],[-118.482964,34.609595],[-118.483082,34.609332],[-118.483211,34.609197],[-118.483322,34.609148],[-118.48343,34.60915],[-118.48349778,34.60915334],[-118.483572,34.609157],[-118.483738,34.609159],[-118.48378797,34.60913342],[-118.483822,34.609116],[-118.48386567,34.60904905],[-118.483897,34.609001],[-118.48390178,34.60874722],[-118.483965,34.608684],[-118.484064,34.608632],[-118.4841068,34.60860872],[-118.484178,34.60857],[-118.48438438,34.60851128],[-118.484424,34.6085],[-118.484485,34.608445],[-118.484495,34.608401],[-118.48446685,34.60836215],[-118.484424,34.608303],[-118.48430263,34.60814405],[-118.484227,34.608001],[-118.48423053,34.60794539],[-118.484235,34.607875],[-118.48424855,34.60784095],[-118.484272,34.607782],[-118.484375,34.607676],[-118.484495,34.607493],[-118.484535,34.607365],[-118.484509,34.607215],[-118.48449176,34.60708759],[-118.484502,34.607062],[-118.484872,34.606854],[-118.485144,34.606745],[-118.485266,34.60668],[-118.48530259,34.60662813],[-118.485345,34.606568],[-118.485401,34.606452],[-118.485403,34.606363],[-118.48531233,34.60623301],[-118.485093,34.605816],[-118.485055,34.605631],[-118.485045,34.605498],[-118.48510457,34.6054135],[-118.4851331,34.60536654],[-118.485185,34.605133],[-118.48526186,34.6049836],[-118.485274,34.60496],[-118.485415,34.604856],[-118.48563639,34.60473588],[-118.485697,34.604703],[-118.48587,34.604662],[-118.48604,34.604664],[-118.486216,34.604642],[-118.486445,34.604512],[-118.486629,34.604443],[-118.48674,34.604375],[-118.486858,34.604309],[-118.48688981,34.60430337],[-118.486954,34.604292],[-118.487155,34.604319],[-118.48725391,34.60430732],[-118.487282,34.604304],[-118.487423,34.604223],[-118.48755295,34.604101],[-118.487663,34.603869],[-118.487837,34.603667],[-118.487935,34.603586],[-118.48801014,34.60354282],[-118.488061,34.603514],[-118.488211,34.603468],[-118.48827306,34.60346587],[-118.488357,34.603463],[-118.4884062,34.60344518],[-118.488495,34.603413],[-118.488701,34.603315],[-118.48881266,34.60327526],[-118.488923,34.603236],[-118.489116,34.603208],[-118.489219,34.603165],[-118.489256,34.603104],[-118.489296,34.602948],[-118.48938321,34.60276259],[-118.489415,34.602695],[-118.489408,34.602526],[-118.48938034,34.6024008],[-118.48937,34.602354],[-118.489371,34.602217],[-118.489396,34.60214],[-118.489426,34.602045],[-118.489524,34.601913],[-118.48953,34.601808],[-118.489505,34.601735],[-118.48939982,34.60162868],[-118.489321,34.601549],[-118.48923086,34.60146492],[-118.489098,34.601341],[-118.489051,34.601294],[-118.48904344,34.60125619],[-118.48903385,34.60114807],[-118.48907,34.601083],[-118.489112,34.601045],[-118.489162,34.601047],[-118.489251,34.6011],[-118.489411,34.601175],[-118.48951255,34.60119719],[-118.489562,34.601208],[-118.489731,34.60119],[-118.490103,34.60108],[-118.490252,34.601012],[-118.49027929,34.60097302],[-118.490315,34.600922],[-118.49038246,34.60072305],[-118.490507,34.600633],[-118.490694,34.600544],[-118.490787,34.600546],[-118.490849,34.600612],[-118.490925,34.600758],[-118.49092383,34.60081603],[-118.490923,34.600857],[-118.490959,34.600907],[-118.491021,34.600945],[-118.49106078,34.60093765],[-118.4911235,34.60092207],[-118.491205,34.600876],[-118.49125673,34.60081096],[-118.49131,34.600744],[-118.491385,34.600596],[-118.491634,34.600345],[-118.49180259,34.60017902],[-118.491828,34.600154],[-118.491909,34.599981],[-118.49191216,34.59994389],[-118.491928,34.599758],[-118.491948,34.599541],[-118.49203,34.599387],[-118.492112,34.59923],[-118.492206,34.599137],[-118.492298,34.599094],[-118.492594,34.599052],[-118.492709,34.599019],[-118.492762,34.598951],[-118.49277245,34.59890919],[-118.492794,34.598823],[-118.492835,34.598734],[-118.492907,34.598679],[-118.49293515,34.59867435],[-118.493034,34.598658],[-118.493238,34.598636],[-118.493291,34.598591],[-118.493362,34.598495],[-118.493407,34.598395],[-118.493513,34.598311],[-118.49356774,34.5982857],[-118.493632,34.598256],[-118.49372669,34.5981995],[-118.493772,34.598155],[-118.493783,34.59812],[-118.493752,34.598092],[-118.49367538,34.59809086],[-118.493629,34.598099],[-118.49351112,34.59817368],[-118.493438,34.59822],[-118.49339911,34.59823842],[-118.493343,34.598265],[-118.493239,34.598273],[-118.49317991,34.59827016],[-118.493135,34.598268],[-118.493022,34.598218],[-118.49293178,34.59811969],[-118.492876,34.598023],[-118.492832,34.597909],[-118.49280955,34.59787974],[-118.492776,34.597836],[-118.492629,34.597761],[-118.49256689,34.59771716],[-118.492527,34.597689],[-118.492514,34.59761],[-118.49252496,34.59758718],[-118.492551,34.597533],[-118.492695,34.597362],[-118.49272734,34.59733207],[-118.492789,34.597275],[-118.492811,34.597173],[-118.492873,34.596968],[-118.492953,34.596734],[-118.49295861,34.59662313],[-118.492962,34.596556],[-118.492981,34.596371],[-118.493006,34.59625],[-118.49299754,34.59622639],[-118.49297408,34.5961632],[-118.492958,34.596123],[-118.492876,34.596092],[-118.492768,34.59608],[-118.49271309,34.59608712],[-118.49266,34.596094],[-118.492534,34.596147],[-118.492436,34.596234],[-118.49242749,34.59627732],[-118.492414,34.596346],[-118.492474,34.59646],[-118.49248313,34.59649596],[-118.492507,34.59659],[-118.4924898,34.59661349],[-118.492455,34.596661],[-118.492374,34.596684],[-118.49227,34.596689],[-118.492162,34.596684],[-118.492019,34.596631],[-118.491907,34.59661],[-118.491712,34.596718],[-118.491624,34.596722],[-118.491569,34.596704],[-118.49153,34.596666],[-118.491525,34.596577],[-118.491588,34.596458],[-118.49167,34.596298],[-118.491684,34.596196],[-118.49169,34.596103],[-118.49170985,34.59608727],[-118.491743,34.596061],[-118.49180877,34.59602708],[-118.491838,34.596012],[-118.49185079,34.59599147],[-118.491876,34.595951],[-118.49187473,34.59589441],[-118.491874,34.595862],[-118.491904,34.595791],[-118.49199696,34.59573535],[-118.492056,34.5957],[-118.49211908,34.59564674],[-118.492178,34.595597],[-118.49226,34.595456],[-118.492315,34.595328],[-118.49228891,34.59524238],[-118.49226698,34.59521148],[-118.492169,34.595141],[-118.49208634,34.59508499],[-118.49200727,34.59501819],[-118.491989,34.594981],[-118.4920084,34.59494961],[-118.492023,34.594926],[-118.492167,34.5948],[-118.492223,34.594695],[-118.492273,34.594477],[-118.4922782,34.59430844],[-118.49228,34.594197],[-118.49230071,34.59415222],[-118.492317,34.594117],[-118.492344,34.593897],[-118.49250407,34.59351512],[-118.492541,34.593427],[-118.49240741,34.59334046],[-118.492382,34.593324],[-118.492294,34.593348],[-118.492199,34.5934],[-118.49217133,34.59340832],[-118.492076,34.593437],[-118.49204734,34.59344851],[-118.491954,34.593486],[-118.491878,34.59357],[-118.491811,34.593672],[-118.49177244,34.59369888],[-118.491712,34.593741],[-118.491674,34.593751],[-118.491604,34.593716],[-118.491513,34.593603],[-118.4914782,34.59357872],[-118.491427,34.593543],[-118.49138723,34.59353864],[-118.491354,34.593535],[-118.49129749,34.59353549],[-118.491238,34.593536],[-118.491065,34.593532],[-118.490972,34.593533],[-118.490815,34.593579],[-118.49067184,34.59363268],[-118.490647,34.593642],[-118.49051,34.59372],[-118.490469,34.593807],[-118.490432,34.593928],[-118.49041487,34.59404984],[-118.490405,34.59412],[-118.490435,34.594272],[-118.490448,34.59433511],[-118.490469,34.594437],[-118.490467,34.594539],[-118.49042621,34.59456787],[-118.490402,34.594585],[-118.49036909,34.59459086],[-118.490329,34.594598],[-118.490236,34.59458],[-118.49013252,34.59454699],[-118.490073,34.594528],[-118.48986799,34.59448429],[-118.489748,34.594433],[-118.489677,34.594358],[-118.48958101,34.59432214],[-118.489495,34.59429],[-118.48931,34.59427],[-118.48913886,34.59425054],[-118.489055,34.594241],[-118.48893716,34.59423391],[-118.488905,34.594243],[-118.48879941,34.59436194],[-118.488565,34.594626],[-118.48853192,34.59466913],[-118.488486,34.594729],[-118.488421,34.594768],[-118.48836432,34.59479216],[-118.48833589,34.59479228],[-118.48829,34.594789],[-118.488236,34.594755],[-118.488019,34.594486],[-118.487869,34.594284],[-118.48781006,34.59423466],[-118.48775932,34.59420179],[-118.487725,34.594187],[-118.487644,34.594182],[-118.487559,34.594199],[-118.48753058,34.59422219],[-118.487282,34.594425],[-118.487222,34.594471],[-118.48718589,34.59448155],[-118.487133,34.594497],[-118.48710572,34.59449973],[-118.487053,34.594505],[-118.48698093,34.59449483],[-118.48695332,34.59448473],[-118.486913,34.594462],[-118.4868787,34.59444331],[-118.486746,34.594371],[-118.48666907,34.59433487],[-118.486614,34.594309],[-118.48655619,34.59429926],[-118.486525,34.594294],[-118.48646998,34.59431302],[-118.486449,34.594334],[-118.486403,34.594369],[-118.486381,34.594414],[-118.48628,34.594581],[-118.48622108,34.5946527],[-118.486174,34.59471],[-118.485991,34.594847],[-118.48595,34.594888],[-118.48588205,34.59489318],[-118.48583481,34.59487977],[-118.485799,34.594858],[-118.48577522,34.59483358],[-118.485725,34.594782],[-118.485646,34.594722],[-118.485503,34.594654],[-118.48542864,34.59461958],[-118.48536382,34.59459504],[-118.48529,34.594583],[-118.48525109,34.59458522],[-118.48522,34.594587],[-118.48519253,34.59459545],[-118.485155,34.594607],[-118.48505442,34.5946698],[-118.484999,34.594698],[-118.48495134,34.59469682],[-118.484918,34.594696],[-118.484837,34.594675],[-118.48474,34.59467],[-118.484667,34.594696],[-118.484614,34.594732],[-118.48459008,34.59475397],[-118.484565,34.594777],[-118.48445479,34.59478278],[-118.484411,34.594779],[-118.484353,34.594748],[-118.48431026,34.59470334],[-118.484286,34.594678],[-118.484165,34.5946],[-118.48396,34.594565],[-118.483863,34.594508],[-118.483761,34.594439],[-118.48359,34.594311],[-118.483483,34.594185],[-118.48345869,34.59412728],[-118.4834413,34.5940818],[-118.48341,34.593931],[-118.483392,34.59382],[-118.483353,34.593772],[-118.483248,34.593735],[-118.48318452,34.59372608],[-118.482935,34.593691],[-118.482792,34.593658],[-118.482649,34.593634],[-118.482592,34.593651],[-118.48256604,34.59369868],[-118.482567,34.593769],[-118.48259596,34.59382782],[-118.482631,34.593899],[-118.482698,34.59401],[-118.48270317,34.59405212],[-118.482712,34.594124],[-118.482699,34.594248],[-118.48268686,34.59427794],[-118.482669,34.594322],[-118.4825993,34.59436373],[-118.482555,34.594374],[-118.482466,34.594369],[-118.48238,34.594329],[-118.482171,34.594239],[-118.48206749,34.59421294],[-118.48200944,34.59420101],[-118.481916,34.594191],[-118.48186507,34.59419329],[-118.481827,34.594195],[-118.481693,34.59421],[-118.48162875,34.59423217],[-118.481551,34.594259],[-118.480887,34.594599],[-118.48083,34.594669],[-118.480816,34.594759],[-118.480881,34.594946],[-118.480969,34.595142],[-118.480995,34.595254],[-118.480984,34.595317],[-118.480935,34.595363],[-118.48090719,34.59538137],[-118.480882,34.595398],[-118.48083836,34.59539859],[-118.480808,34.595399],[-118.48075955,34.59539601],[-118.480727,34.595394],[-118.480646,34.595369],[-118.480523,34.595361],[-118.480438,34.595375],[-118.480389,34.595411],[-118.480329,34.595542],[-118.48031776,34.59556524],[-118.48027,34.595664],[-118.480165,34.595828],[-118.48006449,34.59591927],[-118.479991,34.595986],[-118.47998133,34.59600857],[-118.479928,34.596133],[-118.479876,34.596277],[-118.479847,34.596386],[-118.479791,34.596447],[-118.47976746,34.59645974],[-118.47973,34.59648],[-118.479657,34.596503],[-118.479599,34.596494],[-118.479549,34.596482],[-118.4796,34.596371],[-118.47960243,34.59619721],[-118.479638,34.596054],[-118.479699,34.595909],[-118.47975542,34.59573716],[-118.479829,34.595597],[-118.479867,34.595444],[-118.479928,34.595257],[-118.479944,34.595146],[-118.47989,34.594773],[-118.479905,34.594597],[-118.47991148,34.59441462],[-118.479913,34.594372],[-118.479928,34.594162],[-118.47994009,34.5941184],[-118.479966,34.594025],[-118.480028,34.593888],[-118.480073,34.593762],[-118.48007068,34.59371006],[-118.480066,34.593605],[-118.480035,34.593464],[-118.47999404,34.59340491],[-118.47996379,34.59335668],[-118.479928,34.593289],[-118.479844,34.593194],[-118.47980971,34.59314229],[-118.479783,34.593102],[-118.47957,34.592831],[-118.479554,34.592793],[-118.479486,34.592773],[-118.479264,34.592743],[-118.479058,34.592766],[-118.478929,34.592766],[-118.478738,34.592831],[-118.478494,34.592846],[-118.47840813,34.59283271],[-118.478326,34.59282],[-118.47817802,34.59278878],[-118.478089,34.59277],[-118.477853,34.592732],[-118.477594,34.592701],[-118.47735765,34.59265128],[-118.477304,34.59264],[-118.47721782,34.59259129],[-118.477189,34.592575],[-118.47709,34.592549],[-118.476998,34.592518],[-118.476907,34.592503],[-118.47664,34.592503],[-118.47622,34.592537],[-118.475824,34.592522],[-118.475633,34.592507],[-118.475427,34.59248],[-118.47532,34.592442],[-118.47529524,34.59241864],[-118.475267,34.592392],[-118.475213,34.592331],[-118.475198,34.592278],[-118.475167,34.592217],[-118.47516,34.592167],[-118.475099,34.592045],[-118.475053,34.592003],[-118.475,34.591976],[-118.474938,34.591969],[-118.474817,34.591977],[-118.47472966,34.59199869],[-118.474664,34.592015],[-118.4745622,34.59204825],[-118.474465,34.59208],[-118.47442,34.592099],[-118.47438844,34.59210262],[-118.474359,34.592106],[-118.474313,34.592125],[-118.474229,34.592129],[-118.473924,34.592118],[-118.47378815,34.59207514],[-118.473718,34.592053],[-118.47346008,34.59195094],[-118.473397,34.591961],[-118.473275,34.591965],[-118.473214,34.591961],[-118.4731386,34.5919343],[-118.4731,34.591915],[-118.473039,34.591896],[-118.472978,34.59187],[-118.47295302,34.59185513],[-118.472894,34.59182],[-118.472795,34.591808],[-118.47269151,34.5918035],[-118.472634,34.591801],[-118.472566,34.591778],[-118.47254198,34.59175555],[-118.472505,34.591721],[-118.472459,34.591656],[-118.472413,34.591515],[-118.472375,34.591458],[-118.472345,34.591382],[-118.47228821,34.59132778],[-118.47223,34.591305],[-118.472039,34.591313],[-118.4719781,34.59126382],[-118.471948,34.591225],[-118.47188121,34.59117389],[-118.471833,34.591137],[-118.4716808,34.59114911],[-118.471574,34.591168],[-118.47150592,34.59121951],[-118.471459,34.591255],[-118.471345,34.591351],[-118.47122583,34.59142146],[-118.471093,34.5915],[-118.470834,34.591614],[-118.470544,34.591652],[-118.470338,34.591648],[-118.47020449,34.59164849],[-118.470063,34.591649],[-118.46988,34.591637],[-118.46975848,34.59162275],[-118.46959,34.591603],[-118.46938055,34.59159405],[-118.469239,34.591588],[-118.46910998,34.59157107],[-118.468858,34.591538],[-118.468659,34.591488],[-118.46843357,34.59141845],[-118.468286,34.591317],[-118.468163,34.591187],[-118.468034,34.591004],[-118.46799628,34.59098538],[-118.467957,34.590966],[-118.467675,34.590897],[-118.467553,34.590859],[-118.467339,34.590821],[-118.467217,34.590779],[-118.467049,34.590737],[-118.466943,34.590687],[-118.466805,34.590577],[-118.46677404,34.59054058],[-118.466737,34.590497],[-118.46664657,34.59045622],[-118.466584,34.590428],[-118.4665,34.590401],[-118.466363,34.590394],[-118.466233,34.590401],[-118.466134,34.590416],[-118.46592318,34.5904832],[-118.46583786,34.5905032],[-118.46576,34.590493],[-118.465669,34.590451],[-118.465409,34.590229],[-118.465249,34.590152],[-118.46524162,34.59010854],[-118.465213,34.590079],[-118.465143,34.590058],[-118.465055,34.590059],[-118.464928,34.59008],[-118.46485469,34.59012373],[-118.46480649,34.59015318],[-118.464688,34.590235],[-118.46451975,34.59032712],[-118.46449073,34.59034277],[-118.464234,34.59048],[-118.464092,34.590536],[-118.46402223,34.59055371],[-118.463962,34.590569],[-118.463862,34.590577],[-118.46382139,34.59060051],[-118.463767,34.590632],[-118.46372544,34.5906445],[-118.463644,34.590669],[-118.463585,34.590678],[-118.463444,34.5907],[-118.463105,34.5907],[-118.46277,34.590695],[-118.46267625,34.59070004],[-118.462547,34.590707],[-118.462447,34.590727],[-118.462417,34.590744],[-118.46238869,34.59075987],[-118.46226,34.590832],[-118.46220502,34.59085273],[-118.46217396,34.59086126],[-118.462107,34.590878],[-118.46198,34.590892],[-118.46178851,34.59090803],[-118.461753,34.590911],[-118.461592,34.590932],[-118.461415,34.590991],[-118.46139803,34.59101103],[-118.461365,34.59105],[-118.4612146,34.59114199],[-118.461159,34.591176],[-118.460915,34.591217],[-118.46074086,34.59126192],[-118.460663,34.591282],[-118.46063012,34.59128863],[-118.460549,34.591305],[-118.4604142,34.59134133],[-118.460267,34.591381],[-118.45953495,34.59157508],[-118.45950097,34.59158409],[-118.45945646,34.59159589],[-118.45943216,34.59157023],[-118.45941764,34.59154218],[-118.45940265,34.59151324],[-118.45938198,34.5914733],[-118.45937123,34.59145251],[-118.45935389,34.59141906],[-118.4593383,34.59138895],[-118.45932035,34.59135435],[-118.45930499,34.59132468],[-118.45930503,34.5912846],[-118.4592715,34.59126],[-118.45925389,34.59122598],[-118.45906753,34.59111034],[-118.45889708,34.59098528],[-118.45886768,34.59096371],[-118.4588276,34.5909343],[-118.45879407,34.5909097],[-118.4585408,34.5908253],[-118.45829584,34.59072975],[-118.458254,34.5907163],[-118.45821322,34.5907008],[-118.45802652,34.59064315],[-118.45784087,34.59058345],[-118.4577572,34.59055654],[-118.45745077,34.590458],[-118.45714166,34.59036411],[-118.4571025,34.590346],[-118.45706066,34.59033255],[-118.45684925,34.59022885],[-118.45663105,34.59013482],[-118.456596,34.5901117],[-118.45655684,34.59009359],[-118.4563659,34.5899599],[-118.45616448,34.58983656],[-118.4561358,34.5898081],[-118.45610075,34.58978498],[-118.4559593,34.58963295],[-118.45580545,34.58948973],[-118.4557828,34.5894578],[-118.45575412,34.58942934],[-118.4556451,34.5892637],[-118.45552256,34.58910441],[-118.4555074,34.5890696],[-118.45548475,34.58903767],[-118.45539145,34.58880345],[-118.45528057,34.58857404],[-118.4552755,34.5885373],[-118.45526034,34.58850249],[-118.4552485,34.58834155],[-118.45521926,34.58818273],[-118.4552215,34.5881458],[-118.45521643,34.58810906],[-118.45523029,34.58800119],[-118.45523683,34.58789351],[-118.45524132,34.58781965],[-118.45524369,34.58778069],[-118.45523927,34.58774102],[-118.4552483,34.5877048],[-118.45525054,34.58766787],[-118.4552971,34.5875091],[-118.45533503,34.58734928],[-118.4553459,34.5873134],[-118.45535493,34.58727718],[-118.4554128,34.5870926],[-118.45546905,34.58690772],[-118.4554797,34.5868718],[-118.45549057,34.58683592],[-118.45553815,34.5866746],[-118.45558783,34.58651367],[-118.4555966,34.5864774],[-118.45560288,34.58645143],[-118.45562043,34.58637889],[-118.45563883,34.58630283],[-118.4556587,34.58622699],[-118.455666,34.5861905],[-118.45567477,34.58615423],[-118.4556936,34.58605255],[-118.45571488,34.58595121],[-118.4557212,34.5859146],[-118.4557285,34.58587811],[-118.45574262,34.5857905],[-118.45575772,34.585703],[-118.45577036,34.58562978],[-118.45578367,34.58555265],[-118.45579195,34.58547468],[-118.4558033,34.5854389],[-118.45580962,34.58540229],[-118.45584016,34.58532275],[-118.45586567,34.58524237],[-118.45587702,34.58520659],[-118.45588838,34.58517081],[-118.45592291,34.585062],[-118.45595475,34.58495252],[-118.4559688,34.5849174],[-118.45598015,34.58488162],[-118.4560278,34.5847699],[-118.45607036,34.58465681],[-118.4560868,34.5846224],[-118.45610085,34.58458728],[-118.45613966,34.58451172],[-118.45617609,34.58443546],[-118.45619253,34.58440104],[-118.45620896,34.58436663],[-118.45622219,34.58433894],[-118.45623434,34.58431351],[-118.45624515,34.58428496],[-118.456264,34.5842514],[-118.45628044,34.58421699],[-118.4563694,34.58406375],[-118.45645237,34.58390814],[-118.4564748,34.5838761],[-118.45649365,34.58384254],[-118.45659462,34.58370493],[-118.45669202,34.5835658],[-118.45673687,34.58350172],[-118.45675295,34.58347426],[-118.4567777,34.5834434],[-118.45680013,34.58341136],[-118.4568977,34.58329375],[-118.45699028,34.58317339],[-118.4570177,34.5831441],[-118.45704245,34.58311324],[-118.4571179,34.58303705],[-118.45719068,34.58295928],[-118.45724551,34.5829007],[-118.45726765,34.58287705],[-118.45729171,34.58285455],[-118.4573172,34.5828241],[-118.45734462,34.58279481],[-118.457408,34.58271562],[-118.45747332,34.58263759],[-118.4575243,34.58257669],[-118.4576266,34.58245447],[-118.45772847,34.58233199],[-118.4577544,34.5823018],[-118.45777989,34.58227135],[-118.45780273,34.58224553],[-118.45782512,34.58221946],[-118.45787699,34.58215908],[-118.45791963,34.58210943],[-118.45796255,34.58205995],[-118.4579882,34.5820296],[-118.45801413,34.58199941],[-118.45812605,34.5818665],[-118.4582389,34.58173412],[-118.4582639,34.5817034],[-118.45828956,34.58167305],[-118.4584231,34.58150775],[-118.45856694,34.58134685],[-118.4585823,34.5813121],[-118.4586073,34.58128138],[-118.45865965,34.5811371],[-118.45871235,34.58099301],[-118.458737,34.5809621],[-118.45875236,34.58092735],[-118.45881805,34.58086045],[-118.45888102,34.58079265],[-118.4588991,34.5807588],[-118.45892375,34.58072789],[-118.4589614,34.58064214],[-118.45900425,34.58055881],[-118.4590237,34.58052548],[-118.45903777,34.58050135],[-118.45905722,34.58046801],[-118.45906415,34.58044081],[-118.4590931,34.58040787],[-118.4591196,34.580378],[-118.45914662,34.58034754],[-118.45916711,34.58032444],[-118.45918388,34.58030553],[-118.45920631,34.58028025],[-118.4592328,34.58025038],[-118.45926621,34.58022706],[-118.4592837,34.580193],[-118.45929824,34.58016468],[-118.45931573,34.58013061],[-118.45933322,34.58009656],[-118.45934628,34.58007112],[-118.45936082,34.5800428],[-118.45937831,34.58000874],[-118.45940102,34.57996451],[-118.459436,34.57989639],[-118.45944736,34.57987428],[-118.45946026,34.57985267],[-118.4594762,34.5798181],[-118.45948615,34.57979652],[-118.45950208,34.57976195],[-118.45951802,34.57972737],[-118.45953246,34.57969605],[-118.4595484,34.57966147],[-118.45956284,34.57963015],[-118.45957878,34.57959557],[-118.45959201,34.57956687],[-118.45960794,34.5795323],[-118.45962485,34.57949385],[-118.4596415,34.5794595],[-118.45965744,34.57942493],[-118.45967265,34.57939525],[-118.45969276,34.57935378],[-118.4597038,34.579331],[-118.45972045,34.57929665],[-118.45973495,34.57926675],[-118.45975759,34.57923881],[-118.4597661,34.5792025],[-118.45978275,34.57916815],[-118.4597981,34.57906595],[-118.45983046,34.57896638],[-118.4598301,34.5789294],[-118.45983861,34.57889309],[-118.45982932,34.57884952],[-118.45982891,34.57880663],[-118.45982819,34.57873267],[-118.45982778,34.57868977],[-118.45983301,34.57864655],[-118.459827,34.5786099],[-118.45982664,34.57857292],[-118.45980455,34.57847295],[-118.45978709,34.57837275],[-118.4597821,34.578336],[-118.45977609,34.57829935],[-118.45977344,34.57827222],[-118.45976977,34.57824519],[-118.45976478,34.57820844],[-118.45975979,34.57817169],[-118.45975245,34.57811763],[-118.45974746,34.57808088],[-118.45974291,34.57804736],[-118.45973748,34.57800737],[-118.45973293,34.57797385],[-118.45972445,34.57794878],[-118.4597245,34.5779118],[-118.45972453,34.57788728],[-118.45972458,34.5778503],[-118.45972461,34.57782578],[-118.45972466,34.5777888],[-118.4597247,34.57775182],[-118.45972225,34.57771472],[-118.45972596,34.57766096],[-118.45972852,34.57762404],[-118.45973107,34.57758712],[-118.45973405,34.57754406],[-118.45973573,34.57751975],[-118.45973768,34.57749163],[-118.45973881,34.57746749],[-118.4597419,34.5774306],[-118.45974445,34.57739368],[-118.45974825,34.5773548],[-118.45975151,34.57731589],[-118.45975769,34.57724211],[-118.45976095,34.5772032],[-118.45976247,34.57716417],[-118.4597673,34.5771274],[-118.45977039,34.57709051],[-118.45977628,34.5770591],[-118.45978042,34.57702757],[-118.45979008,34.57695403],[-118.45979423,34.5769225],[-118.45979319,34.57689025],[-118.4598032,34.5768542],[-118.45980803,34.57681743],[-118.4598537,34.57667225],[-118.45988573,34.57654292],[-118.459906,34.57648584],[-118.45992013,34.57645074],[-118.45993426,34.57641563],[-118.45994394,34.57639161],[-118.45996317,34.57634385],[-118.4599773,34.57630875],[-118.4599926,34.57627075],[-118.46000358,34.57624349],[-118.46001771,34.57620838],[-118.46003734,34.57615964],[-118.46005285,34.57610959],[-118.4600711,34.5760758],[-118.46009781,34.57602636],[-118.46011606,34.57599256],[-118.46013431,34.57595877],[-118.46016102,34.57590933],[-118.46018381,34.57586714],[-118.46019753,34.57584175],[-118.46022032,34.57579956],[-118.46023857,34.57576577],[-118.46025196,34.57574098],[-118.4602623,34.57571496],[-118.4602836,34.5756824],[-118.46030668,34.57564712],[-118.46032214,34.57562349],[-118.46034343,34.57559093],[-118.46036473,34.57555836],[-118.46038197,34.57553201],[-118.46040327,34.57549945],[-118.46043137,34.57545648],[-118.46045267,34.57542392],[-118.46046634,34.57540301],[-118.46047532,34.57538184],[-118.4605003,34.5753511],[-118.4605216,34.57531854],[-118.46054084,34.57530121],[-118.4605564,34.57528206],[-118.46058138,34.57525132],[-118.46060962,34.57521658],[-118.4606346,34.57518584],[-118.46065421,34.57516171],[-118.46067155,34.57514037],[-118.4607085,34.5750949],[-118.4607454,34.57504568],[-118.46078229,34.57499646],[-118.46080589,34.57496499],[-118.4608325,34.57492949],[-118.46085609,34.57489802],[-118.46088163,34.57486395],[-118.46089923,34.57484047],[-118.46091485,34.57481963],[-118.46093845,34.57478816],[-118.46096204,34.57475669],[-118.46097962,34.57473323],[-118.46099924,34.57471074],[-118.4610208,34.5746783],[-118.46104439,34.57464683],[-118.46107521,34.57459642],[-118.46110806,34.57454699],[-118.46112962,34.57451455],[-118.46115118,34.5744821],[-118.46117325,34.57444889],[-118.46119531,34.57441568],[-118.46121687,34.57438324],[-118.46123146,34.57436129],[-118.46124574,34.57433921],[-118.4612676,34.5743069],[-118.46128916,34.57427446],[-118.46132635,34.57422005],[-118.46136324,34.57416551],[-118.46140696,34.57410089],[-118.46144385,34.57404635],[-118.46147947,34.5739912],[-118.4615026,34.5739595],[-118.46152446,34.57392719],[-118.46155025,34.57389417],[-118.46157477,34.57386055],[-118.4615979,34.57382885],[-118.46162103,34.57379715],[-118.46164555,34.57376353],[-118.4616648,34.57372686],[-118.4616932,34.5736982],[-118.46171426,34.57367694],[-118.46173533,34.57365569],[-118.46177745,34.57361318],[-118.46180503,34.57358534],[-118.4618369,34.57355318],[-118.46185509,34.57352406],[-118.4618939,34.57349707],[-118.46193272,34.57347007],[-118.46196704,34.57344621],[-118.46200438,34.57342024],[-118.4620413,34.57339457],[-118.46207301,34.57337251],[-118.4621225,34.5733381],[-118.46215681,34.57331424],[-118.46220632,34.57327665],[-118.46225658,34.5732398],[-118.46232367,34.57319061],[-118.46235717,34.57316605],[-118.46239066,34.57314149],[-118.4624913,34.57306771],[-118.46251273,34.573052],[-118.4625336,34.57303577],[-118.4625677,34.5730117],[-118.46260649,34.57298432],[-118.46267054,34.57293912],[-118.46270465,34.57291505],[-118.46273875,34.57289098],[-118.46277312,34.57286673],[-118.46280388,34.57283848],[-118.4628416,34.5728184],[-118.46289763,34.57278858],[-118.46292766,34.5727726],[-118.46295114,34.5727601],[-118.46299139,34.57273868],[-118.46302911,34.5727186],[-118.46307188,34.57269584],[-118.4631096,34.57267576],[-118.46314544,34.57265669],[-118.46319009,34.57263292],[-118.46322781,34.57261285],[-118.463276,34.5725872],[-118.46331372,34.57256712],[-118.46335982,34.57250368],[-118.46341502,34.57244867],[-118.46347225,34.57239166],[-118.46352747,34.57233663],[-118.463587,34.5722842],[-118.4636113,34.5722531],[-118.46364739,34.57220689],[-118.46368349,34.57216069],[-118.46370779,34.57212959],[-118.46373138,34.57209939],[-118.46374719,34.57207915],[-118.46377038,34.57206206],[-118.4637873,34.5720278],[-118.4638116,34.5719967],[-118.46382458,34.57195357],[-118.46384683,34.5719073],[-118.46386065,34.57187932],[-118.46388067,34.57183879],[-118.46389328,34.57181328],[-118.46392963,34.57175425],[-118.4639402,34.5717183],[-118.46395712,34.57168404],[-118.4639945,34.57153365],[-118.46404374,34.57138575],[-118.4640488,34.571349],[-118.46405937,34.57131305],[-118.46405879,34.57127647],[-118.46406372,34.57124068],[-118.46407384,34.57116718],[-118.46407863,34.57113237],[-118.46408875,34.57105887],[-118.46409677,34.57100068],[-118.46410295,34.57095581],[-118.46410689,34.57092718],[-118.46410445,34.57090497],[-118.46411092,34.57088268],[-118.46411942,34.57085343],[-118.46412681,34.57082801],[-118.46413395,34.57080346],[-118.46414042,34.57078119],[-118.46414838,34.57075379],[-118.46416468,34.5706977],[-118.46417475,34.57066305],[-118.46418559,34.57062576],[-118.46419772,34.57058401],[-118.46420294,34.57054041],[-118.4642203,34.5705063],[-118.46423075,34.57047033],[-118.46425258,34.57044286],[-118.46426716,34.5704142],[-118.46430053,34.57034861],[-118.46431471,34.57032075],[-118.46433206,34.57028664],[-118.46433986,34.57025906],[-118.46436238,34.57022706],[-118.46437973,34.57019294],[-118.46440896,34.57015977],[-118.46443204,34.57012804],[-118.46446411,34.57008396],[-118.46450058,34.57003382],[-118.46452543,34.57000064],[-118.4645511,34.56996428],[-118.46457416,34.56993254],[-118.46461378,34.56987479],[-118.46465401,34.56981733],[-118.46468285,34.56977615],[-118.46469889,34.56975325],[-118.46473913,34.5696958],[-118.46477313,34.56963477],[-118.4648018,34.5696063],[-118.46484157,34.5695668],[-118.46488137,34.56952728],[-118.46492308,34.56948586],[-118.46495175,34.56945739],[-118.46498042,34.56942892],[-118.46499743,34.56940269],[-118.4650313,34.5693784],[-118.46505997,34.56934993],[-118.46510633,34.5693246],[-118.46514748,34.56929509],[-118.46518135,34.5692708],[-118.46521522,34.56924651],[-118.46525638,34.569217],[-118.46529202,34.56918099],[-118.4653314,34.5691632],[-118.46536527,34.56913891],[-118.4654291,34.56911907],[-118.46548742,34.56909274],[-118.46556618,34.56905716],[-118.4656245,34.56903082],[-118.46567969,34.56899863],[-118.4657222,34.5689867],[-118.46576158,34.56896891],[-118.465797,34.56896571],[-118.46582928,34.56895665],[-118.46587179,34.56894472],[-118.46591431,34.56893279],[-118.46597642,34.56891536],[-118.46602138,34.56890274],[-118.4660667,34.56888802],[-118.4661099,34.5688779],[-118.46615241,34.56886597],[-118.46621205,34.56885397],[-118.466271,34.56884017],[-118.46632573,34.56882735],[-118.4663574,34.56881993],[-118.46641635,34.56880612],[-118.46647554,34.56879299],[-118.4665259,34.56878034],[-118.46656886,34.56876955],[-118.46661183,34.56875876],[-118.46666219,34.56874611],[-118.46670515,34.56873532],[-118.46681103,34.56870873],[-118.4669169,34.56868214],[-118.46700283,34.56866056],[-118.46713018,34.56862858],[-118.46725803,34.56859785],[-118.4673005,34.5685858],[-118.46734346,34.56857501],[-118.4673788,34.56856358],[-118.46741463,34.56855342],[-118.46745709,34.56854137],[-118.46749956,34.56852932],[-118.46752876,34.56852103],[-118.46757122,34.56850898],[-118.46761369,34.56849693],[-118.46764348,34.56848848],[-118.46768594,34.56847643],[-118.46773632,34.56846127],[-118.4677791,34.56845],[-118.46782157,34.56843795],[-118.46787156,34.56842564],[-118.46792124,34.56841256],[-118.4680068,34.56839002],[-118.46803509,34.56838257],[-118.46806338,34.56837512],[-118.46810616,34.56836385],[-118.46813584,34.56835282],[-118.46816427,34.56834854],[-118.46820298,34.56834005],[-118.46826383,34.56832848],[-118.46829051,34.56832341],[-118.46832804,34.56831627],[-118.46836443,34.56830935],[-118.46840819,34.56830103],[-118.46845196,34.56829271],[-118.4685025,34.5682831],[-118.46854626,34.56827478],[-118.46857342,34.56826658],[-118.46860113,34.56826012],[-118.46868757,34.56823998],[-118.46871527,34.56823353],[-118.46874276,34.5682264],[-118.4687862,34.568217],[-118.46881316,34.56821117],[-118.4688566,34.56820177],[-118.46888355,34.56819594],[-118.46892699,34.56818655],[-118.46896366,34.56817862],[-118.46900861,34.5681689],[-118.46905055,34.56815982],[-118.4690906,34.56815116],[-118.46912968,34.56813859],[-118.4691741,34.5681331],[-118.46921754,34.5681237],[-118.46926707,34.56812161],[-118.46931149,34.56811611],[-118.46935591,34.56811062],[-118.46940447,34.56810462],[-118.4694933,34.56809364],[-118.46953,34.5680891],[-118.46958448,34.5680822],[-118.46962887,34.56807657],[-118.46968336,34.56806967],[-118.46972775,34.56806405],[-118.46978063,34.56805735],[-118.46982502,34.56805172],[-118.46987814,34.56804617],[-118.4699223,34.5680394],[-118.46996669,34.56803378],[-118.47007765,34.5680156],[-118.47018893,34.56799896],[-118.470233,34.5679918],[-118.47026733,34.56798622],[-118.47030167,34.56798064],[-118.47034573,34.56797347],[-118.4703848,34.56796712],[-118.4704144,34.56796231],[-118.47045847,34.56795515],[-118.47051029,34.56794672],[-118.4705621,34.5679383],[-118.47065023,34.56792397],[-118.47072408,34.56791197],[-118.47079764,34.56789858],[-118.470842,34.5678928],[-118.47088606,34.56788564],[-118.4709278,34.56788052],[-118.4710711,34.56786295],[-118.47122682,34.56784436],[-118.47125628,34.56784084],[-118.4713002,34.5678331],[-118.47134456,34.56782732],[-118.47137083,34.56782065],[-118.47139792,34.56781588],[-118.47144184,34.56780813],[-118.47146859,34.56780342],[-118.47155644,34.56778793],[-118.47158336,34.56778319],[-118.47161096,34.56778071],[-118.4716542,34.5677707],[-118.47169812,34.56776296],[-118.47174208,34.56775035],[-118.47178671,34.56774001],[-118.47183125,34.5677297],[-118.47187319,34.56771999],[-118.47191783,34.56770965],[-118.47196241,34.56769916],[-118.4720057,34.5676893],[-118.47204894,34.56767929],[-118.47210642,34.56766636],[-118.47216386,34.56765329],[-118.47220715,34.56764343],[-118.47225044,34.56763357],[-118.47230787,34.56762049],[-118.47236493,34.56760626],[-118.47240859,34.56759756],[-118.47247213,34.56758489],[-118.47253566,34.56757222],[-118.47257542,34.5675643],[-118.47261908,34.56755559],[-118.47266273,34.56754689],[-118.47271641,34.56753803],[-118.4727595,34.5675276],[-118.47280315,34.5675189],[-118.47287163,34.56750045],[-118.47294066,34.56748373],[-118.47302685,34.56746286],[-118.47309588,34.56744615],[-118.47316519,34.5674302],[-118.473208,34.567419],[-118.47325109,34.56740857],[-118.4734963,34.56734355],[-118.47374279,34.56728161],[-118.4737846,34.5672681],[-118.47382741,34.5672569],[-118.47389929,34.56723105],[-118.47397216,34.5672075],[-118.47401397,34.56719399],[-118.47405578,34.56718048],[-118.47412866,34.56715694],[-118.4742016,34.56713355],[-118.47424334,34.56711989],[-118.47426921,34.56711142],[-118.47431395,34.56709677],[-118.47435269,34.56708409],[-118.47437855,34.56707563],[-118.47442029,34.56706196],[-118.47445686,34.56704822],[-118.47449384,34.56703528],[-118.47453518,34.56702081],[-118.47457651,34.56700635],[-118.47461349,34.56699341],[-118.47464918,34.56697767],[-118.4746918,34.566966],[-118.47473314,34.56695153],[-118.47483627,34.56692643],[-118.47493813,34.56689853],[-118.47502337,34.56687518],[-118.47510391,34.56685312],[-118.47518445,34.56683105],[-118.47531231,34.56679603],[-118.47535493,34.56678436],[-118.47540989,34.5667693],[-118.47545251,34.56675763],[-118.47552133,34.56673878],[-118.47560656,34.56671543],[-118.47571107,34.5666868],[-118.47581558,34.56665817],[-118.4758582,34.5666465],[-118.47592285,34.5666288],[-118.4759875,34.5666111],[-118.47603012,34.56659943],[-118.47605809,34.56659144],[-118.47608614,34.56658363],[-118.47612869,34.56657177],[-118.47617124,34.56655992],[-118.47622733,34.5665443],[-118.47625593,34.56653633],[-118.47628418,34.56652847],[-118.47631242,34.5665206],[-118.47634103,34.56651263],[-118.47638,34.56650178],[-118.47642255,34.56648992],[-118.47647562,34.56647514],[-118.47652868,34.56646036],[-118.47661378,34.56643666],[-118.47668812,34.56641596],[-118.47676481,34.56639991],[-118.476805,34.5663834],[-118.47684755,34.56637155],[-118.47703997,34.56628691],[-118.47723475,34.56620692],[-118.47731514,34.56617391],[-118.47734955,34.56615978],[-118.47742994,34.56612676],[-118.47754722,34.5660786],[-118.47766451,34.56603044],[-118.47769573,34.56601761],[-118.4777449,34.56599743],[-118.47777612,34.5659846],[-118.47780618,34.56597226],[-118.47783273,34.56596161],[-118.4778728,34.5659449],[-118.47792066,34.56592494],[-118.47794859,34.5659133],[-118.47797316,34.56590305],[-118.4780008,34.56589153],[-118.47804866,34.56587157],[-118.47812881,34.56583815],[-118.47817941,34.56581705],[-118.47823002,34.56579595],[-118.47827637,34.56577662],[-118.47831016,34.56576253],[-118.47836076,34.56574143],[-118.47841136,34.56572033],[-118.47845144,34.56570363],[-118.47849151,34.56568692],[-118.47854089,34.56566362],[-118.47857165,34.5656535],[-118.47860606,34.56564071],[-118.47863635,34.56563006],[-118.47867864,34.56561519],[-118.47871896,34.56560101],[-118.47876027,34.56558649],[-118.47893412,34.56552536],[-118.47897543,34.56551084],[-118.47901674,34.56549631],[-118.47905804,34.56548179],[-118.47909935,34.56546726],[-118.47915057,34.56544926],[-118.47919188,34.56543473],[-118.47921748,34.56542573],[-118.47924319,34.5654169],[-118.4792844,34.5654022],[-118.47931132,34.56539259],[-118.47935254,34.56537789],[-118.47937946,34.56536828],[-118.47940659,34.5653586],[-118.4794478,34.5653439],[-118.47949834,34.5653273],[-118.4795389,34.5653114],[-118.47958082,34.56529497],[-118.47962547,34.56527747],[-118.4796633,34.56526264],[-118.47970658,34.56524567],[-118.47974714,34.56522978],[-118.47978769,34.56521388],[-118.47983502,34.56519533],[-118.47988234,34.56517678],[-118.47992289,34.56516089],[-118.47996345,34.56514499],[-118.48003105,34.56511849],[-118.48009911,34.56509278],[-118.4801392,34.5650761],[-118.48017976,34.5650602],[-118.48026085,34.56502549],[-118.48034241,34.56499156],[-118.4804226,34.56495821],[-118.48048411,34.56493262],[-118.48054563,34.56490703],[-118.48058572,34.56489035],[-118.4806194,34.56487634],[-118.48064676,34.56486496],[-118.48067383,34.56485311],[-118.4807142,34.5648369],[-118.48074238,34.56482558],[-118.48078275,34.56480937],[-118.48082312,34.56479315],[-118.48086349,34.56477694],[-118.48090106,34.56476185],[-118.48093864,34.56474676],[-118.48097901,34.56473054],[-118.48101938,34.56471433],[-118.48107715,34.56469112],[-118.48113443,34.56466703],[-118.4811753,34.5646517],[-118.48121567,34.56463549],[-118.48138622,34.56457257],[-118.48155626,34.56450878],[-118.48163801,34.56447811],[-118.48171365,34.56444974],[-118.48175452,34.5644344],[-118.48179539,34.56441907],[-118.4819372,34.56436587],[-118.48199105,34.56434567],[-118.48201895,34.5643352],[-118.48204395,34.56432582],[-118.48207257,34.56431508],[-118.48211446,34.56429937],[-118.48215432,34.56428441],[-118.48217926,34.56427506],[-118.48222289,34.56425771],[-118.48227547,34.56423523],[-118.48230262,34.56422362],[-118.48236117,34.56419859],[-118.48240103,34.56418155],[-118.48245358,34.56415908],[-118.48250614,34.56413661],[-118.48258587,34.56410252],[-118.48265835,34.56407153],[-118.48272997,34.56403909],[-118.4827707,34.5640235],[-118.48281056,34.56400646],[-118.48302665,34.56392555],[-118.48324187,34.56384319],[-118.4832826,34.5638276],[-118.48332333,34.56381201],[-118.48353855,34.56372965],[-118.48375399,34.56364767],[-118.4837945,34.5636317],[-118.48383029,34.56361759],[-118.48386138,34.56360533],[-118.48390639,34.56358759],[-118.48396728,34.56356359],[-118.48402817,34.56353959],[-118.48410919,34.56350765],[-118.48419034,34.56347566],[-118.48427144,34.56344358],[-118.484312,34.5634277],[-118.48435251,34.56341173],[-118.4845124,34.56334922],[-118.48467226,34.56328661],[-118.48475339,34.56325484],[-118.48491332,34.56319221],[-118.48507369,34.56313035],[-118.4851138,34.5631137],[-118.48515436,34.56309781],[-118.48518742,34.56308314],[-118.48522752,34.56306649],[-118.48526763,34.56304984],[-118.48531451,34.56303037],[-118.48534125,34.56301927],[-118.48538136,34.56300262],[-118.48543612,34.56297989],[-118.48547622,34.56296324],[-118.48551633,34.56294659],[-118.48554371,34.56293522],[-118.4855699,34.56292174],[-118.4856112,34.5629072],[-118.48565131,34.56289055],[-118.4857046,34.56287433],[-118.48575669,34.56285599],[-118.48579799,34.56284146],[-118.4858393,34.56282692],[-118.48587669,34.56281376],[-118.48591497,34.56280028],[-118.48594349,34.56279025],[-118.48600901,34.56276718],[-118.4860409,34.56275596],[-118.48606739,34.56274664],[-118.48610055,34.56273497],[-118.4861337,34.5627233],[-118.48617414,34.56270501],[-118.48621671,34.56268576],[-118.48625395,34.56266892],[-118.48629545,34.56265015],[-118.48633796,34.56263093],[-118.48637733,34.56261313],[-118.48641846,34.56259167],[-118.4864592,34.5625761],[-118.48649857,34.5625583],[-118.4866224,34.56251375],[-118.48674485,34.56246697],[-118.48678559,34.5624514],[-118.48682634,34.56243584],[-118.4869488,34.56238905],[-118.48707145,34.56234261],[-118.487112,34.5623267],[-118.48716374,34.56230641],[-118.4872191,34.56228469],[-118.48724484,34.5622746],[-118.48729658,34.5622543],[-118.48733713,34.5622384],[-118.48739354,34.56221627],[-118.48743214,34.56220113],[-118.48747269,34.56218523],[-118.4875995,34.56213549],[-118.48772631,34.56208576],[-118.48780741,34.56205395],[-118.48815615,34.56191717],[-118.48823725,34.56188536],[-118.48829212,34.56186383],[-118.48833267,34.56184793],[-118.48837323,34.56183202],[-118.4884281,34.5618105],[-118.48846865,34.5617946],[-118.48849701,34.56178345],[-118.48852552,34.56177226],[-118.48857956,34.56175104],[-118.48860724,34.56174018],[-118.48866474,34.56171761],[-118.48870528,34.56170169],[-118.48874583,34.56168578],[-118.48878637,34.56166986],[-118.4889695,34.56159798],[-118.4890285,34.56157482],[-118.48906904,34.5615589],[-118.48920965,34.56150371],[-118.48935022,34.56144845],[-118.4893908,34.5614326],[-118.48943135,34.56141668],[-118.4894685,34.56140224],[-118.48950909,34.56138639],[-118.48954967,34.56137053],[-118.4895868,34.56135603],[-118.48962738,34.56134017],[-118.48970854,34.56130846],[-118.48976992,34.56128448],[-118.4898313,34.5612605],[-118.48988515,34.56123398],[-118.489939,34.56120746],[-118.48997755,34.56118848],[-118.49000185,34.56117651],[-118.4900301,34.5611626],[-118.49006865,34.56114361],[-118.49009848,34.56112892],[-118.49012367,34.56111651],[-118.49014929,34.56110468],[-118.4901874,34.5610851],[-118.49022648,34.56106502],[-118.49026749,34.56104395],[-118.49030366,34.56102537],[-118.4903437,34.56100479],[-118.49038181,34.56098521],[-118.49041992,34.56096563],[-118.49044415,34.56095318],[-118.49046839,34.56094073],[-118.49054461,34.56090157],[-118.4905879,34.56087932],[-118.49063313,34.56085943],[-118.4906693,34.5608375],[-118.49071036,34.5608126],[-118.49075142,34.5607877],[-118.49078759,34.56076577],[-118.49083354,34.5607379],[-118.49087573,34.56071232],[-118.49091523,34.56068837],[-118.49095504,34.56066422],[-118.49097907,34.56064965],[-118.49101524,34.56062772],[-118.49105184,34.56060553],[-118.49108678,34.56058135],[-118.4911246,34.5605614],[-118.49116077,34.56053947],[-118.49122295,34.56050952],[-118.49128348,34.5604776],[-118.49135912,34.5604377],[-118.49141965,34.56040577],[-118.49148277,34.56037684],[-118.491518,34.5603539],[-118.49154168,34.56033847],[-118.49157945,34.56031388],[-118.4916006,34.56030011],[-118.49163583,34.56027716],[-118.49167106,34.56025422],[-118.49172732,34.56021758],[-118.49176255,34.56019464],[-118.49178695,34.56018408],[-118.4918188,34.560158],[-118.49186311,34.56012172],[-118.49188769,34.5601016],[-118.49190743,34.56008544],[-118.49193928,34.56005936],[-118.49197113,34.56003328],[-118.49200299,34.5600072],[-118.4920263,34.55998113],[-118.4920621,34.5599588],[-118.49209395,34.55993272],[-118.49212777,34.55991784],[-118.49215764,34.5598992],[-118.49222925,34.55985454],[-118.49225318,34.55983961],[-118.49228597,34.55981915],[-118.49232478,34.55979494],[-118.49236059,34.55977261],[-118.49239639,34.55975027],[-118.4924329,34.5597275],[-118.4924687,34.55970517],[-118.49250138,34.55967475],[-118.49253419,34.55964948],[-118.49255681,34.55963206],[-118.49257944,34.55961463],[-118.49261224,34.55958936],[-118.49263547,34.55957147],[-118.49268748,34.55953301],[-118.4927193,34.5595069],[-118.4927526,34.55947958],[-118.49278442,34.55945347],[-118.49281624,34.55942736],[-118.49284806,34.55940126],[-118.49295705,34.55931183],[-118.49298887,34.55928572],[-118.49302069,34.55925962],[-118.49309109,34.55920186],[-118.49316078,34.55914352],[-118.4931933,34.559118],[-118.49322512,34.55909189],[-118.49326059,34.5590652],[-118.49329311,34.55903969],[-118.49332787,34.55901241],[-118.49335636,34.55899006],[-118.49339291,34.55896138],[-118.49343564,34.55892785],[-118.49346816,34.55890234],[-118.49351071,34.55886867],[-118.49355459,34.55883461],[-118.49358728,34.55880924],[-118.49361997,34.55878387],[-118.49366385,34.55874982],[-118.49369654,34.55872445],[-118.49372584,34.55870171],[-118.49375514,34.55867896],[-118.49382052,34.55862822],[-118.49386616,34.5585928],[-118.49391235,34.55855783],[-118.4939445,34.558532],[-118.49397719,34.55850663],[-118.49402588,34.5584666],[-118.49413657,34.55837765],[-118.4941858,34.55833808],[-118.49421795,34.55831225],[-118.4942501,34.55828642],[-118.49435468,34.55820237],[-118.49445805,34.55811728],[-118.4944914,34.5580925],[-118.49452355,34.55806667],[-118.49457355,34.55803148],[-118.49462235,34.55799523],[-118.4946557,34.55797045],[-118.49468905,34.55794568],[-118.49472118,34.55792181],[-118.4947533,34.55789795],[-118.49478665,34.55787318],[-118.49482,34.5578484],[-118.49485336,34.55782363],[-118.49488671,34.55779885],[-118.49490854,34.55778263],[-118.49494331,34.5577574],[-118.4949763,34.5577323],[-118.49501337,34.5577041],[-118.49503348,34.5576888],[-118.49505359,34.5576735],[-118.49508557,34.55764916],[-118.49511857,34.55762406],[-118.49515156,34.55759896],[-118.4951893,34.55757025],[-118.49522229,34.55754515],[-118.4952515,34.55752292],[-118.4952784,34.55749847],[-118.4953137,34.5574756],[-118.49534669,34.5574505],[-118.49546853,34.55737528],[-118.49558805,34.55729782],[-118.49565865,34.55725208],[-118.49577818,34.55717463],[-118.49589592,34.55709518],[-118.495933,34.5570743],[-118.4959683,34.55705143],[-118.49613072,34.55696295],[-118.49629137,34.55687248],[-118.49636552,34.55683072],[-118.49652617,34.55674025],[-118.49668563,34.55664826],[-118.4967239,34.5566289],[-118.49676098,34.55660802],[-118.49693155,34.55652383],[-118.49710093,34.55643813],[-118.49713922,34.55641876],[-118.49717747,34.55639941],[-118.49747731,34.55624769],[-118.49751558,34.55622833],[-118.49755,34.55621091],[-118.49759212,34.5561896],[-118.4976304,34.55617023],[-118.49770294,34.55613353],[-118.49775035,34.55610954],[-118.49777948,34.5560948],[-118.49785202,34.5560581],[-118.49789029,34.55603873],[-118.49792855,34.55601937],[-118.49795264,34.55600719],[-118.4980051,34.55598064],[-118.49806647,34.55594959],[-118.49813625,34.55591428],[-118.49817452,34.55589492],[-118.49821279,34.55587555],[-118.49827838,34.55584237],[-118.49834397,34.55580918],[-118.49838221,34.55578983],[-118.49842051,34.55577046],[-118.49845875,34.55575111],[-118.49849102,34.55573243],[-118.4985305,34.5557148],[-118.49856561,34.55569912],[-118.49858959,34.55568715],[-118.4986297,34.5556705],[-118.49866918,34.55565287],[-118.49873795,34.55562555],[-118.49880609,34.55559725],[-118.4988462,34.5555806],[-118.4988824,34.55556556],[-118.49892251,34.55554891],[-118.49898249,34.555524],[-118.49902259,34.55550735],[-118.4990627,34.5554907],[-118.49909271,34.55547823],[-118.49914291,34.55545739],[-118.4991732,34.55544481],[-118.49920349,34.55543223],[-118.49925893,34.55540921],[-118.4992837,34.55539892],[-118.49932821,34.55538044],[-118.4994008,34.5553503],[-118.49947261,34.55531881],[-118.4995135,34.5553035],[-118.49955361,34.55528685],[-118.50000542,34.5551193],[-118.50045645,34.55495041],[-118.50053823,34.55491979],[-118.50070153,34.55485865],[-118.5013994,34.55459733],[-118.50143628,34.55458352],[-118.50148118,34.55456671],[-118.50152758,34.55454858],[-118.5015688,34.5545339],[-118.50160969,34.55451859],[-118.5023398,34.55425925],[-118.50306847,34.55399696],[-118.5031108,34.5539846],[-118.50315202,34.55396991],[-118.50319341,34.55396048],[-118.50327808,34.55393575],[-118.50331836,34.55392399],[-118.50336069,34.55391163],[-118.50339175,34.55390256],[-118.50342722,34.5538922],[-118.50348145,34.55387636],[-118.50352378,34.553864],[-118.50356091,34.55385566],[-118.5036022,34.5538411],[-118.50364453,34.55382874],[-118.5038356,34.55375877],[-118.50402771,34.55369101],[-118.50411029,34.55366189],[-118.5043024,34.55359412],[-118.50449592,34.55352882],[-118.5045358,34.5535118],[-118.50457709,34.55349724],[-118.50466608,34.55345621],[-118.50475648,34.55341763],[-118.50483624,34.5533836],[-118.50490669,34.55335353],[-118.50497715,34.55332347],[-118.50513667,34.5532554],[-118.50518053,34.55323668],[-118.50526029,34.55320265],[-118.50530215,34.55318478],[-118.50534232,34.5531639],[-118.5053839,34.5531499],[-118.50542378,34.55313288],[-118.50565996,34.55305698],[-118.50589443,34.55297805],[-118.50593601,34.55296405],[-118.50597759,34.55295006],[-118.50602863,34.55293288],[-118.50640497,34.5528062],[-118.50644654,34.5527922],[-118.50648812,34.55277821],[-118.5065297,34.55276421],[-118.50657128,34.55275021],[-118.50689641,34.55264077],[-118.50695158,34.5526222],[-118.50697957,34.55261278],[-118.50703474,34.55259421],[-118.50724568,34.5525232],[-118.50745643,34.55245179],[-118.5074982,34.5524382],[-118.50753978,34.5524242],[-118.50761175,34.55240125],[-118.50768353,34.55237789],[-118.50776707,34.55235071],[-118.50783885,34.55232735],[-118.5079123,34.55230706],[-118.5079524,34.5522904],[-118.50799417,34.55227681],[-118.50801665,34.55226371],[-118.50804081,34.55225367],[-118.50808091,34.55223701],[-118.50811094,34.55222454],[-118.50815668,34.55220553],[-118.50819114,34.55219122],[-118.50821599,34.55218089],[-118.50824237,34.55216993],[-118.50828248,34.55215327],[-118.50831179,34.5521411],[-118.50835189,34.55212444],[-118.5083801,34.55211034],[-118.5084213,34.5520956],[-118.5084614,34.55207894],[-118.50866782,34.5520074],[-118.50887314,34.55193393],[-118.50891433,34.55191919],[-118.50895553,34.55190445],[-118.50899989,34.55188858],[-118.50908228,34.5518591],[-118.50920363,34.55181568],[-118.50932497,34.55177226],[-118.50936617,34.55175752],[-118.50940736,34.55174278],[-118.50944856,34.55172804],[-118.50948975,34.5517133],[-118.50978433,34.5516079],[-118.50984888,34.5515848],[-118.50993127,34.55155532],[-118.51029039,34.55142682],[-118.51033158,34.55141208],[-118.51035959,34.55140206],[-118.51038781,34.55139242],[-118.5104288,34.5513773],[-118.51047,34.55136256],[-118.51057882,34.55132197],[-118.51068785,34.55128175],[-118.51072885,34.55126663],[-118.51076983,34.55125151],[-118.51081179,34.55123604],[-118.51085374,34.55122056],[-118.51089474,34.55120544],[-118.51093573,34.55119032],[-118.51172026,34.55090096],[-118.51250405,34.55061029],[-118.51254572,34.55059649],[-118.51259101,34.5505815],[-118.5126363,34.5505665],[-118.51267797,34.5505527],[-118.51288495,34.5504775],[-118.51309293,34.55040419],[-118.5131336,34.5503885],[-118.51317479,34.55037376],[-118.51327468,34.55033465],[-118.5133757,34.5502951],[-118.51357989,34.55022154],[-118.51361137,34.55020507],[-118.51365847,34.55018601],[-118.51372392,34.55027388],[-118.514086,34.55076],[-118.514109,34.550856],[-118.514101,34.550986],[-118.514071,34.551085],[-118.514071,34.551169],[-118.514025,34.551298],[-118.513964,34.551421],[-118.513926,34.551558],[-118.513918,34.551607],[-118.513926,34.551661],[-118.513964,34.551756],[-118.514056,34.551954],[-118.514262,34.552141],[-118.514326,34.552189],[-118.514425,34.552207],[-118.514559,34.552157],[-118.514685,34.552156],[-118.51484,34.552146],[-118.515024,34.552184],[-118.515268,34.552261],[-118.515503,34.55241],[-118.515699,34.55252],[-118.515816,34.552582],[-118.515934,34.552661],[-118.516003,34.552756],[-118.516006,34.552924],[-118.516019,34.5531],[-118.516031,34.553236],[-118.516081,34.5533],[-118.516237,34.553362],[-118.516403,34.553424],[-118.516608,34.553518],[-118.516794,34.553635],[-118.517031,34.553889],[-118.517119,34.55396],[-118.517256,34.554014],[-118.517362,34.554013],[-118.517472,34.55399],[-118.517681,34.553937],[-118.517873,34.55387],[-118.518009,34.553861],[-118.518096,34.5539],[-118.518165,34.553947],[-118.518217,34.554074],[-118.518258,34.554186],[-118.518301,34.554402],[-118.518418,34.554456],[-118.518554,34.554495],[-118.518768,34.554516],[-118.518903,34.554522],[-118.519001,34.554593],[-118.519119,34.554672],[-118.519316,34.55483],[-118.519549,34.554867],[-118.519735,34.554985],[-118.519928,34.55512],[-118.519907,34.555378],[-118.519772,34.557074],[-118.519616,34.55903],[-118.521145,34.559023],[-118.528158,34.558991],[-118.528183,34.557165],[-118.528191,34.556585],[-118.528384,34.556575],[-118.52851,34.556573],[-118.528606,34.556524],[-118.528663,34.556435],[-118.52868,34.556315],[-118.528756,34.556258],[-118.528844,34.556273],[-118.528922,34.55632],[-118.529001,34.556391],[-118.529051,34.556479],[-118.529054,34.556679],[-118.529114,34.556734],[-118.529366,34.556755],[-118.529482,34.556737],[-118.529759,34.556558],[-118.530009,34.556466],[-118.5303186,34.55642454],[-118.53054618,34.55682272],[-118.53079752,34.55784947],[-118.53071707,34.5585955],[-118.53074014,34.55985489],[-118.5311789,34.56082014],[-118.53118146,34.56128076],[-118.53120247,34.56242562],[-118.53154176,34.56277929],[-118.53155896,34.56370937],[-118.53123872,34.56440053],[-118.53132145,34.56514377],[-118.53168001,34.56582634],[-118.5317545,34.56611178],[-118.53162976,34.56685764],[-118.53094513,34.56726702],[-118.5297131,34.56802677],[-118.52867672,34.56823867],[-118.5282256,34.5682861],[-118.52791147,34.5683769],[-118.52766421,34.56866207],[-118.5274639,34.56893614],[-118.52741319,34.5693053],[-118.52742705,34.5693764],[-118.52755865,34.57005264],[-118.52772747,34.57094155],[-118.52772886,34.5712897],[-118.52772959,34.57147892],[-118.52764526,34.57189801],[-118.52758318,34.57218994],[-118.52753571,34.57230981],[-118.52747583,34.57246105],[-118.52746352,34.57269035],[-118.52746144,34.57272917],[-118.52741211,34.57364839],[-118.52735278,34.5738893],[-118.52732428,34.57413129],[-118.52738642,34.57441507],[-118.5274626,34.57472494],[-118.52754084,34.57499647],[-118.52757551,34.57521522],[-118.52753228,34.5754439],[-118.52736199,34.57572864],[-118.52722435,34.57599549],[-118.52707827,34.57641231],[-118.52707004,34.5765655],[-118.52705634,34.57682086],[-118.52706109,34.5772411],[-118.52706177,34.57729441],[-118.52705874,34.57763972],[-118.52697639,34.57802045],[-118.52694863,34.57824974],[-118.52694635,34.57829218],[-118.52694383,34.57833911],[-118.52704092,34.57854733],[-118.52728107,34.57868409],[-118.52761198,34.57897912],[-118.52799281,34.57914749],[-118.52824585,34.57925869],[-118.5289531,34.57932662],[-118.52972388,34.57918505],[-118.53076204,34.57917208],[-118.53117837,34.57922413],[-118.53173037,34.57946164],[-118.53198364,34.57952888],[-118.53228665,34.57954],[-118.53265249,34.57948277],[-118.53268708,34.57947743],[-118.53276845,34.57945214],[-118.53360072,34.57919377],[-118.53445372,34.57890278],[-118.53510241,34.57862415],[-118.53572424,34.5779646],[-118.53633333,34.57721271],[-118.53729104,34.5768065],[-118.53752303,34.57669982],[-118.53791361,34.57652022],[-118.53828244,34.57617242],[-118.53872928,34.57575107],[-118.53926785,34.5752176],[-118.53992919,34.5746429],[-118.54009856,34.57440191],[-118.54049385,34.57383937],[-118.54109214,34.57346734],[-118.541297,34.57337708],[-118.54197419,34.57307865],[-118.54205514,34.57304298],[-118.54210763,34.57301986],[-118.54214207,34.57300468],[-118.54267753,34.5725993],[-118.54347033,34.57128251],[-118.54346518,34.57099623],[-118.54346695,34.57067417],[-118.54347026,34.57008003],[-118.54339474,34.56973751],[-118.54380255,34.5693316],[-118.5442103,34.56892565],[-118.54447762,34.56840694],[-118.54450263,34.56816502],[-118.5444434,34.56752539],[-118.54431948,34.56733971],[-118.54420557,34.56716899],[-118.54371127,34.56661352],[-118.54323572,34.56609034],[-118.54269906,34.56564573],[-118.5425684,34.56557134],[-118.54179234,34.56512919],[-118.54166511,34.5648931],[-118.54168195,34.56480407],[-118.54169099,34.56475601],[-118.54169768,34.56472048],[-118.54191878,34.56451607],[-118.54211656,34.56431083],[-118.54236098,34.56410725],[-118.54245221,34.56368023],[-118.54262471,34.5626681],[-118.54273174,34.56197657],[-118.54260199,34.56090934],[-118.54331243,34.56068289],[-118.5433469,34.5607066],[-118.5433649,34.56072704],[-118.54360505,34.56088415],[-118.54379824,34.56102592],[-118.54382348,34.56104444],[-118.54384864,34.56105537],[-118.54389767,34.56108541],[-118.54416938,34.56119486],[-118.54420859,34.56121346],[-118.54443714,34.56132311],[-118.5444812,34.5613303],[-118.54452092,34.56134756],[-118.54466621,34.56136644],[-118.544846,34.5613898],[-118.54516599,34.56145187],[-118.54520269,34.56144976],[-118.54523345,34.56145299],[-118.5455234,34.5614314],[-118.54579299,34.56142417],[-118.545836,34.5614135],[-118.54588081,34.56141093],[-118.54607685,34.56135375],[-118.54616104,34.5613359],[-118.54627789,34.56131112],[-118.5463177,34.561294],[-118.54636071,34.56128333],[-118.5465796,34.56118135],[-118.54680713,34.56109252],[-118.54682829,34.56107786],[-118.54688131,34.56105158],[-118.54711212,34.56088339],[-118.5471742,34.56083815],[-118.54732471,34.56073169],[-118.54747012,34.56062883],[-118.5475069,34.5606076],[-118.54754127,34.56058378],[-118.547791,34.5604436],[-118.54803256,34.56029146],[-118.54806616,34.56028209],[-118.54811188,34.56025837],[-118.54824298,34.56022852],[-118.5483263,34.56020955],[-118.54853261,34.56014086],[-118.5485775,34.5601395],[-118.54862004,34.56012764],[-118.5488119,34.5601324],[-118.54900219,34.56011833],[-118.5490463,34.5601253],[-118.54909119,34.56012394],[-118.54913928,34.56013403],[-118.5492548,34.56015825],[-118.54931668,34.56016392],[-118.54942372,34.56017372],[-118.5494633,34.5601912],[-118.54950741,34.56019817],[-118.549637,34.5602679],[-118.5497776,34.5603196],[-118.5498107,34.5603446],[-118.54985028,34.56036208],[-118.55024312,34.56066942],[-118.5503088,34.5607208],[-118.55038886,34.56078164],[-118.55077252,34.5610732],[-118.5508069,34.561097],[-118.55083579,34.56111882],[-118.5509616,34.5612041],[-118.55107431,34.56129807],[-118.5511163,34.5613112],[-118.55115068,34.561335],[-118.55130495,34.5613702],[-118.55134622,34.56138429],[-118.55145017,34.56141976],[-118.5514936,34.5614292],[-118.55152438,34.56143883],[-118.5516781,34.5614693],[-118.55170874,34.56147806],[-118.55181768,34.5615092],[-118.5518626,34.5615094],[-118.55190603,34.56151884],[-118.5520446,34.5615102],[-118.5521259,34.5615127],[-118.55218188,34.56151443],[-118.5522266,34.561511],[-118.55227152,34.5615112],[-118.5524386,34.56149475],[-118.55248999,34.56149451],[-118.55260979,34.56149395],[-118.55264454,34.5614808],[-118.55269532,34.56147507],[-118.5534353,34.56118911],[-118.55441525,34.5608104],[-118.55504955,34.56057198],[-118.55614152,34.56016151],[-118.55616929,34.56014761],[-118.55622071,34.56012685],[-118.55631172,34.56007733],[-118.55633455,34.5600649],[-118.55645704,34.56001332],[-118.55648021,34.55999472],[-118.55652758,34.55996829],[-118.55701465,34.5595656],[-118.55723824,34.55938497],[-118.5575065,34.55916825],[-118.5575401,34.5591437],[-118.55756407,34.55912446],[-118.55769,34.55903415],[-118.55780291,34.55894558],[-118.55783752,34.55892595],[-118.5578735,34.55890005],[-118.55798115,34.5588445],[-118.55805926,34.55878893],[-118.55809232,34.55877158],[-118.5581224,34.5587644],[-118.55815939,34.55874342],[-118.5584351,34.55868975],[-118.55853506,34.55866351],[-118.55870318,34.55861937],[-118.5587478,34.5586151],[-118.55879094,34.5586048],[-118.55907736,34.55858112],[-118.5592663,34.5585655],[-118.55973989,34.55851656],[-118.5597848,34.5585159],[-118.55982942,34.55851163],[-118.5599492,34.5585135],[-118.56006858,34.55850651],[-118.56010223,34.55850994],[-118.56015851,34.55851044],[-118.56022968,34.55852158],[-118.5602589,34.55852615],[-118.56036154,34.55852962],[-118.5604042,34.5585412],[-118.56044876,34.55854582],[-118.5605867,34.55859075],[-118.56072359,34.5586185],[-118.5607692,34.5586403],[-118.56081186,34.55865188],[-118.56086494,34.55868473],[-118.56088756,34.55869873],[-118.5609485,34.55873645],[-118.56109994,34.55880359],[-118.5611278,34.5588326],[-118.56116544,34.55885278],[-118.56119573,34.55889079],[-118.56125455,34.5589646],[-118.56135891,34.55906453],[-118.5613813,34.5590966],[-118.56140916,34.55912561],[-118.5614606,34.5592102],[-118.56152405,34.55928919],[-118.5615399,34.5593238],[-118.56156229,34.55935587],[-118.56157577,34.5593921],[-118.56159565,34.55944555],[-118.5616429,34.55953098],[-118.5616514,34.5595673],[-118.56166576,34.55959865],[-118.56167935,34.5596868],[-118.56171019,34.55976939],[-118.5617073,34.5598063],[-118.5617158,34.55984262],[-118.56169785,34.5599272],[-118.56169839,34.55998631],[-118.56169862,34.56001208],[-118.5616884,34.5600481],[-118.56168551,34.56008501],[-118.56166342,34.56014856],[-118.56164425,34.5602037],[-118.56163755,34.56023936],[-118.56162116,34.56032663],[-118.5616001,34.5603593],[-118.56158988,34.56039532],[-118.56150355,34.56050905],[-118.5614624,34.56058258],[-118.56143567,34.56063033],[-118.561407,34.5606588],[-118.56138594,34.56069147],[-118.56135116,34.56071425],[-118.56130258,34.5607672],[-118.5612742,34.56079302],[-118.56124609,34.5608186],[-118.56123125,34.56084209],[-118.5611902,34.5608741],[-118.56116153,34.56090257],[-118.5610404,34.56097125],[-118.56094685,34.56104119],[-118.5608906,34.5610684],[-118.56085531,34.56109128],[-118.56073295,34.5611288],[-118.5606187,34.56117968],[-118.5605753,34.5611892],[-118.56054349,34.56120139],[-118.5604023,34.56122715],[-118.56027373,34.56125966],[-118.56023043,34.56126496],[-118.5601859,34.56127462],[-118.5597446,34.5613245],[-118.55952363,34.56134808],[-118.5593023,34.56137169],[-118.5592599,34.5613839],[-118.55921547,34.56138934],[-118.55909715,34.56142736],[-118.55899525,34.5614601],[-118.55876828,34.56151617],[-118.5587306,34.5615363],[-118.5586882,34.56154851],[-118.55855775,34.56162865],[-118.55846634,34.5616741],[-118.55841949,34.5616974],[-118.5583849,34.561721],[-118.55836113,34.5617337],[-118.5578692,34.56207285],[-118.55766112,34.56221512],[-118.55738849,34.56240151],[-118.5573535,34.5624247],[-118.55731891,34.5624483],[-118.55685829,34.56275289],[-118.5568142,34.56278205],[-118.55630428,34.56311142],[-118.5562749,34.5631394],[-118.55624865,34.56315679],[-118.55619297,34.56321228],[-118.5561444,34.5632637],[-118.55610328,34.56329963],[-118.55603792,34.56335675],[-118.5560139,34.563388],[-118.55598452,34.56341598],[-118.55596771,34.56344224],[-118.5559453,34.56347725],[-118.55589495,34.5635327],[-118.5558767,34.5635665],[-118.55585268,34.56359775],[-118.55580305,34.5637029],[-118.55577979,34.56374027],[-118.55574047,34.56380345],[-118.55573363,34.5638256],[-118.55572323,34.56385073],[-118.55571115,34.5638731],[-118.55569075,34.5639644],[-118.55568008,34.56399916],[-118.55566335,34.56405369],[-118.5556521,34.5640895],[-118.55564103,34.56412535],[-118.55562603,34.56417281],[-118.55561045,34.5642221],[-118.55557548,34.56431812],[-118.55557127,34.56434116],[-118.55555755,34.56439051],[-118.55554312,34.5644849],[-118.5555333,34.5645491],[-118.55552303,34.5646008],[-118.55550201,34.56470668],[-118.5554978,34.5647435],[-118.55549169,34.56477696],[-118.55548145,34.56488665],[-118.55547123,34.56495122],[-118.55546465,34.56499281],[-118.55546496,34.56501816],[-118.55546089,34.56506662],[-118.55546602,34.56515821],[-118.55546636,34.56518057],[-118.55545982,34.56528013],[-118.5554671,34.56531019],[-118.55546887,34.56533843],[-118.5555003,34.5654473],[-118.55550662,34.56548817],[-118.55551523,34.56554389],[-118.555532,34.5655782],[-118.55553733,34.56560021],[-118.5555942,34.56570545],[-118.55563578,34.56579984],[-118.5556564,34.5658327],[-118.55567317,34.56586701],[-118.5558169,34.5660884],[-118.55588991,34.56621597],[-118.55594746,34.56631653],[-118.5559774,34.5663441],[-118.55599206,34.56636746],[-118.55602239,34.56639665],[-118.5561211,34.56647645],[-118.55615238,34.56650728],[-118.55623083,34.5665846],[-118.5562648,34.5666088],[-118.55629474,34.56663637],[-118.55641375,34.5667149],[-118.5565285,34.56679702],[-118.55655996,34.56681908],[-118.55659667,34.5668452],[-118.55686135,34.5670304],[-118.55713513,34.567209],[-118.55715396,34.56723232],[-118.5571942,34.56726378],[-118.5572746,34.56738175],[-118.55737007,34.56749024],[-118.5573892,34.5675237],[-118.55741407,34.5675545],[-118.5574982,34.5677144],[-118.55759345,34.56786989],[-118.55760325,34.56789498],[-118.55762633,34.56793856],[-118.557868,34.56857276],[-118.55811264,34.56920589],[-118.5581288,34.5692404],[-118.55814255,34.56927561],[-118.5582461,34.56949423],[-118.5583871,34.5697919],[-118.55862381,34.57027478],[-118.55863947,34.57030674],[-118.5586454,34.5703434],[-118.55866156,34.57037791],[-118.5586665,34.5704739],[-118.55868668,34.57055041],[-118.5586876,34.5706044],[-118.55869223,34.57063306],[-118.55868946,34.57066106],[-118.55867525,34.570731],[-118.55867537,34.57078983],[-118.55867543,34.57082208],[-118.5586629,34.5708576],[-118.55866059,34.57088128],[-118.55864183,34.57092708],[-118.55862576,34.57097069],[-118.55861861,34.57100032],[-118.5586006,34.5710342],[-118.55858936,34.57106605],[-118.5585545,34.57112095],[-118.55853165,34.57117606],[-118.5585084,34.5712077],[-118.55849039,34.57124158],[-118.55840075,34.57135607],[-118.5583788,34.5713841],[-118.55830174,34.57149535],[-118.55827682,34.57153133],[-118.5582492,34.5715605],[-118.55822935,34.57158751],[-118.55812799,34.57168852],[-118.55804641,34.57177468],[-118.55794925,34.57187146],[-118.5579252,34.5719027],[-118.55789758,34.57193187],[-118.55782047,34.57203838],[-118.5577242,34.5721518],[-118.5577071,34.572186],[-118.55768305,34.57221724],[-118.55762615,34.57234785],[-118.55757198,34.57244614],[-118.55755666,34.57247394],[-118.5575452,34.5725097],[-118.5575281,34.5725439],[-118.55751916,34.57258399],[-118.55751405,34.5726069],[-118.55748894,34.57266745],[-118.5574829,34.5727041],[-118.55747521,34.57272809],[-118.55746741,34.57278389],[-118.5574645,34.57281565],[-118.55745266,34.57287642],[-118.5574461,34.5729272],[-118.55744006,34.57296385],[-118.55743524,34.57301603],[-118.5574234,34.5731444],[-118.55741306,34.57328103],[-118.5574097,34.57332537],[-118.55740373,34.5733494],[-118.55739685,34.57339845],[-118.5573732,34.5734723],[-118.55736236,34.57353124],[-118.55735705,34.57355365],[-118.5573457,34.573583],[-118.5573367,34.57361923],[-118.5573056,34.5736867],[-118.5572996,34.57371613],[-118.55729071,34.57375979],[-118.5572655,34.5737904],[-118.55725187,34.57382564],[-118.55711485,34.5739733],[-118.5569931,34.57412789],[-118.5569642,34.5741562],[-118.55693899,34.57418681],[-118.55680332,34.57431389],[-118.55666307,34.57444611],[-118.5566373,34.5744764],[-118.5566084,34.57450471],[-118.5565297,34.57460285],[-118.55644268,34.57469643],[-118.5564221,34.5747293],[-118.55639633,34.57475959],[-118.55635303,34.57483575],[-118.55632915,34.57487774],[-118.55624995,34.57499099],[-118.5562362,34.5750262],[-118.55621562,34.57505907],[-118.55619195,34.5751395],[-118.55615087,34.57521591],[-118.5561477,34.5752528],[-118.55613395,34.57528801],[-118.55613785,34.57536735],[-118.55612844,34.57541222],[-118.55612151,34.57544531],[-118.556128,34.5754819],[-118.55612483,34.57551879],[-118.55613864,34.57556969],[-118.5561529,34.5756222],[-118.5561636,34.57572741],[-118.5561778,34.5757625],[-118.55618429,34.57579909],[-118.55625805,34.57596715],[-118.55629075,34.57604165],[-118.55638897,34.57628586],[-118.55639808,34.57630747],[-118.55640907,34.57633407],[-118.5564179,34.57635589],[-118.55650601,34.57656403],[-118.55656015,34.5766919],[-118.55670797,34.57702671],[-118.5567166,34.577063],[-118.55673133,34.57709794],[-118.55673518,34.57712601],[-118.5567401,34.57716185],[-118.55676171,34.57722375],[-118.5567636,34.5772607],[-118.55677223,34.57729699],[-118.55676986,34.57733597],[-118.55679105,34.57742026],[-118.55677759,34.57744638],[-118.55677539,34.57749125],[-118.55672165,34.57755485],[-118.5566925,34.57762349],[-118.55667391,34.57764963],[-118.55665225,34.57768944],[-118.55660167,34.57775591],[-118.5565499,34.57782395],[-118.55647586,34.57793934],[-118.5564596,34.57796469],[-118.55643,34.5779925],[-118.5564073,34.57802441],[-118.55637869,34.57805001],[-118.5561715,34.5782354],[-118.55593811,34.57844764],[-118.55591974,34.57847008],[-118.5558834,34.57850611],[-118.55580933,34.57860054],[-118.55572895,34.578703],[-118.5555975,34.57885444],[-118.55556323,34.57889394],[-118.5555449,34.5789277],[-118.55552934,34.5789467],[-118.55548646,34.57902718],[-118.55544975,34.579103],[-118.55536591,34.57924251],[-118.5553546,34.5792783],[-118.55533627,34.57931206],[-118.55529695,34.5794607],[-118.55527964,34.57950318],[-118.5552377,34.57960614],[-118.5552393,34.5796431],[-118.55522799,34.57967889],[-118.55523771,34.5797159],[-118.5552434,34.5797376],[-118.55522966,34.57979816],[-118.5552475,34.5798321],[-118.5552491,34.57986906],[-118.55528915,34.57991135],[-118.55529267,34.57995483],[-118.55530654,34.57997678],[-118.5553308,34.5799906],[-118.55534192,34.58001176],[-118.5553996,34.5800298],[-118.55542597,34.58005686],[-118.5554684,34.580069],[-118.55550533,34.58009004],[-118.55553363,34.58009295],[-118.5555624,34.5800959],[-118.55561236,34.58011553],[-118.55563914,34.58011995],[-118.55568444,34.58013082],[-118.55578366,34.58014739],[-118.55597735,34.5801758],[-118.55625639,34.58021549],[-118.5562983,34.5802288],[-118.55634234,34.58023607],[-118.55639513,34.58025542],[-118.5564795,34.58028635],[-118.55656171,34.5803065],[-118.55662459,34.58032191],[-118.5566607,34.5803439],[-118.55670261,34.58035721],[-118.5567924,34.5804241],[-118.55685857,34.580461],[-118.55689115,34.58047917],[-118.5569241,34.5805043],[-118.55696021,34.58052629],[-118.5570596,34.58060765],[-118.55716698,34.58068217],[-118.5571951,34.580711],[-118.55722805,34.58073613],[-118.55726971,34.5807836],[-118.5573039,34.58082255],[-118.55738832,34.58090304],[-118.5574127,34.5809341],[-118.55744082,34.58096293],[-118.5575054,34.5810522],[-118.55757993,34.58113648],[-118.55759423,34.58116309],[-118.55762248,34.58120136],[-118.55766141,34.58128574],[-118.55769042,34.58133646],[-118.55773015,34.58139964],[-118.55773865,34.58142889],[-118.55775877,34.58146942],[-118.55777068,34.58152302],[-118.5577859,34.58159145],[-118.55782177,34.58171114],[-118.5578312,34.5817473],[-118.55784165,34.58178326],[-118.55785049,34.58181997],[-118.55786005,34.58184949],[-118.55787714,34.58188902],[-118.5578778,34.581926],[-118.55788723,34.58196216],[-118.55787945,34.5820183],[-118.55787959,34.58204228],[-118.55787978,34.58207364],[-118.5578811,34.5821106],[-118.55788176,34.58214758],[-118.5578842,34.58219894],[-118.55787674,34.58226206],[-118.55788434,34.58228668],[-118.55788912,34.58233486],[-118.5579032,34.5823606],[-118.55791618,34.5824235],[-118.5579367,34.5824564],[-118.55794681,34.58248917],[-118.5579792,34.58252455],[-118.55798474,34.58255596],[-118.5580217,34.5825927],[-118.55804222,34.5826256],[-118.5580886,34.5826382],[-118.55811968,34.58266139],[-118.5581555,34.5826837],[-118.55819013,34.58270725],[-118.55825458,34.58274638],[-118.55831785,34.5827848],[-118.55845604,34.58285472],[-118.55847383,34.58287768],[-118.55849657,34.58290119],[-118.55852152,34.58292449],[-118.558537,34.5829592],[-118.55856116,34.58299038],[-118.55857385,34.58304185],[-118.55858998,34.58306794],[-118.55860247,34.58308815],[-118.55860862,34.58311531],[-118.55862618,34.58315921],[-118.55862806,34.58318917],[-118.55862992,34.58325297],[-118.5586475,34.583287],[-118.55865411,34.58331621],[-118.55867855,34.5833471],[-118.55867402,34.58338463],[-118.5587096,34.5834072],[-118.55872718,34.58344123],[-118.55876353,34.58345783],[-118.5588559,34.5835],[-118.55896352,34.583574],[-118.5590022,34.5835928],[-118.55903778,34.58361537],[-118.5592063,34.583692],[-118.55937119,34.58377316],[-118.5594104,34.5837912],[-118.55944908,34.58381],[-118.559638,34.5838959],[-118.55983034,34.58397769],[-118.5598656,34.5840006],[-118.55990481,34.58401864],[-118.55997292,34.58406843],[-118.5599962,34.58408545],[-118.56010298,34.58413895],[-118.56011896,34.58415998],[-118.56013921,34.58417836],[-118.56016206,34.58419321],[-118.5602371,34.5843155],[-118.5603095,34.58439365],[-118.5603381,34.58442452],[-118.5603474,34.5844607],[-118.56037122,34.58449205],[-118.5603873,34.58461585],[-118.56041939,34.58470453],[-118.56043008,34.5847341],[-118.5604272,34.584771],[-118.5604365,34.58480718],[-118.56041575,34.5849175],[-118.5604171,34.58502855],[-118.5604043,34.585064],[-118.56040142,34.5851009],[-118.56037584,34.5851553],[-118.5603564,34.58519665],[-118.56033657,34.58530043],[-118.5603085,34.5853293],[-118.5602957,34.58536475],[-118.56021515,34.5854253],[-118.56015158,34.58549362],[-118.5601218,34.5855213],[-118.56009373,34.58555017],[-118.560012,34.58562335],[-118.55992652,34.58569431],[-118.5599022,34.5857254],[-118.55987242,34.58575308],[-118.55985251,34.58578499],[-118.55981608,34.58583549],[-118.55980057,34.58585966],[-118.5597877,34.5858981],[-118.5597824,34.5859335],[-118.5597842,34.5859778],[-118.5597995,34.586014],[-118.55981467,34.5860395],[-118.5598404,34.5860741],[-118.5598657,34.5861017],[-118.5599123,34.5861316],[-118.55994001,34.58614397],[-118.5599757,34.5861599],[-118.5600674,34.5861935],[-118.5601559,34.5862226],[-118.5602125,34.5862357],[-118.5602691,34.5862488],[-118.56033195,34.5862612],[-118.56037486,34.58626967],[-118.56041023,34.58627664],[-118.56043848,34.58628222],[-118.5606053,34.58628015],[-118.56077109,34.58628314],[-118.5608158,34.5862867],[-118.56086155,34.58628917],[-118.56090201,34.58629347],[-118.5609536,34.58629253],[-118.5609965,34.5863035],[-118.56104018,34.58630967],[-118.561081,34.5863251],[-118.5611239,34.58633607],[-118.56115228,34.58634449],[-118.5611889,34.5863659],[-118.56124744,34.58639255],[-118.5612792,34.5864187],[-118.56130261,34.5864303],[-118.5613375,34.5864667],[-118.56136354,34.58649123],[-118.5613875,34.5865309],[-118.56140284,34.58656002],[-118.56142276,34.58657672],[-118.5614308,34.5866131],[-118.56144558,34.58664116],[-118.5614483,34.5866923],[-118.56145364,34.58671554],[-118.56145292,34.5867512],[-118.56144109,34.58679707],[-118.5614279,34.5868482],[-118.56141857,34.58688437],[-118.56131015,34.58720595],[-118.56118778,34.58752692],[-118.56119084,34.58755126],[-118.56118065,34.58759939],[-118.56123895,34.5879339],[-118.56126645,34.58812339],[-118.56128731,34.58826715],[-118.5612855,34.5883041],[-118.56129012,34.58834088],[-118.5612647,34.58872885],[-118.56122562,34.58911982],[-118.5612439,34.5891536],[-118.56124209,34.58919055],[-118.5614542,34.58954225],[-118.56163505,34.58990298],[-118.5616645,34.5899309],[-118.56167845,34.58995668],[-118.5617754,34.59003605],[-118.56179403,34.59005441],[-118.56185511,34.5901146],[-118.5618863,34.5901412],[-118.56191575,34.59016912],[-118.56200015,34.5902383],[-118.56208842,34.59030501],[-118.562114,34.5903354],[-118.56214519,34.590362],[-118.5621808,34.59041475],[-118.56224048,34.59045759],[-118.5622476,34.5904941],[-118.56227318,34.59052449],[-118.56226625,34.5905897],[-118.56228061,34.59062259],[-118.56229205,34.5906488],[-118.5622849,34.5906853],[-118.56229202,34.59072181],[-118.5622586,34.59081965],[-118.56224384,34.59091827],[-118.5622323,34.590954],[-118.56222515,34.5909905],[-118.56221202,34.59102349],[-118.56220055,34.5910523],[-118.56218892,34.59110711],[-118.5621688,34.5911506],[-118.56216173,34.59117248],[-118.5620932,34.59129215],[-118.5620403,34.59140179],[-118.5620176,34.5914337],[-118.56200645,34.59145458],[-118.56192874,34.59156226],[-118.5618752,34.5916339],[-118.56174547,34.59179863],[-118.5617328,34.5918341],[-118.5617101,34.59186601],[-118.56169295,34.59193441],[-118.5616835,34.5919721],[-118.56163955,34.59207339],[-118.5616342,34.5921101],[-118.56162153,34.59214557],[-118.56161075,34.5922711],[-118.56158801,34.59239513],[-118.5615873,34.5924321],[-118.56158195,34.59246881],[-118.56158193,34.59256654],[-118.5615819,34.5927129],[-118.56157569,34.59287935],[-118.5615728,34.59295685],[-118.5615765,34.5929937],[-118.56157602,34.59301841],[-118.56158745,34.5931028],[-118.56157495,34.59318036],[-118.5615984,34.5932119],[-118.5616021,34.59324875],[-118.56163613,34.5932659],[-118.56164226,34.59330596],[-118.5616816,34.5933238],[-118.56170505,34.59335534],[-118.56173459,34.59335877],[-118.56176705,34.59336255],[-118.56180763,34.59339954],[-118.5618525,34.5934013],[-118.56189184,34.59341914],[-118.5619445,34.5934049],[-118.56199171,34.59341124],[-118.5620365,34.5934085],[-118.56208137,34.59341026],[-118.5623312,34.59339045],[-118.562581,34.59337147],[-118.5626259,34.5933724],[-118.56267069,34.59336966],[-118.56280225,34.59337605],[-118.5629358,34.59336849],[-118.56297672,34.59337921],[-118.5630235,34.59338063],[-118.56315055,34.59342475],[-118.56322304,34.59344021],[-118.56328255,34.5934529],[-118.5633225,34.5934698],[-118.5633653,34.59348101],[-118.56348245,34.59353745],[-118.56351003,34.5935475],[-118.56360664,34.59358273],[-118.5636424,34.5936051],[-118.56368235,34.593622],[-118.56372455,34.5936565],[-118.56376342,34.59367016],[-118.5638067,34.5937079],[-118.56383092,34.59372305],[-118.5638801,34.59380165],[-118.56394401,34.59385926],[-118.5639535,34.5938954],[-118.56397783,34.59392648],[-118.56398525,34.59401625],[-118.56401952,34.59410018],[-118.564017,34.5941371],[-118.56402649,34.59417324],[-118.56400825,34.59426515],[-118.5640141,34.59435823],[-118.5639995,34.5943932],[-118.56399698,34.59443012],[-118.56394627,34.59452952],[-118.5639261,34.59456905],[-118.56390605,34.5946259],[-118.56387534,34.59471297],[-118.5638527,34.5947449],[-118.5638381,34.59477987],[-118.56373619,34.59491874],[-118.56353535,34.5951924],[-118.56328859,34.595542],[-118.56324167,34.59560848],[-118.563218,34.5956399],[-118.56319536,34.59567183],[-118.56308608,34.5958166],[-118.56255285,34.59652306],[-118.5622359,34.59695042],[-118.56191808,34.59737896],[-118.5618877,34.5974062],[-118.56187229,34.59742666],[-118.56138325,34.59785953],[-118.5613291,34.59790705],[-118.56107225,34.59813763],[-118.56080122,34.59838093],[-118.5607705,34.5984079],[-118.56074012,34.59843514],[-118.56052496,34.59862365],[-118.56044865,34.5986905],[-118.56014877,34.59894085],[-118.5601268,34.5989731],[-118.5601077,34.59898987],[-118.5599987,34.59916115],[-118.55988608,34.59931449],[-118.55987106,34.59934817],[-118.55985689,34.59936933],[-118.55962046,34.59990574],[-118.55954445,34.6000804],[-118.55924572,34.60078232],[-118.5592183,34.6008116],[-118.55920282,34.60084631],[-118.5590604,34.60098025],[-118.55896316,34.60108899],[-118.55893351,34.60112215],[-118.55891263,34.60114016],[-118.55887508,34.60117818],[-118.55880645,34.60123175],[-118.55874637,34.60129246],[-118.5587104,34.6013146],[-118.55868871,34.60133331],[-118.558591,34.6013881],[-118.55855025,34.60141602],[-118.55851057,34.60144321],[-118.55848401,34.60145575],[-118.55843563,34.60148374],[-118.5583209,34.6015327],[-118.55820528,34.60158071],[-118.5581702,34.6016038],[-118.55813123,34.60162219],[-118.5580854,34.6016596],[-118.55801809,34.60168135],[-118.5580006,34.6017154],[-118.55796552,34.60173849],[-118.5579633,34.601788],[-118.55793606,34.60182457],[-118.55792999,34.60184632],[-118.55790851,34.60189465],[-118.55788484,34.60199423],[-118.55786275,34.60208715],[-118.55781207,34.60227821],[-118.5578,34.6023123],[-118.55778944,34.60234973],[-118.55772925,34.6025121],[-118.55767942,34.60267757],[-118.557659,34.6027105],[-118.55765145,34.60273182],[-118.5576147,34.60278195],[-118.55759846,34.60281747],[-118.5575704,34.6028534],[-118.55754876,34.60287917],[-118.5574997,34.6029376],[-118.55745575,34.60298195],[-118.5574118,34.6030263],[-118.55738711,34.60305122],[-118.5573195,34.6031237],[-118.55724897,34.60318876],[-118.5572272,34.6032211],[-118.55719958,34.60325025],[-118.5571863,34.60328185],[-118.55716488,34.60330553],[-118.5571454,34.6033426],[-118.55712899,34.60336697],[-118.55710218,34.60340045],[-118.55709964,34.60342655],[-118.55708747,34.60345983],[-118.55708689,34.60349168],[-118.5570882,34.6035444],[-118.55708462,34.60358125],[-118.5570832,34.6036105],[-118.55708769,34.60364036],[-118.5570945,34.6036856],[-118.55710002,34.60372229],[-118.55712645,34.603764],[-118.5571403,34.60380856],[-118.5571584,34.6038424],[-118.55717268,34.60387745],[-118.55718455,34.60389775],[-118.55722535,34.60396755],[-118.55728511,34.60405621],[-118.5572923,34.6040927],[-118.5573051,34.60411663],[-118.55730748,34.60415522],[-118.55731056,34.60417802],[-118.55731996,34.60420859],[-118.5573129,34.6042451],[-118.55731584,34.60428199],[-118.55730999,34.60431762],[-118.5572923,34.6043516],[-118.55727243,34.60438977],[-118.55726722,34.60441516],[-118.557243,34.6044463],[-118.55722531,34.60448028],[-118.55720008,34.60450419],[-118.55716924,34.60454832],[-118.5571412,34.6045772],[-118.55711698,34.60460834],[-118.55703025,34.60469145],[-118.55696386,34.60475709],[-118.55694522,34.60477551],[-118.5569193,34.6048057],[-118.55689126,34.60483458],[-118.55687054,34.60486119],[-118.55683388,34.60490519],[-118.5568028,34.604953],[-118.55677965,34.60498468],[-118.5567791,34.6050102],[-118.5567646,34.60504519],[-118.5567617,34.6050833],[-118.55675306,34.60511958],[-118.55674089,34.60514168],[-118.5567549,34.6051768],[-118.55676855,34.60521102],[-118.5567731,34.60523406],[-118.55677314,34.60525867],[-118.5567995,34.6052886],[-118.5568209,34.6053129],[-118.5568423,34.6053372],[-118.55685742,34.60536386],[-118.5568969,34.6053815],[-118.55692889,34.60540745],[-118.55695655,34.60540815],[-118.55697134,34.60543666],[-118.5570162,34.6054348],[-118.55705568,34.60545244],[-118.5571065,34.60543105],[-118.5571541,34.60543878],[-118.5571968,34.6054273],[-118.55724166,34.60542544],[-118.55753972,34.60533905],[-118.5577269,34.6052848],[-118.55812276,34.60518211],[-118.55821625,34.60515785],[-118.558257,34.6051423],[-118.5582997,34.60513082],[-118.55841465,34.60508238],[-118.558549,34.60503921],[-118.558585,34.6050171],[-118.55862575,34.60500155],[-118.55868398,34.60496059],[-118.5587321,34.60492675],[-118.55885094,34.60486514],[-118.5588792,34.6048364],[-118.5589152,34.60481429],[-118.559229,34.6044807],[-118.55954287,34.60414719],[-118.5595788,34.604125],[-118.55960706,34.60409626],[-118.55966558,34.60406985],[-118.55973554,34.60402868],[-118.5597712,34.6040062],[-118.55980713,34.60398401],[-118.55982961,34.6039696],[-118.55988976,34.60392867],[-118.559927,34.603908],[-118.55996266,34.60388552],[-118.5600359,34.60384755],[-118.56010395,34.60380247],[-118.5601448,34.6037871],[-118.56016893,34.6037737],[-118.5602309,34.6037547],[-118.56025529,34.60373801],[-118.56029975,34.60372386],[-118.56035374,34.60370848],[-118.56038491,34.60371607],[-118.56040891,34.60370437],[-118.5604533,34.60371],[-118.56049795,34.60370597],[-118.56053337,34.60371093],[-118.5605747,34.6037254],[-118.56061909,34.60373103],[-118.5606613,34.60374413],[-118.5606958,34.6037678],[-118.56072908,34.6037839],[-118.56075338,34.60379566],[-118.56077456,34.60381949],[-118.5608144,34.60384917],[-118.56083351,34.60387739],[-118.5608549,34.6039099],[-118.56088142,34.60393974],[-118.5608921,34.60396645],[-118.56092419,34.60398627],[-118.5609293,34.604023],[-118.56095069,34.60405551],[-118.5609388,34.60409135],[-118.5609482,34.60412273],[-118.56094827,34.60414684],[-118.56095341,34.60419643],[-118.5609511,34.60423739],[-118.5609486,34.6042743],[-118.56094868,34.6043042],[-118.56094375,34.6043458],[-118.5609498,34.60438143],[-118.5609389,34.6044173],[-118.56093673,34.60444927],[-118.56091555,34.60449415],[-118.56090492,34.60453554],[-118.5608922,34.604571],[-118.5608813,34.60460687],[-118.56080265,34.6048207],[-118.56072909,34.60503585],[-118.56071747,34.60506096],[-118.56070038,34.60510586],[-118.56065951,34.6051905],[-118.56061115,34.60529065],[-118.56053087,34.60547852],[-118.5605092,34.6055109],[-118.56049321,34.60554545],[-118.56046078,34.60558935],[-118.5604176,34.6056478],[-118.56034391,34.60574905],[-118.560326,34.6057847],[-118.56030433,34.60581708],[-118.5602936,34.6058504],[-118.56027294,34.60587983],[-118.5602612,34.6059161],[-118.56024431,34.60595035],[-118.5602395,34.6059843],[-118.56023959,34.60601617],[-118.5602397,34.6060537],[-118.56024851,34.60610233],[-118.56024075,34.60613476],[-118.5602604,34.606168],[-118.5602802,34.6062015],[-118.56029392,34.60622472],[-118.56032565,34.6062609],[-118.5603513,34.6062868],[-118.56038065,34.6063154],[-118.56041,34.606344],[-118.56043898,34.60637224],[-118.56047633,34.60638417],[-118.56054715,34.6064068],[-118.5606328,34.60644271],[-118.5606843,34.6064696],[-118.5607313,34.60648709],[-118.5607626,34.6065136],[-118.56079469,34.60653163],[-118.5608201,34.6065623],[-118.56084133,34.60657642],[-118.5608619,34.60660423],[-118.56089003,34.60665534],[-118.5608856,34.6067079],[-118.5608939,34.60674423],[-118.56089055,34.60677752],[-118.56088244,34.60681012],[-118.56087095,34.6068528],[-118.5608619,34.6068857],[-118.5608441,34.6069211],[-118.560831,34.6069502],[-118.5608226,34.6069724],[-118.56080924,34.6070077],[-118.5607831,34.60704984],[-118.56074265,34.60711505],[-118.56070163,34.60717925],[-118.56067432,34.60722199],[-118.5606669,34.60724481],[-118.56064638,34.60728682],[-118.56063569,34.60732094],[-118.5605996,34.60745155],[-118.56053841,34.60760847],[-118.5605365,34.6076454],[-118.56052488,34.60768111],[-118.5605317,34.60773825],[-118.56052833,34.60777752],[-118.5605269,34.6078311],[-118.56052499,34.60786803],[-118.56052455,34.60789088],[-118.5605269,34.6079278],[-118.56052955,34.60796935],[-118.5605322,34.6080109],[-118.56053675,34.60806725],[-118.5605413,34.6081236],[-118.56054428,34.60816049],[-118.56054824,34.60818886],[-118.56055221,34.60822104],[-118.56055513,34.60825193],[-118.5605623,34.6083275],[-118.5605698,34.60835935],[-118.56057722,34.60839088],[-118.560587,34.6084283],[-118.5605988,34.6084619],[-118.5606176,34.60849815],[-118.5606364,34.6085344],[-118.56066005,34.60856315],[-118.5606837,34.6085919],[-118.560743,34.6086412],[-118.5607837,34.60866825],[-118.56081901,34.60869171],[-118.5609244,34.6087475],[-118.56096233,34.6087673],[-118.56101945,34.60878465],[-118.56106909,34.60880605],[-118.5611145,34.6088218],[-118.56115507,34.60883766],[-118.56121495,34.60885585],[-118.56127355,34.60887647],[-118.56130433,34.60888635],[-118.56135693,34.60890398],[-118.5614352,34.60892835],[-118.56151497,34.60895003],[-118.561555,34.6089668],[-118.56159685,34.60898023],[-118.56167425,34.60901675],[-118.56175778,34.60904429],[-118.5617935,34.6090667],[-118.56183353,34.60908347],[-118.56191068,34.60913599],[-118.56199055,34.60919035],[-118.56212265,34.60926499],[-118.56215897,34.60928552],[-118.5621876,34.609314],[-118.56222332,34.60933641],[-118.56234115,34.60946675],[-118.56247375,34.6095868],[-118.5624947,34.6096195],[-118.56252333,34.60964798],[-118.5625536,34.60971144],[-118.56259586,34.60976234],[-118.5626125,34.6098034],[-118.56263345,34.6098361],[-118.56264415,34.60989645],[-118.56266525,34.60995357],[-118.5626758,34.6099895],[-118.56268791,34.6100251],[-118.56271018,34.61010474],[-118.56272065,34.6101422],[-118.56274027,34.61019015],[-118.56276804,34.61025799],[-118.56276597,34.61028809],[-118.56277605,34.61033083],[-118.56276525,34.61035973],[-118.56276247,34.61039121],[-118.56276583,34.61041629],[-118.5627547,34.6104521],[-118.56275216,34.61048901],[-118.56273235,34.610524],[-118.56273291,34.61054794],[-118.56271,34.6105959],[-118.56270139,34.61062361],[-118.56267884,34.61065339],[-118.56262335,34.61071345],[-118.56256839,34.6108048],[-118.5625367,34.610831],[-118.5625134,34.61086261],[-118.56242675,34.6109219],[-118.56234677,34.61098526],[-118.5623168,34.6110128],[-118.56228511,34.611039],[-118.56199572,34.61130741],[-118.56194775,34.6113519],[-118.56161231,34.61166648],[-118.5615787,34.611691],[-118.56154873,34.61171854],[-118.56147001,34.61177482],[-118.5611624,34.61199475],[-118.560764,34.6122646],[-118.5607461,34.6122985],[-118.56071249,34.61232302],[-118.56067819,34.61240538],[-118.5606354,34.61250815],[-118.56054894,34.61268668],[-118.5605247,34.6127178],[-118.5605068,34.6127517],[-118.56048571,34.61277538],[-118.56043905,34.61282775],[-118.56041613,34.61285381],[-118.56037195,34.61290403],[-118.5603534,34.6129377],[-118.56032916,34.61296882],[-118.5603197,34.61299885],[-118.56029041,34.61302321],[-118.560286,34.61306],[-118.56026745,34.61309367],[-118.56027855,34.6131222],[-118.56026091,34.6131484],[-118.5602675,34.61317169],[-118.56026669,34.61322119],[-118.56028216,34.61324339],[-118.56029369,34.61327552],[-118.56030734,34.61331937],[-118.56031667,34.61334539],[-118.56033965,34.6133874],[-118.560338,34.61341704],[-118.5603671,34.6134452],[-118.56038345,34.61347963],[-118.56041439,34.61349902],[-118.56043805,34.61351385],[-118.56047153,34.61356212],[-118.56050221,34.61357881],[-118.5605381,34.61361066],[-118.56074435,34.6137105],[-118.56086736,34.61376914],[-118.56095192,34.61380946],[-118.5609797,34.6138385],[-118.56101717,34.61385888],[-118.56105795,34.6139203],[-118.56111909,34.61396792],[-118.5611362,34.6140021],[-118.56116398,34.61403114],[-118.56117045,34.6140705],[-118.56120028,34.61410211],[-118.5612047,34.6141389],[-118.56122111,34.61417166],[-118.56121575,34.61423095],[-118.561229,34.61428608],[-118.56122724,34.61431563],[-118.56123122,34.61435979],[-118.56122789,34.61439031],[-118.5612166,34.61449385],[-118.56121583,34.61460789],[-118.5612064,34.6146647],[-118.5612042,34.61470162],[-118.5611756,34.61478455],[-118.56116317,34.61487067],[-118.56115175,34.61489164],[-118.56113551,34.61494057],[-118.56110279,34.61498702],[-118.56108275,34.61502214],[-118.56105995,34.6150767],[-118.5610344,34.6151071],[-118.56101603,34.61514083],[-118.56096075,34.61519597],[-118.56090298,34.61526949],[-118.56088294,34.61528913],[-118.56085869,34.61531613],[-118.56078695,34.61538325],[-118.56073852,34.61542748],[-118.5606998,34.6154687],[-118.56067092,34.61549701],[-118.56063105,34.61554675],[-118.56057654,34.61558974],[-118.56056491,34.61561839],[-118.56053594,34.61565473],[-118.56052917,34.6156969],[-118.56051733,34.61573549],[-118.56048775,34.61578144],[-118.5604817,34.6158232],[-118.56046746,34.61585826],[-118.5604721,34.61589014],[-118.56046606,34.61594267],[-118.5604681,34.6159956],[-118.56046519,34.61603249],[-118.56048005,34.61607207],[-118.5604839,34.61612709],[-118.5604972,34.6161624],[-118.56050327,34.6161972],[-118.56054383,34.61629509],[-118.560577,34.6163743],[-118.56060627,34.61645861],[-118.56063881,34.61655233],[-118.5606568,34.6165862],[-118.5606701,34.61662151],[-118.56073938,34.61674543],[-118.5607787,34.61681575],[-118.56088916,34.61700956],[-118.56089878,34.61703961],[-118.56091859,34.61707917],[-118.56092399,34.61710827],[-118.56092845,34.6171323],[-118.5609569,34.61718234],[-118.56095647,34.61720886],[-118.56096774,34.61725504],[-118.5609542,34.61734775],[-118.56095533,34.61743933],[-118.5609521,34.6174762],[-118.5609515,34.61751316],[-118.5609431,34.61757895],[-118.56093088,34.61761537],[-118.56092044,34.61764649],[-118.5609341,34.6176817],[-118.56093121,34.61771468],[-118.56096795,34.61776895],[-118.56097999,34.61781609],[-118.5610018,34.6178562],[-118.56101141,34.61788098],[-118.56102518,34.61790111],[-118.56103375,34.6179409],[-118.5610677,34.6179651],[-118.56108414,34.61799226],[-118.56117465,34.61804135],[-118.56121654,34.61807073],[-118.56124816,34.61809292],[-118.5612816,34.6181176],[-118.56131555,34.6181418],[-118.56136735,34.6181809],[-118.56142737,34.6182139],[-118.5614531,34.6182442],[-118.56148654,34.61826888],[-118.5614968,34.61829565],[-118.56152059,34.61831397],[-118.5615405,34.6183471],[-118.56156623,34.6183774],[-118.561581,34.6184145],[-118.56160995,34.61844618],[-118.5616215,34.6184819],[-118.56164141,34.61851503],[-118.56165895,34.61859775],[-118.56169318,34.61867673],[-118.5616964,34.6187136],[-118.56170414,34.61873753],[-118.5617062,34.61882595],[-118.56172182,34.61890165],[-118.561716,34.6189383],[-118.56171922,34.61897517],[-118.5616959,34.6190649],[-118.56169231,34.61915712],[-118.5616758,34.6191915],[-118.56166998,34.61922815],[-118.56164286,34.61927047],[-118.56162295,34.61930155],[-118.56159366,34.61938013],[-118.5615701,34.6194116],[-118.56155359,34.61944598],[-118.56152549,34.6194792],[-118.56147305,34.6195412],[-118.5614153,34.61962557],[-118.561376,34.6196708],[-118.56135244,34.61970227],[-118.5612567,34.61979335],[-118.56116529,34.61988692],[-118.5611374,34.6199159],[-118.56110932,34.61994475],[-118.56093184,34.62012943],[-118.56087675,34.62018675],[-118.5608176,34.62024745],[-118.56064215,34.62042749],[-118.5606161,34.6204576],[-118.56058821,34.62048658],[-118.5604582,34.6206401],[-118.56037288,34.62074555],[-118.56033184,34.62079628],[-118.5603003,34.6208226],[-118.56027425,34.62085271],[-118.5601812,34.620922],[-118.56009775,34.62099891],[-118.5600621,34.6210214],[-118.56003056,34.62104772],[-118.55997325,34.62107745],[-118.55992255,34.62111399],[-118.5598844,34.6211335],[-118.55985496,34.62115207],[-118.55981294,34.62117392],[-118.55944225,34.6213596],[-118.5590402,34.62156905],[-118.55901201,34.62158076],[-118.55896195,34.62160521],[-118.55874693,34.62169158],[-118.55869,34.62171445],[-118.55842297,34.6218327],[-118.5583799,34.6218432],[-118.55834926,34.62185592],[-118.55792095,34.6219551],[-118.5578471,34.62197248],[-118.55750372,34.62205331],[-118.55747704,34.62206206],[-118.55741893,34.6220775],[-118.5568183,34.6222783],[-118.55671247,34.62231145],[-118.55621141,34.62246842],[-118.5561746,34.6224896],[-118.55613288,34.62250329],[-118.55530181,34.62299185],[-118.55451487,34.62344897],[-118.55446821,34.62347607],[-118.554429,34.6234941],[-118.55439219,34.62351528],[-118.55311579,34.624098],[-118.55183805,34.6246792],[-118.5518026,34.6247019],[-118.55176339,34.62471993],[-118.55146195,34.62491568],[-118.55097004,34.62523513],[-118.55017369,34.62574663],[-118.5501374,34.6257684],[-118.55010195,34.6257911],[-118.54967825,34.62604385],[-118.54948751,34.62615612],[-118.54925241,34.6262945],[-118.54922341,34.6263161],[-118.54918281,34.62634107],[-118.54887876,34.62657052],[-118.54866856,34.62672915],[-118.54838088,34.62694608],[-118.54815414,34.62711705],[-118.548118,34.627139],[-118.54808469,34.6271638],[-118.54788485,34.62728258],[-118.5477287,34.6273754],[-118.54736795,34.62758327],[-118.5473394,34.6276118],[-118.54730326,34.62763375],[-118.54728408,34.62765479],[-118.54715915,34.6277919],[-118.54705934,34.62790022],[-118.54701423,34.62794918],[-118.5469789,34.627972],[-118.54695035,34.62800053],[-118.54689251,34.62803153],[-118.5468587,34.62804965],[-118.54678101,34.62811537],[-118.5467385,34.6281273],[-118.54670764,34.62814724],[-118.5465497,34.6281803],[-118.54639228,34.62820686],[-118.5463609,34.6282333],[-118.54631839,34.62824523],[-118.54627459,34.62828972],[-118.54618065,34.62838515],[-118.54601643,34.62850248],[-118.5460004,34.628537],[-118.54596902,34.62856344],[-118.5459312,34.628686],[-118.54586527,34.62879814],[-118.54586239,34.6288306],[-118.54584597,34.62886952],[-118.5458411,34.6290709],[-118.5458446,34.62927577],[-118.5458202,34.6293068],[-118.54581767,34.62933537],[-118.54569949,34.62947231],[-118.54563135,34.62954695],[-118.54557471,34.62963096],[-118.54548165,34.62976899],[-118.5454425,34.6297871],[-118.5454181,34.62981813],[-118.5452365,34.6298824],[-118.54507454,34.62997044],[-118.5450305,34.6299777],[-118.54499135,34.62999581],[-118.54481595,34.63001305],[-118.54470042,34.63003945],[-118.54464612,34.63005185],[-118.54461172,34.6300492],[-118.54455736,34.63005566],[-118.54419886,34.6300176],[-118.54382219,34.62998201],[-118.5437774,34.6299848],[-118.5437435,34.62998218],[-118.54354995,34.62999895],[-118.54343307,34.6299956],[-118.54336059,34.62999352],[-118.5433225,34.6300131],[-118.54327771,34.63001589],[-118.54315085,34.63010135],[-118.54300363,34.63015859],[-118.5429792,34.6301896],[-118.54294111,34.63020918],[-118.542829,34.6303803],[-118.54270425,34.63054055],[-118.54268026,34.63056925],[-118.54265437,34.63060201],[-118.54248995,34.630797],[-118.54241017,34.63090376],[-118.54233736,34.63100119],[-118.5423011,34.631023],[-118.54227565,34.63105345],[-118.54207795,34.6311572],[-118.54201498,34.63119976],[-118.54189725,34.63127933],[-118.5418548,34.6312914],[-118.54181931,34.63131274],[-118.54176355,34.63132789],[-118.54115955,34.6314891],[-118.5405628,34.63166524],[-118.5405087,34.63168121],[-118.5404643,34.6316868],[-118.54042185,34.63169887],[-118.54009955,34.63173275],[-118.53977969,34.63177743],[-118.5397348,34.6317787],[-118.5396904,34.63178429],[-118.5393614,34.63178925],[-118.53915817,34.63178981],[-118.53903136,34.63179017],[-118.538988,34.6317998],[-118.53894311,34.63180107],[-118.53868081,34.63186529],[-118.53855885,34.63189515],[-118.53838489,34.63193512],[-118.53817383,34.63198362],[-118.53814002,34.63198889],[-118.53808634,34.63200013],[-118.53776935,34.63204704],[-118.537722,34.63205405],[-118.53735897,34.63211375],[-118.5373143,34.6321176],[-118.53727017,34.63212448],[-118.5370268,34.63214235],[-118.53692088,34.63215111],[-118.53678386,34.63216244],[-118.5367393,34.6321671],[-118.5367095,34.63216967],[-118.53664259,34.63217662],[-118.53650328,34.6321918],[-118.53631081,34.63220767],[-118.53628066,34.63221377],[-118.53625169,34.63221812],[-118.53622264,34.63222116],[-118.53598825,34.632273],[-118.53584366,34.63230755],[-118.53575421,34.63232892],[-118.5357093,34.6323295],[-118.53566569,34.63233833],[-118.53549289,34.63233438],[-118.53543465,34.63233305],[-118.53520452,34.63234149],[-118.53516845,34.63233753],[-118.53511509,34.63233718],[-118.53494251,34.6323159],[-118.5347094,34.63228715],[-118.5343005,34.63222398],[-118.5342588,34.6322377],[-118.53421428,34.63223281],[-118.5340871,34.6322942],[-118.53404059,34.63230288],[-118.53394246,34.6323212],[-118.5339154,34.6323507],[-118.5338737,34.63236442],[-118.53375665,34.63252375],[-118.53362957,34.6326706],[-118.53360403,34.63269173],[-118.53357084,34.6327263],[-118.53343999,34.63282993],[-118.53336995,34.6328854],[-118.53318398,34.63306086],[-118.533142,34.633074],[-118.53311033,34.6331002],[-118.53279984,34.63318615],[-118.53266185,34.63322435],[-118.53222243,34.63335913],[-118.5321817,34.6333747],[-118.53213972,34.63338784],[-118.53163665,34.63358305],[-118.53112364,34.6337655],[-118.5310916,34.6337914],[-118.53105087,34.63380697],[-118.53094265,34.63390384],[-118.5308513,34.6339856],[-118.53064373,34.63415449],[-118.5306155,34.63417632],[-118.53057896,34.6342057],[-118.53053937,34.63423606],[-118.5303964,34.63434575],[-118.53021238,34.63448463],[-118.5301818,34.6345117],[-118.53014907,34.63453701],[-118.52989855,34.6347624],[-118.52963424,34.63497959],[-118.5296153,34.6350131],[-118.52959192,34.63503379],[-118.52953265,34.63515783],[-118.52943804,34.63528014],[-118.5294437,34.6353168],[-118.52942476,34.63535031],[-118.52947685,34.6355314],[-118.52950988,34.63570904],[-118.52951,34.635746],[-118.52951566,34.63578266],[-118.52951115,34.6360999],[-118.52951247,34.63612971],[-118.5295252,34.6364184],[-118.5295123,34.6364538],[-118.52951242,34.63649076],[-118.52947077,34.63659162],[-118.52939645,34.6367716],[-118.52928672,34.63705279],[-118.52928143,34.63708442],[-118.5292677,34.6371248],[-118.5292334,34.63737185],[-118.52920558,34.63751871],[-118.52918689,34.63761735],[-118.5291862,34.6376543],[-118.52918008,34.63769091],[-118.5291819,34.6378838],[-118.52919179,34.6379969],[-118.52919914,34.63808087],[-118.5291776,34.6381133],[-118.52917715,34.63813747],[-118.52913509,34.63820573],[-118.5289759,34.63841695],[-118.52880932,34.63869756],[-118.5287742,34.6387206],[-118.52875266,34.63875303],[-118.52841036,34.63896736],[-118.52813905,34.63913725],[-118.52754495,34.63953889],[-118.5275039,34.6395539],[-118.52747118,34.63957536],[-118.52744154,34.63958572],[-118.52723355,34.63965275],[-118.52700764,34.63975696],[-118.5269632,34.6397516],[-118.52692215,34.63976661],[-118.5266413,34.6397128],[-118.52653655,34.63969583],[-118.52636368,34.63966782],[-118.5263194,34.639674],[-118.52627496,34.63966864],[-118.52611744,34.63970058],[-118.52606289,34.63970981],[-118.5258645,34.6397375],[-118.52581446,34.63979788],[-118.52573575,34.63989285],[-118.52562474,34.64001425],[-118.525607,34.6400482],[-118.5255817,34.64007873],[-118.525502,34.6402491],[-118.52542629,34.64042198],[-118.525397,34.64045],[-118.52537926,34.64048395],[-118.52524208,34.6406016],[-118.52520745,34.6406313],[-118.52505716,34.64079466],[-118.5250179,34.6408126],[-118.52498861,34.64084062],[-118.52486725,34.64088145],[-118.52478592,34.64092465],[-118.52475928,34.64093879],[-118.52473154,34.64094627],[-118.52467734,34.64096824],[-118.5245224,34.64100265],[-118.52444319,34.64102144],[-118.52436874,34.64103909],[-118.5243282,34.641055],[-118.52428552,34.64106651],[-118.52420429,34.64110183],[-118.5241623,34.6411201],[-118.52402946,34.64116018],[-118.5239964,34.6411852],[-118.52395586,34.64120111],[-118.5238591,34.6412891],[-118.5237482,34.6413631],[-118.5237218,34.641393],[-118.52368874,34.64141802],[-118.52361765,34.6415011],[-118.5233428,34.6418223],[-118.52300178,34.64223187],[-118.5229638,34.6422516],[-118.52293994,34.64227863],[-118.5227551,34.64236005],[-118.52267739,34.64240166],[-118.52258577,34.64245071],[-118.5225464,34.6424685],[-118.52250842,34.64248823],[-118.5220466,34.6426944],[-118.52159069,34.64289942],[-118.5215468,34.6429203],[-118.52150743,34.64293809],[-118.52113589,34.64311715],[-118.52076301,34.64329432],[-118.520725,34.643314],[-118.52068619,34.64333259],[-118.52047685,34.6434425],[-118.52026412,34.64354827],[-118.52022981,34.64357029],[-118.52019069,34.64359068],[-118.52013999,34.64362402],[-118.51989285,34.6437865],[-118.51970113,34.64390884],[-118.51959178,34.64397861],[-118.5195708,34.64399272],[-118.51952158,34.64402473],[-118.519399,34.64410825],[-118.51932034,34.64416568],[-118.51927951,34.64419548],[-118.519241,34.6442145],[-118.51920622,34.64423789],[-118.51915572,34.64426034],[-118.5190801,34.64429395],[-118.51903236,34.64431895],[-118.51895951,34.6443571],[-118.5189338,34.6443675],[-118.51888301,34.64439127],[-118.51875555,34.6444396],[-118.518633,34.64449089],[-118.5185919,34.6445058],[-118.51855159,34.6445221],[-118.51843355,34.64456325],[-118.5183181,34.64460975],[-118.5182752,34.6446207],[-118.5182478,34.64463064],[-118.51808835,34.6446684],[-118.51794535,34.64470809],[-118.51791747,34.64471318],[-118.5178586,34.64472705],[-118.5177246,34.6447484],[-118.5176761,34.64475788],[-118.51759194,34.64477433],[-118.5175477,34.6447807],[-118.51750385,34.64478871],[-118.51743735,34.64479751],[-118.51735665,34.6448082],[-118.51721035,34.64483252],[-118.51716572,34.64483569],[-118.51712136,34.64484207],[-118.51707557,34.64484354],[-118.51703805,34.64484475],[-118.51697215,34.6448509],[-118.5169105,34.6448538],[-118.51686575,34.64485698],[-118.5165953,34.6448632],[-118.51632501,34.64487204],[-118.5162801,34.6448726],[-118.51623521,34.64487394],[-118.5159447,34.64487675],[-118.51565421,34.64488058],[-118.5156093,34.6448809],[-118.51556439,34.64488146],[-118.5155098,34.6448816],[-118.51545513,34.64488461],[-118.5154103,34.6448823],[-118.51536539,34.64488262],[-118.5153239,34.64487785],[-118.51528159,34.64488046],[-118.5152375,34.6448734],[-118.51519267,34.64487109],[-118.51516385,34.6448616],[-118.51513273,34.64486167],[-118.51509071,34.64484994],[-118.51504611,34.64484274],[-118.51502285,34.644831],[-118.51499545,34.64482908],[-118.5149555,34.6448122],[-118.51491297,34.64480033],[-118.51488557,34.64478374],[-118.51483912,34.64477093],[-118.5148038,34.6447481],[-118.51475035,34.64471355],[-118.5146969,34.644679],[-118.51466158,34.64465617],[-118.51463435,34.6446383],[-118.51460999,34.64461705],[-118.5145718,34.6445976],[-118.51453657,34.64457468],[-118.51449396,34.64455226],[-118.514453,34.6445371],[-118.51441481,34.64451765],[-118.5143823,34.64450951],[-118.51432934,34.64449134],[-118.5142879,34.6444879],[-118.51424459,34.64447812],[-118.5142135,34.6444775],[-118.5141397,34.6444781],[-118.51409479,34.64447847],[-118.5140531,34.64449125],[-118.51402617,34.64448939],[-118.5139665,34.6445044],[-118.51392416,34.64451083],[-118.5138947,34.64453355],[-118.51386019,34.6445421],[-118.5138229,34.6445627],[-118.51378262,34.64457905],[-118.5137582,34.64459845],[-118.51373421,34.64461111],[-118.5136935,34.6446342],[-118.5136566,34.64465459],[-118.51352675,34.64472945],[-118.51339846,34.64480561],[-118.51336,34.6448247],[-118.51332311,34.64484577],[-118.51327215,34.6448683],[-118.51322483,34.64489598],[-118.51320028,34.64490562],[-118.51316729,34.64491858],[-118.5130901,34.6449489],[-118.51305543,34.64495897],[-118.51300739,34.64497292],[-118.51295555,34.644985],[-118.5129133,34.6449943],[-118.5128663,34.64499675],[-118.5128193,34.6449992],[-118.5127791,34.64500065],[-118.5127389,34.6450021],[-118.51269403,34.64500372],[-118.5126561,34.6449931],[-118.512579,34.644977],[-118.51254865,34.64496845],[-118.5125183,34.6449599],[-118.51245515,34.6449348],[-118.51242807,34.64493172],[-118.512392,34.6449097],[-118.51235156,34.64489363],[-118.5123328,34.64487355],[-118.51230476,34.64486401],[-118.5122736,34.6448374],[-118.51223753,34.64481538],[-118.51221124,34.64479013],[-118.5121549,34.64473605],[-118.51210332,34.64469351],[-118.51206575,34.64466253],[-118.51204314,34.64464124],[-118.51201953,34.64462046],[-118.51199589,34.64459911],[-118.5119353,34.64453965],[-118.5119115,34.64451471],[-118.51187357,34.64447497],[-118.51185336,34.64445844],[-118.51180485,34.64441677],[-118.51177739,34.64439577],[-118.51175094,34.64437555],[-118.5117129,34.6443559],[-118.51169263,34.6443411],[-118.5116587,34.64432037],[-118.5115993,34.6442972],[-118.51156126,34.64427755],[-118.51153283,34.64426859],[-118.5114889,34.6442609],[-118.51144719,34.64424719],[-118.5113838,34.6442425],[-118.51133987,34.64423481],[-118.51130843,34.64423332],[-118.5112645,34.644241],[-118.51121211,34.64425016],[-118.5111541,34.6442603],[-118.51111017,34.64426798],[-118.51107843,34.64428477],[-118.5110436,34.6443081],[-118.51100384,34.6443253],[-118.5109597,34.6443643],[-118.51093211,34.64438278],[-118.51091087,34.64439679],[-118.51085035,34.6444364],[-118.51078085,34.64448925],[-118.51075708,34.64450084],[-118.5106297,34.6445615],[-118.51057965,34.64457875],[-118.5105296,34.644596],[-118.5104835,34.64460761],[-118.5104335,34.6446202],[-118.51040185,34.64462451],[-118.5103736,34.64462835],[-118.5103137,34.6446365],[-118.51026939,34.64464253],[-118.51023601,34.64464145],[-118.51020355,34.6446404],[-118.51016872,34.64464457],[-118.51013806,34.64464824],[-118.5100934,34.6446443],[-118.51004853,34.64464589],[-118.51002118,34.64464081],[-118.5099915,34.6446353],[-118.50994347,34.64463607],[-118.5098896,34.6446263],[-118.50984494,34.64462236],[-118.5097517,34.6445946],[-118.50970667,34.64458688],[-118.50965481,34.64457798],[-118.5096138,34.6445629],[-118.50957865,34.64455482],[-118.50950435,34.64452265],[-118.50943449,34.64449986],[-118.5093949,34.6444824],[-118.50936319,34.64447074],[-118.5092957,34.64443865],[-118.50927038,34.64442922],[-118.50923373,34.64441557],[-118.5091965,34.6443949],[-118.50915691,34.64437744],[-118.50913255,34.6443594],[-118.50910337,34.64434729],[-118.5090686,34.6443239],[-118.50903151,34.64430331],[-118.5090003,34.64427795],[-118.50895945,34.64426125],[-118.508932,34.644232],[-118.50889723,34.64420861],[-118.5087565,34.644045],[-118.50861092,34.64388556],[-118.508581,34.643858],[-118.50855355,34.64382875],[-118.5084305,34.64371895],[-118.50838131,34.64367303],[-118.50828166,34.64357813],[-118.5082493,34.6435525],[-118.50821938,34.64352494],[-118.5081604,34.6434821],[-118.50813379,34.64345386],[-118.50811085,34.64342952],[-118.5080715,34.6434117],[-118.50803914,34.64338607],[-118.5079893,34.64337339],[-118.50795577,34.643353],[-118.5078962,34.6433323],[-118.50785685,34.64331448],[-118.50781898,34.64330916],[-118.5077495,34.6432994],[-118.50764697,34.64327322],[-118.50761545,34.64326842],[-118.50755947,34.64325678],[-118.50748065,34.64324562],[-118.50726185,34.64321465],[-118.50709422,34.64318686],[-118.50696569,34.64316556],[-118.5069209,34.6431628],[-118.50687673,34.64315608],[-118.5067811,34.6431542],[-118.50668609,34.64314287],[-118.50665667,34.64314466],[-118.50662753,34.64314475],[-118.50659651,34.64314284],[-118.5063628,34.64316052],[-118.50622555,34.6431709],[-118.50614124,34.64317595],[-118.50589977,34.64319039],[-118.50585783,34.6431929],[-118.5058098,34.6431962],[-118.50576501,34.64319893],[-118.50562905,34.64320853],[-118.50549085,34.6432183],[-118.50531787,34.64323274],[-118.50521681,34.64324118],[-118.5051719,34.6432404],[-118.50512714,34.6432435],[-118.50509616,34.64324213],[-118.5049824,34.6432371],[-118.50483674,34.64324185],[-118.5047929,34.6432338],[-118.50474799,34.64323302],[-118.504665,34.6432103],[-118.50457943,34.64319916],[-118.5045371,34.6431868],[-118.50449326,34.64317875],[-118.50442565,34.64315425],[-118.50435354,34.64313953],[-118.5043142,34.6431217],[-118.50427187,34.64310934],[-118.5042327,34.64308475],[-118.50419746,34.64307502],[-118.5041512,34.6430478],[-118.5041133,34.64302135],[-118.50406298,34.64299015],[-118.50401683,34.64296183],[-118.5039877,34.6429337],[-118.50395345,34.6429098],[-118.5039253,34.64287345],[-118.50388584,34.64284497],[-118.5038629,34.6428132],[-118.50383377,34.64278507],[-118.50380955,34.6427393],[-118.50377139,34.64270018],[-118.5037562,34.6426654],[-118.50373326,34.64263363],[-118.5037158,34.6425729],[-118.50368197,34.64251696],[-118.5036754,34.6424804],[-118.50366021,34.64244562],[-118.50365965,34.64240553],[-118.50364108,34.6423397],[-118.5036435,34.6423028],[-118.50363693,34.64226624],[-118.50365,34.64220385],[-118.50364241,34.64213999],[-118.5036565,34.6421049],[-118.50365892,34.642068],[-118.5036872,34.64202845],[-118.50369309,34.64199809],[-118.5037179,34.641952],[-118.50373199,34.64191691],[-118.5037543,34.64189905],[-118.50376023,34.64187325],[-118.50378078,34.64185494],[-118.50382942,34.64180225],[-118.50385131,34.64178848],[-118.50390211,34.64175651],[-118.5039544,34.6417236],[-118.50399008,34.64170115],[-118.50407905,34.64163555],[-118.50410231,34.6416217],[-118.50417702,34.64157723],[-118.5042037,34.6415475],[-118.50423778,34.64152343],[-118.50426765,34.64147625],[-118.50432224,34.64144114],[-118.5043316,34.641405],[-118.50435828,34.64137527],[-118.50434705,34.64134535],[-118.50436124,34.64132629],[-118.5043625,34.6412857],[-118.50437186,34.64124956],[-118.5043602,34.6412274],[-118.50436934,34.64120483],[-118.5043579,34.6411691],[-118.50435644,34.64113217],[-118.5043384,34.6411082],[-118.504343,34.64107848],[-118.5043189,34.6410473],[-118.50431049,34.64102102],[-118.50427875,34.64099535],[-118.50427571,34.64096421],[-118.5042386,34.6409434],[-118.5042145,34.64091222],[-118.5041679,34.64090375],[-118.50413944,34.64087666],[-118.5041066,34.6408669],[-118.50406009,34.64084329],[-118.50401835,34.64084065],[-118.50398285,34.64082687],[-118.50394995,34.64081953],[-118.50389726,34.64080464],[-118.50362141,34.64074454],[-118.5033008,34.6406747],[-118.50289061,34.64058623],[-118.5027038,34.64054594],[-118.5026621,34.6405322],[-118.50262183,34.64052322],[-118.5025257,34.64048725],[-118.50243011,34.64045773],[-118.5023893,34.6404423],[-118.5023476,34.64042856],[-118.50227836,34.64040109],[-118.5022397,34.64038575],[-118.50218033,34.64036194],[-118.50213198,34.64034255],[-118.5021019,34.64033296],[-118.50204929,34.64031377],[-118.50201204,34.64030339],[-118.50196865,34.64028897],[-118.50193082,34.64027405],[-118.5019034,34.64026808],[-118.50186659,34.64025797],[-118.50180997,34.64024435],[-118.5017657,34.6402381],[-118.50172228,34.64022865],[-118.50169024,34.64022069],[-118.5016424,34.6402207],[-118.50160742,34.64022128],[-118.50154937,34.64022224],[-118.50148289,34.64022334],[-118.50142122,34.64024273],[-118.50137565,34.64025166],[-118.50134929,34.64026235],[-118.5013118,34.6402827],[-118.50127076,34.64029773],[-118.5012403,34.6403215],[-118.50120281,34.64034185],[-118.5011881,34.64036415],[-118.50115959,34.64037541],[-118.50113981,34.64040162],[-118.50110403,34.64043284],[-118.5010279,34.6405499],[-118.5009696,34.64063026],[-118.50094593,34.64066288],[-118.5009199,34.640693],[-118.50089621,34.64072439],[-118.50085905,34.6407634],[-118.50082872,34.64080669],[-118.5007982,34.6408338],[-118.50077217,34.64086392],[-118.500744,34.64088195],[-118.50072483,34.64090697],[-118.5006898,34.6409301],[-118.50065928,34.64095721],[-118.5006203,34.640976],[-118.50058829,34.64100155],[-118.5005508,34.6410219],[-118.50051577,34.64104503],[-118.5004377,34.6410833],[-118.50040146,34.64110331],[-118.50036248,34.64112484],[-118.5003246,34.6411447],[-118.50029031,34.64116331],[-118.50017185,34.6412248],[-118.50011894,34.64125294],[-118.50005744,34.64128565],[-118.5000191,34.6413049],[-118.49999486,34.64131761],[-118.4998801,34.6413747],[-118.49978061,34.64142693],[-118.49974409,34.64144317],[-118.49970276,34.64146375],[-118.49962485,34.6414962],[-118.49954995,34.64153346],[-118.4995086,34.6415479],[-118.49947948,34.64156085],[-118.4994171,34.64157985],[-118.49937141,34.64159888],[-118.49932914,34.64161084],[-118.49928425,34.64162624],[-118.4992304,34.6416377],[-118.49917938,34.64165695],[-118.4991352,34.6416636],[-118.49909256,34.6416752],[-118.49897332,34.6416881],[-118.49884959,34.64170961],[-118.4988049,34.6417133],[-118.49876072,34.64171995],[-118.498557,34.64173375],[-118.49847288,34.64173974],[-118.49835343,34.64174823],[-118.49832297,34.64175233],[-118.49829086,34.6417557],[-118.49821647,34.64176667],[-118.49815816,34.64177159],[-118.49806675,34.6417793],[-118.497917,34.64179179],[-118.4978727,34.6417979],[-118.49782809,34.64180218],[-118.4977184,34.6418192],[-118.49760737,34.64183058],[-118.49757056,34.64183902],[-118.49753448,34.64184459],[-118.49745685,34.6418651],[-118.49740526,34.64187392],[-118.4973496,34.6418897],[-118.49730633,34.64189962],[-118.49722985,34.6419281],[-118.49719212,34.641938],[-118.49714974,34.64194912],[-118.4971101,34.6419665],[-118.49706825,34.64197992],[-118.49702095,34.6420056],[-118.49696936,34.64202444],[-118.4969318,34.6420447],[-118.49689216,34.64206208],[-118.4968521,34.6420877],[-118.49680323,34.64210383],[-118.4967724,34.6421307],[-118.49673484,34.64215096],[-118.4967194,34.6421769],[-118.496696,34.64219531],[-118.4966664,34.6422231],[-118.49663557,34.64224997],[-118.49659576,34.64227909],[-118.4965729,34.6423109],[-118.4965433,34.64233869],[-118.4965246,34.6423781],[-118.49649444,34.64241149],[-118.4964763,34.6424453],[-118.49645344,34.64247711],[-118.49641648,34.6425427],[-118.49640659,34.64257321],[-118.49638676,34.64261221],[-118.4963782,34.64264436],[-118.49635385,34.64273575],[-118.49633801,34.64279117],[-118.49631874,34.64285855],[-118.4963028,34.6428931],[-118.49629122,34.6429288],[-118.49627629,34.64295348],[-118.49626673,34.64297686],[-118.49626022,34.6430004],[-118.49624003,34.64303028],[-118.49621621,34.64306555],[-118.49620576,34.64308992],[-118.4961795,34.6431199],[-118.4961088,34.6432006],[-118.4960652,34.64324135],[-118.4960216,34.6432821],[-118.49597454,34.64331599],[-118.49594057,34.64334045],[-118.4959196,34.64335555],[-118.4958881,34.64337824],[-118.49580682,34.64342834],[-118.4957338,34.64347335],[-118.4956603,34.64352141],[-118.49558286,34.64357205],[-118.4955457,34.6435928],[-118.49552326,34.64360705],[-118.49543474,34.64365514],[-118.49540325,34.64367301],[-118.49533784,34.6437118],[-118.4952991,34.6437305],[-118.49526194,34.64375125],[-118.49521569,34.64377161],[-118.4951795,34.64379036],[-118.49513409,34.64381838],[-118.4950917,34.6438306],[-118.49506264,34.64384463],[-118.4949908,34.6438597],[-118.49493349,34.64387989],[-118.4948899,34.6438888],[-118.49484751,34.64390102],[-118.49482064,34.64390501],[-118.49478425,34.6439104],[-118.4947233,34.64392835],[-118.4946786,34.643932],[-118.49463501,34.64394091],[-118.4945679,34.64394105],[-118.4945021,34.64394902],[-118.4944572,34.6439501],[-118.4944125,34.64395375],[-118.4943763,34.64395205],[-118.49434031,34.64395333],[-118.4942954,34.643954],[-118.4942505,34.64395508],[-118.4941018,34.6439569],[-118.49395289,34.64395611],[-118.4939082,34.6439598],[-118.49386329,34.64396047],[-118.4938065,34.6439682],[-118.49376542,34.64396529],[-118.49372584,34.64397032],[-118.49368544,34.6439782],[-118.49359015,34.64401085],[-118.49351483,34.64402726],[-118.49348499,34.6440408],[-118.49343328,34.64405771],[-118.49340256,34.64407518],[-118.4933764,34.64409005],[-118.49334831,34.64410156],[-118.49331517,34.64411513],[-118.4932773,34.644135],[-118.49323797,34.64415284],[-118.49291225,34.64432655],[-118.49279056,34.64439118],[-118.49258617,34.64449972],[-118.4925472,34.6445181],[-118.49251081,34.64453719],[-118.49246557,34.64455753],[-118.4924274,34.6445746],[-118.49234864,34.64461608],[-118.4923076,34.6446311],[-118.49226863,34.64464948],[-118.49206285,34.6447207],[-118.49194776,34.64476052],[-118.49185706,34.64479191],[-118.4918181,34.6448103],[-118.49177706,34.64482532],[-118.49171495,34.644859],[-118.49164885,34.64488681],[-118.49162469,34.64490043],[-118.49157284,34.64492609],[-118.49133615,34.6450631],[-118.49119151,34.64514436],[-118.49109728,34.64519729],[-118.4910605,34.6452185],[-118.49102345,34.64523939],[-118.49092984,34.64529384],[-118.49084233,34.64534409],[-118.49078991,34.6453744],[-118.49071836,34.64541576],[-118.49064573,34.64545713],[-118.4905877,34.6454911],[-118.49055092,34.64551231],[-118.49052009,34.64553084],[-118.4904373,34.6455806],[-118.49032343,34.6456486],[-118.49029466,34.64566553],[-118.49025051,34.64569176],[-118.49004648,34.64581163],[-118.48996295,34.6458607],[-118.48985127,34.64592616],[-118.48967517,34.64602939],[-118.48964371,34.64604845],[-118.48960247,34.6460728],[-118.48954168,34.64610988],[-118.4894619,34.64615855],[-118.48935933,34.64621888],[-118.48931948,34.64624231],[-118.4892848,34.6462658],[-118.48924863,34.64628771],[-118.4891026,34.6463892],[-118.48895173,34.64648612],[-118.4889204,34.6465126],[-118.48888572,34.64653609],[-118.48881809,34.64659821],[-118.48878593,34.64662523],[-118.48872132,34.64667669],[-118.48869834,34.64669942],[-118.48867846,34.64671705],[-118.48862758,34.64676648],[-118.4885646,34.64683175],[-118.48848929,34.64690391],[-118.48846338,34.64692874],[-118.4884366,34.6469584],[-118.48840788,34.64698681],[-118.48819945,34.64722105],[-118.48798939,34.64745423],[-118.48796542,34.6474803],[-118.48793552,34.64751336],[-118.48774315,34.6477221],[-118.48757843,34.647901],[-118.48755089,34.6479309],[-118.487524,34.6479605],[-118.48749691,34.64798997],[-118.48724927,34.64826286],[-118.48723295,34.64828085],[-118.48721277,34.64830319],[-118.48696978,34.64857223],[-118.4869419,34.6486012],[-118.48692036,34.6486249],[-118.48689883,34.64864683],[-118.4868807,34.6486648],[-118.48684699,34.64869918],[-118.4868195,34.6487284],[-118.48679162,34.64875737],[-118.48677376,34.64877666],[-118.4867527,34.6487994],[-118.48672521,34.64882862],[-118.4866487,34.64891425],[-118.4866191,34.64894822],[-118.48657339,34.64900067],[-118.4865447,34.6490291],[-118.48651787,34.64905873],[-118.48644925,34.64912379],[-118.4863784,34.6491961],[-118.4863484,34.6492236],[-118.48631971,34.64925203],[-118.48624015,34.6493228],[-118.48621293,34.64934984],[-118.48616523,34.64939723],[-118.4861319,34.649422],[-118.4861019,34.6494495],[-118.4859959,34.64952305],[-118.48589496,34.64960101],[-118.4858599,34.6496241],[-118.48582657,34.64964887],[-118.48572205,34.6497149],[-118.48568987,34.64973729],[-118.48562137,34.64978496],[-118.48559616,34.64979903],[-118.48554914,34.64982879],[-118.4854059,34.6499052],[-118.48532828,34.64994858],[-118.48526484,34.64998404],[-118.4852276,34.6500047],[-118.48519969,34.65002027],[-118.48499005,34.6501365],[-118.48480181,34.65024096],[-118.48475375,34.65026761],[-118.4847154,34.65028888],[-118.48467971,34.65030866],[-118.48463602,34.65033287],[-118.48459043,34.65035813],[-118.4844647,34.65042791],[-118.4844274,34.6504485],[-118.48439015,34.65046915],[-118.4842079,34.65056965],[-118.48402611,34.65067073],[-118.48399924,34.65068503],[-118.4839511,34.65071139],[-118.48384572,34.65076709],[-118.48375905,34.6508129],[-118.48364628,34.65087284],[-118.48356732,34.65091481],[-118.4835297,34.650935],[-118.48349199,34.65095507],[-118.48322925,34.65109625],[-118.48296503,34.65123566],[-118.4829288,34.6512575],[-118.48290073,34.65127257],[-118.4826378,34.65143295],[-118.48250542,34.6515113],[-118.48238131,34.65158475],[-118.4823468,34.6516084],[-118.48231057,34.65163024],[-118.48218492,34.65171796],[-118.4820808,34.65179065],[-118.48184911,34.65194906],[-118.4818148,34.6519729],[-118.48178029,34.65199655],[-118.48167653,34.65206893],[-118.48164221,34.65209277],[-118.48153451,34.65216717],[-118.4815005,34.6521913],[-118.48146619,34.65221514],[-118.48139294,34.65226749],[-118.4813711,34.6522831],[-118.48133152,34.65230965],[-118.48127334,34.65234868],[-118.4812417,34.6523749],[-118.48094988,34.65203789],[-118.480853,34.651926],[-118.48082909,34.65189281],[-118.480531,34.651479],[-118.48038388,34.65127432],[-118.480374,34.65125],[-118.48036475,34.65122773],[-118.480352,34.651197],[-118.48035355,34.65111333],[-118.480354,34.651089],[-118.48036919,34.65105137],[-118.48037956,34.65102569],[-118.480398,34.65098],[-118.480434,34.650846],[-118.480516,34.650727],[-118.480531,34.650644],[-118.48052344,34.65060678],[-118.480518,34.65058],[-118.480471,34.650552],[-118.48039731,34.65055529],[-118.480337,34.650592],[-118.480246,34.650679],[-118.48021674,34.65073752],[-118.480198,34.650775],[-118.4801837,34.65092887],[-118.4801757,34.65095507],[-118.480152,34.651024],[-118.480034,34.651121],[-118.47994044,34.65117177],[-118.47987,34.65121],[-118.4797792,34.65123361],[-118.47972,34.651249],[-118.47952724,34.65125682],[-118.4794,34.651244],[-118.47928,34.651217],[-118.47919604,34.651177],[-118.479089,34.651126],[-118.47897463,34.65105413],[-118.47893329,34.65102815],[-118.478906,34.651011],[-118.478794,34.650996],[-118.47869336,34.65100346],[-118.47866197,34.65100578],[-118.478632,34.651008],[-118.478451,34.650984],[-118.478362,34.650979],[-118.478289,34.651028],[-118.478228,34.651219],[-118.47816879,34.65131118],[-118.478149,34.651342],[-118.4780486,34.65142222],[-118.47797056,34.65148456],[-118.47790877,34.65153018],[-118.477707,34.651675],[-118.47759398,34.65170448],[-118.47747993,34.65171098],[-118.477442,34.651713],[-118.47741632,34.65170016],[-118.477356,34.65167],[-118.477356,34.651632],[-118.477421,34.651583],[-118.47744559,34.65157009],[-118.477501,34.651541],[-118.47755234,34.65151263],[-118.477577,34.651499],[-118.47758859,34.65145328],[-118.477595,34.651428],[-118.47762251,34.65135985],[-118.477639,34.651319],[-118.47734565,34.65069892],[-118.47726188,34.65052184],[-118.476945,34.649852],[-118.47679092,34.64980803],[-118.476535,34.649735],[-118.47611496,34.64961546],[-118.47469254,34.64921065],[-118.47266151,34.64863262],[-118.471296,34.648244],[-118.471131,34.648198],[-118.47107061,34.64820971],[-118.47102118,34.6482193],[-118.470899,34.648243],[-118.4702813,34.64836328],[-118.46991022,34.64843553],[-118.469877,34.648442],[-118.469247,34.648565],[-118.459629,34.645754],[-118.457728,34.646279],[-118.455558,34.645854],[-118.454184,34.645585],[-118.45415106,34.64557928],[-118.454063,34.645564],[-118.45368967,34.64563284],[-118.45344859,34.64567729],[-118.453038,34.645753],[-118.4527588,34.64575558],[-118.45254625,34.64575754],[-118.452063,34.645762],[-118.4514177,34.64566433],[-118.45124293,34.64563788],[-118.451105,34.645617],[-118.449603,34.645537],[-118.447849,34.645031],[-118.44760432,34.64495515],[-118.44748674,34.6449187],[-118.44703197,34.64477354],[-118.447004,34.644758],[-118.446599,34.644539],[-118.44653098,34.64452145],[-118.44649316,34.64451169],[-118.44625796,34.64445101],[-118.4449426,34.64398991],[-118.443913,34.643629],[-118.44290255,34.6433156]]]},"properties":{"OBJECTID":1098005,"COUNTY":"LOS ANGELES","CITY":"LAC","ZONE_NAME":null,"ZONE_ID":"US-CA-XLA-LAC-E016","STATUS":"Evacuation Warning","EVENT_TYPE":null,"CRITICAL_INFO":null,"PUBLIC_INFO":null,"EDIT_DATE":1791069876000,"STATEWIDE_LAST_UPDATED":null,"NOTES":"Local authorities are responding to a fast-moving Wildfire. An EVACUATION ORDER has been issued. LEAVE NOW. Your safety is in danger if you stay. Call 911 if you need emergency assistance. Visit Alertla.org for more information.","SHAPE__Area":109902475.69140625,"SHAPE__Length":67902.718349762945,"GlobalID":"585fdc97-1bee-4820-9b77-46220e6ccf5e","CreationDate":1791069932000,"Creator":"CalOES_Scripts","EditDate":1791069932000,"Editor":"CalOES_Scripts"}},{"type":"Feature","id":1098006,"geometry":{"type":"Polygon","coordinates":[[[-118.45945646,34.59159589],[-118.45950097,34.59158409],[-118.45953495,34.59157508],[-118.460267,34.591381],[-118.4604142,34.59134133],[-118.460549,34.591305],[-118.46063012,34.59128863],[-118.460663,34.591282],[-118.46074086,34.59126192],[-118.460915,34.591217],[-118.461159,34.591176],[-118.4612146,34.59114199],[-118.461365,34.59105],[-118.46139803,34.59101103],[-118.461415,34.590991],[-118.461592,34.590932],[-118.461753,34.590911],[-118.46178851,34.59090803],[-118.46198,34.590892],[-118.462107,34.590878],[-118.46217396,34.59086126],[-118.46220502,34.59085273],[-118.46226,34.590832],[-118.46238869,34.59075987],[-118.462417,34.590744],[-118.462447,34.590727],[-118.462547,34.590707],[-118.46267625,34.59070004],[-118.46277,34.590695],[-118.463105,34.5907],[-118.463444,34.5907],[-118.463585,34.590678],[-118.463644,34.590669],[-118.46372544,34.5906445],[-118.463767,34.590632],[-118.46382139,34.59060051],[-118.463862,34.590577],[-118.463962,34.590569],[-118.46402223,34.59055371],[-118.464092,34.590536],[-118.464234,34.59048],[-118.46449073,34.59034277],[-118.46451975,34.59032712],[-118.464688,34.590235],[-118.46480649,34.59015318],[-118.46485469,34.59012373],[-118.464928,34.59008],[-118.465055,34.590059],[-118.465143,34.590058],[-118.465213,34.590079],[-118.46524162,34.59010854],[-118.465249,34.590152],[-118.465409,34.590229],[-118.465669,34.590451],[-118.46576,34.590493],[-118.46583786,34.5905032],[-118.46592318,34.5904832],[-118.466134,34.590416],[-118.466233,34.590401],[-118.466363,34.590394],[-118.4665,34.590401],[-118.466584,34.590428],[-118.46664657,34.59045622],[-118.466737,34.590497],[-118.46677404,34.59054058],[-118.466805,34.590577],[-118.466943,34.590687],[-118.467049,34.590737],[-118.467217,34.590779],[-118.467339,34.590821],[-118.467553,34.590859],[-118.467675,34.590897],[-118.467957,34.590966],[-118.46799628,34.59098538],[-118.468034,34.591004],[-118.468163,34.591187],[-118.468286,34.591317],[-118.46843357,34.59141845],[-118.468659,34.591488],[-118.468858,34.591538],[-118.46910998,34.59157107],[-118.469239,34.591588],[-118.46938055,34.59159405],[-118.46959,34.591603],[-118.46975848,34.59162275],[-118.46988,34.591637],[-118.470063,34.591649],[-118.47020449,34.59164849],[-118.470338,34.591648],[-118.470544,34.591652],[-118.470834,34.591614],[-118.471093,34.5915],[-118.47122583,34.59142146],[-118.471345,34.591351],[-118.471459,34.591255],[-118.47150592,34.59121951],[-118.471574,34.591168],[-118.4716808,34.59114911],[-118.471833,34.591137],[-118.47188121,34.59117389],[-118.471948,34.591225],[-118.4719781,34.59126382],[-118.472039,34.591313],[-118.47223,34.591305],[-118.47228821,34.59132778],[-118.472345,34.591382],[-118.472375,34.591458],[-118.472413,34.591515],[-118.472459,34.591656],[-118.472505,34.591721],[-118.47254198,34.59175555],[-118.472566,34.591778],[-118.472634,34.591801],[-118.47269151,34.5918035],[-118.472795,34.591808],[-118.472894,34.59182],[-118.47295302,34.59185513],[-118.472978,34.59187],[-118.473039,34.591896],[-118.4731,34.591915],[-118.4731386,34.5919343],[-118.473214,34.591961],[-118.473275,34.591965],[-118.473397,34.591961],[-118.47346008,34.59195094],[-118.473718,34.592053],[-118.47378815,34.59207514],[-118.473924,34.592118],[-118.474229,34.592129],[-118.474313,34.592125],[-118.474359,34.592106],[-118.47438844,34.59210262],[-118.47442,34.592099],[-118.474465,34.59208],[-118.4745622,34.59204825],[-118.474664,34.592015],[-118.47472966,34.59199869],[-118.474817,34.591977],[-118.474938,34.591969],[-118.475,34.591976],[-118.475053,34.592003],[-118.475099,34.592045],[-118.47516,34.592167],[-118.475167,34.592217],[-118.475198,34.592278],[-118.475213,34.592331],[-118.475267,34.592392],[-118.47529524,34.59241864],[-118.47532,34.592442],[-118.475427,34.59248],[-118.475633,34.592507],[-118.475824,34.592522],[-118.47622,34.592537],[-118.47664,34.592503],[-118.476907,34.592503],[-118.476998,34.592518],[-118.47709,34.592549],[-118.477189,34.592575],[-118.47721782,34.59259129],[-118.477304,34.59264],[-118.47735765,34.59265128],[-118.477594,34.592701],[-118.477853,34.592732],[-118.478089,34.59277],[-118.47817802,34.59278878],[-118.478326,34.59282],[-118.47840813,34.59283271],[-118.478494,34.592846],[-118.478738,34.592831],[-118.478929,34.592766],[-118.479058,34.592766],[-118.479264,34.592743],[-118.479486,34.592773],[-118.479554,34.592793],[-118.47957,34.592831],[-118.479783,34.593102],[-118.47980971,34.59314229],[-118.479844,34.593194],[-118.479928,34.593289],[-118.47996379,34.59335668],[-118.47999404,34.59340491],[-118.480035,34.593464],[-118.480066,34.593605],[-118.48007068,34.59371006],[-118.480073,34.593762],[-118.480028,34.593888],[-118.479966,34.594025],[-118.47994009,34.5941184],[-118.479928,34.594162],[-118.479913,34.594372],[-118.47991148,34.59441462],[-118.479905,34.594597],[-118.47989,34.594773],[-118.479944,34.595146],[-118.479928,34.595257],[-118.479867,34.595444],[-118.479829,34.595597],[-118.47975542,34.59573716],[-118.479699,34.595909],[-118.479638,34.596054],[-118.47960243,34.59619721],[-118.4796,34.596371],[-118.479549,34.596482],[-118.479599,34.596494],[-118.479657,34.596503],[-118.47973,34.59648],[-118.47976746,34.59645974],[-118.479791,34.596447],[-118.479847,34.596386],[-118.479876,34.596277],[-118.479928,34.596133],[-118.47998133,34.59600857],[-118.479991,34.595986],[-118.48006449,34.59591927],[-118.480165,34.595828],[-118.48027,34.595664],[-118.48031776,34.59556524],[-118.480329,34.595542],[-118.480389,34.595411],[-118.480438,34.595375],[-118.480523,34.595361],[-118.480646,34.595369],[-118.480727,34.595394],[-118.48075955,34.59539601],[-118.480808,34.595399],[-118.48083836,34.59539859],[-118.480882,34.595398],[-118.48090719,34.59538137],[-118.480935,34.595363],[-118.480984,34.595317],[-118.480995,34.595254],[-118.480969,34.595142],[-118.480881,34.594946],[-118.480816,34.594759],[-118.48083,34.594669],[-118.480887,34.594599],[-118.481551,34.594259],[-118.48162875,34.59423217],[-118.481693,34.59421],[-118.481827,34.594195],[-118.48186507,34.59419329],[-118.481916,34.594191],[-118.48200944,34.59420101],[-118.48206749,34.59421294],[-118.482171,34.594239],[-118.48238,34.594329],[-118.482466,34.594369],[-118.482555,34.594374],[-118.4825993,34.59436373],[-118.482669,34.594322],[-118.48268686,34.59427794],[-118.482699,34.594248],[-118.482712,34.594124],[-118.48270317,34.59405212],[-118.482698,34.59401],[-118.482631,34.593899],[-118.48259596,34.59382782],[-118.482567,34.593769],[-118.48256604,34.59369868],[-118.482592,34.593651],[-118.482649,34.593634],[-118.482792,34.593658],[-118.482935,34.593691],[-118.48318452,34.59372608],[-118.483248,34.593735],[-118.483353,34.593772],[-118.483392,34.59382],[-118.48341,34.593931],[-118.4834413,34.5940818],[-118.48345869,34.59412728],[-118.483483,34.594185],[-118.48359,34.594311],[-118.483761,34.594439],[-118.483863,34.594508],[-118.48396,34.594565],[-118.484165,34.5946],[-118.484286,34.594678],[-118.48431026,34.59470334],[-118.484353,34.594748],[-118.484411,34.594779],[-118.48445479,34.59478278],[-118.484565,34.594777],[-118.48459008,34.59475397],[-118.484614,34.594732],[-118.484667,34.594696],[-118.48474,34.59467],[-118.484837,34.594675],[-118.484918,34.594696],[-118.48495134,34.59469682],[-118.484999,34.594698],[-118.48505442,34.5946698],[-118.485155,34.594607],[-118.48519253,34.59459545],[-118.48522,34.594587],[-118.48525109,34.59458522],[-118.48529,34.594583],[-118.48536382,34.59459504],[-118.48542864,34.59461958],[-118.485503,34.594654],[-118.485646,34.594722],[-118.485725,34.594782],[-118.48577522,34.59483358],[-118.485799,34.594858],[-118.48583481,34.59487977],[-118.48588205,34.59489318],[-118.48595,34.594888],[-118.485991,34.594847],[-118.486174,34.59471],[-118.48622108,34.5946527],[-118.48628,34.594581],[-118.486381,34.594414],[-118.486403,34.594369],[-118.486449,34.594334],[-118.48646998,34.59431302],[-118.486525,34.594294],[-118.48655619,34.59429926],[-118.486614,34.594309],[-118.48666907,34.59433487],[-118.486746,34.594371],[-118.4868787,34.59444331],[-118.486913,34.594462],[-118.48695332,34.59448473],[-118.48698093,34.59449483],[-118.487053,34.594505],[-118.48710572,34.59449973],[-118.487133,34.594497],[-118.48718589,34.59448155],[-118.487222,34.594471],[-118.487282,34.594425],[-118.48753058,34.59422219],[-118.487559,34.594199],[-118.487644,34.594182],[-118.487725,34.594187],[-118.48775932,34.59420179],[-118.48781006,34.59423466],[-118.487869,34.594284],[-118.488019,34.594486],[-118.488236,34.594755],[-118.48829,34.594789],[-118.48833589,34.59479228],[-118.48836432,34.59479216],[-118.488421,34.594768],[-118.488486,34.594729],[-118.48853192,34.59466913],[-118.488565,34.594626],[-118.48879941,34.59436194],[-118.488905,34.594243],[-118.48893716,34.59423391],[-118.489055,34.594241],[-118.48913886,34.59425054],[-118.48931,34.59427],[-118.489495,34.59429],[-118.48958101,34.59432214],[-118.489677,34.594358],[-118.489748,34.594433],[-118.48986799,34.59448429],[-118.490073,34.594528],[-118.49013252,34.59454699],[-118.490236,34.59458],[-118.490329,34.594598],[-118.49036909,34.59459086],[-118.490402,34.594585],[-118.49042621,34.59456787],[-118.490467,34.594539],[-118.490469,34.594437],[-118.490448,34.59433511],[-118.490435,34.594272],[-118.490405,34.59412],[-118.49041487,34.59404984],[-118.490432,34.593928],[-118.490469,34.593807],[-118.49051,34.59372],[-118.490647,34.593642],[-118.49067184,34.59363268],[-118.490815,34.593579],[-118.490972,34.593533],[-118.491065,34.593532],[-118.491238,34.593536],[-118.49129749,34.59353549],[-118.491354,34.593535],[-118.49138723,34.59353864],[-118.491427,34.593543],[-118.4914782,34.59357872],[-118.491513,34.593603],[-118.491604,34.593716],[-118.491674,34.593751],[-118.491712,34.593741],[-118.49177244,34.59369888],[-118.491811,34.593672],[-118.491878,34.59357],[-118.491954,34.593486],[-118.49204734,34.59344851],[-118.492076,34.593437],[-118.49217133,34.59340832],[-118.492199,34.5934],[-118.492294,34.593348],[-118.492382,34.593324],[-118.49240741,34.59334046],[-118.492541,34.593427],[-118.49250407,34.59351512],[-118.492344,34.593897],[-118.492317,34.594117],[-118.49230071,34.59415222],[-118.49228,34.594197],[-118.4922782,34.59430844],[-118.492273,34.594477],[-118.492223,34.594695],[-118.492167,34.5948],[-118.492023,34.594926],[-118.4920084,34.59494961],[-118.491989,34.594981],[-118.49200727,34.59501819],[-118.49208634,34.59508499],[-118.492169,34.595141],[-118.49226698,34.59521148],[-118.49228891,34.59524238],[-118.492315,34.595328],[-118.49226,34.595456],[-118.492178,34.595597],[-118.49211908,34.59564674],[-118.492056,34.5957],[-118.49199696,34.59573535],[-118.491904,34.595791],[-118.491874,34.595862],[-118.49187473,34.59589441],[-118.491876,34.595951],[-118.49185079,34.59599147],[-118.491838,34.596012],[-118.49180877,34.59602708],[-118.491743,34.596061],[-118.49170985,34.59608727],[-118.49169,34.596103],[-118.491684,34.596196],[-118.49167,34.596298],[-118.491588,34.596458],[-118.491525,34.596577],[-118.49153,34.596666],[-118.491569,34.596704],[-118.491624,34.596722],[-118.491712,34.596718],[-118.491907,34.59661],[-118.492019,34.596631],[-118.492162,34.596684],[-118.49227,34.596689],[-118.492374,34.596684],[-118.492455,34.596661],[-118.4924898,34.59661349],[-118.492507,34.59659],[-118.49248313,34.59649596],[-118.492474,34.59646],[-118.492414,34.596346],[-118.49242749,34.59627732],[-118.492436,34.596234],[-118.492534,34.596147],[-118.49266,34.596094],[-118.49271309,34.59608712],[-118.492768,34.59608],[-118.492876,34.596092],[-118.492958,34.596123],[-118.49297408,34.5961632],[-118.49299754,34.59622639],[-118.493006,34.59625],[-118.492981,34.596371],[-118.492962,34.596556],[-118.49295861,34.59662313],[-118.492953,34.596734],[-118.492873,34.596968],[-118.492811,34.597173],[-118.492789,34.597275],[-118.49272734,34.59733207],[-118.492695,34.597362],[-118.492551,34.597533],[-118.49252496,34.59758718],[-118.492514,34.59761],[-118.492527,34.597689],[-118.49256689,34.59771716],[-118.492629,34.597761],[-118.492776,34.597836],[-118.49280955,34.59787974],[-118.492832,34.597909],[-118.492876,34.598023],[-118.49293178,34.59811969],[-118.493022,34.598218],[-118.493135,34.598268],[-118.49317991,34.59827016],[-118.493239,34.598273],[-118.493343,34.598265],[-118.49339911,34.59823842],[-118.493438,34.59822],[-118.49351112,34.59817368],[-118.493629,34.598099],[-118.49367538,34.59809086],[-118.493752,34.598092],[-118.493783,34.59812],[-118.493772,34.598155],[-118.49372669,34.5981995],[-118.493632,34.598256],[-118.49356774,34.5982857],[-118.493513,34.598311],[-118.493407,34.598395],[-118.493362,34.598495],[-118.493291,34.598591],[-118.493238,34.598636],[-118.493034,34.598658],[-118.49293515,34.59867435],[-118.492907,34.598679],[-118.492835,34.598734],[-118.492794,34.598823],[-118.49277245,34.59890919],[-118.492762,34.598951],[-118.492709,34.599019],[-118.492594,34.599052],[-118.492298,34.599094],[-118.492206,34.599137],[-118.492112,34.59923],[-118.49203,34.599387],[-118.491948,34.599541],[-118.491928,34.599758],[-118.49191216,34.59994389],[-118.491909,34.599981],[-118.491828,34.600154],[-118.49180259,34.60017902],[-118.491634,34.600345],[-118.491385,34.600596],[-118.49131,34.600744],[-118.49125673,34.60081096],[-118.491205,34.600876],[-118.4911235,34.60092207],[-118.49106078,34.60093765],[-118.491021,34.600945],[-118.490959,34.600907],[-118.490923,34.600857],[-118.49092383,34.60081603],[-118.490925,34.600758],[-118.490849,34.600612],[-118.490787,34.600546],[-118.490694,34.600544],[-118.490507,34.600633],[-118.49038246,34.60072305],[-118.490315,34.600922],[-118.49027929,34.60097302],[-118.490252,34.601012],[-118.490103,34.60108],[-118.489731,34.60119],[-118.489562,34.601208],[-118.48951255,34.60119719],[-118.489411,34.601175],[-118.489251,34.6011],[-118.489162,34.601047],[-118.489112,34.601045],[-118.48907,34.601083],[-118.48903385,34.60114807],[-118.48904344,34.60125619],[-118.489051,34.601294],[-118.489098,34.601341],[-118.48923086,34.60146492],[-118.489321,34.601549],[-118.48939982,34.60162868],[-118.489505,34.601735],[-118.48953,34.601808],[-118.489524,34.601913],[-118.489426,34.602045],[-118.489396,34.60214],[-118.489371,34.602217],[-118.48937,34.602354],[-118.48938034,34.6024008],[-118.489408,34.602526],[-118.489415,34.602695],[-118.48938321,34.60276259],[-118.489296,34.602948],[-118.489256,34.603104],[-118.489219,34.603165],[-118.489116,34.603208],[-118.488923,34.603236],[-118.48881266,34.60327526],[-118.488701,34.603315],[-118.488495,34.603413],[-118.4884062,34.60344518],[-118.488357,34.603463],[-118.48827306,34.60346587],[-118.488211,34.603468],[-118.488061,34.603514],[-118.48801014,34.60354282],[-118.487935,34.603586],[-118.487837,34.603667],[-118.487663,34.603869],[-118.48755295,34.604101],[-118.487423,34.604223],[-118.487282,34.604304],[-118.48725391,34.60430732],[-118.487155,34.604319],[-118.486954,34.604292],[-118.48688981,34.60430337],[-118.486858,34.604309],[-118.48674,34.604375],[-118.486629,34.604443],[-118.486445,34.604512],[-118.486216,34.604642],[-118.48604,34.604664],[-118.48587,34.604662],[-118.485697,34.604703],[-118.48563639,34.60473588],[-118.485415,34.604856],[-118.485274,34.60496],[-118.48526186,34.6049836],[-118.485185,34.605133],[-118.4851331,34.60536654],[-118.48510457,34.6054135],[-118.485045,34.605498],[-118.485055,34.605631],[-118.485093,34.605816],[-118.48531233,34.60623301],[-118.485403,34.606363],[-118.485401,34.606452],[-118.485345,34.606568],[-118.48530259,34.60662813],[-118.485266,34.60668],[-118.485144,34.606745],[-118.484872,34.606854],[-118.484502,34.607062],[-118.48449176,34.60708759],[-118.484509,34.607215],[-118.484535,34.607365],[-118.484495,34.607493],[-118.484375,34.607676],[-118.484272,34.607782],[-118.48424855,34.60784095],[-118.484235,34.607875],[-118.48423053,34.60794539],[-118.484227,34.608001],[-118.48430263,34.60814405],[-118.484424,34.608303],[-118.48446685,34.60836215],[-118.484495,34.608401],[-118.484485,34.608445],[-118.484424,34.6085],[-118.48438438,34.60851128],[-118.484178,34.60857],[-118.4841068,34.60860872],[-118.484064,34.608632],[-118.483965,34.608684],[-118.48390178,34.60874722],[-118.483897,34.609001],[-118.48386567,34.60904905],[-118.483822,34.609116],[-118.48378797,34.60913342],[-118.483738,34.609159],[-118.483572,34.609157],[-118.48349778,34.60915334],[-118.48343,34.60915],[-118.483322,34.609148],[-118.483211,34.609197],[-118.483082,34.609332],[-118.482964,34.609595],[-118.482878,34.609749],[-118.482798,34.609795],[-118.48272056,34.60980258],[-118.482655,34.609809],[-118.482413,34.609822],[-118.482217,34.609875],[-118.482056,34.609928],[-118.48199021,34.60996401],[-118.481961,34.60998],[-118.48192408,34.61002835],[-118.481918,34.610373],[-118.481897,34.610484],[-118.481832,34.610533],[-118.48172369,34.61056304],[-118.481532,34.610559],[-118.48145265,34.6105436],[-118.481362,34.610526],[-118.48122127,34.61049637],[-118.481191,34.61049],[-118.481107,34.6105],[-118.48104938,34.61052675],[-118.481023,34.610539],[-118.480947,34.610646],[-118.480911,34.610773],[-118.48090875,34.61086816],[-118.480907,34.610942],[-118.480954,34.611219],[-118.480949,34.611382],[-118.480931,34.61143],[-118.480854,34.611469],[-118.480754,34.61148],[-118.48061622,34.61141501],[-118.48051231,34.61138258],[-118.48037,34.611344],[-118.480094,34.61121],[-118.47999363,34.61115736],[-118.479869,34.611092],[-118.479691,34.611065],[-118.479341,34.611086],[-118.47916896,34.61114123],[-118.478961,34.611208],[-118.478819,34.61121],[-118.478684,34.611199],[-118.478557,34.61121],[-118.47847,34.611294],[-118.47842872,34.61139719],[-118.478392,34.611489],[-118.478314,34.611646],[-118.478289,34.611736],[-118.478354,34.611961],[-118.478356,34.612073],[-118.478304,34.612169],[-118.478186,34.612256],[-118.477933,34.612339],[-118.477777,34.61243],[-118.477621,34.612537],[-118.47757696,34.61254215],[-118.477467,34.612555],[-118.47740933,34.61253303],[-118.477362,34.612515],[-118.47730209,34.61251241],[-118.477177,34.612507],[-118.476981,34.612548],[-118.47691347,34.61256826],[-118.476881,34.612578],[-118.47680894,34.61262484],[-118.47678523,34.61265437],[-118.476768,34.612681],[-118.47677315,34.6127114],[-118.476789,34.612805],[-118.47679895,34.61294435],[-118.47679598,34.612976],[-118.47678,34.61314],[-118.476673,34.613431],[-118.47664695,34.61344899],[-118.476589,34.613489],[-118.476432,34.613514],[-118.47634085,34.61351207],[-118.476243,34.61351],[-118.476034,34.613487],[-118.47594699,34.6135226],[-118.47589587,34.61359462],[-118.47585472,34.61363945],[-118.475678,34.613822],[-118.47565424,34.61387595],[-118.475641,34.613906],[-118.47563422,34.61398898],[-118.475628,34.614065],[-118.47560366,34.61424113],[-118.475594,34.614311],[-118.475604,34.614438],[-118.475543,34.61449],[-118.47546928,34.61451339],[-118.475398,34.614536],[-118.47518927,34.61456539],[-118.474979,34.614595],[-118.474579,34.614677],[-118.47453372,34.61471801],[-118.47447648,34.614859],[-118.474374,34.615288],[-118.474314,34.615359],[-118.47425358,34.61538166],[-118.47421,34.615398],[-118.47413445,34.61540586],[-118.474037,34.615416],[-118.47388821,34.61539717],[-118.473739,34.61533],[-118.47367281,34.61527484],[-118.473598,34.61523],[-118.47355951,34.61523779],[-118.473514,34.615247],[-118.47348103,34.61527706],[-118.473446,34.615309],[-118.47339528,34.61538271],[-118.473371,34.615418],[-118.47333325,34.61550531],[-118.473256,34.615684],[-118.473173,34.616038],[-118.473076,34.616186],[-118.472973,34.616251],[-118.472854,34.616268],[-118.472715,34.616261],[-118.4725688,34.6162402],[-118.472483,34.616228],[-118.47225081,34.61614323],[-118.47219482,34.6161363],[-118.472111,34.616137],[-118.472004,34.61618],[-118.47194,34.61621611],[-118.471825,34.616281],[-118.47164336,34.61629781],[-118.471544,34.616307],[-118.47150152,34.6163275],[-118.47143,34.616362],[-118.471355,34.616491],[-118.471302,34.6168],[-118.471298,34.616969],[-118.47127858,34.61700017],[-118.47126,34.61703],[-118.47121749,34.61705303],[-118.471188,34.617069],[-118.471065,34.61709],[-118.4709519,34.61707983],[-118.470876,34.617073],[-118.47058101,34.61699556],[-118.470457,34.616963],[-118.470402,34.616891],[-118.470369,34.616773],[-118.470339,34.61657],[-118.470303,34.616491],[-118.470244,34.616437],[-118.47019746,34.61642149],[-118.4701395,34.61642023],[-118.470097,34.616426],[-118.46998947,34.61647497],[-118.469895,34.616518],[-118.469733,34.616536],[-118.46964758,34.61653188],[-118.469401,34.61652],[-118.469262,34.616509],[-118.469054,34.616525],[-118.46901006,34.61651841],[-118.468954,34.61651],[-118.46882417,34.61645216],[-118.468752,34.61642],[-118.46866697,34.61640395],[-118.468609,34.616393],[-118.46851313,34.61639766],[-118.468424,34.616402],[-118.46840047,34.6163908],[-118.468319,34.616352],[-118.468104,34.616176],[-118.467823,34.615956],[-118.46778349,34.61593869],[-118.467718,34.61591],[-118.467629,34.615908],[-118.467568,34.615953],[-118.467508,34.616052],[-118.467465,34.616206],[-118.467405,34.616309],[-118.46727498,34.61637894],[-118.46719731,34.6163976],[-118.467118,34.616411],[-118.4669895,34.61641507],[-118.46696,34.616416],[-118.46691,34.616426],[-118.46689513,34.61646927],[-118.466909,34.616585],[-118.466991,34.616893],[-118.467006,34.61704],[-118.466938,34.617133],[-118.466835,34.617198],[-118.4667978,34.61721288],[-118.46672,34.617244],[-118.466586,34.617287],[-118.466498,34.617355],[-118.46649159,34.61739741],[-118.466485,34.617441],[-118.466525,34.617571],[-118.46652761,34.61771775],[-118.466528,34.61774],[-118.466546,34.617848],[-118.46654059,34.61788096],[-118.466535,34.617915],[-118.46650325,34.61793965],[-118.466459,34.617974],[-118.46632802,34.61800167],[-118.466149,34.618076],[-118.4660929,34.61812088],[-118.466039,34.618164],[-118.465941,34.618295],[-118.465911,34.618366],[-118.4659119,34.61842333],[-118.465913,34.618493],[-118.46593974,34.61854827],[-118.465973,34.618617],[-118.466045,34.618734],[-118.466058,34.618839],[-118.466026,34.618998],[-118.46595704,34.6192467],[-118.465932,34.619337],[-118.465817,34.619587],[-118.46579743,34.6196704],[-118.465754,34.619786],[-118.465655,34.619914],[-118.46558243,34.61995267],[-118.465503,34.619995],[-118.46544501,34.62002923],[-118.46542,34.620044],[-118.465375,34.620072],[-118.465328,34.620128],[-118.46530786,34.62023764],[-118.465301,34.620275],[-118.465311,34.620434],[-118.46533079,34.62048408],[-118.46536,34.620558],[-118.465415,34.620631],[-118.46550641,34.62068722],[-118.465602,34.620746],[-118.465762,34.620862],[-118.465829,34.620941],[-118.46583484,34.62097732],[-118.465847,34.621053],[-118.465811,34.62119],[-118.46575251,34.62128497],[-118.465702,34.621367],[-118.465693,34.621497],[-118.46571925,34.62162102],[-118.465724,34.621726],[-118.465764,34.621831],[-118.465869,34.621913],[-118.46594,34.621966],[-118.46594955,34.62200659],[-118.46593594,34.62204669],[-118.465919,34.622078],[-118.4658277,34.62212762],[-118.465781,34.622153],[-118.46564512,34.62222179],[-118.465621,34.622234],[-118.465514,34.622277],[-118.465437,34.622282],[-118.465344,34.622289],[-118.465121,34.622317],[-118.464976,34.622395],[-118.464855,34.622498],[-118.464791,34.622601],[-118.464741,34.6227],[-118.464694,34.622829],[-118.464623,34.622914],[-118.46456971,34.62294716],[-118.464533,34.62297],[-118.464487,34.623074],[-118.46446,34.623213],[-118.46443359,34.62325324],[-118.464376,34.623341],[-118.464225,34.623494],[-118.464116,34.62368],[-118.46410034,34.62372011],[-118.464075,34.623785],[-118.464062,34.623881],[-118.46407422,34.62397127],[-118.46408479,34.6240001],[-118.464111,34.624062],[-118.464112,34.624129],[-118.46409074,34.6241831],[-118.463991,34.624437],[-118.463902,34.62446],[-118.463825,34.624448],[-118.463686,34.624434],[-118.46358926,34.62443828],[-118.463505,34.624442],[-118.463402,34.624482],[-118.46333764,34.62453815],[-118.463261,34.624605],[-118.463166,34.624669],[-118.4630196,34.62475227],[-118.462948,34.624793],[-118.46275595,34.62500466],[-118.462664,34.625106],[-118.46262772,34.62513898],[-118.462587,34.625176],[-118.462549,34.625234],[-118.46253178,34.62535071],[-118.462522,34.625417],[-118.462464,34.625702],[-118.462435,34.625751],[-118.46239418,34.62576183],[-118.462337,34.625777],[-118.46227852,34.62576475],[-118.462189,34.625746],[-118.46192285,34.62562385],[-118.461733,34.625544],[-118.461639,34.625541],[-118.461567,34.625571],[-118.46154098,34.62559449],[-118.461495,34.625636],[-118.461435,34.625757],[-118.46140827,34.625838],[-118.461439,34.626204],[-118.46148,34.62633],[-118.461501,34.626442],[-118.46149094,34.62658368],[-118.461489,34.626611],[-118.461422,34.626742],[-118.461335,34.626832],[-118.46125075,34.62684516],[-118.461141,34.626852],[-118.460993,34.62683],[-118.460845,34.626819],[-118.46074614,34.62682318],[-118.460703,34.626825],[-118.46067207,34.62683066],[-118.460561,34.626851],[-118.460423,34.626841],[-118.460378,34.626813],[-118.460357,34.626768],[-118.460326,34.626711],[-118.460371,34.626637],[-118.46039484,34.62661592],[-118.460466,34.626553],[-118.46050759,34.62651907],[-118.460542,34.626491],[-118.46057235,34.62645664],[-118.46061,34.626414],[-118.46060387,34.62638183],[-118.460598,34.626351],[-118.46053855,34.62630756],[-118.460281,34.62631],[-118.45997951,34.62632917],[-118.459652,34.62635],[-118.459544,34.626388],[-118.459433,34.626483],[-118.45934603,34.62657551],[-118.459182,34.62675],[-118.459008,34.626976],[-118.458976,34.627065],[-118.4589621,34.62709668],[-118.458933,34.627163],[-118.458861,34.62725],[-118.458773,34.627291],[-118.458562,34.627331],[-118.4584843,34.62736404],[-118.458435,34.627385],[-118.458304,34.627468],[-118.458232,34.627603],[-118.45819015,34.62770464],[-118.458192,34.627798],[-118.458208,34.627876],[-118.45821128,34.6279268],[-118.458214,34.627969],[-118.458176,34.628014],[-118.458049,34.628063],[-118.457838,34.628107],[-118.45770536,34.62812557],[-118.457638,34.628135],[-118.45758537,34.62813373],[-118.457472,34.628131],[-118.45739659,34.62813725],[-118.457291,34.628146],[-118.457181,34.628205],[-118.457142,34.628258],[-118.457044,34.62833],[-118.45698565,34.62835501],[-118.456837,34.628396],[-118.456663,34.628414],[-118.456551,34.628473],[-118.456405,34.628564],[-118.456288,34.628618],[-118.45626528,34.62864229],[-118.45623,34.62868],[-118.456163,34.628803],[-118.45613686,34.62888665],[-118.456098,34.629011],[-118.45609863,34.62905582],[-118.4561,34.629153],[-118.456132,34.629291],[-118.456188,34.629376],[-118.45631348,34.62943225],[-118.456391,34.629467],[-118.456446,34.629523],[-118.456457,34.629608],[-118.45644287,34.6296735],[-118.456435,34.62971],[-118.456402,34.629804],[-118.45636508,34.62983265],[-118.456344,34.629849],[-118.45624,34.629855],[-118.456117,34.629807],[-118.45604132,34.6297839],[-118.455963,34.62976],[-118.45584017,34.62972835],[-118.4558,34.629718],[-118.455736,34.629686],[-118.45568,34.629597],[-118.455608,34.629431],[-118.455573,34.629395],[-118.455509,34.62938],[-118.455361,34.629381],[-118.45518,34.62942],[-118.45506003,34.62945975],[-118.455014,34.629475],[-118.454902,34.629554],[-118.45484,34.629627],[-118.45482893,34.62965537],[-118.454792,34.62975],[-118.45477878,34.62981023],[-118.45476926,34.6298865],[-118.454762,34.62997],[-118.454743,34.630035],[-118.454685,34.630093],[-118.45462758,34.63015595],[-118.45455,34.630241],[-118.454532,34.630322],[-118.45452002,34.63035844],[-118.454485,34.630465],[-118.45443508,34.63051353],[-118.454413,34.630535],[-118.45432438,34.63060843],[-118.454238,34.63068],[-118.454136,34.630758],[-118.454053,34.630779],[-118.45402279,34.63077542],[-118.453994,34.630772],[-118.4539484,34.63075246],[-118.45391,34.630736],[-118.45368883,34.63071827],[-118.453648,34.630715],[-118.453526,34.630737],[-118.453437,34.63076475],[-118.45339429,34.63076666],[-118.45326,34.630736],[-118.453112,34.630709],[-118.452935,34.630683],[-118.452886,34.630688],[-118.45281859,34.63071811],[-118.452783,34.630734],[-118.452531,34.630932],[-118.4525055,34.63095356],[-118.452395,34.631047],[-118.452367,34.631117],[-118.452373,34.631186],[-118.452394,34.631242],[-118.452453,34.631294],[-118.452563,34.631379],[-118.452599,34.631435],[-118.452605,34.631528],[-118.45259639,34.63158764],[-118.452592,34.631618],[-118.45257315,34.63164295],[-118.452558,34.631663],[-118.452466,34.631721],[-118.45240548,34.63174699],[-118.45231,34.631788],[-118.452231,34.631818],[-118.45219901,34.63181278],[-118.452073,34.631783],[-118.4520199,34.63176492],[-118.451935,34.631736],[-118.45189945,34.63172525],[-118.451816,34.6317],[-118.451772,34.631693],[-118.451726,34.631695],[-118.451641,34.631721],[-118.4516012,34.63175504],[-118.451565,34.631786],[-118.45151997,34.63184784],[-118.45149,34.631889],[-118.451445,34.631956],[-118.451323,34.632044],[-118.451244,34.632169],[-118.4512514,34.63221924],[-118.451258,34.632264],[-118.451263,34.632347],[-118.451241,34.632421],[-118.451165,34.632482],[-118.45114445,34.63250673],[-118.451101,34.632559],[-118.45109638,34.63260785],[-118.451094,34.632633],[-118.451061,34.632709],[-118.45102,34.632761],[-118.450951,34.632809],[-118.450897,34.632862],[-118.45086915,34.63289273],[-118.4508,34.632969],[-118.45072704,34.6330363],[-118.450684,34.633076],[-118.45066689,34.6330961],[-118.450621,34.63315],[-118.45060287,34.6332107],[-118.450604,34.63328],[-118.45065,34.633349],[-118.4506755,34.63339533],[-118.45071,34.633458],[-118.450717,34.633551],[-118.45069384,34.63361136],[-118.450684,34.633637],[-118.450623,34.63373674],[-118.450536,34.633879],[-118.45042405,34.63401334],[-118.450406,34.634035],[-118.45039593,34.63408843],[-118.450383,34.634157],[-118.450348,34.634397],[-118.45029208,34.63455282],[-118.450273,34.634606],[-118.45017675,34.63478168],[-118.45013,34.634867],[-118.449925,34.635232],[-118.449768,34.635526],[-118.449751,34.635677],[-118.44975842,34.63573578],[-118.44979,34.635986],[-118.449851,34.636066],[-118.449892,34.636188],[-118.449929,34.636305],[-118.44990944,34.63634722],[-118.449891,34.636387],[-118.449793,34.636429],[-118.44974862,34.63641513],[-118.44969118,34.63635949],[-118.449674,34.636337],[-118.449613,34.636268],[-118.4495,34.636265],[-118.44942,34.636329],[-118.449329,34.636378],[-118.4491764,34.63640826],[-118.448971,34.636449],[-118.448794,34.636455],[-118.448721,34.636466],[-118.448603,34.636546],[-118.448453,34.636545],[-118.448379,34.636527],[-118.448298,34.636451],[-118.448224,34.636423],[-118.44816,34.63644],[-118.44808242,34.63649047],[-118.44804,34.636572],[-118.4479651,34.63676587],[-118.447955,34.636792],[-118.44771217,34.63723391],[-118.447683,34.637287],[-118.447651,34.637372],[-118.44763674,34.63740967],[-118.447612,34.637475],[-118.44760521,34.6375395],[-118.4476,34.637589],[-118.447537,34.637643],[-118.447347,34.637783],[-118.447266,34.63791],[-118.4472,34.638053],[-118.447162,34.638139],[-118.44713817,34.63815663],[-118.447089,34.638193],[-118.44702,34.638202],[-118.446941,34.638191],[-118.446862,34.638163],[-118.44683516,34.63813751],[-118.446782,34.638087],[-118.44672411,34.63801093],[-118.446696,34.637974],[-118.446599,34.637747],[-118.446544,34.637711],[-118.446446,34.6377],[-118.446304,34.637735],[-118.446074,34.637839],[-118.44603239,34.63786297],[-118.445772,34.638013],[-118.44547805,34.63829318],[-118.445409,34.638359],[-118.44538989,34.63838528],[-118.445337,34.638458],[-118.44533322,34.63849623],[-118.445329,34.638539],[-118.445355,34.638661],[-118.44536655,34.63873229],[-118.445378,34.638803],[-118.44536712,34.63883906],[-118.44534,34.638929],[-118.44525961,34.63906777],[-118.445245,34.639093],[-118.44522742,34.63913128],[-118.445155,34.639289],[-118.44510441,34.63938699],[-118.44506,34.639473],[-118.444997,34.639551],[-118.444895,34.639593],[-118.44483548,34.63960073],[-118.444718,34.639616],[-118.444585,34.639601],[-118.444427,34.639566],[-118.444318,34.639555],[-118.4442456,34.63956285],[-118.444186,34.639606],[-118.444139,34.639692],[-118.44410057,34.63980761],[-118.444017,34.640059],[-118.44400787,34.64017013],[-118.444005,34.640205],[-118.443991,34.640238],[-118.44397657,34.64026611],[-118.443918,34.640304],[-118.443849,34.640325],[-118.443732,34.640355],[-118.44368778,34.64038067],[-118.443639,34.640409],[-118.443504,34.640524],[-118.443427,34.640635],[-118.44340458,34.64072306],[-118.443399,34.640745],[-118.443435,34.640838],[-118.44350554,34.64097142],[-118.443527,34.641012],[-118.443627,34.641125],[-118.443633,34.641173],[-118.443624,34.641214],[-118.4435991,34.64122671],[-118.443575,34.641239],[-118.443487,34.641248],[-118.443393,34.641254],[-118.44333,34.641266],[-118.44330056,34.64129111],[-118.443252,34.641349],[-118.44325667,34.64140035],[-118.443259,34.641426],[-118.44325434,34.64149867],[-118.443247,34.641613],[-118.443206,34.641801],[-118.44320368,34.64182887],[-118.443233,34.641926],[-118.44331653,34.64204566],[-118.443374,34.642128],[-118.44342757,34.64220703],[-118.443475,34.642277],[-118.44349764,34.64229398],[-118.443555,34.642337],[-118.443615,34.642385],[-118.443699,34.642441],[-118.443744,34.642485],[-118.443775,34.642542],[-118.44378,34.642583],[-118.44376413,34.64262234],[-118.44370406,34.64265999],[-118.443659,34.642677],[-118.443585,34.642674],[-118.443492,34.642663],[-118.443369,34.642681],[-118.443173,34.642744],[-118.44292591,34.64326625],[-118.44290255,34.6433156],[-118.44230699,34.64313088],[-118.442072,34.643058],[-118.44200501,34.64306562],[-118.441949,34.643072],[-118.441826,34.643065],[-118.44167999,34.64307025],[-118.44163873,34.64307595],[-118.441536,34.643101],[-118.44145634,34.64314052],[-118.44142294,34.64315708],[-118.441298,34.643246],[-118.44126849,34.64327215],[-118.44123147,34.64330497],[-118.44121,34.643324],[-118.44119822,34.64334755],[-118.441177,34.64339],[-118.441154,34.643476],[-118.44114069,34.64359657],[-118.441137,34.64363],[-118.44112857,34.64369691],[-118.44112442,34.64372993],[-118.44112,34.643765],[-118.441086,34.643814],[-118.441033,34.643847],[-118.44097803,34.64384958],[-118.4409508,34.64385085],[-118.440796,34.643842],[-118.44077448,34.6438558],[-118.44074353,34.64390447],[-118.440725,34.643956],[-118.440724,34.64400107],[-118.44072346,34.64402552],[-118.440722,34.644091],[-118.440674,34.644181],[-118.440577,34.644247],[-118.44044,34.644277],[-118.44029535,34.64426645],[-118.44025707,34.64426366],[-118.440105,34.644244],[-118.439977,34.644242],[-118.439874,34.644263],[-118.43984991,34.64427898],[-118.439767,34.644334],[-118.43973303,34.64435688],[-118.43971094,34.64437177],[-118.439672,34.644398],[-118.439626,34.644413],[-118.439508,34.644414],[-118.43947331,34.6444029],[-118.439433,34.64439],[-118.43939622,34.64436874],[-118.4393663,34.64435145],[-118.439324,34.644327],[-118.43928711,34.64430669],[-118.43925478,34.6442889],[-118.439215,34.644267],[-118.43916628,34.6442583],[-118.439131,34.644252],[-118.439047,34.644273],[-118.43899,34.644339],[-118.43896286,34.64437893],[-118.438937,34.644417],[-118.438883,34.644446],[-118.43881,34.644467],[-118.438731,34.644484],[-118.4386516,34.64448713],[-118.43859929,34.6444892],[-118.43854906,34.64450789],[-118.438452,34.644544],[-118.43840966,34.64456036],[-118.43836882,34.64457614],[-118.438333,34.64458998],[-118.438207,34.644596],[-118.43817601,34.64459356],[-118.438118,34.644589],[-118.4380741,34.64457837],[-118.43803891,34.64456985],[-118.43799,34.644558],[-118.437851,34.644523],[-118.43769668,34.64447942],[-118.43766709,34.64447106],[-118.43761003,34.64444902],[-118.437483,34.644392],[-118.43743646,34.64437009],[-118.43740776,34.64435657],[-118.43738161,34.64434426],[-118.437243,34.644279],[-118.437185,34.644253],[-118.437088,34.644259],[-118.4370596,34.64427459],[-118.437037,34.644287],[-118.436915,34.644363],[-118.436774,34.644429],[-118.43671995,34.64443875],[-118.436652,34.644451],[-118.436535,34.644442],[-118.436373,34.644412],[-118.436321,34.644413],[-118.436263,34.644424],[-118.436147,34.644415],[-118.43609876,34.64440232],[-118.43603331,34.64438512],[-118.435835,34.64437],[-118.43580831,34.64437473],[-118.435739,34.644387],[-118.435559,34.644459],[-118.435482,34.644487],[-118.43544604,34.64448147],[-118.435417,34.644477],[-118.435307,34.644457],[-118.435177,34.644437],[-118.43515037,34.64442683],[-118.43511645,34.64441388],[-118.435067,34.644395],[-118.434989,34.644396],[-118.434931,34.644434],[-118.43492065,34.64451725],[-118.43491727,34.64454449],[-118.434909,34.644611],[-118.43489774,34.64465281],[-118.43488377,34.64470472],[-118.43486,34.644793],[-118.434875,34.644905],[-118.434941,34.644969],[-118.43500186,34.64501769],[-118.435021,34.645122],[-118.435022,34.645165],[-118.43500274,34.64518491],[-118.43497515,34.64521343],[-118.4349491,34.64524036],[-118.43485624,34.64531747],[-118.43480048,34.64536139],[-118.434754,34.645398],[-118.43426,34.645602],[-118.43372,34.6458],[-118.43365504,34.64582],[-118.4335947,34.64583858],[-118.43349153,34.64587035],[-118.43334,34.645917],[-118.433129,34.646016],[-118.43305471,34.64605349],[-118.43302398,34.64606899],[-118.432827,34.646164],[-118.432753,34.646237],[-118.43269464,34.64626111],[-118.43266046,34.64627524],[-118.432586,34.646306],[-118.432424,34.646344],[-118.43228183,34.64636993],[-118.43224037,34.64637749],[-118.432095,34.646404],[-118.43206535,34.64641505],[-118.43196003,34.64645433],[-118.431623,34.64658],[-118.43157762,34.6466129],[-118.43155523,34.64662913],[-118.43153051,34.64669459],[-118.43153711,34.64681132],[-118.43153994,34.6468612],[-118.43153093,34.64689202],[-118.43135566,34.64699463],[-118.43130397,34.64699921],[-118.431256,34.646997],[-118.4312373,34.64697892],[-118.431135,34.64688],[-118.43104412,34.64680043],[-118.430926,34.646697],[-118.43085507,34.64667436],[-118.43079096,34.6466539],[-118.4307514,34.64664128],[-118.43070867,34.64663963],[-118.43047,34.646661],[-118.430408,34.646687],[-118.430359,34.646724],[-118.43030886,34.64677288],[-118.430279,34.646802],[-118.43011033,34.6469274],[-118.43009002,34.6469425],[-118.429866,34.647117],[-118.42981435,34.64726182],[-118.4297955,34.64731466],[-118.429759,34.647417],[-118.4296896,34.647457],[-118.429641,34.647485],[-118.429566,34.647486],[-118.429491,34.647441],[-118.42942211,34.64734154],[-118.42933998,34.64722296],[-118.42931965,34.64720332],[-118.42928,34.64718],[-118.42923184,34.64718941],[-118.429193,34.647197],[-118.428883,34.647283],[-118.428765,34.647341],[-118.428679,34.647414],[-118.42864074,34.64747252],[-118.428594,34.647544],[-118.42857222,34.6475581],[-118.428489,34.647612],[-118.42845277,34.64762618],[-118.42842,34.647639],[-118.42839,34.64766],[-118.428365,34.647707],[-118.428354,34.647764],[-118.428355,34.647851],[-118.42835121,34.64789037],[-118.42828892,34.64792402],[-118.428164,34.647967],[-118.427983,34.647985],[-118.42790632,34.64795978],[-118.42787575,34.64794973],[-118.42785341,34.64792538],[-118.42782997,34.64789984],[-118.42780215,34.64786951],[-118.42777676,34.64784337],[-118.42763172,34.64770706],[-118.42759807,34.64767543],[-118.42757375,34.64765257],[-118.42751095,34.64759372],[-118.42742681,34.64751602],[-118.42735126,34.64744626],[-118.427312,34.64741],[-118.42711,34.647283],[-118.42702674,34.64725555],[-118.42692511,34.6472237],[-118.42687057,34.64720407],[-118.42670605,34.64714984],[-118.42665562,34.64713502],[-118.42639051,34.64704085],[-118.42625825,34.64699478],[-118.42615151,34.64700729],[-118.42606265,34.64705651],[-118.4260417,34.6470809],[-118.426021,34.647105],[-118.42598362,34.64716535],[-118.42596798,34.64719062],[-118.42590104,34.647305],[-118.42573036,34.64751931],[-118.42560133,34.64756302],[-118.42557605,34.6475724],[-118.4255514,34.64758155],[-118.42549631,34.64760156],[-118.4254625,34.64760866],[-118.42543391,34.64761538],[-118.42540261,34.64762123],[-118.42533358,34.64763573],[-118.42528752,34.64764539],[-118.425237,34.647656],[-118.42517107,34.64768876],[-118.42510012,34.64772402],[-118.4250117,34.64777057],[-118.42491289,34.64782231],[-118.42464076,34.64797291],[-118.42461817,34.64798587],[-118.4244867,34.6480613],[-118.424421,34.648099],[-118.42430548,34.64814236],[-118.42420322,34.64818442],[-118.42402356,34.64825093],[-118.42354745,34.64837656],[-118.42338575,34.64845785],[-118.42325356,34.64854485],[-118.42323159,34.6485597],[-118.423206,34.648577],[-118.42317943,34.64861407],[-118.42312,34.648697],[-118.42305338,34.64874606],[-118.42302109,34.64876779],[-118.42295454,34.64881543],[-118.422923,34.648838],[-118.42285962,34.64887126],[-118.42282016,34.64889196],[-118.4227642,34.64892133],[-118.42272185,34.64894356],[-118.42267775,34.6489667],[-118.42262,34.648997],[-118.422576,34.648992],[-118.42250175,34.64896922],[-118.42241557,34.64894559],[-118.42236404,34.64890857],[-118.422331,34.648886],[-118.42229282,34.64886365],[-118.42225884,34.64884376],[-118.42216404,34.6487904],[-118.42211913,34.64877562],[-118.42209218,34.64876823],[-118.42204266,34.64875119],[-118.42201,34.648741],[-118.42177233,34.64869834],[-118.42166099,34.64867955],[-118.42140048,34.64865738],[-118.42111301,34.64863521],[-118.42080303,34.64861821],[-118.42066473,34.6486121],[-118.420572,34.648608],[-118.42040346,34.64859826],[-118.42034945,34.64859826],[-118.42016978,34.64862043],[-118.42011218,34.64862061],[-118.42005869,34.64862379],[-118.41998175,34.64862835],[-118.419954,34.64863],[-118.41985713,34.64860005],[-118.41974758,34.6485687],[-118.41934259,34.64847899],[-118.41932864,34.64845973],[-118.41928943,34.64839873],[-118.41927918,34.64837132],[-118.41926956,34.64834716],[-118.4192412,34.64828063],[-118.41922419,34.64824704],[-118.41920859,34.64822137],[-118.41906486,34.64811052],[-118.41889418,34.64808096],[-118.41881387,34.6480812],[-118.41874085,34.64808226],[-118.41869,34.648083],[-118.418392,34.648143],[-118.41834821,34.64813687],[-118.41828581,34.64812985],[-118.41820786,34.64809579],[-118.41815788,34.64807093],[-118.41813061,34.64805879],[-118.41802281,34.64798489],[-118.417924,34.64795533],[-118.41787019,34.64794537],[-118.41784308,34.64795038],[-118.41779718,34.64795887],[-118.41774797,34.64797261],[-118.41769892,34.6479959],[-118.41766348,34.64801445],[-118.41753271,34.64816648],[-118.41751219,34.64818379],[-118.41749397,34.64820427],[-118.417359,34.648356],[-118.41725648,34.64840275],[-118.41721132,34.64842335],[-118.417177,34.648439],[-118.41713905,34.64838643],[-118.41712304,34.64835619],[-118.41710642,34.6483248],[-118.41678007,34.64822336],[-118.4167457,34.64821453],[-118.41658551,34.6482731],[-118.41642381,34.648347],[-118.41636093,34.64837656],[-118.41610368,34.64842829],[-118.41603598,34.6484283],[-118.41592962,34.64843171],[-118.41590279,34.64843568],[-118.41585787,34.64843568],[-118.4158043,34.64842857],[-118.4156872,34.64841304],[-118.415581,34.6484],[-118.41552694,34.64839057],[-118.41549954,34.64838579],[-118.41546073,34.64837902],[-118.41531888,34.64835439],[-118.41517515,34.64826571],[-118.41506735,34.64817703],[-118.41491797,34.64788655],[-118.41490066,34.64785326],[-118.41478526,34.64763134],[-118.41476556,34.64759639],[-118.41474115,34.64756552],[-118.41468722,34.64749733],[-118.41463903,34.6474364],[-118.41443853,34.64718675],[-118.41435583,34.64709255],[-118.41433876,34.64707382],[-118.41431656,34.64704946],[-118.4142948,34.64703156],[-118.41426083,34.64702651],[-118.41419998,34.64702417],[-118.41419227,34.64707954],[-118.414189,34.647103],[-118.414187,34.64713733],[-118.414184,34.647189],[-118.4141871,34.64766588],[-118.414188,34.647805],[-118.41419826,34.64791401],[-118.41420497,34.6479775],[-118.41401796,34.64815606],[-118.4140014,34.6481747],[-118.41397516,34.64820272],[-118.41390033,34.64828261],[-118.41386513,34.64829111],[-118.41381869,34.64830266],[-118.41379175,34.64831005],[-118.41376231,34.6483093],[-118.41367893,34.64830717],[-118.41364032,34.64830037],[-118.41353389,34.64827948],[-118.41350206,34.64827029],[-118.41347149,34.64826147],[-118.413359,34.648229],[-118.41328682,34.64822396],[-118.41324041,34.64822138],[-118.41312118,34.64822154],[-118.41309032,34.64822198],[-118.41301946,34.6482806],[-118.413,34.648297],[-118.412962,34.648319],[-118.41287243,34.64833515],[-118.41284,34.648341],[-118.41275967,34.6483313],[-118.412724,34.648327],[-118.41265696,34.64830679],[-118.412588,34.64828788],[-118.4123966,34.6481436],[-118.41233435,34.64808135],[-118.41216579,34.64791838],[-118.41206912,34.64786388],[-118.41202089,34.64784443],[-118.41196435,34.64782279],[-118.4119058,34.64779986],[-118.41182443,34.64777057],[-118.41174138,34.64772418],[-118.411678,34.647691],[-118.411606,34.647633],[-118.41156392,34.64763879],[-118.411549,34.64766],[-118.4115393,34.64769347],[-118.41152967,34.64772673],[-118.411518,34.647767],[-118.41151436,34.64778968],[-118.41150436,34.64785203],[-118.41150104,34.64787404],[-118.41143935,34.64805416],[-118.411357,34.648104],[-118.411197,34.648164],[-118.41112774,34.6481688],[-118.41108842,34.64817153],[-118.41100292,34.64817146],[-118.41096412,34.6481631],[-118.410908,34.648151],[-118.41072,34.648068],[-118.410493,34.647965],[-118.41035993,34.64795691],[-118.41028655,34.64796821],[-118.41021382,34.64797941],[-118.41018302,34.64798448],[-118.41009069,34.64802923],[-118.40996492,34.64803662],[-118.40965051,34.64794055],[-118.40957608,34.6479309],[-118.40947962,34.64791839],[-118.40932037,34.64793219],[-118.40925636,34.64793773],[-118.409142,34.647948],[-118.40911147,34.64795695],[-118.40906661,34.64797011],[-118.40903803,34.64796905],[-118.40882406,34.6478297],[-118.40879002,34.6478048],[-118.408742,34.647773],[-118.40870059,34.64772932],[-118.40866546,34.64768699],[-118.40863542,34.64763755],[-118.40864871,34.64753142],[-118.40866405,34.64749679],[-118.408687,34.647435],[-118.40868931,34.64739929],[-118.40869138,34.64736742],[-118.408694,34.647327],[-118.40867715,34.64725752],[-118.40864543,34.6472181],[-118.40861426,34.64719506],[-118.40858152,34.64717197],[-118.40849014,34.6471567],[-118.40833635,34.64714944],[-118.40830702,34.64714542],[-118.40822152,34.64713487],[-118.40817194,34.64712806],[-118.40814024,34.64711353],[-118.408078,34.647085],[-118.40804757,34.64708676],[-118.40800992,34.64708893],[-118.40787185,34.64709807],[-118.40761109,34.64711044],[-118.40757098,34.64710628],[-118.40753049,34.64709392],[-118.40749456,34.64708329],[-118.40748557,34.64706112],[-118.40747636,34.64703556],[-118.40747409,34.64700154],[-118.407473,34.646955],[-118.40748317,34.64692732],[-118.407491,34.646906],[-118.4074729,34.64682575],[-118.40745862,34.6467729],[-118.40742458,34.64666683],[-118.407414,34.646636],[-118.407348,34.646473],[-118.40735683,34.64643686],[-118.40736625,34.64640023],[-118.40737401,34.6463786],[-118.40741657,34.64632689],[-118.40746877,34.64630135],[-118.407494,34.646289],[-118.40754362,34.64627197],[-118.40758638,34.64625729],[-118.4076293,34.64624081],[-118.40767536,34.64622902],[-118.40788245,34.646176],[-118.40790502,34.64614691],[-118.40790459,34.64610023],[-118.4078526,34.64606524],[-118.40772692,34.64599145],[-118.407704,34.645978],[-118.40766522,34.64594518],[-118.40760913,34.64588086],[-118.407598,34.645823],[-118.40761,34.645745],[-118.40762121,34.64571722],[-118.4076293,34.64569393],[-118.40763964,34.64567157],[-118.40764891,34.64564862],[-118.40766394,34.64561901],[-118.4076878,34.64557826],[-118.40770117,34.64555351],[-118.40777303,34.64544266],[-118.40780299,34.64540163],[-118.407816,34.645382],[-118.40783072,34.64535825],[-118.40784382,34.64533709],[-118.40788981,34.64525051],[-118.4078988,34.64522095],[-118.40788359,34.64520159],[-118.40786286,34.645184],[-118.40780897,34.64515444],[-118.40776021,34.64515444],[-118.40760667,34.64516462],[-118.4075215,34.64519878],[-118.40730591,34.64528746],[-118.4069915,34.64540571],[-118.40686883,34.64547433],[-118.40681788,34.64550354],[-118.40675028,34.64553661],[-118.40665014,34.64556829],[-118.40648441,34.64561221],[-118.40643423,34.6456218],[-118.4062998,34.64563481],[-118.40626922,34.64563481],[-118.4061613,34.6456401],[-118.4060765,34.64563047],[-118.40599493,34.64561931],[-118.40596055,34.64560623],[-118.40588657,34.64557181],[-118.405865,34.645508],[-118.405869,34.645449],[-118.40587759,34.64540571],[-118.4060091,34.64528654],[-118.40605549,34.64521943],[-118.40607212,34.64519403],[-118.4060842,34.64516922],[-118.40610217,34.64513966],[-118.40612912,34.64508792],[-118.40612891,34.64503583],[-118.40612703,34.64501145],[-118.40611,34.644992],[-118.40609138,34.64497152],[-118.40603928,34.64491795],[-118.4060303,34.64488099],[-118.40602132,34.64485882],[-118.40604827,34.64477753],[-118.40606623,34.64475536],[-118.40611254,34.64472299],[-118.40617225,34.64469802],[-118.40624515,34.64466966],[-118.40627,34.64466],[-118.40637405,34.64462754],[-118.40645251,34.64455582],[-118.40653494,34.64444413],[-118.40658285,34.64437473],[-118.406602,34.644347],[-118.40660522,34.64429727],[-118.40660522,34.64423803],[-118.40658726,34.64414934],[-118.4065018,34.64401577],[-118.40647946,34.64400154],[-118.40645251,34.64398675],[-118.4063991,34.64397198],[-118.406289,34.643972],[-118.40625439,34.64397069],[-118.40622115,34.64396943],[-118.40617477,34.64396768],[-118.40609287,34.64396458],[-118.40604827,34.64396458],[-118.40566292,34.64390634],[-118.40563951,34.64388745],[-118.4056353,34.64386555],[-118.40562654,34.64383615],[-118.40563389,34.64378064],[-118.40564359,34.6437596],[-118.40566067,34.64372505],[-118.405677,34.643692],[-118.40569947,34.64365662],[-118.40571608,34.64363045],[-118.40572487,34.64355811],[-118.40567996,34.64346942],[-118.40560811,34.6433558],[-118.40558962,34.64332297],[-118.40557216,34.64328466],[-118.40553623,34.64318119],[-118.405533,34.643159],[-118.40553048,34.64312102],[-118.40552864,34.64309331],[-118.40552605,34.64305433],[-118.40551826,34.64297426],[-118.40551734,34.64292324],[-118.405515,34.642888],[-118.40551877,34.6428456],[-118.405523,34.642798],[-118.405553,34.642731],[-118.40557709,34.64270855],[-118.40560037,34.64268606],[-118.4056342,34.64264652],[-118.40565221,34.64262435],[-118.40566851,34.64256615],[-118.40566268,34.64252487],[-118.40559911,34.64246431],[-118.40553357,34.6424335],[-118.40545917,34.64239943],[-118.405408,34.642376],[-118.40524,34.642318],[-118.40515482,34.64230394],[-118.40510895,34.64229636],[-118.40502165,34.64228336],[-118.40494821,34.64228756],[-118.40488103,34.6422914],[-118.404853,34.642293],[-118.40469667,34.64231033],[-118.40452247,34.64232651],[-118.40442232,34.64236084],[-118.40437382,34.64238337],[-118.40434694,34.64240044],[-118.40427331,34.64245595],[-118.40425036,34.64247394],[-118.404214,34.6425375],[-118.40412882,34.64268961],[-118.404109,34.642725],[-118.4039801,34.64284599],[-118.40395295,34.64285379],[-118.4038751,34.64286771],[-118.40383841,34.6428634],[-118.40381146,34.64284123],[-118.40381352,34.64281527],[-118.40381146,34.64278949],[-118.40381865,34.64276426],[-118.40382436,34.64274031],[-118.40383566,34.64269284],[-118.403843,34.642662],[-118.40388914,34.64261549],[-118.40392097,34.6425834],[-118.40394012,34.6425641],[-118.40396418,34.64253822],[-118.40404502,34.64242736],[-118.40406299,34.64240519],[-118.40411745,34.64228409],[-118.40412484,34.64224649],[-118.40412504,34.64221371],[-118.40411247,34.6421128],[-118.40410289,34.64206137],[-118.40408688,34.64200829],[-118.404069,34.641949],[-118.404068,34.641886],[-118.40407297,34.64185462],[-118.40407715,34.64182825],[-118.40408134,34.6417799],[-118.40408465,34.64174077],[-118.40406945,34.64170798],[-118.40403043,34.64166916],[-118.40398487,34.64162448],[-118.40396418,34.641607],[-118.40381146,34.6415257],[-118.40361383,34.64142223],[-118.40346736,34.64137692],[-118.40343411,34.6413652],[-118.40340722,34.64135572],[-118.40336943,34.6413344],[-118.40334139,34.64131748],[-118.403243,34.641263],[-118.40320835,34.64125505],[-118.40317143,34.64124657],[-118.40311976,34.64123746],[-118.40297603,34.64123007],[-118.40289582,34.64120808],[-118.40277221,34.64117834],[-118.40273348,34.64117834],[-118.40270612,34.64118667],[-118.40267926,34.64119695],[-118.40264951,34.64120961],[-118.40262945,34.64122466],[-118.40260157,34.6412617],[-118.402578,34.641293],[-118.40251789,34.64140006],[-118.40245543,34.64145884],[-118.40243704,34.64148136],[-118.40223043,34.64157005],[-118.40218938,34.64157602],[-118.40214102,34.64158307],[-118.40211361,34.64157878],[-118.4020867,34.64157744],[-118.40206571,34.64156259],[-118.40203063,34.64153811],[-118.40200585,34.64151092],[-118.40199687,34.64139763],[-118.401994,34.641363],[-118.40199707,34.6413086],[-118.40200043,34.64126303],[-118.40200275,34.64122696],[-118.40200255,34.64117685],[-118.40199687,34.64114878],[-118.40198788,34.64109704],[-118.40198788,34.64107487],[-118.4019153,34.64102832],[-118.401862,34.640996],[-118.40182946,34.6409915],[-118.401791,34.64098618],[-118.4017094,34.64098618],[-118.40160546,34.64099911],[-118.401574,34.641004],[-118.40143519,34.64104449],[-118.40131415,34.64108226],[-118.40116531,34.64111475],[-118.4010819,34.64112971],[-118.40103924,34.64111873],[-118.40100115,34.64110443],[-118.40097207,34.6410865],[-118.40095235,34.64106822],[-118.40091889,34.64103792],[-118.40085689,34.64093591],[-118.40078,34.64086],[-118.4007462,34.64083539],[-118.40072567,34.64082045],[-118.40067634,34.64078663],[-118.40064041,34.64076047],[-118.400576,34.640751],[-118.40052643,34.64075103],[-118.40046372,34.64076468],[-118.40042585,34.64077408],[-118.400226,34.640781],[-118.40017744,34.64077469],[-118.40014634,34.64077185],[-118.40009407,34.64073896],[-118.40004443,34.64071],[-118.400017,34.640694],[-118.39995763,34.64064471],[-118.39989994,34.64059682],[-118.39985888,34.64056491],[-118.39973311,34.64047622],[-118.39971238,34.64045915],[-118.39966874,34.64041278],[-118.399597,34.640324],[-118.39956194,34.640247],[-118.39954099,34.64020099],[-118.39950853,34.64016581],[-118.39945462,34.64010668],[-118.39938277,34.64008451],[-118.39934684,34.64007712],[-118.39929551,34.64007008],[-118.39920496,34.64008523],[-118.398794,34.640154],[-118.39843622,34.64022196],[-118.39831366,34.64023888],[-118.398125,34.640221],[-118.39801467,34.64018647],[-118.39790712,34.6401528],[-118.39775045,34.64007566],[-118.39772495,34.64005049],[-118.39768967,34.64001175],[-118.39766699,34.63998104],[-118.39764902,34.63995887],[-118.39754458,34.63979315],[-118.397523,34.63976],[-118.39742115,34.63961945],[-118.39738851,34.63957454],[-118.39734359,34.63951542],[-118.39723579,34.63942673],[-118.39719193,34.63941689],[-118.39712142,34.63940473],[-118.397094,34.6394],[-118.39691148,34.63937667],[-118.39683155,34.6393676],[-118.39610622,34.6393287],[-118.39593804,34.63930785],[-118.395464,34.639252],[-118.39540606,34.63924935],[-118.39533137,34.63924935],[-118.39522357,34.639205],[-118.39515861,34.63917384],[-118.395134,34.639155],[-118.395085,34.6391085],[-118.39506011,34.63907116],[-118.39498102,34.63903501],[-118.39481034,34.63902023],[-118.39445102,34.63902762],[-118.39435232,34.63906919],[-118.39431607,34.63909447],[-118.39429619,34.63912634],[-118.394274,34.639154],[-118.39425609,34.63921232],[-118.39423556,34.63927914],[-118.39422699,34.63930707],[-118.3942124,34.63938331],[-118.39419949,34.63940455],[-118.39418,34.639423],[-118.394114,34.639494],[-118.39409104,34.6395314],[-118.39405576,34.63959672],[-118.39400752,34.63964964],[-118.39397784,34.63968609],[-118.39393582,34.63971105],[-118.39386711,34.63972236],[-118.3937683,34.63968541],[-118.39368882,34.63963346],[-118.393611,34.639585],[-118.39348704,34.6395398],[-118.39340525,34.63954034],[-118.393305,34.639541],[-118.3932147,34.6395753],[-118.39314668,34.63960114],[-118.39312151,34.6396115],[-118.39307659,34.63963367],[-118.39304827,34.63964532],[-118.393019,34.639659],[-118.39297854,34.63965655],[-118.39292,34.639653],[-118.392874,34.639627],[-118.392838,34.63959],[-118.39283363,34.63949488],[-118.39283217,34.63946315],[-118.39283,34.639416],[-118.39281171,34.63936112],[-118.39277799,34.63926],[-118.39267322,34.63921307],[-118.392535,34.639226],[-118.392454,34.639223],[-118.392377,34.639213],[-118.392301,34.639214],[-118.392256,34.639222],[-118.39220837,34.63924449],[-118.392184,34.639256],[-118.39213038,34.63930817],[-118.39209268,34.63932942],[-118.392042,34.639358],[-118.391974,34.639351],[-118.391911,34.639304],[-118.391736,34.639097],[-118.39168156,34.63907909],[-118.39165241,34.63908158],[-118.391624,34.639084],[-118.39156305,34.63911639],[-118.39151571,34.63914155],[-118.391481,34.63916],[-118.3912925,34.63930969],[-118.39127081,34.63932808],[-118.391109,34.639487],[-118.391043,34.639581],[-118.391027,34.639689],[-118.39108562,34.63982549],[-118.391097,34.639852],[-118.39112872,34.63993306],[-118.3911143,34.63996866],[-118.39110081,34.63999009],[-118.391041,34.64002],[-118.39096555,34.64004756],[-118.39090941,34.64004579],[-118.39087928,34.64004514],[-118.39079034,34.6400432],[-118.390735,34.640042],[-118.390687,34.64008],[-118.39067515,34.64010328],[-118.39061606,34.64020158],[-118.390568,34.640219],[-118.390532,34.640227],[-118.39048046,34.64020276],[-118.39043343,34.64017969],[-118.390193,34.64007712],[-118.38995005,34.63999851],[-118.389893,34.639981],[-118.38982084,34.63994616],[-118.38979576,34.63993405],[-118.38962706,34.63985539],[-118.38942943,34.63972975],[-118.3893396,34.63967062],[-118.38926934,34.63962727],[-118.38921379,34.63963634],[-118.389173,34.639643],[-118.38909882,34.63967504],[-118.38906012,34.63969342],[-118.38902519,34.63971497],[-118.38896506,34.63971511],[-118.388931,34.639717],[-118.38880757,34.63961766],[-118.388767,34.639585],[-118.38863618,34.63946586],[-118.3885401,34.63938238],[-118.388439,34.639345],[-118.38838031,34.63933804],[-118.38834247,34.63933804],[-118.38831924,34.63934998],[-118.38826013,34.63939008],[-118.38823468,34.63942673],[-118.38818976,34.63947846],[-118.38815383,34.63956715],[-118.38812709,34.63959566],[-118.38808142,34.63963577],[-118.38801245,34.63964982],[-118.38796455,34.63965366],[-118.38792089,34.63965104],[-118.38786637,34.63964845],[-118.38782956,34.63963634],[-118.3877991,34.63962756],[-118.3877609,34.63961654],[-118.38772892,34.63960732],[-118.38767752,34.63958442],[-118.38763859,34.63956708],[-118.38759687,34.63955237],[-118.38746346,34.63945552],[-118.38742619,34.63944151],[-118.38737229,34.63942673],[-118.38732738,34.63944151],[-118.38729754,34.63945033],[-118.38724522,34.63947535],[-118.387092,34.639539],[-118.387014,34.63954],[-118.38696421,34.63951983],[-118.38693212,34.63950803],[-118.38688298,34.63946769],[-118.386775,34.639384],[-118.38667542,34.63932097],[-118.38662677,34.63929018],[-118.386587,34.639265],[-118.38653237,34.63924896],[-118.38641659,34.63921858],[-118.38634702,34.63919453],[-118.38631568,34.63918627],[-118.38625022,34.63917025],[-118.3861416,34.63914587],[-118.3860338,34.63914587],[-118.38598931,34.63915463],[-118.38593477,34.63916817],[-118.38588109,34.63919761],[-118.38584516,34.63921978],[-118.38577753,34.63925325],[-118.38575132,34.63927569],[-118.385661,34.639353],[-118.385579,34.639459],[-118.38553265,34.63956572],[-118.38552218,34.63958983],[-118.38551289,34.63961123],[-118.3855038,34.63963367],[-118.38543193,34.63970019],[-118.38540498,34.63970758],[-118.38535886,34.63970771],[-118.385328,34.639709],[-118.38529718,34.63970758],[-118.38526125,34.63970019],[-118.38521921,34.63969627],[-118.38519,34.639695],[-118.38513581,34.63969834],[-118.38509414,34.63970308],[-118.38498782,34.63972135],[-118.38495582,34.63973714],[-118.38491989,34.63973714],[-118.384886,34.639726],[-118.38484536,34.63968414],[-118.38481372,34.63964338],[-118.38478445,34.63960567],[-118.38476056,34.63956943],[-118.38472226,34.63951542],[-118.38469233,34.63949496],[-118.384671,34.639481],[-118.3845863,34.63948795],[-118.384534,34.639503],[-118.384383,34.63957],[-118.38425695,34.63960749],[-118.38413673,34.63964324],[-118.38403954,34.63966323],[-118.38399124,34.63966917],[-118.38396441,34.63965761],[-118.38393345,34.63964594],[-118.38390317,34.63963453],[-118.38384948,34.6396178],[-118.38382936,34.63960233],[-118.38379317,34.63958224],[-118.38376107,34.63956715],[-118.38371602,34.63953944],[-118.38369,34.639525],[-118.38362236,34.63944315],[-118.3835885,34.6394023],[-118.38357097,34.63938251],[-118.38355497,34.63936443],[-118.38349134,34.63930552],[-118.38346462,34.63930108],[-118.38342066,34.63931508],[-118.38336581,34.63936021],[-118.38333846,34.63940453],[-118.38330137,34.63943365],[-118.38327553,34.63944926],[-118.38323106,34.63947846],[-118.383179,34.639486],[-118.38313224,34.63948585],[-118.38308573,34.63944759],[-118.38305605,34.6394232],[-118.38302722,34.63939547],[-118.38299613,34.63936557],[-118.38297713,34.63934729],[-118.38294076,34.63931677],[-118.38289868,34.63929369],[-118.38286275,34.63930847],[-118.38285322,34.63934072],[-118.38284478,34.63938238],[-118.38279088,34.63947846],[-118.38274597,34.63956715],[-118.38265614,34.63970019],[-118.38262957,34.63971003],[-118.38256977,34.63973236],[-118.38254002,34.63974443],[-118.38246395,34.63977267],[-118.38242988,34.63977965],[-118.38235071,34.63979627],[-118.38221596,34.63979627],[-118.38211611,34.63978118],[-118.38207841,34.63976993],[-118.38203759,34.63973883],[-118.382005,34.639714],[-118.38196443,34.63962628],[-118.381942,34.63955707],[-118.381928,34.63951699],[-118.3819134,34.63949515],[-118.38189144,34.63946229],[-118.38185491,34.63942218],[-118.38176628,34.63939725],[-118.38172189,34.63940455],[-118.38166921,34.63940457],[-118.38164729,34.63938706],[-118.38162216,34.639367],[-118.38153772,34.63929956],[-118.3814719,34.639247],[-118.38151204,34.63923042],[-118.38160228,34.63917215],[-118.38169582,34.63911845],[-118.38173266,34.6390973],[-118.38176949,34.63907616],[-118.38184462,34.63903303],[-118.38191974,34.6389899],[-118.38194886,34.63897318],[-118.38203025,34.63892646],[-118.38205625,34.63891153],[-118.38208226,34.6388966],[-118.38213291,34.63886506],[-118.3821711,34.6388456],[-118.38220794,34.63882445],[-118.38235164,34.63875256],[-118.38246485,34.63869593],[-118.38257142,34.63864162],[-118.38272041,34.63856571],[-118.38276696,34.63854199],[-118.38279679,34.63852679],[-118.38305235,34.63839658],[-118.3831763,34.63833356],[-118.38330808,34.63826657],[-118.3833461,34.6382469],[-118.38338429,34.63822744],[-118.38345667,34.63818968],[-118.38348408,34.6381755],[-118.38352923,34.63815214],[-118.38360527,34.6381128],[-118.38363531,34.63809725],[-118.38367333,34.63807758],[-118.38372578,34.63805044],[-118.38375038,34.63803771],[-118.38382642,34.63799836],[-118.3838657,34.63797804],[-118.38389627,34.63796222],[-118.38392346,34.63794815],[-118.38396149,34.63792848],[-118.38399951,34.6379088],[-118.38403711,34.63788935],[-118.38407513,34.63786967],[-118.38411315,34.63785],[-118.384146,34.637833],[-118.38417885,34.637816],[-118.38421749,34.63779601],[-118.38425489,34.63777666],[-118.38428689,34.6377601],[-118.38433481,34.6377353],[-118.3843868,34.6377084],[-118.38442482,34.63768873],[-118.3844997,34.63763228],[-118.38458398,34.63756875],[-118.38468649,34.63749615],[-118.38474711,34.63745321],[-118.38477649,34.6374324],[-118.38481519,34.63740499],[-118.38497832,34.63728945],[-118.38513993,34.63717237],[-118.38518544,34.63714276],[-118.38520954,34.63712569],[-118.38530865,34.63706532],[-118.3853374,34.63704709],[-118.38540623,34.63700342],[-118.38547737,34.63695828],[-118.38552936,34.6369253],[-118.38557495,34.63689638],[-118.38566956,34.63683089],[-118.38571633,34.63680668],[-118.38574367,34.63678933],[-118.38590325,34.63671575],[-118.38602061,34.63665793],[-118.38607811,34.6366296],[-118.38613694,34.63660061],[-118.38629355,34.63652345],[-118.38644864,34.63644401],[-118.3864887,34.6364273],[-118.38652723,34.63640831],[-118.38665242,34.63635901],[-118.38675518,34.63631614],[-118.38678928,34.63630192],[-118.38682788,34.63628582],[-118.3868562,34.636274],[-118.38695653,34.63623216],[-118.38706345,34.63618755],[-118.38714358,34.63615413],[-118.38720308,34.63612931],[-118.3872307,34.63611779],[-118.38727196,34.63610058],[-118.38730018,34.6360888],[-118.38735659,34.63606528],[-118.38739068,34.63605106],[-118.38742037,34.63603867],[-118.38746125,34.63602162],[-118.38749582,34.6360072],[-118.38753588,34.63599049],[-118.38757361,34.63597475],[-118.38761285,34.63596127],[-118.38765163,34.63594219],[-118.38769555,34.63592056],[-118.38773664,34.63590035],[-118.38777265,34.63588263],[-118.38787189,34.63583384],[-118.38790874,34.63581572],[-118.3880079,34.63576696],[-118.38804651,34.63574797],[-118.38808501,34.63572904],[-118.38820261,34.63567121],[-118.388253,34.63564809],[-118.38832253,34.6356162],[-118.3883588,34.6355944],[-118.38841409,34.63556116],[-118.38844283,34.63554389],[-118.38846565,34.63553017],[-118.38849996,34.63550954],[-118.38853623,34.63548774],[-118.38857249,34.63546594],[-118.38860935,34.63544378],[-118.3886372,34.63542704],[-118.3886617,34.63541232],[-118.38869088,34.63539477],[-118.38871436,34.63538066],[-118.38874733,34.63536083],[-118.38880173,34.63532813],[-118.388838,34.63530633],[-118.38886924,34.63528755],[-118.38890551,34.63526575],[-118.38892962,34.63525126],[-118.38895488,34.63523607],[-118.38899115,34.63521427],[-118.38902874,34.63519167],[-118.38905269,34.63517727],[-118.38908386,34.63515854],[-118.38912013,34.63513673],[-118.38915639,34.63511493],[-118.38918461,34.63509797],[-118.38921557,34.63508379],[-118.3892491,34.6350592],[-118.38928537,34.6350374],[-118.38943138,34.63492555],[-118.38946608,34.63490011],[-118.38958012,34.63481649],[-118.38964719,34.63476732],[-118.3897333,34.63470419],[-118.38986252,34.63460944],[-118.38991115,34.63457379],[-118.38994831,34.63454654],[-118.38997821,34.63452461],[-118.39001175,34.63450003],[-118.39003233,34.63448437],[-118.39007079,34.63445681],[-118.39009981,34.63443602],[-118.39013369,34.63441175],[-118.39017412,34.63438278],[-118.39022481,34.63434646],[-118.39025869,34.63432219],[-118.39030103,34.63429186],[-118.39032643,34.63427366],[-118.39037912,34.63423591],[-118.39043011,34.63419938],[-118.39050147,34.63414825],[-118.39054969,34.63411371],[-118.39060011,34.63407516],[-118.39064252,34.63404769],[-118.3906657,34.63403267],[-118.390701,34.63400982],[-118.39073629,34.63398696],[-118.39076659,34.63396733],[-118.39080189,34.63394448],[-118.39082982,34.63392639],[-118.39085889,34.63390756],[-118.3908806,34.6338935],[-118.39091589,34.63387064],[-118.39097345,34.63383337],[-118.39102749,34.63379837],[-118.39113908,34.63372609],[-118.39120967,34.63368038],[-118.39124857,34.63365518],[-118.39127604,34.63363739],[-118.39130943,34.63361577],[-118.39134241,34.63359441],[-118.391413,34.63354869],[-118.39162625,34.63341057],[-118.39181372,34.63328917],[-118.39183951,34.63327246],[-118.3918748,34.6332496],[-118.39190179,34.63323211],[-118.39192463,34.63321731],[-118.39194866,34.63320174],[-118.39197236,34.63318638],[-118.39199451,34.63317185],[-118.3920299,34.6331491],[-118.39206833,34.63312421],[-118.39229818,34.63297663],[-118.39245096,34.63287841],[-118.39253106,34.63282691],[-118.39257358,34.63279958],[-118.39260185,34.63278141],[-118.39274862,34.63268705],[-118.39303222,34.63250473],[-118.39308411,34.63247137],[-118.39310886,34.63245546],[-118.3931384,34.63243646],[-118.39317259,34.63241448],[-118.39320798,34.63239173],[-118.3932631,34.6323563],[-118.3932985,34.63233354],[-118.39333389,34.63231079],[-118.39336348,34.63229143],[-118.39338669,34.63227268],[-118.3934244,34.6322526],[-118.39345979,34.63222985],[-118.39351581,34.63220393],[-118.39353942,34.63219137],[-118.39356951,34.63217535],[-118.39360872,34.63215447],[-118.39364493,34.63213519],[-118.39367978,34.63211664],[-118.39371462,34.63209809],[-118.39376595,34.63207077],[-118.39379004,34.63205794],[-118.39383858,34.6320321],[-118.39386547,34.63201779],[-118.39389134,34.63200401],[-118.39391401,34.63199194],[-118.39393823,34.63197905],[-118.39396255,34.6319661],[-118.39400026,34.63194603],[-118.39403797,34.63192595],[-118.3944233,34.63172081],[-118.39446101,34.63170073],[-118.39453643,34.63166058],[-118.3945839,34.63163531],[-118.39473407,34.63155536],[-118.394894,34.63147022],[-118.39493171,34.63145014],[-118.39496942,34.63143006],[-118.39500259,34.6314124],[-118.39516159,34.63132775],[-118.39528928,34.63125977],[-118.39532699,34.6312397],[-118.39540241,34.63119954],[-118.39545998,34.6311689],[-118.39549719,34.63114909],[-118.3955349,34.63112901],[-118.39557261,34.63110893],[-118.39562,34.63108371],[-118.3956643,34.63105385],[-118.3957051,34.6310384],[-118.39574281,34.63101832],[-118.39577529,34.63101181],[-118.39581976,34.63099497],[-118.39584549,34.63098523],[-118.39588809,34.6309691],[-118.39591506,34.63095888],[-118.39595459,34.63094391],[-118.39598588,34.63093206],[-118.39602668,34.63091661],[-118.39606748,34.63090115],[-118.39610345,34.63088753],[-118.39619268,34.63085374],[-118.3962842,34.63081907],[-118.39631788,34.63080632],[-118.39636426,34.63078875],[-118.39640506,34.6307733],[-118.39644586,34.63075785],[-118.39674264,34.63064545],[-118.39682424,34.63061454],[-118.39686504,34.63059909],[-118.39690584,34.63058364],[-118.39696331,34.63056187],[-118.39702474,34.6305386],[-118.39707704,34.6305188],[-118.39710634,34.6305077],[-118.39717496,34.63048171],[-118.39722528,34.63046265],[-118.39726608,34.6304472],[-118.3973114,34.63043004],[-118.39734769,34.63041629],[-118.39738849,34.63040084],[-118.39741743,34.63038988],[-118.39745823,34.63037443],[-118.3974872,34.63036345],[-118.397528,34.630348],[-118.39756881,34.63033255],[-118.39760749,34.63031766],[-118.3976484,34.6303024],[-118.3976892,34.63028695],[-118.39771546,34.63027739],[-118.39775637,34.63026214],[-118.39779728,34.63024688],[-118.39782342,34.63023713],[-118.39789091,34.63021197],[-118.39794615,34.63019136],[-118.3980103,34.63016744],[-118.39809319,34.63013653],[-118.39814648,34.63011666],[-118.39820084,34.63009639],[-118.39828266,34.63006588],[-118.39831618,34.63005338],[-118.39841,34.63001839],[-118.39853734,34.6299709],[-118.39860313,34.62994637],[-118.39870099,34.62990987],[-118.3987339,34.6298976],[-118.39877214,34.62988285],[-118.39880784,34.62986908],[-118.39883475,34.6298587],[-118.39887762,34.62984217],[-118.39891609,34.62982733],[-118.39895139,34.62981372],[-118.39898879,34.62979929],[-118.39903611,34.62978104],[-118.39908421,34.62976033],[-118.3991241,34.6297471],[-118.3991505,34.62973835],[-118.39919216,34.62972453],[-118.39923382,34.62971072],[-118.39926021,34.62970196],[-118.39930187,34.62968815],[-118.39934353,34.62967433],[-118.3993762,34.6296635],[-118.39942978,34.62964413],[-118.3994709,34.62962926],[-118.39951202,34.62961439],[-118.3995656,34.62959501],[-118.39962289,34.62957429],[-118.39964784,34.62956527],[-118.39969213,34.62954926],[-118.39974832,34.6295273],[-118.39979098,34.62951189],[-118.39982562,34.62950099],[-118.39985232,34.62949133],[-118.39990407,34.62948008],[-118.39995444,34.62946591],[-118.40000848,34.62945071],[-118.40003944,34.62944201],[-118.40007148,34.629433],[-118.40009771,34.62942562],[-118.40018271,34.62940171],[-118.40024138,34.62938521],[-118.40026771,34.62937781],[-118.40032638,34.6293613],[-118.40035285,34.62935386],[-118.40043786,34.62932995],[-118.40050253,34.62931172],[-118.4005644,34.62929098],[-118.40062415,34.62927881],[-118.40067727,34.62926798],[-118.4007622,34.62925067],[-118.40083373,34.6292361],[-118.40089072,34.62922448],[-118.40093431,34.6292156],[-118.40098461,34.62920535],[-118.4010349,34.6291951],[-118.4010785,34.62918622],[-118.4011284,34.62917085],[-118.40118456,34.62915628],[-118.4012257,34.62914562],[-118.40126474,34.62913549],[-118.4013154,34.62912235],[-118.40138208,34.62910338],[-118.4014089,34.6290981],[-118.4014513,34.62908976],[-118.40148249,34.62908362],[-118.4015087,34.62907846],[-118.40153867,34.62907257],[-118.40158107,34.62906422],[-118.40167349,34.62904604],[-118.40182535,34.62901616],[-118.40191272,34.62899897],[-118.40198472,34.6289848],[-118.40202502,34.62897685],[-118.40211328,34.62895938],[-118.402157,34.6289509],[-118.40220068,34.6289423],[-118.40234132,34.62891515],[-118.40241738,34.6289004],[-118.40248193,34.62888788],[-118.40256936,34.62887092],[-118.40270997,34.62884365],[-118.40285087,34.62881733],[-118.4028943,34.6288079],[-118.40296569,34.62879239],[-118.40299269,34.62878652],[-118.40303612,34.62877709],[-118.40307955,34.62876765],[-118.40310661,34.62876178],[-118.40313367,34.6287559],[-118.4031664,34.62874878],[-118.40321418,34.62873841],[-118.40324269,34.62873221],[-118.40327947,34.62872422],[-118.40331944,34.62871554],[-118.40338571,34.62870114],[-118.40341843,34.62869403],[-118.4034844,34.6286797],[-118.40350969,34.6286705],[-118.40354799,34.62865658],[-118.40358227,34.62864411],[-118.40361158,34.62863345],[-118.40363801,34.62862384],[-118.40366444,34.62861423],[-118.40369374,34.62860358],[-118.40378645,34.62856986],[-118.40381155,34.62856074],[-118.40384719,34.62854778],[-118.40395185,34.62850972],[-118.40399306,34.62849549],[-118.40404484,34.62848186],[-118.4040828,34.6284621],[-118.40412388,34.62844716],[-118.40415742,34.62842326],[-118.40419408,34.62840418],[-118.40422065,34.62839034],[-118.40426999,34.62836466],[-118.40430535,34.62834625],[-118.40434331,34.62832649],[-118.40441923,34.62828697],[-118.4044471,34.62827247],[-118.40447434,34.62825828],[-118.4045073,34.62824113],[-118.40454599,34.62822099],[-118.40458395,34.62820123],[-118.40465987,34.62816171],[-118.40469783,34.62814195],[-118.4047459,34.62811693],[-118.40477882,34.62809979],[-118.40481678,34.62808003],[-118.4048625,34.62805623],[-118.40490046,34.62803647],[-118.40493574,34.62801811],[-118.40497369,34.62799835],[-118.40500563,34.62798172],[-118.40504961,34.62795883],[-118.40508757,34.62793907],[-118.40516889,34.62789674],[-118.40521821,34.62787107],[-118.40525022,34.6278544],[-118.4053087,34.62782396],[-118.4053359,34.6278098],[-118.40542644,34.62776267],[-118.40550459,34.62772163],[-118.40554122,34.62770264],[-118.4055647,34.6276907],[-118.40560266,34.62767094],[-118.40591387,34.62751315],[-118.40622483,34.62735503],[-118.40630125,34.62731618],[-118.40661222,34.62715805],[-118.40692274,34.62699932],[-118.4069614,34.6269805],[-118.40699984,34.62696096],[-118.40704886,34.62693793],[-118.40709766,34.62691417],[-118.40713713,34.62689495],[-118.40716394,34.6268819],[-118.40719197,34.62686826],[-118.40723392,34.62684784],[-118.40728641,34.62682228],[-118.40731123,34.6268102],[-118.40735397,34.6267894],[-118.40738855,34.62677256],[-118.40752433,34.62670647],[-118.40758493,34.62667696],[-118.40766011,34.62664037],[-118.40773743,34.62660273],[-118.40777812,34.62658292],[-118.40789253,34.62652723],[-118.40799055,34.62648069],[-118.40804868,34.62645309],[-118.4080863,34.6264329],[-118.40812496,34.62641408],[-118.40816199,34.62639355],[-118.40823461,34.62635328],[-118.40834531,34.62629386],[-118.40842055,34.62625347],[-118.40851243,34.62620414],[-118.40857571,34.62617017],[-118.40861285,34.62615024],[-118.40864193,34.62613462],[-118.40866907,34.62612005],[-118.40871717,34.62609423],[-118.40875479,34.62607404],[-118.4087795,34.62606077],[-118.40880421,34.62604751],[-118.40887945,34.62600712],[-118.4089273,34.62598177],[-118.40897607,34.62595806],[-118.4090041,34.6259402],[-118.40904172,34.62592001],[-118.40914685,34.62584924],[-118.40925409,34.62578091],[-118.40928961,34.62575828],[-118.40932512,34.62573565],[-118.40951095,34.62561724],[-118.40956247,34.62558426],[-118.4095878,34.62556808],[-118.40961063,34.62555373],[-118.40964614,34.6255311],[-118.40966802,34.62551765],[-118.4096897,34.62550401],[-118.40973044,34.62547841],[-118.40976614,34.62545599],[-118.40980185,34.62543356],[-118.40982681,34.62541787],[-118.40985421,34.62540066],[-118.40987621,34.62538684],[-118.40989821,34.62537302],[-118.40992562,34.6253558],[-118.40995509,34.62533728],[-118.4099971,34.62531089],[-118.4100381,34.62528513],[-118.4100875,34.6252541],[-118.4101232,34.62523167],[-118.41021987,34.6251517],[-118.41031951,34.62507462],[-118.41034016,34.62505865],[-118.41038496,34.62502399],[-118.41046824,34.62495957],[-118.41055152,34.62489515],[-118.41058425,34.62486983],[-118.41062653,34.62483712],[-118.41066746,34.62480546],[-118.41069116,34.62478713],[-118.41072869,34.62475809],[-118.41076359,34.6247311],[-118.41078896,34.62470802],[-118.4108268,34.6246822],[-118.4108575,34.62466181],[-118.41088023,34.62464649],[-118.41091578,34.62462252],[-118.41094755,34.6246011],[-118.41099102,34.6245718],[-118.41102283,34.62455035],[-118.41105758,34.62452693],[-118.41112707,34.62448008],[-118.41116181,34.62445666],[-118.41119341,34.62443535],[-118.41124396,34.62440128],[-118.4112945,34.6243672],[-118.41132924,34.62434378],[-118.41136175,34.62430873],[-118.41139812,34.6242771],[-118.41145987,34.62422341],[-118.41149696,34.62419112],[-118.41153139,34.62415914],[-118.4115635,34.6241333],[-118.41159437,34.62410646],[-118.41169283,34.62402922],[-118.4117938,34.62394796],[-118.41185426,34.62389931],[-118.41195148,34.62382107],[-118.41199595,34.62378528],[-118.41204869,34.62374284],[-118.41206767,34.62372591],[-118.41210078,34.62370092],[-118.41212904,34.6236796],[-118.41216273,34.62365491],[-118.41219539,34.62362953],[-118.41222311,34.6236105],[-118.41226444,34.62357581],[-118.4122831,34.623559],[-118.41231418,34.62353232],[-118.41270247,34.62318095],[-118.41285685,34.62304179],[-118.41309157,34.6228302],[-118.41315213,34.62277561],[-118.41317188,34.6227578],[-118.41354123,34.62242485],[-118.41378212,34.62220494],[-118.41392774,34.622072],[-118.4139606,34.6220468],[-118.41398946,34.62202537],[-118.41401573,34.62200375],[-118.41405476,34.6219746],[-118.41428623,34.62179116],[-118.41430582,34.62177578],[-118.41438228,34.62171575],[-118.41441588,34.62168898],[-118.41443864,34.62167085],[-118.41470733,34.62145679],[-118.4147414,34.6214327],[-118.41478343,34.62140105],[-118.41481,34.6213842],[-118.41483862,34.62136397],[-118.41485941,34.62134927],[-118.41491272,34.62131158],[-118.41495493,34.62128207],[-118.41498527,34.62126169],[-118.4150158,34.6212387],[-118.41504987,34.62121461],[-118.41511653,34.6211637],[-118.41519805,34.62110145],[-118.4152216,34.62108239],[-118.41524923,34.62106002],[-118.4152876,34.62102895],[-118.41534267,34.62098437],[-118.41538212,34.62096283],[-118.41541344,34.62093924],[-118.4154689,34.62091671],[-118.41549685,34.62090173],[-118.41552946,34.62088425],[-118.41557918,34.6208576],[-118.41563046,34.62083012],[-118.41568208,34.62080245],[-118.41576395,34.62075856],[-118.41578703,34.6207462],[-118.4158101,34.62073383],[-118.41584774,34.62071365],[-118.41588663,34.62069281],[-118.41594431,34.62066188],[-118.41596914,34.62064855],[-118.4160132,34.62062498],[-118.41603658,34.62061247],[-118.41606791,34.62059571],[-118.41610401,34.62057639],[-118.41614167,34.62055624],[-118.41621921,34.62051475],[-118.41624619,34.62050032],[-118.41627734,34.62048365],[-118.41630087,34.62047107],[-118.41635796,34.62044052],[-118.41641384,34.62041062],[-118.4164367,34.62039839],[-118.41647179,34.62037962],[-118.41650474,34.62036199],[-118.41654552,34.62034018],[-118.416573,34.62032547],[-118.4166036,34.6203091],[-118.41664126,34.62028895],[-118.41674806,34.62022254],[-118.41677143,34.62020854],[-118.41695404,34.62009911],[-118.4170308,34.62005312],[-118.41706888,34.6200303],[-118.41709851,34.62001255],[-118.41713481,34.61999079],[-118.41715728,34.61997733],[-118.41719002,34.61995771],[-118.4172704,34.61990955],[-118.41735719,34.61985754],[-118.41738842,34.61983883],[-118.41742424,34.61981738],[-118.41757069,34.61972964],[-118.41760002,34.61971203],[-118.41762971,34.61969424],[-118.41769996,34.61965207],[-118.41782305,34.61957817],[-118.4178474,34.61956355],[-118.41794458,34.6195052],[-118.41801345,34.61946385],[-118.41805705,34.6194377],[-118.41821296,34.6193441],[-118.41840425,34.61922926],[-118.4184444,34.61920516],[-118.41846979,34.61918992],[-118.41850841,34.6191664],[-118.41854067,34.61914689],[-118.41857687,34.619125],[-118.41861173,34.61910392],[-118.4186964,34.61905272],[-118.4187406,34.61902599],[-118.41877599,34.61900459],[-118.4188388,34.61896661],[-118.41886276,34.61895212],[-118.41889984,34.61892899],[-118.41894334,34.61890339],[-118.41897059,34.61888691],[-118.41903955,34.61884733],[-118.41912776,34.61879576],[-118.41918131,34.61876445],[-118.41923154,34.61873508],[-118.4192818,34.6187057],[-118.419355,34.61866291],[-118.41937986,34.61864944],[-118.41941205,34.61863201],[-118.41945828,34.61860252],[-118.41948382,34.61858759],[-118.419561,34.6185354],[-118.41960285,34.6185071],[-118.4196616,34.61847039],[-118.41972563,34.61843039],[-118.41975857,34.61840515],[-118.41980063,34.61837291],[-118.41983749,34.61834466],[-118.41986128,34.61832643],[-118.41988276,34.61830997],[-118.41990269,34.61829469],[-118.41992702,34.61827605],[-118.4199485,34.61825959],[-118.41996843,34.61824431],[-118.41999276,34.61822566],[-118.42001291,34.61821022],[-118.42004578,34.61818503],[-118.42006833,34.61817156],[-118.4200988,34.6181444],[-118.42012307,34.6181258],[-118.42014846,34.61810305],[-118.42018938,34.61806365],[-118.42024949,34.61801006],[-118.42031632,34.61795047],[-118.42037053,34.61790215],[-118.42043354,34.61785059],[-118.42046788,34.61781536],[-118.42049157,34.61779424],[-118.4205384,34.61773953],[-118.42058815,34.61768684],[-118.42061571,34.61765765],[-118.42065721,34.6176137],[-118.4207152,34.61755228],[-118.42073201,34.61753447],[-118.42075126,34.61751409],[-118.42077032,34.6174939],[-118.42078713,34.6174761],[-118.42081536,34.6174462],[-118.42082636,34.61742261],[-118.42086048,34.61739841],[-118.42088796,34.61736931],[-118.42091086,34.61735574],[-118.4209715,34.6173198],[-118.42099051,34.61730292],[-118.4210421,34.61725709],[-118.4210826,34.6172411],[-118.42110979,34.61723036],[-118.42115028,34.61721437],[-118.42120059,34.6171945],[-118.42124109,34.61717851],[-118.42130276,34.61714949],[-118.4213452,34.6171374],[-118.42138569,34.61712141],[-118.42158225,34.61706985],[-118.42177829,34.61701738],[-118.42182805,34.61699908],[-118.42188213,34.6169792],[-118.42190957,34.61696911],[-118.42194495,34.6169561],[-118.42198596,34.61694102],[-118.42204654,34.61692371],[-118.4220706,34.6169099],[-118.4221179,34.61689032],[-118.42217145,34.616852],[-118.4222474,34.616807],[-118.4222723,34.6167941],[-118.42230488,34.61677539],[-118.4223316,34.61676159],[-118.42247263,34.61669029],[-118.42265623,34.61659515],[-118.42271097,34.61656678],[-118.42287329,34.61648267],[-118.42291511,34.61646024],[-118.42303411,34.61639643],[-118.42307363,34.61637885],[-118.42310122,34.61636658],[-118.42314074,34.61634901],[-118.42318026,34.61633144],[-118.42320962,34.61631839],[-118.42324737,34.6163016],[-118.42328689,34.61628403],[-118.42334693,34.61625734],[-118.42338644,34.61623977],[-118.42342008,34.61622406],[-118.42344396,34.61620852],[-118.42349452,34.61619171],[-118.42352552,34.61617793],[-118.42362395,34.61615276],[-118.42371825,34.61612355],[-118.42380232,34.6160975],[-118.42387641,34.61607455],[-118.4239505,34.61605159],[-118.42399988,34.61603629],[-118.42403457,34.61602555],[-118.42407477,34.61601309],[-118.42411681,34.61600007],[-118.42414633,34.61599092],[-118.42417586,34.61598177],[-118.424344,34.61592968],[-118.42437764,34.61591926],[-118.42441128,34.61590884],[-118.4244421,34.61589929],[-118.42449535,34.61588279],[-118.42455001,34.61586586],[-118.42460867,34.61585557],[-118.42466258,34.61582768],[-118.42471649,34.6157998],[-118.42474721,34.61578391],[-118.4247742,34.61576995],[-118.4248148,34.61574895],[-118.42485148,34.61572998],[-118.42487797,34.61571627],[-118.42490275,34.61570345],[-118.42492753,34.61569063],[-118.42495403,34.61567693],[-118.42498146,34.61566274],[-118.42501678,34.61564447],[-118.42505379,34.61562532],[-118.42509013,34.61560653],[-118.4251321,34.61554709],[-118.42515745,34.61552202],[-118.42518995,34.61548988],[-118.4252121,34.61546797],[-118.42524083,34.61543956],[-118.42527773,34.61540306],[-118.42531464,34.61536657],[-118.42537821,34.6153037],[-118.42543884,34.61524374],[-118.42546367,34.61521918],[-118.42552113,34.61516236],[-118.42556196,34.61512],[-118.4255806,34.61509765],[-118.4256127,34.6150718],[-118.42563683,34.61505237],[-118.42566893,34.61502652],[-118.42570103,34.61500066],[-118.42572197,34.6149838],[-118.42574397,34.61496608],[-118.42576582,34.61494849],[-118.42578561,34.6149237],[-118.42582261,34.61490274],[-118.42585649,34.61488355],[-118.42593818,34.61483689],[-118.4259754,34.6148162],[-118.4260124,34.61479524],[-118.4260486,34.6147755],[-118.426082,34.61475193],[-118.4261218,34.6147348],[-118.42617428,34.61471222],[-118.42620459,34.61469918],[-118.42624439,34.61468205],[-118.42629384,34.61466077],[-118.42634255,34.61463981],[-118.42641259,34.61460967],[-118.42648185,34.61457986],[-118.42651048,34.61456754],[-118.42654098,34.61455442],[-118.42658079,34.61453729],[-118.42662059,34.61452016],[-118.42665247,34.61450644],[-118.42669227,34.61448931],[-118.42673208,34.61447219],[-118.42678035,34.61445036],[-118.42681994,34.61443135],[-118.42687161,34.6144133],[-118.42692328,34.61439526],[-118.42696578,34.61438042],[-118.42700233,34.61436766],[-118.42703412,34.61435656],[-118.42707534,34.61434216],[-118.42711988,34.61432661],[-118.42715183,34.61431545],[-118.42717906,34.61430594],[-118.4272199,34.61429168],[-118.42725771,34.61427848],[-118.42732293,34.61425571],[-118.42737255,34.61423838],[-118.42742785,34.61421907],[-118.42745359,34.61421008],[-118.42748238,34.61420003],[-118.42751862,34.61418861],[-118.42755119,34.61418106],[-118.4275804,34.6141658],[-118.42760937,34.61415066],[-118.42766044,34.61412397],[-118.4276878,34.61410967],[-118.42773217,34.61408648],[-118.42776736,34.61406809],[-118.42780155,34.61405022],[-118.42786255,34.61401834],[-118.42789144,34.61400324],[-118.42792936,34.61398343],[-118.42796728,34.61396361],[-118.42799205,34.61395066],[-118.42801911,34.61393652],[-118.42804411,34.61392345],[-118.42811063,34.61388869],[-118.42814299,34.61387178],[-118.42817422,34.61385545],[-118.42821386,34.61383474],[-118.42825345,34.61381405],[-118.42829137,34.61379423],[-118.42832961,34.61375724],[-118.4283739,34.6137511],[-118.42842155,34.61374449],[-118.42847275,34.6137374],[-118.42851014,34.61373222],[-118.42855036,34.61372542],[-118.42857918,34.61371391],[-118.4286228,34.6137166],[-118.42866341,34.6137191],[-118.42869382,34.61372098],[-118.42876179,34.61372517],[-118.42880958,34.61372811],[-118.42885438,34.61373087],[-118.42892164,34.61373502],[-118.42898891,34.61373917],[-118.42907849,34.61374469],[-118.42914123,34.61374855],[-118.42916815,34.61375021],[-118.42921993,34.61374975],[-118.42925907,34.6137494],[-118.42931855,34.61375948],[-118.42934739,34.61376126],[-118.42940443,34.61377505],[-118.42954959,34.61381016],[-118.42970305,34.61384225],[-118.42975305,34.61385271],[-118.4298401,34.61387092],[-118.42997495,34.61389912],[-118.43002168,34.61390889],[-118.43006641,34.61391825],[-118.43009348,34.61392391],[-118.43020325,34.61394687],[-118.4302322,34.61395292],[-118.43026244,34.61395925],[-118.43029034,34.61396508],[-118.43031926,34.61397113],[-118.43034741,34.61397702],[-118.43037738,34.61398329],[-118.43040633,34.61398934],[-118.43043291,34.6139949],[-118.43046006,34.61400041],[-118.43050332,34.61400362],[-118.4305432,34.61400308],[-118.43058102,34.61400588],[-118.43064314,34.61401049],[-118.43067048,34.61401252],[-118.43072217,34.61401635],[-118.43077371,34.61402484],[-118.4308186,34.6140235],[-118.43086333,34.61402682],[-118.43091487,34.61402314],[-118.4309753,34.61401883],[-118.43108711,34.61401549],[-118.43114896,34.61401364],[-118.43117689,34.61401281],[-118.43121174,34.61401177],[-118.43130112,34.61400911],[-118.43134234,34.61400788],[-118.43140874,34.6140059],[-118.43145253,34.61400459],[-118.43149029,34.61400346],[-118.43152904,34.6140023],[-118.43158103,34.61400074],[-118.43162895,34.61399931],[-118.43167167,34.61399803],[-118.43171552,34.61399672],[-118.43176144,34.61399534],[-118.4318467,34.61399279],[-118.43189794,34.61399126],[-118.43194226,34.61398993],[-118.43198771,34.61398857],[-118.43201922,34.61398763],[-118.43204685,34.6139868],[-118.43207447,34.61398598],[-118.43210899,34.61398494],[-118.4321405,34.613984],[-118.43219855,34.61397108],[-118.43224191,34.61396143],[-118.43228526,34.61395178],[-118.43234331,34.61393887],[-118.43238712,34.61392912],[-118.43242026,34.61392174],[-118.43246446,34.61391191],[-118.43249131,34.61390593],[-118.43253466,34.61389629],[-118.4325653,34.61388947],[-118.43259794,34.61388742],[-118.4326393,34.613873],[-118.43268266,34.61386335],[-118.43274186,34.61383924],[-118.43277585,34.6138254],[-118.43287104,34.61379222],[-118.43290437,34.6137806],[-118.43295376,34.61376338],[-118.43304895,34.6137302],[-118.43307749,34.61372155],[-118.43314632,34.61370068],[-118.4331889,34.61368103],[-118.43321719,34.61366797],[-118.4332451,34.6136551],[-118.43326908,34.61364403],[-118.43329306,34.61363296],[-118.43331797,34.61362146],[-118.43334167,34.61361053],[-118.43336755,34.61359858],[-118.43339633,34.6135853],[-118.43342002,34.61357436],[-118.43344927,34.61356087],[-118.43348845,34.61354279],[-118.43351279,34.61353155],[-118.43364061,34.61347256],[-118.4336798,34.61345447],[-118.43371896,34.6134364],[-118.4337441,34.6134248],[-118.43378328,34.61340672],[-118.43384051,34.61337472],[-118.43399347,34.61328919],[-118.43401975,34.6132749],[-118.43420536,34.61317396],[-118.43428031,34.6131332],[-118.43447347,34.61302816],[-118.43466663,34.61292311],[-118.4347041,34.61290274],[-118.43477905,34.61286198],[-118.43481652,34.6128416],[-118.43487609,34.6128092],[-118.43493566,34.61277681],[-118.43501061,34.61273605],[-118.43508769,34.61269413],[-118.43516391,34.61264597],[-118.4352047,34.6126305],[-118.43523712,34.61261287],[-118.43528861,34.61259867],[-118.4353294,34.6125832],[-118.43536037,34.61257145],[-118.43538871,34.6125607],[-118.43541525,34.61255064],[-118.43545422,34.61253586],[-118.43549527,34.61252028],[-118.43552062,34.61251066],[-118.43555778,34.61249655],[-118.43560337,34.61247925],[-118.43564524,34.61246336],[-118.43570949,34.61243897],[-118.43574018,34.61242733],[-118.43577678,34.61241344],[-118.43583967,34.61238957],[-118.43587131,34.61237756],[-118.43590509,34.61236474],[-118.43594254,34.61235053],[-118.43597294,34.61233899],[-118.43600722,34.61232598],[-118.43604801,34.6123105],[-118.43608989,34.61229461],[-118.43613178,34.61227871],[-118.43621335,34.61224775],[-118.43627563,34.61222412],[-118.43630926,34.61221028],[-118.43633706,34.61219885],[-118.4363787,34.612185],[-118.43640538,34.61217487],[-118.43649799,34.61214515],[-118.43659239,34.61211394],[-118.43663404,34.6121001],[-118.43667568,34.61208625],[-118.43673381,34.61206692],[-118.43677545,34.61205307],[-118.43680609,34.61204288],[-118.43684774,34.61202904],[-118.43688938,34.61201519],[-118.43693103,34.61200134],[-118.43695941,34.6119919],[-118.43699599,34.61197974],[-118.43702334,34.61197064],[-118.43706499,34.6119568],[-118.43709032,34.61194837],[-118.43711814,34.61194421],[-118.43716524,34.61192243],[-118.4372044,34.61190431],[-118.4372304,34.61189229],[-118.43725433,34.61188122],[-118.4372824,34.61186824],[-118.43730871,34.61185607],[-118.43733264,34.611845],[-118.43736463,34.61183021],[-118.43740379,34.6118121],[-118.4374388,34.6117959],[-118.43747796,34.61177779],[-118.43751033,34.61174708],[-118.43754491,34.61172348],[-118.43757948,34.61169988],[-118.437618,34.61167612],[-118.43765102,34.61165106],[-118.43768559,34.61162746],[-118.43770462,34.61161036],[-118.43772557,34.61159446],[-118.43775716,34.61157048],[-118.43778045,34.6115528],[-118.43780269,34.61153592],[-118.43782425,34.61151955],[-118.43785727,34.61149448],[-118.43788174,34.61147591],[-118.43790824,34.6114558],[-118.43794777,34.61142578],[-118.4379721,34.61140731],[-118.43804179,34.61135441],[-118.43809055,34.6113174],[-118.43815961,34.61126385],[-118.4381933,34.6112394],[-118.43822632,34.61121434],[-118.43825492,34.61119468],[-118.43828286,34.6111744],[-118.43831655,34.61114995],[-118.43835024,34.6111255],[-118.43837817,34.61110523],[-118.43840045,34.61107832],[-118.4384398,34.6110605],[-118.4384814,34.61104166],[-118.43852485,34.61102198],[-118.43855575,34.61100798],[-118.4385951,34.61099016],[-118.43863235,34.61097329],[-118.4386717,34.61095546],[-118.43871105,34.61093764],[-118.43874141,34.61092389],[-118.43877052,34.61091071],[-118.43882888,34.61088427],[-118.43886109,34.61086968],[-118.43889308,34.61085519],[-118.43893243,34.61083737],[-118.43896333,34.61081829],[-118.439005,34.6108045],[-118.43904154,34.61079241],[-118.43908321,34.61077861],[-118.43916655,34.61075102],[-118.43920576,34.61073804],[-118.43924067,34.61072649],[-118.43929719,34.61070778],[-118.43936007,34.61068696],[-118.439436,34.61066183],[-118.43951077,34.61063404],[-118.4395536,34.6106229],[-118.43959527,34.61060911],[-118.43964264,34.61059973],[-118.43970231,34.61058421],[-118.43973167,34.61057657],[-118.4397745,34.61056542],[-118.43982409,34.61055252],[-118.43986692,34.61054137],[-118.43989715,34.61053351],[-118.43992718,34.61052513],[-118.4399702,34.6105145],[-118.44001303,34.61050336],[-118.44012227,34.61047693],[-118.44020459,34.61045659],[-118.44023132,34.61044998],[-118.44031736,34.61042872],[-118.44042642,34.61040178],[-118.44052763,34.61037998],[-118.4405785,34.6103642],[-118.44061561,34.61035503],[-118.44068913,34.61032757],[-118.44072376,34.6103161],[-118.44075808,34.61030474],[-118.44084142,34.61027714],[-118.44088954,34.61026121],[-118.44093766,34.61024527],[-118.44097933,34.61023147],[-118.441021,34.61021768],[-118.4410492,34.61020834],[-118.44108118,34.61019775],[-118.44112397,34.61018358],[-118.44116622,34.61016959],[-118.4412281,34.6101491],[-118.44128801,34.61012111],[-118.44132106,34.61010567],[-118.44135438,34.6100901],[-118.44140254,34.6100676],[-118.4414416,34.61004935],[-118.44148066,34.6100311],[-118.44152833,34.61000883],[-118.4415834,34.6099831],[-118.44161855,34.60996668],[-118.44166332,34.60994394],[-118.44169887,34.60992652],[-118.44174051,34.60990612],[-118.44178183,34.60988587],[-118.44181269,34.60987076],[-118.44185145,34.60985177],[-118.44187547,34.60984],[-118.44190121,34.60982738],[-118.44194281,34.60980586],[-118.441982,34.6097878],[-118.44201705,34.60977165],[-118.44205624,34.60975358],[-118.44207981,34.60974272],[-118.44210521,34.60973101],[-118.4421444,34.60971295],[-118.44218358,34.60969488],[-118.44221023,34.6096826],[-118.44226196,34.60965876],[-118.44229091,34.60964542],[-118.44234489,34.60962054],[-118.44248699,34.60955313],[-118.44260748,34.60949632],[-118.44263785,34.60948201],[-118.44266827,34.60946766],[-118.44270725,34.60944929],[-118.4427681,34.6094206],[-118.4428605,34.60937704],[-118.4429529,34.60933348],[-118.44310879,34.60925998],[-118.44313512,34.60924757],[-118.4431845,34.60922429],[-118.44326244,34.60918754],[-118.44331979,34.60916051],[-118.44334401,34.60914941],[-118.44337753,34.60913405],[-118.4434161,34.6091151],[-118.44344209,34.60910285],[-118.44350497,34.60907186],[-118.44356489,34.609042],[-118.44361154,34.60901908],[-118.44367512,34.60898784],[-118.44374601,34.60895301],[-118.44380658,34.60892326],[-118.4438609,34.60889657],[-118.44393803,34.60885868],[-118.44397271,34.60884164],[-118.44403299,34.60881202],[-118.4440675,34.60879507],[-118.4441285,34.6087651],[-118.44415082,34.6087501],[-118.4441856,34.60872671],[-118.44422047,34.60870328],[-118.44424271,34.60868833],[-118.4442776,34.60866487],[-118.44431239,34.60864149],[-118.44433833,34.60862405],[-118.44436313,34.60860738],[-118.44438442,34.60859307],[-118.4444192,34.60856969],[-118.44445399,34.6085463],[-118.44449928,34.60851586],[-118.44453409,34.60849246],[-118.44456885,34.60846909],[-118.44459035,34.60845464],[-118.44467351,34.60839874],[-118.44470115,34.60838937],[-118.4447298,34.6083609],[-118.44476927,34.60832167],[-118.44482656,34.60826472],[-118.44485401,34.60823744],[-118.44487777,34.60821382],[-118.44490058,34.60819114],[-118.44492332,34.60816854],[-118.44495042,34.60814161],[-118.44497752,34.60811467],[-118.44500616,34.6080862],[-118.44503134,34.60806117],[-118.44507623,34.60801655],[-118.4451061,34.60799049],[-118.4451463,34.6079469],[-118.44517734,34.60790937],[-118.44521702,34.60786138],[-118.4452423,34.60783082],[-118.44526757,34.60780026],[-118.44528775,34.60777586],[-118.44530614,34.60775362],[-118.44533829,34.60771474],[-118.44536357,34.60768418],[-118.44539505,34.60764611],[-118.44542032,34.60761555],[-118.44544559,34.60758499],[-118.44548457,34.60753786],[-118.4455198,34.60749526],[-118.44554715,34.60746889],[-118.44556698,34.60744519],[-118.4455803,34.6074221],[-118.44559415,34.60739808],[-118.44561342,34.60736469],[-118.44562728,34.60734067],[-118.44564654,34.60730728],[-118.44566581,34.60727388],[-118.44568507,34.60724049],[-118.44570571,34.6072047],[-118.44572115,34.60717795],[-118.44574425,34.60713791],[-118.44576489,34.60710213],[-118.44578415,34.60706873],[-118.44579791,34.60704488],[-118.44581446,34.60701899],[-118.4458324,34.6069851],[-118.44585167,34.60695171],[-118.4458983,34.60686068],[-118.44595188,34.6067696],[-118.4459652,34.6067343],[-118.44598314,34.60670041],[-118.44600795,34.60662103],[-118.446032,34.6065573],[-118.44606402,34.60647246],[-118.44607544,34.60644222],[-118.44608491,34.60641711],[-118.44609366,34.60639393],[-118.4461135,34.60634138],[-118.44612287,34.60631653],[-118.44616285,34.60621062],[-118.44617012,34.60617939],[-118.4461875,34.6061453],[-118.44620082,34.60611],[-118.44621787,34.60608573],[-118.44623087,34.60606026],[-118.44625179,34.60601922],[-118.44627423,34.60597522],[-118.44628656,34.60595104],[-118.4462975,34.60592958],[-118.446309,34.60590704],[-118.44632638,34.60587295],[-118.44634376,34.60583886],[-118.4463612,34.60580467],[-118.44637858,34.60577058],[-118.44640013,34.60573762],[-118.4464134,34.6057023],[-118.44643078,34.60566821],[-118.44643693,34.60564461],[-118.44645549,34.60559031],[-118.44648204,34.60551967],[-118.44649759,34.60547831],[-118.44654985,34.60533928],[-118.44656172,34.60530769],[-118.44657499,34.60527237],[-118.44658489,34.60524272],[-118.44659519,34.60521769],[-118.44661257,34.60517238],[-118.44666108,34.60505758],[-118.44670844,34.60494247],[-118.44673726,34.60487243],[-118.44676751,34.60479891],[-118.44678463,34.60475732],[-118.44681808,34.60467667],[-118.44683233,34.60464231],[-118.4468464,34.6046072],[-118.44686107,34.60457061],[-118.44686996,34.60454844],[-118.44687955,34.60452451],[-118.44689249,34.60449224],[-118.44692071,34.60442185],[-118.44694892,34.60435147],[-118.44697707,34.60428125],[-118.44699663,34.60423247],[-118.4470111,34.60419638],[-118.44704692,34.60411196],[-118.4470592,34.6040764],[-118.44707327,34.60404129],[-118.44708505,34.60400152],[-118.44709252,34.60397987],[-118.44710533,34.60394276],[-118.44712182,34.603895],[-118.44713061,34.60386953],[-118.44713805,34.60384799],[-118.44715032,34.60381243],[-118.4471626,34.60377686],[-118.44717037,34.60375434],[-118.44718265,34.60371878],[-118.44718837,34.60369574],[-118.4472027,34.6036607],[-118.44721867,34.60362165],[-118.44723755,34.60357549],[-118.44724704,34.60355228],[-118.44725653,34.60352907],[-118.44726621,34.60350541],[-118.44728171,34.60346751],[-118.4472914,34.60344381],[-118.44731143,34.60339484],[-118.44733041,34.60334842],[-118.44734209,34.60331988],[-118.44736479,34.60326437],[-118.44737912,34.60322933],[-118.44738781,34.60320808],[-118.44739853,34.60318185],[-118.44740778,34.60315926],[-118.44741646,34.60313801],[-118.44742681,34.60311272],[-118.44744114,34.60307768],[-118.44745065,34.60305441],[-118.44746012,34.60303113],[-118.4474745,34.6029961],[-118.44748404,34.60297279],[-118.44754888,34.60281492],[-118.44760887,34.60266878],[-118.44762528,34.6026288],[-118.44763763,34.60259873],[-118.44769762,34.60245258],[-118.44775714,34.60230629],[-118.447772,34.6022714],[-118.44778638,34.60223638],[-118.44782227,34.60215333],[-118.44784017,34.6021113],[-118.44785769,34.60207014],[-118.44786934,34.6020428],[-118.44788741,34.60200036],[-118.44791255,34.60194132],[-118.44792283,34.60191718],[-118.44795118,34.60185346],[-118.4479731,34.6017991],[-118.44798796,34.60176421],[-118.44800335,34.60172021],[-118.44802499,34.60166278],[-118.44803842,34.6016275],[-118.44805185,34.60159222],[-118.44806437,34.60155934],[-118.44807689,34.60152646],[-118.44809032,34.60149118],[-118.44810375,34.6014559],[-118.44812004,34.60141309],[-118.44813061,34.60138534],[-118.4481409,34.6013583],[-118.44815433,34.60132302],[-118.4481537,34.60128613],[-118.44815775,34.60126329],[-118.4481665,34.60121395],[-118.44817258,34.60117965],[-118.44817768,34.60115088],[-118.44818561,34.60110619],[-118.44819256,34.60106696],[-118.44819858,34.60103302],[-118.44820492,34.60099728],[-118.44821316,34.60095081],[-118.44821965,34.60091423],[-118.4482252,34.60088293],[-118.44823075,34.60085163],[-118.44823724,34.60081505],[-118.44824372,34.60077846],[-118.44825252,34.60072887],[-118.44826101,34.60067925],[-118.44826628,34.60065087],[-118.44827152,34.60062266],[-118.44827588,34.60059921],[-118.44828141,34.60056946],[-118.44828654,34.60054181],[-118.44829219,34.6005114],[-118.44830043,34.60046709],[-118.4483208,34.60035745],[-118.44832553,34.600332],[-118.44833025,34.60030655],[-118.44833436,34.60028443],[-118.4483465,34.6002191],[-118.44835152,34.60018558],[-118.44835654,34.60015205],[-118.44836029,34.60012695],[-118.44836752,34.60007867],[-118.44837274,34.60004381],[-118.4483766,34.60001804],[-118.44838209,34.59998134],[-118.44838565,34.59995754],[-118.44838922,34.59993373],[-118.4484002,34.59986034],[-118.4484083,34.59980622],[-118.44841908,34.5997523],[-118.4484219,34.5997154],[-118.44842739,34.59967871],[-118.44842736,34.59964395],[-118.44843018,34.59960705],[-118.44843301,34.59957015],[-118.44843565,34.5995356],[-118.44843847,34.5994987],[-118.44844073,34.59946914],[-118.44844352,34.59943263],[-118.44844586,34.59940202],[-118.44844775,34.59937736],[-118.44845001,34.5993478],[-118.44845179,34.59932068],[-118.44845412,34.59929303],[-118.44845602,34.59926911],[-118.44845802,34.59924674],[-118.44846034,34.59921926],[-118.44846267,34.59919161],[-118.44846545,34.5991586],[-118.44846856,34.59912172],[-118.44847073,34.59909598],[-118.44847262,34.59907348],[-118.44847573,34.5990366],[-118.44847884,34.59899971],[-118.44848205,34.59896165],[-118.44849058,34.59888166],[-118.4484919,34.5988447],[-118.44849501,34.59880782],[-118.44849427,34.59877862],[-118.44849531,34.59874949],[-118.44849663,34.59871253],[-118.4484976,34.59868561],[-118.44849928,34.59863862],[-118.44850018,34.59861343],[-118.44850536,34.5985827],[-118.44850286,34.59854923],[-118.44850392,34.59850884],[-118.44849601,34.59845763],[-118.44849217,34.59840637],[-118.44848666,34.59833256],[-118.4484842,34.59829975],[-118.44848175,34.59826693],[-118.44847998,34.59824323],[-118.4484781,34.59821818],[-118.4484818,34.59819294],[-118.44847585,34.59816688],[-118.44847052,34.59814357],[-118.44847074,34.5981197],[-118.44845946,34.59809516],[-118.44845442,34.59807309],[-118.44844788,34.59804448],[-118.44844175,34.59801763],[-118.44843269,34.59797797],[-118.44842756,34.59795552],[-118.44842252,34.59793349],[-118.44841097,34.59788293],[-118.44840957,34.59782794],[-118.44841014,34.59778158],[-118.4484106,34.59774461],[-118.44841114,34.5977009],[-118.44841218,34.59767597],[-118.44841193,34.59764318],[-118.44841236,34.59760203],[-118.44841138,34.59756905],[-118.44841121,34.59754675],[-118.44841094,34.59750977],[-118.44841066,34.5974728],[-118.4484105,34.5974505],[-118.44842183,34.59740668],[-118.44843712,34.59734756],[-118.44844498,34.59731716],[-118.44845311,34.59728573],[-118.44845392,34.59726024],[-118.4484691,34.5972239],[-118.44847525,34.59720011],[-118.44849652,34.59715809],[-118.44851702,34.59711361],[-118.44854728,34.59704399],[-118.44856368,34.59700625],[-118.448579,34.59696818],[-118.4485952,34.5969337],[-118.44860776,34.59690479],[-118.44867338,34.59676733],[-118.44873535,34.59663543],[-118.44876775,34.59656647],[-118.44882973,34.59643458],[-118.44889141,34.59630259],[-118.4489079,34.5962682],[-118.44892062,34.59624113],[-118.44898937,34.59609825],[-118.44902073,34.59603286],[-118.44905436,34.59596269],[-118.44907085,34.5959283],[-118.44908669,34.59589527],[-118.44915232,34.59575835],[-118.44919966,34.59566046],[-118.4492178,34.59562295],[-118.4492338,34.5955884],[-118.44925029,34.59555401],[-118.44928658,34.59547526],[-118.44936693,34.59530093],[-118.44948405,34.595048],[-118.44950005,34.59501345],[-118.44951605,34.5949789],[-118.44963318,34.59472598],[-118.44974646,34.59447167],[-118.4497663,34.5944385],[-118.4497823,34.59440395],[-118.44980263,34.59437774],[-118.44981913,34.59435015],[-118.44983896,34.59431698],[-118.4498588,34.5942838],[-118.4498753,34.59425622],[-118.44987781,34.59423398],[-118.44990632,34.59419966],[-118.44993146,34.59416228],[-118.44996405,34.59415394],[-118.44999567,34.59412889],[-118.45001647,34.59411243],[-118.45004883,34.59408679],[-118.45006888,34.59407091],[-118.45008959,34.59405558],[-118.4501213,34.5940294],[-118.4501449,34.59400992],[-118.45016502,34.59399331],[-118.45018445,34.59397726],[-118.45020833,34.59395755],[-118.45022095,34.5939358],[-118.45025879,34.59391589],[-118.45028199,34.59389673],[-118.45036825,34.59385829],[-118.4504363,34.59381503],[-118.4504777,34.5938007],[-118.45050191,34.59378796],[-118.45058115,34.59376356],[-118.45061721,34.59375081],[-118.45067277,34.59372721],[-118.45070537,34.59372039],[-118.45076836,34.59370721],[-118.45082043,34.59369632],[-118.45084959,34.59369022],[-118.45088103,34.59368364],[-118.45092456,34.59367453],[-118.45096809,34.59366543],[-118.4510045,34.59365352],[-118.451049,34.5936485],[-118.45109253,34.59363939],[-118.45120415,34.593631],[-118.45124817,34.59362602],[-118.45131479,34.59361848],[-118.451349,34.59361465],[-118.45140084,34.59360885],[-118.45144206,34.59360423],[-118.45146999,34.5936011],[-118.4515145,34.59359612],[-118.45154246,34.59359299],[-118.45157307,34.59358956],[-118.4516697,34.59357874],[-118.45170489,34.59357479],[-118.4517939,34.59356482],[-118.45183294,34.59356045],[-118.45187128,34.59355616],[-118.45195907,34.59354633],[-118.45204135,34.59354019],[-118.4520852,34.5935322],[-118.45213194,34.59352368],[-118.45218446,34.59351411],[-118.45223894,34.59350418],[-118.45227217,34.59349812],[-118.45230791,34.59349161],[-118.45233603,34.59349398],[-118.4523771,34.593479],[-118.45241757,34.59346424],[-118.45245684,34.59344992],[-118.4524991,34.5934345],[-118.452529,34.5934236],[-118.45258004,34.59340498],[-118.4526214,34.5933899],[-118.45266504,34.59337071],[-118.45271175,34.59335018],[-118.45275804,34.59332982],[-118.45278273,34.59331897],[-118.4528377,34.5932948],[-118.45287732,34.59327738],[-118.4529256,34.59324832],[-118.45297571,34.59322183],[-118.45301662,34.5932002],[-118.45305129,34.59318187],[-118.45309231,34.59316018],[-118.45315187,34.59312934],[-118.4531893,34.5931089],[-118.45321993,34.5930927],[-118.45324445,34.5930792],[-118.45327298,34.59306321],[-118.45331923,34.59303796],[-118.45339409,34.59299709],[-118.45342162,34.59298206],[-118.45344916,34.59296703],[-118.45348659,34.59294659],[-118.45352402,34.59292615],[-118.45356145,34.59290572],[-118.45358561,34.59289253],[-118.45360715,34.59287564],[-118.45363134,34.59286553],[-118.45367819,34.59284198],[-118.45371794,34.59282774],[-118.45378209,34.59280254],[-118.45382214,34.5927858],[-118.45386219,34.59276907],[-118.4539064,34.5927506],[-118.45395316,34.59272037],[-118.4539971,34.5927127],[-118.45403715,34.59269597],[-118.45409134,34.59269082],[-118.45415955,34.59268435],[-118.45427712,34.59265741],[-118.45432419,34.59265593],[-118.45436927,34.59265451],[-118.45441712,34.592653],[-118.4544598,34.59265167],[-118.45450689,34.59265019],[-118.4545633,34.59264845],[-118.45459793,34.5926424],[-118.4546646,34.5926453],[-118.45470948,34.5926439],[-118.45480025,34.5926663],[-118.45488026,34.59267532],[-118.4549359,34.5926873],[-118.45498004,34.59269413],[-118.45504769,34.59271384],[-118.45511117,34.5927282],[-118.45515737,34.59273732],[-118.4551987,34.5927518],[-118.45524174,34.59276236],[-118.45557155,34.59288245],[-118.4556793,34.5929206],[-118.45590257,34.59299964],[-118.4559444,34.5930131],[-118.45598573,34.59302758],[-118.45622299,34.59310333],[-118.45646405,34.5931803],[-118.45694098,34.59333607],[-118.4569837,34.5933475],[-118.45702553,34.59336096],[-118.45705527,34.59336665],[-118.45709799,34.59337807],[-118.45714071,34.5933895],[-118.45726562,34.59342291],[-118.457293,34.59343024],[-118.45744322,34.59347957],[-118.457488,34.5934824],[-118.45753072,34.59349383],[-118.45773025,34.5934977],[-118.45792884,34.59352169],[-118.4579725,34.593513],[-118.45800949,34.59351534],[-118.45810191,34.5934939],[-118.4582125,34.59346525],[-118.4583726,34.59344077],[-118.4584127,34.59343463],[-118.4584525,34.5934175],[-118.45849616,34.59340881],[-118.45855786,34.59337547],[-118.45858805,34.59335915],[-118.45868696,34.59332218],[-118.4587236,34.5933008],[-118.45875748,34.59328103],[-118.45880304,34.59325444],[-118.45883077,34.59323826],[-118.45887733,34.59321109],[-118.45894035,34.59318123],[-118.45896118,34.59316461],[-118.45900924,34.59313412],[-118.45907505,34.59307375],[-118.45915206,34.59302247],[-118.4591775,34.592992],[-118.45919965,34.59297432],[-118.45925815,34.5928954],[-118.45929406,34.59286036],[-118.459322,34.59283309],[-118.4593388,34.5927988],[-118.45935576,34.59276417],[-118.45937272,34.59272954],[-118.45938952,34.59269525],[-118.45943746,34.59259737],[-118.45946919,34.59254724],[-118.45949781,34.592502],[-118.4595022,34.5924652],[-118.459519,34.59243091],[-118.45952164,34.59237525],[-118.4595274,34.59225375],[-118.45954432,34.59216409],[-118.45956044,34.59207871],[-118.45955497,34.59205332],[-118.45955699,34.5920055],[-118.45953762,34.59197276],[-118.45953049,34.59193962],[-118.4595148,34.59186681],[-118.45950798,34.59183514],[-118.45949347,34.59176776],[-118.45948191,34.59166631],[-118.4594643,34.5916323],[-118.45945646,34.59159589]]]},"properties":{"OBJECTID":1098006,"COUNTY":"LOS ANGELES","CITY":"LAC","ZONE_NAME":null,"ZONE_ID":"US-CA-XLA-LAC-E017","STATUS":"Evacuation Warning","EVENT_TYPE":null,"CRITICAL_INFO":null,"PUBLIC_INFO":null,"EDIT_DATE":1791069876000,"STATEWIDE_LAST_UPDATED":null,"NOTES":"Local authorities are responding to a fast-moving Wildfire. An EVACUATION ORDER has been issued. LEAVE NOW. Your safety is in danger if you stay. Call 911 if you need emergency assistance. Visit Alertla.org for more information.","SHAPE__Area":38415754.48046875,"SHAPE__Length":39390.677026910191,"GlobalID":"8f958e07-114e-4d28-8f3a-5c13a0a875da","CreationDate":1791069932000,"Creator":"CalOES_Scripts","EditDate":1791069932000,"Editor":"CalOES_Scripts"}},{"type":"Feature","id":1098010,"geometry":{"type":"Polygon","coordinates":[[[-118.38713634,34.48188263],[-118.38713686,34.48185758],[-118.38713858,34.48177529],[-118.3871395,34.481731],[-118.38714192,34.48161493],[-118.3871425,34.48158548],[-118.387143,34.4815605],[-118.387144,34.48151],[-118.387391,34.4814625],[-118.387638,34.481415],[-118.38771871,34.48138841],[-118.3877655,34.481373],[-118.387893,34.481331],[-118.388138,34.48126],[-118.3882055,34.4812515],[-118.38823276,34.48124807],[-118.388273,34.481243],[-118.38846634,34.48125045],[-118.388818,34.481264],[-118.39007615,34.4813012],[-118.39086388,34.48132448],[-118.39108842,34.48133112],[-118.391121,34.48133209],[-118.39208733,34.48136065],[-118.39297861,34.481387],[-118.397139,34.48151],[-118.39861072,34.48150295],[-118.406324,34.481466],[-118.42156002,34.48139241],[-118.42179843,34.48139126],[-118.42291838,34.48138585],[-118.42316872,34.48138464],[-118.425992,34.481371],[-118.426144,34.4813735],[-118.42623834,34.48137505],[-118.426296,34.481376],[-118.42764151,34.48136348],[-118.42776098,34.48136237],[-118.4279362,34.48136074],[-118.42810942,34.48135913],[-118.42814713,34.48135878],[-118.4284104,34.48135633],[-118.42935905,34.4813475],[-118.429413,34.481347],[-118.42979675,34.4813436],[-118.42982452,34.48134336],[-118.430091,34.481341],[-118.431691,34.48133],[-118.43184,34.4813285],[-118.431989,34.481327],[-118.43459766,34.4813095],[-118.43485546,34.48130777],[-118.43616347,34.481299],[-118.440338,34.481271],[-118.44028696,34.48434355],[-118.44028322,34.48456858],[-118.4402765,34.48497308],[-118.44027392,34.48512843],[-118.44027248,34.48521484],[-118.44026084,34.48591579],[-118.440215,34.488675],[-118.44020491,34.48931384],[-118.44020423,34.48935677],[-118.4401985,34.48971951],[-118.44018411,34.49063071],[-118.44018241,34.49073796],[-118.440182,34.490764],[-118.44018124,34.49081061],[-118.44018004,34.49088414],[-118.44017825,34.4909944],[-118.44017621,34.49111965],[-118.44017537,34.49117096],[-118.44017431,34.4912362],[-118.44017308,34.49131189],[-118.44017212,34.4913708],[-118.440165,34.49180801],[-118.44016407,34.49186482],[-118.44016347,34.49190203],[-118.44016087,34.49206162],[-118.44015982,34.49212624],[-118.440148,34.492852],[-118.44013189,34.49378763],[-118.44012722,34.49405942],[-118.4401215,34.49439151],[-118.44010967,34.49507879],[-118.44010855,34.49514397],[-118.44009588,34.49588],[-118.440095,34.495931],[-118.440942,34.495931],[-118.44108892,34.4959319],[-118.44120117,34.49593258],[-118.441434,34.495934],[-118.444714,34.495934],[-118.44499293,34.49593402],[-118.44865216,34.49593432],[-118.450836,34.4959345],[-118.4525214,34.49593464],[-118.45265828,34.49593465],[-118.45269969,34.49593465],[-118.45429262,34.49593478],[-118.456958,34.495935],[-118.4574735,34.4959335],[-118.45797193,34.49593205],[-118.4580188,34.4959638],[-118.465463,34.495892],[-118.466119,34.495889],[-118.4661635,34.49432351],[-118.46617845,34.4937975],[-118.46618026,34.49373394],[-118.46620072,34.49301418],[-118.46620146,34.49298825],[-118.466208,34.492758],[-118.46619244,34.491569],[-118.46618929,34.49132819],[-118.46617189,34.48999847],[-118.46616867,34.48975251],[-118.466149,34.488249],[-118.4666295,34.4883585],[-118.46685382,34.48840962],[-118.46693595,34.48842834],[-118.46704474,34.48845313],[-118.46711,34.488468],[-118.46712042,34.48824713],[-118.467125,34.48815],[-118.46714,34.487832],[-118.46718395,34.48782613],[-118.4672485,34.4878175],[-118.46736256,34.48780159],[-118.4673905,34.4877945],[-118.467424,34.487786],[-118.467455,34.487753],[-118.4674675,34.487576],[-118.46748,34.487399],[-118.46748138,34.48737504],[-118.467483,34.487347],[-118.467486,34.487295],[-118.46759157,34.48725962],[-118.46762072,34.48724985],[-118.467674,34.487232],[-118.467862,34.487169],[-118.46835379,34.48745391],[-118.4687107,34.48766069],[-118.469324,34.488016],[-118.46948388,34.48804207],[-118.47052618,34.48821203],[-118.47056727,34.48821873],[-118.47112365,34.48830945],[-118.47128838,34.48833632],[-118.47149562,34.48837011],[-118.47166351,34.48839748],[-118.471728,34.488408],[-118.47218168,34.48848214],[-118.47227093,34.48849672],[-118.47232785,34.48850602],[-118.4729303,34.48860447],[-118.4738445,34.48875385],[-118.47388773,34.48876092],[-118.47399589,34.48877859],[-118.47404577,34.48878674],[-118.474439,34.488851],[-118.47477432,34.48890543],[-118.47481684,34.48891234],[-118.474901,34.488926],[-118.47492242,34.48883001],[-118.47493145,34.48878956],[-118.4750205,34.4883905],[-118.47508481,34.48810231],[-118.47509446,34.48805907],[-118.47511754,34.48795563],[-118.47514,34.487855],[-118.475145,34.48632551],[-118.47515,34.484796],[-118.47515899,34.48184812],[-118.47515984,34.48157087],[-118.47516431,34.48119025],[-118.47519594,34.4811926],[-118.47530064,34.48120039],[-118.4757185,34.4812315],[-118.4759763,34.48125069],[-118.47605456,34.48125652],[-118.476276,34.481273],[-118.47663998,34.48127857],[-118.47674289,34.48128014],[-118.47717058,34.48128669],[-118.47769672,34.48129473],[-118.47778989,34.48129616],[-118.47863525,34.48130909],[-118.47922155,34.48131806],[-118.47920064,34.48146255],[-118.47917003,34.48169966],[-118.47887217,34.48205114],[-118.47877796,34.48222695],[-118.47867082,34.48242691],[-118.47877542,34.48274936],[-118.4788457,34.48285743],[-118.47889681,34.482936],[-118.47896524,34.48304122],[-118.4790312,34.48314264],[-118.47903248,34.4832824],[-118.47903563,34.4836243],[-118.47904288,34.48365003],[-118.4790567,34.48369909],[-118.47908751,34.48380848],[-118.47919206,34.48394734],[-118.47921872,34.48398274],[-118.47925346,34.48403969],[-118.47949113,34.48443877],[-118.479543,34.48455595],[-118.47955501,34.48458309],[-118.47969329,34.48480277],[-118.47979958,34.48497032],[-118.47987224,34.4851129],[-118.47991885,34.48520438],[-118.48014669,34.48565151],[-118.48016424,34.48617921],[-118.48009492,34.48646805],[-118.4800625,34.48660318],[-118.48004967,34.48665664],[-118.48004355,34.48668213],[-118.47999985,34.48684006],[-118.47998705,34.48688633],[-118.47993922,34.48705918],[-118.47968399,34.48735391],[-118.47965843,34.4873736],[-118.47931818,34.48763573],[-118.47885423,34.48797356],[-118.47882901,34.48800775],[-118.4787974,34.4880506],[-118.47871183,34.48816662],[-118.47866448,34.48846415],[-118.47864835,34.48857107],[-118.47855315,34.4892023],[-118.47852497,34.48929632],[-118.47846419,34.48949918],[-118.47845166,34.48952725],[-118.47841669,34.48960556],[-118.47835046,34.48975387],[-118.478305,34.48985568],[-118.47827582,34.48992103],[-118.47826391,34.48996108],[-118.47824241,34.49003335],[-118.47822601,34.49008847],[-118.47821634,34.490121],[-118.47819887,34.49017973],[-118.47818409,34.49022941],[-118.4781736,34.49026466],[-118.47812372,34.49043234],[-118.47811273,34.49046928],[-118.47806763,34.49059232],[-118.47793702,34.49094856],[-118.4778267,34.49146206],[-118.47781333,34.49152431],[-118.47778472,34.49165745],[-118.47777332,34.49224206],[-118.47777973,34.49226653],[-118.47781295,34.49239326],[-118.47783118,34.4924628],[-118.47788235,34.49265803],[-118.47788945,34.49268512],[-118.47798571,34.49285948],[-118.47802529,34.49293118],[-118.47812958,34.4931201],[-118.47815731,34.49317032],[-118.47817967,34.49320266],[-118.47831381,34.49339655],[-118.47838093,34.49349357],[-118.4784135,34.49354065],[-118.47861354,34.49373792],[-118.47865483,34.49377863],[-118.47876711,34.49388936],[-118.47891958,34.49402483],[-118.47910772,34.494192],[-118.47918279,34.49429935],[-118.47925668,34.49440503],[-118.4793328,34.49451389],[-118.47939181,34.49459828],[-118.47940808,34.49462155],[-118.47947191,34.49471284],[-118.47953697,34.4949316],[-118.4795461,34.49497073],[-118.47961394,34.49526146],[-118.4796286,34.49532429],[-118.4796983,34.495623],[-118.47991757,34.49585882],[-118.48014961,34.49605789],[-118.48017064,34.49607592],[-118.48022101,34.49611914],[-118.48026402,34.49617624],[-118.48030296,34.49622796],[-118.4803731,34.4963211],[-118.48042364,34.49638821],[-118.48042657,34.49649252],[-118.48042929,34.49658924],[-118.48043185,34.49668069],[-118.48032773,34.49704625],[-118.48006018,34.4972606],[-118.47972398,34.49743958],[-118.47931541,34.49777819],[-118.47903247,34.49807256],[-118.4788338,34.49831073],[-118.47881111,34.49833528],[-118.47860812,34.4985549],[-118.47851167,34.49859691],[-118.47842262,34.49862501],[-118.47831407,34.49865927],[-118.47809642,34.49867886],[-118.47804187,34.49868377],[-118.47786964,34.49869927],[-118.47778391,34.49872508],[-118.4776308,34.49877118],[-118.47759774,34.49878114],[-118.4775595,34.49879265],[-118.47739555,34.49884201],[-118.47728335,34.49887954],[-118.47703284,34.49896333],[-118.47680308,34.49912683],[-118.47673163,34.49917767],[-118.47665324,34.49923345],[-118.47643619,34.49946615],[-118.47630866,34.49960289],[-118.47607742,34.49982287],[-118.47605021,34.49984862],[-118.47598861,34.49990692],[-118.47585143,34.50005842],[-118.4756911,34.50023549],[-118.47554869,34.50042845],[-118.47538145,34.50069443],[-118.47535044,34.50074376],[-118.47507903,34.50105293],[-118.47504532,34.50109649],[-118.47499549,34.50116087],[-118.4748904,34.50129665],[-118.47478041,34.50143875],[-118.47395116,34.50201717],[-118.4736884,34.50227239],[-118.47345714,34.50249702],[-118.47336605,34.50259851],[-118.47325865,34.50271817],[-118.4731608,34.5028272],[-118.47301238,34.50299256],[-118.47263139,34.50324592],[-118.47257885,34.5032809],[-118.47252137,34.50330348],[-118.47248431,34.50331804],[-118.47243088,34.50333903],[-118.47239518,34.50335306],[-118.47225502,34.50340821],[-118.4720323,34.50349586],[-118.47192264,34.50356456],[-118.47185459,34.50360719],[-118.47177992,34.50366937],[-118.47150228,34.5039006],[-118.47116269,34.50425155],[-118.47112963,34.50427979],[-118.4711026,34.50430288],[-118.47095121,34.50443218],[-118.47091097,34.50447573],[-118.4707514,34.50464845],[-118.47071049,34.50469272],[-118.47069535,34.50473213],[-118.47062282,34.50492091],[-118.47046209,34.505343],[-118.47026936,34.50561517],[-118.47015493,34.50577677],[-118.46995361,34.50592463],[-118.46964229,34.50614619],[-118.46960155,34.5061641],[-118.46948784,34.5062141],[-118.46945756,34.50622741],[-118.46921844,34.50633255],[-118.46911087,34.50637985],[-118.46887414,34.50643517],[-118.46855379,34.50651004],[-118.46854801,34.50654692],[-118.46850629,34.50681327],[-118.4684316,34.50694161],[-118.46827108,34.50721742],[-118.468248,34.50725707],[-118.46790799,34.50763091],[-118.46786219,34.50766757],[-118.46780958,34.5077097],[-118.46771537,34.50778513],[-118.46769369,34.50780249],[-118.4674291,34.50801434],[-118.46724442,34.50824118],[-118.46723596,34.50840336],[-118.46722547,34.50859672],[-118.4671324,34.50874203],[-118.46710916,34.50877833],[-118.46700136,34.5088734],[-118.46690491,34.50895846],[-118.4668584,34.50897337],[-118.46668539,34.50902885],[-118.46657985,34.5090627],[-118.46649777,34.50908902],[-118.4663733,34.50912654],[-118.46620678,34.50917617],[-118.4661801,34.50918773],[-118.4661066,34.50923462],[-118.46603676,34.50927917],[-118.46594748,34.50933612],[-118.46568213,34.50961875],[-118.465511,34.50999985],[-118.46533519,34.51042345],[-118.46531866,34.51046325],[-118.46529244,34.51058446],[-118.46528723,34.51060857],[-118.46527576,34.51066159],[-118.46524309,34.51081263],[-118.46522352,34.51090311],[-118.46521795,34.5109282],[-118.46521109,34.51095912],[-118.4652058,34.510983],[-118.46516265,34.5111775],[-118.46506189,34.51138924],[-118.42211,34.503425],[-118.3842799,34.49637683],[-118.38432276,34.49633958],[-118.38451774,34.49617019],[-118.38456189,34.49613182],[-118.38458401,34.4961126],[-118.38461603,34.49608478],[-118.38464512,34.4960595],[-118.3848229,34.4958753],[-118.3848415,34.49585115],[-118.38485938,34.49582792],[-118.38493764,34.49572629],[-118.38497605,34.49567641],[-118.3850519,34.4955779],[-118.38513819,34.49542677],[-118.38519329,34.49533027],[-118.3852462,34.4952376],[-118.38531822,34.49507021],[-118.38534135,34.49501646],[-118.3854197,34.49483435],[-118.3855932,34.4944311],[-118.38563852,34.49433081],[-118.38564804,34.49430975],[-118.3856872,34.49422308],[-118.38570288,34.49418839],[-118.38571856,34.4941537],[-118.38579437,34.49398594],[-118.38592018,34.49370752],[-118.38605825,34.493402],[-118.38624738,34.49298347],[-118.38625768,34.49296068],[-118.38637253,34.49270651],[-118.38668095,34.492024],[-118.38670862,34.49196277],[-118.3867279,34.4919201],[-118.38675739,34.49185367],[-118.3867832,34.49179552],[-118.38682306,34.4917057],[-118.38686125,34.49161967],[-118.38687164,34.49159624],[-118.386884,34.4915684],[-118.38692496,34.49142263],[-118.3869347,34.49138797],[-118.3869708,34.4912595],[-118.38697789,34.49122134],[-118.38698558,34.49117999],[-118.38700005,34.4911021],[-118.38700671,34.49106624],[-118.3870119,34.49103831],[-118.38701832,34.49100375],[-118.3870298,34.490942],[-118.38703223,34.49090427],[-118.38703699,34.49083034],[-118.38704081,34.49077099],[-118.38704621,34.49068706],[-118.3870315,34.49047015],[-118.3870159,34.4902671],[-118.38697945,34.48998966],[-118.38696287,34.48986347],[-118.38695991,34.4898409],[-118.386943,34.4897122],[-118.38693435,34.4895692],[-118.3869257,34.4894262],[-118.38693507,34.48935126],[-118.38694003,34.48931167],[-118.38694924,34.48923801],[-118.38695224,34.48921407],[-118.38695796,34.48916833],[-118.3869979,34.48901735],[-118.38700583,34.48898952],[-118.3870354,34.48888587],[-118.38714314,34.48861504],[-118.38715293,34.48859045],[-118.387172,34.4885425],[-118.38720881,34.48847698],[-118.38722675,34.48844505],[-118.38723862,34.48842393],[-118.3872645,34.48837786],[-118.3872815,34.4883476],[-118.38730037,34.48831401],[-118.38732109,34.48827714],[-118.38733812,34.48824682],[-118.38734945,34.48822665],[-118.38736251,34.48820341],[-118.3873916,34.48815163],[-118.38740872,34.48812116],[-118.38742491,34.48809235],[-118.38745346,34.48804153],[-118.38748695,34.48798192],[-118.3877707,34.48748964],[-118.38788675,34.48728852],[-118.38790263,34.48726101],[-118.38809149,34.48693369],[-118.38811542,34.48689224],[-118.38827549,34.48661481],[-118.38833965,34.4864961],[-118.3884038,34.4863774],[-118.38843477,34.4863085],[-118.38845013,34.48627432],[-118.38848682,34.4861927],[-118.3885079,34.4861458],[-118.38852306,34.48609155],[-118.38855068,34.48599271],[-118.38856057,34.4859573],[-118.3886086,34.4857854],[-118.38861197,34.48576107],[-118.3886161,34.48573123],[-118.38862969,34.48563314],[-118.38863552,34.4855911],[-118.3886502,34.4854851],[-118.38864817,34.48536206],[-118.3886475,34.48532177],[-118.38864704,34.48529387],[-118.38864578,34.48521788],[-118.38864529,34.48518796],[-118.38864479,34.48515745],[-118.38864411,34.48511655],[-118.3886433,34.4850675],[-118.38862141,34.48486603],[-118.38860352,34.48470144],[-118.38859685,34.48464012],[-118.38859416,34.48461528],[-118.3885888,34.484566],[-118.38858006,34.4845099],[-118.38857138,34.48445415],[-118.3885676,34.48442989],[-118.38855967,34.48437901],[-118.38855295,34.48433585],[-118.38854841,34.48430672],[-118.38851773,34.48410974],[-118.38850975,34.48405857],[-118.38845673,34.48371815],[-118.3883595,34.483094],[-118.38834796,34.48300063],[-118.38834473,34.48297454],[-118.38834168,34.48294983],[-118.38833864,34.48292526],[-118.38832906,34.48284774],[-118.38832439,34.48281002],[-118.38831851,34.48276245],[-118.3883147,34.4827316],[-118.38829015,34.48253745],[-118.3882656,34.4823433],[-118.38825004,34.48210871],[-118.38823787,34.48198641],[-118.38823,34.48190721],[-118.38822571,34.4818641],[-118.38800626,34.48186949],[-118.3879029,34.48187203],[-118.38777986,34.48187505],[-118.387334,34.481886],[-118.38729458,34.48188532],[-118.38725026,34.48188457],[-118.38721024,34.48188388],[-118.38716827,34.48188317],[-118.38713634,34.48188263]]]},"properties":{"OBJECTID":1098010,"COUNTY":"LOS ANGELES","CITY":"LAC","ZONE_NAME":null,"ZONE_ID":"US-CA-XLA-LAC-E030-A","STATUS":"Evacuation Warning","EVENT_TYPE":null,"CRITICAL_INFO":null,"PUBLIC_INFO":null,"EDIT_DATE":1791071141000,"STATEWIDE_LAST_UPDATED":null,"NOTES":"Local authorities are responding to a Wildfire. An EVACUATION WARNING has been issued. PREPARE TO LEAVE.  Consider leaving now if you need more time to evacuate. Call 911 for emergency assistance. Visit AlertLA.org for more information.","SHAPE__Area":24808065.65625,"SHAPE__Length":31006.92862032634,"GlobalID":"4191ffa6-25d9-4f5a-856c-47fedadfd996","CreationDate":1791071430000,"Creator":"CalOES_Scripts","EditDate":1791071430000,"Editor":"CalOES_Scripts"}},{"type":"Feature","id":1098011,"geometry":{"type":"Polygon","coordinates":[[[-118.35972721,34.55869978],[-118.359748,34.558575],[-118.3492863,34.55853813],[-118.334496,34.558486],[-118.33302984,34.5584763],[-118.33112364,34.55846368],[-118.3300436,34.55845653],[-118.326489,34.558433],[-118.326489,34.558309],[-118.32649395,34.55820844],[-118.32649666,34.55815317],[-118.32650243,34.55803583],[-118.326504,34.558004],[-118.326474,34.557821],[-118.3264645,34.55774369],[-118.326459,34.557699],[-118.3264486,34.5576696],[-118.326436,34.557634],[-118.32641302,34.55758804],[-118.32639189,34.55754578],[-118.326375,34.557512],[-118.326329,34.557459],[-118.32629255,34.55739299],[-118.326276,34.557363],[-118.32624168,34.55733031],[-118.32622352,34.55731302],[-118.32619067,34.55727974],[-118.326161,34.557207],[-118.32616486,34.55714281],[-118.326169,34.557074],[-118.326199,34.556959],[-118.326245,34.556845],[-118.32625464,34.55680322],[-118.32626243,34.55676945],[-118.32626913,34.55674044],[-118.326275,34.556715],[-118.32628167,34.55669089],[-118.32629406,34.5566461],[-118.326314,34.556574],[-118.32634484,34.55651841],[-118.326405,34.55641],[-118.32646071,34.55634256],[-118.32649461,34.55630152],[-118.32652489,34.55626752],[-118.326619,34.556196],[-118.326756,34.556135],[-118.32677968,34.55611132],[-118.32681583,34.55607517],[-118.32684,34.556051],[-118.32690292,34.55601709],[-118.32701531,34.55595654],[-118.327046,34.55594],[-118.32711608,34.55590611],[-118.32720627,34.55586249],[-118.32729,34.555822],[-118.327412,34.555742],[-118.32746363,34.55571183],[-118.327489,34.555697],[-118.327702,34.555601],[-118.32780337,34.55557566],[-118.32787,34.555559],[-118.32794498,34.55553813],[-118.328046,34.55551],[-118.32811668,34.55548688],[-118.328153,34.555475],[-118.32832835,34.55537457],[-118.328366,34.555353],[-118.3283882,34.55533932],[-118.328465,34.555292],[-118.32848717,34.55526019],[-118.32850238,34.55523837],[-118.3285218,34.55520855],[-118.32853803,34.55518361],[-118.32855693,34.55513966],[-118.32857093,34.55510709],[-118.32858,34.555086],[-118.32859734,34.55505941],[-118.32861201,34.55503691],[-118.328625,34.555017],[-118.32863566,34.55498008],[-118.32864835,34.55493615],[-118.328679,34.55483],[-118.32871798,34.55475641],[-118.32876355,34.55467038],[-118.328786,34.554628],[-118.328855,34.55448],[-118.32886428,34.5544523],[-118.32887295,34.55442642],[-118.3289255,34.55425664],[-118.32893018,34.55421841],[-118.328916,34.554052],[-118.328915,34.553827],[-118.32890477,34.5537738],[-118.32889529,34.55372451],[-118.328885,34.553671],[-118.32887923,34.55361523],[-118.32887,34.553526],[-118.32887,34.55332],[-118.328854,34.553015],[-118.328885,34.552866],[-118.328885,34.552717],[-118.328916,34.552534],[-118.32895148,34.55242421],[-118.32896153,34.55239312],[-118.328969,34.55237],[-118.32897811,34.55232961],[-118.32898793,34.55228608],[-118.32899302,34.5522635],[-118.328999,34.552237],[-118.32899444,34.55216762],[-118.32898884,34.55211378],[-118.32898201,34.55207874],[-118.328969,34.552012],[-118.32895079,34.55186077],[-118.328946,34.551821],[-118.32893012,34.55176635],[-118.328885,34.551611],[-118.32884824,34.55150552],[-118.328816,34.551413],[-118.32873482,34.55125977],[-118.32868153,34.5511592],[-118.328656,34.551111],[-118.32861,34.550989],[-118.32857707,34.55079053],[-118.32856862,34.55069964],[-118.3285652,34.55066285],[-118.32856133,34.55063753],[-118.32855434,34.5506049],[-118.32851804,34.5504365],[-118.32850652,34.55039441],[-118.32847141,34.5502669],[-118.32846439,34.55024444],[-118.328404,34.550051],[-118.328374,34.549852],[-118.32835909,34.54976906],[-118.32835045,34.54972098],[-118.328335,34.549635],[-118.32833058,34.54959824],[-118.32832574,34.54955801],[-118.32832208,34.54952756],[-118.328313,34.549452],[-118.32829876,34.54940639],[-118.32827478,34.54932958],[-118.328244,34.549231],[-118.32818395,34.54912711],[-118.32814752,34.54906407],[-118.32812397,34.54902331],[-118.328092,34.548968],[-118.32805598,34.54893737],[-118.32797717,34.54887036],[-118.32790557,34.54880949],[-118.327885,34.548792],[-118.32784549,34.54877224],[-118.327763,34.548731],[-118.32751452,34.54848367],[-118.32746217,34.54843059],[-118.32738225,34.5482729],[-118.32734867,34.54819019],[-118.327336,34.548159],[-118.32731485,34.54811865],[-118.327286,34.54806361],[-118.32726,34.548014],[-118.32724323,34.54794826],[-118.32723441,34.54791366],[-118.327222,34.547865],[-118.32719702,34.54780689],[-118.327176,34.547758],[-118.32713149,34.54769081],[-118.32711379,34.54766785],[-118.32709572,34.54764795],[-118.327054,34.547602],[-118.32701209,34.54757421],[-118.326962,34.547541],[-118.32691743,34.54751872],[-118.32686348,34.54749434],[-118.326756,34.547453],[-118.3267185,34.54744317],[-118.32665855,34.54742746],[-118.326611,34.547415],[-118.32648411,34.54737065],[-118.32640118,34.54734198],[-118.326161,34.547278],[-118.32606237,34.54721009],[-118.326039,34.547194],[-118.325932,34.547095],[-118.32573898,34.5469943],[-118.32569464,34.54695579],[-118.325635,34.546904],[-118.3255158,34.54676721],[-118.32543849,34.54667603],[-118.32539219,34.54661445],[-118.32534669,34.54655277],[-118.32532214,34.54651473],[-118.325261,34.54642],[-118.32517977,34.54624568],[-118.32516719,34.54621735],[-118.32515655,34.54617238],[-118.325085,34.54587],[-118.32508538,34.54581942],[-118.32508572,34.54577386],[-118.325086,34.545737],[-118.32507871,34.54563045],[-118.32507298,34.54554662],[-118.325062,34.545386],[-118.32500836,34.54525402],[-118.324986,34.545199],[-118.32494,34.545122],[-118.32491164,34.54508155],[-118.324879,34.545035],[-118.324849,34.544951],[-118.32484326,34.54492092],[-118.32483282,34.54486625],[-118.324811,34.544752],[-118.32480646,34.54468732],[-118.32480469,34.54466214],[-118.324803,34.544638],[-118.32479191,34.54460696],[-118.324773,34.544554],[-118.32476203,34.54453263],[-118.32474537,34.54450016],[-118.324734,34.544478],[-118.32472068,34.54442474],[-118.324711,34.544386],[-118.32470901,34.54432027],[-118.32470731,34.54426389],[-118.32470216,34.54424143],[-118.324689,34.544184],[-118.32467815,34.54407914],[-118.324674,34.544039],[-118.324712,34.543902],[-118.32471522,34.54384582],[-118.324719,34.54378],[-118.324719,34.543593],[-118.32472671,34.54353755],[-118.324735,34.543478],[-118.32472831,34.54345251],[-118.324719,34.543417],[-118.324704,34.543326],[-118.324666,34.543219],[-118.32464553,34.54318867],[-118.324612,34.543139],[-118.32460645,34.54303914],[-118.324605,34.543013],[-118.32461366,34.54297779],[-118.32463662,34.5428807],[-118.3246416,34.54284903],[-118.32467495,34.54263682],[-118.3246836,34.54258181],[-118.32468846,34.54255088],[-118.324704,34.542452],[-118.32470929,34.54233498],[-118.32471096,34.54229786],[-118.32471316,34.54224927],[-118.32471438,34.54222226],[-118.324719,34.54212],[-118.324719,34.542006],[-118.32472891,34.54189212],[-118.324719,34.541834],[-118.32470256,34.54177756],[-118.324689,34.541731],[-118.3246708,34.54161389],[-118.324666,34.541583],[-118.324666,34.541533],[-118.324553,34.541335],[-118.32453909,34.54039751],[-118.324536,34.540189],[-118.3246239,34.54018859],[-118.32494636,34.5401871],[-118.32499386,34.54018688],[-118.32503183,34.5401867],[-118.3255316,34.54018439],[-118.32582377,34.54018304],[-118.32638721,34.54017429],[-118.32644196,34.54017343],[-118.32650522,34.54017244],[-118.3287633,34.54013701],[-118.3290104,34.54013313],[-118.32911193,34.54013154],[-118.32929574,34.54012866],[-118.33004568,34.54011689],[-118.33007797,34.54011638],[-118.33101205,34.54010173],[-118.33114926,34.54009957],[-118.33383393,34.54005745],[-118.33392901,34.54005596],[-118.33409897,34.5400533],[-118.33602486,34.54002308],[-118.33635045,34.54001797],[-118.3364759,34.540016],[-118.33659735,34.54001421],[-118.33848407,34.53998644],[-118.33870884,34.53998313],[-118.34039771,34.53995826],[-118.3429658,34.53992045],[-118.34314812,34.53991777],[-118.343268,34.539916],[-118.3433705,34.53725705],[-118.34340688,34.5363132],[-118.343473,34.534598],[-118.3436435,34.53233752],[-118.34365379,34.53220116],[-118.34377135,34.5306425],[-118.34377372,34.5306111],[-118.34377718,34.53056515],[-118.34381205,34.53010292],[-118.343814,34.530077],[-118.34384371,34.52955988],[-118.34384655,34.52951045],[-118.34384857,34.52947529],[-118.34392477,34.52814907],[-118.343941,34.52786655],[-118.34394829,34.52773957],[-118.34401998,34.52649178],[-118.34402978,34.52632127],[-118.34403236,34.52627638],[-118.34404973,34.52597401],[-118.34406798,34.52565634],[-118.34578099,34.52565784],[-118.34599208,34.52565806],[-118.34604577,34.52565812],[-118.34616303,34.52565825],[-118.34725016,34.52565941],[-118.34734438,34.52565951],[-118.34802345,34.52566024],[-118.34822571,34.52566046],[-118.3482645,34.5256605],[-118.34841087,34.52566066],[-118.3496515,34.52566199],[-118.352204,34.52566472],[-118.35226423,34.52566479],[-118.35237269,34.52566491],[-118.352461,34.525665],[-118.35304365,34.52566979],[-118.35320216,34.5256711],[-118.355501,34.52569],[-118.35557024,34.52569057],[-118.35626056,34.52569625],[-118.35644279,34.52569774],[-118.35655375,34.52569866],[-118.35686882,34.52570125],[-118.35691521,34.52570163],[-118.35778337,34.52570877],[-118.35849219,34.5257146],[-118.358541,34.525715],[-118.35860736,34.52571425],[-118.35911255,34.52570857],[-118.35915737,34.52570806],[-118.36072691,34.52569039],[-118.36095945,34.52568791],[-118.36104812,34.52568754],[-118.36107772,34.52568742],[-118.361295,34.5256865],[-118.361651,34.525685],[-118.36165326,34.52548815],[-118.36166704,34.52429039],[-118.3616695,34.52407652],[-118.36167021,34.52401497],[-118.36167484,34.52361213],[-118.36168347,34.5228617],[-118.36168754,34.52250803],[-118.361688,34.522468],[-118.3617095,34.5224375],[-118.361731,34.522407],[-118.36174922,34.52238312],[-118.361768,34.5223585],[-118.361805,34.52231],[-118.3618323,34.52227475],[-118.36186,34.522239],[-118.3618985,34.522178],[-118.361937,34.522117],[-118.3619596,34.52209782],[-118.3619865,34.522075],[-118.36203857,34.5220329],[-118.36206842,34.52203179],[-118.36214968,34.52202543],[-118.3622,34.5219985],[-118.362257,34.521968],[-118.36228034,34.52193633],[-118.36232483,34.52187595],[-118.362341,34.521854],[-118.36235763,34.52181449],[-118.36237045,34.5217751],[-118.36236541,34.52168442],[-118.362364,34.521659],[-118.36234863,34.52161887],[-118.362337,34.5215885],[-118.36231,34.521518],[-118.3622875,34.5214875],[-118.362265,34.521457],[-118.36220944,34.52142145],[-118.36218044,34.52140691],[-118.3621465,34.521398],[-118.362097,34.521385],[-118.362017,34.5213545],[-118.36198272,34.52134143],[-118.36192946,34.52132208],[-118.36185837,34.52130396],[-118.36182273,34.52129487],[-118.361784,34.521285],[-118.3617505,34.521258],[-118.361717,34.521231],[-118.361768,34.521061],[-118.361747,34.5210305],[-118.361726,34.521],[-118.36172564,34.5209684],[-118.36172539,34.52094592],[-118.36172486,34.5208983],[-118.36172437,34.52085498],[-118.36172344,34.52077184],[-118.361723,34.520733],[-118.36172327,34.52067449],[-118.36172545,34.52020813],[-118.36172566,34.52016193],[-118.36172583,34.52012632],[-118.3617295,34.51933851],[-118.36173178,34.51885008],[-118.36173371,34.51843546],[-118.36173388,34.5183991],[-118.36173411,34.51835013],[-118.36173428,34.51831284],[-118.36173577,34.51799346],[-118.36173588,34.51796974],[-118.361736,34.517944],[-118.36173801,34.51753819],[-118.36173888,34.51736177],[-118.36174074,34.51698564],[-118.361741,34.51693301],[-118.361746,34.515922],[-118.36174524,34.51587515],[-118.36173351,34.51515318],[-118.36173283,34.51511107],[-118.36173225,34.51507505],[-118.361713,34.51389002],[-118.36171113,34.51377497],[-118.36170981,34.51369351],[-118.36169768,34.51294672],[-118.36169722,34.5129183],[-118.36169667,34.51288453],[-118.36168191,34.51197543],[-118.36168,34.511858],[-118.36170303,34.51179901],[-118.361721,34.511753],[-118.36178481,34.51158437],[-118.36179617,34.51152519],[-118.3618085,34.511461],[-118.361835,34.511323],[-118.36183635,34.51127399],[-118.36183577,34.51123705],[-118.36183556,34.51121018],[-118.3618352,34.51116575],[-118.36207197,34.5111631],[-118.36270464,34.511156],[-118.36276641,34.51115531],[-118.363418,34.511148],[-118.363963,34.511131],[-118.36391968,34.51122952],[-118.363901,34.511272],[-118.36461818,34.51124096],[-118.36466167,34.51123908],[-118.3648527,34.51123081],[-118.3648945,34.511229],[-118.3656873,34.51119469],[-118.365888,34.511186],[-118.36675753,34.51114816],[-118.37940076,34.51123108],[-118.37924859,34.51515168],[-118.37891723,34.52240586],[-118.37887221,34.52339134],[-118.378791,34.525169],[-118.37875269,34.5260803],[-118.37858608,34.53004311],[-118.37861562,34.53000585],[-118.37870045,34.52989849],[-118.37885025,34.52975921],[-118.379023,34.5296],[-118.37914271,34.52950878],[-118.3791687,34.52948897],[-118.379439,34.529283],[-118.3796264,34.52918956],[-118.37974227,34.52913179],[-118.379798,34.529104],[-118.3798913,34.52906343],[-118.38035431,34.52886208],[-118.38070532,34.5286689],[-118.380918,34.528551],[-118.38112578,34.5284195],[-118.381313,34.528301],[-118.381655,34.528042],[-118.38186561,34.5278149],[-118.381936,34.527739],[-118.38195751,34.52771379],[-118.38212996,34.52751163],[-118.38217054,34.52746406],[-118.38218936,34.52743159],[-118.38220389,34.52740471],[-118.38224017,34.5273376],[-118.38227854,34.52726663],[-118.38230088,34.52722531],[-118.38232442,34.52718178],[-118.382537,34.527071],[-118.382695,34.526979],[-118.38282567,34.52693791],[-118.382854,34.526929],[-118.38318378,34.52683915],[-118.38321073,34.52683087],[-118.38323783,34.52682254],[-118.383408,34.526768],[-118.383645,34.526749],[-118.38368149,34.52675181],[-118.38371867,34.52675467],[-118.383762,34.526758],[-118.38379038,34.52677187],[-118.38382691,34.52678973],[-118.38385102,34.52680152],[-118.383934,34.526833],[-118.383989,34.526832],[-118.3840718,34.52682626],[-118.38420547,34.52679087],[-118.384249,34.526778],[-118.38429998,34.52675518],[-118.3843411,34.52673678],[-118.38443045,34.52669679],[-118.38454125,34.52664721],[-118.384573,34.526633],[-118.384848,34.526523],[-118.38493712,34.52648999],[-118.38499511,34.52646851],[-118.38515,34.526452],[-118.38520091,34.5264439],[-118.385282,34.526431],[-118.38533616,34.52640806],[-118.38536034,34.52639782],[-118.38542464,34.52635975],[-118.385506,34.52631],[-118.38553696,34.52629668],[-118.38558595,34.52627561],[-118.385816,34.526213],[-118.3858507,34.52619791],[-118.385931,34.526163],[-118.3860519,34.52610347],[-118.38623892,34.52601138],[-118.38634419,34.52596142],[-118.3865373,34.52587064],[-118.38656734,34.52585652],[-118.386611,34.525836],[-118.386777,34.525751],[-118.386911,34.525608],[-118.387137,34.525408],[-118.38722725,34.52534105],[-118.387687,34.525],[-118.38800452,34.5247136],[-118.38805406,34.52466891],[-118.388136,34.524595],[-118.38823211,34.52450039],[-118.388327,34.524407],[-118.38891533,34.52382617],[-118.388955,34.523787],[-118.38909185,34.52361981],[-118.389176,34.523517],[-118.38921001,34.52344678],[-118.38924088,34.52338305],[-118.3893,34.523261],[-118.38933182,34.52319046],[-118.389383,34.523077],[-118.38942189,34.52303473],[-118.38944729,34.52300712],[-118.3894845,34.52298091],[-118.38957673,34.52292107],[-118.389973,34.522751],[-118.39000228,34.52274691],[-118.390152,34.522726],[-118.39019622,34.5227359],[-118.39024158,34.52274607],[-118.390277,34.522754],[-118.39029921,34.52277581],[-118.390332,34.522808],[-118.39036181,34.52284801],[-118.390408,34.52291],[-118.390447,34.522955],[-118.39050472,34.52296381],[-118.39053468,34.52295869],[-118.39056099,34.52295349],[-118.390618,34.522924],[-118.39063623,34.52288431],[-118.390652,34.52285],[-118.39066091,34.52272816],[-118.390703,34.522656],[-118.39074424,34.52262288],[-118.390764,34.522607],[-118.39089236,34.52255125],[-118.390962,34.522521],[-118.3910128,34.52249263],[-118.391116,34.522435],[-118.391281,34.522311],[-118.391435,34.522209],[-118.39146731,34.52217448],[-118.391523,34.522115],[-118.39154,34.522002],[-118.39154294,34.52197296],[-118.39155287,34.52187482],[-118.391557,34.521834],[-118.391591,34.521737],[-118.39161615,34.52169633],[-118.39163137,34.52167174],[-118.391651,34.52164],[-118.39172,34.521575],[-118.39182618,34.52153362],[-118.391856,34.521522],[-118.392049,34.521478],[-118.3921527,34.52147851],[-118.392252,34.521479],[-118.39231506,34.5214663],[-118.392391,34.521451],[-118.392499,34.521389],[-118.39252071,34.52136556],[-118.39254961,34.52133437],[-118.392587,34.521294],[-118.39267542,34.52118887],[-118.39273374,34.52111952],[-118.392751,34.521099],[-118.39280667,34.52105179],[-118.39293568,34.52094239],[-118.392955,34.520926],[-118.39301476,34.52088331],[-118.3930721,34.52084235],[-118.39308591,34.52080984],[-118.3931,34.520773],[-118.39310368,34.52070473],[-118.39310575,34.52066636],[-118.393109,34.520606],[-118.393132,34.520383],[-118.39317008,34.52030913],[-118.39318155,34.52028688],[-118.393296,34.520149],[-118.39332291,34.52013284],[-118.39366354,34.51992829],[-118.39368714,34.51991412],[-118.39379803,34.51983558],[-118.39398403,34.51970352],[-118.394127,34.519602],[-118.39444601,34.51934771],[-118.394615,34.519213],[-118.39467646,34.51913992],[-118.39470706,34.51910354],[-118.394779,34.519018],[-118.394906,34.518942],[-118.39494112,34.51893979],[-118.39498225,34.51893721],[-118.39505043,34.51893292],[-118.39508032,34.51893104],[-118.39520371,34.51895162],[-118.395331,34.518973],[-118.395492,34.519077],[-118.39566887,34.51916702],[-118.395716,34.519191],[-118.39575623,34.51920566],[-118.39580806,34.51922455],[-118.395939,34.51924],[-118.3960198,34.51922527],[-118.396109,34.519209],[-118.39622415,34.51916914],[-118.396369,34.519119],[-118.39643572,34.51910381],[-118.396492,34.519091],[-118.39656403,34.51907623],[-118.39661178,34.51907392],[-118.396784,34.519069],[-118.39693781,34.51908989],[-118.397049,34.519105],[-118.39719489,34.51915241],[-118.39723079,34.51916408],[-118.39731029,34.51921824],[-118.397399,34.519287],[-118.39746521,34.51934542],[-118.397569,34.519437],[-118.39762367,34.51952435],[-118.397661,34.519584],[-118.39769339,34.51960576],[-118.397725,34.519627],[-118.397751,34.519644],[-118.39778685,34.51965315],[-118.397849,34.519669],[-118.398004,34.519657],[-118.39811275,34.5196175],[-118.39818819,34.5195901],[-118.398423,34.519546],[-118.398567,34.519558],[-118.39861748,34.51954551],[-118.398664,34.519534],[-118.3987603,34.51946286],[-118.39880019,34.51940034],[-118.39884477,34.5193089],[-118.398873,34.519251],[-118.39889949,34.51921774],[-118.39893278,34.51917595],[-118.39901,34.519079],[-118.399145,34.518987],[-118.399213,34.518838],[-118.399283,34.518615],[-118.39942583,34.51838591],[-118.399586,34.518129],[-118.39961237,34.5181029],[-118.39967555,34.51804035],[-118.39971885,34.51801746],[-118.39982277,34.51797589],[-118.39995418,34.51799345],[-118.40006187,34.51800884],[-118.400527,34.518073],[-118.400749,34.518073],[-118.40081232,34.51809086],[-118.40087174,34.51810762],[-118.400905,34.518117],[-118.40101416,34.5181434],[-118.40109503,34.51816296],[-118.401288,34.518199],[-118.40133352,34.51819865],[-118.40142,34.518198],[-118.401552,34.518154],[-118.40163276,34.51813448],[-118.40173187,34.51811051],[-118.4018559,34.51803036],[-118.40191386,34.51799735],[-118.40205865,34.51792061],[-118.40213502,34.51790736],[-118.40222106,34.51789954],[-118.40226473,34.51789557],[-118.40259852,34.51788532],[-118.40262864,34.51788007],[-118.40266764,34.51787029],[-118.40269752,34.51786279],[-118.402892,34.517814],[-118.40300336,34.51778218],[-118.40306682,34.51776405],[-118.403256,34.51771],[-118.40342316,34.51766949],[-118.40348128,34.5176554],[-118.40364179,34.51761651],[-118.40371678,34.51761073],[-118.40380705,34.51760512],[-118.40397,34.517595],[-118.40404545,34.51759202],[-118.40441518,34.51757739],[-118.404577,34.517562],[-118.40467517,34.51752625],[-118.404739,34.517503],[-118.40484583,34.51741442],[-118.404897,34.517372],[-118.404976,34.517242],[-118.40501004,34.51715123],[-118.40501845,34.5171288],[-118.40503465,34.5170856],[-118.405084,34.516954],[-118.405177,34.516841],[-118.40520569,34.5168062],[-118.405224,34.516784],[-118.405244,34.516759],[-118.40526658,34.51674149],[-118.40529213,34.51672168],[-118.40538381,34.51665181],[-118.40544,34.516609],[-118.40577995,34.51642692],[-118.40584518,34.51640604],[-118.40605125,34.51634914],[-118.40609606,34.51632397],[-118.406199,34.51626],[-118.406286,34.516206],[-118.40641039,34.51610145],[-118.40653837,34.51599389],[-118.407035,34.515653],[-118.40708319,34.51561759],[-118.407413,34.515374],[-118.40754215,34.51527896],[-118.407625,34.515218],[-118.40765783,34.51518747],[-118.40793604,34.5149287],[-118.407997,34.514872],[-118.40828734,34.51460146],[-118.40850282,34.51453709],[-118.40843344,34.51462987],[-118.35972721,34.55869978]]]},"properties":{"OBJECTID":1098011,"COUNTY":"LOS ANGELES","CITY":"LAC","ZONE_NAME":null,"ZONE_ID":"US-CA-XLA-LAC-E031-B","STATUS":"Evacuation Warning","EVENT_TYPE":null,"CRITICAL_INFO":null,"PUBLIC_INFO":null,"EDIT_DATE":1791072570000,"STATEWIDE_LAST_UPDATED":null,"NOTES":"Local authorities are responding to a Wildfire. An EVACUATION WARNING has been issued. PREPARE TO LEAVE.  Consider leaving now if you need more time to evacuate. Call 911 for emergency assistance. Visit AlertLA.org for more information.","SHAPE__Area":26263044.07421875,"SHAPE__Length":31535.709322440744,"GlobalID":"00e494b4-1142-4097-975f-f106456d3b19","CreationDate":1791072632000,"Creator":"CalOES_Scripts","EditDate":1791072632000,"Editor":"CalOES_Scripts"}},{"type":"Feature","id":1098012,"geometry":{"type":"Polygon","coordinates":[[[-118.40823136,34.5151681],[-118.408249,34.515124],[-118.40827913,34.51501984],[-118.4082972,34.51495821],[-118.40836279,34.5147561],[-118.408381,34.5147],[-118.40850282,34.51453709],[-118.40828734,34.51460146],[-118.407997,34.514872],[-118.40793604,34.5149287],[-118.40765783,34.51518747],[-118.407625,34.515218],[-118.40754215,34.51527896],[-118.407413,34.515374],[-118.40708319,34.51561759],[-118.407035,34.515653],[-118.40653837,34.51599389],[-118.40641039,34.51610145],[-118.406286,34.516206],[-118.406199,34.51626],[-118.40609606,34.51632397],[-118.40605125,34.51634914],[-118.40584518,34.51640604],[-118.40577995,34.51642692],[-118.40544,34.516609],[-118.40538381,34.51665181],[-118.40529213,34.51672168],[-118.40526658,34.51674149],[-118.405244,34.516759],[-118.405224,34.516784],[-118.40520569,34.5168062],[-118.405177,34.516841],[-118.405084,34.516954],[-118.40503465,34.5170856],[-118.40501845,34.5171288],[-118.40501004,34.51715123],[-118.404976,34.517242],[-118.404897,34.517372],[-118.40484583,34.51741442],[-118.404739,34.517503],[-118.40467517,34.51752625],[-118.404577,34.517562],[-118.40441518,34.51757739],[-118.40404545,34.51759202],[-118.40397,34.517595],[-118.40380705,34.51760512],[-118.40371678,34.51761073],[-118.40364179,34.51761651],[-118.40348128,34.5176554],[-118.40342316,34.51766949],[-118.403256,34.51771],[-118.40306682,34.51776405],[-118.40300336,34.51778218],[-118.402892,34.517814],[-118.40269752,34.51786279],[-118.40266764,34.51787029],[-118.40262864,34.51788007],[-118.40259852,34.51788532],[-118.40226473,34.51789557],[-118.40222106,34.51789954],[-118.40213502,34.51790736],[-118.40205865,34.51792061],[-118.40191386,34.51799735],[-118.4018559,34.51803036],[-118.40173187,34.51811051],[-118.40163276,34.51813448],[-118.401552,34.518154],[-118.40142,34.518198],[-118.40133352,34.51819865],[-118.401288,34.518199],[-118.40109503,34.51816296],[-118.40101416,34.5181434],[-118.400905,34.518117],[-118.40087174,34.51810762],[-118.40081232,34.51809086],[-118.400749,34.518073],[-118.400527,34.518073],[-118.40006187,34.51800884],[-118.39995418,34.51799345],[-118.39982277,34.51797589],[-118.39971885,34.51801746],[-118.39967555,34.51804035],[-118.39961237,34.5181029],[-118.399586,34.518129],[-118.39942583,34.51838591],[-118.399283,34.518615],[-118.399213,34.518838],[-118.399145,34.518987],[-118.39901,34.519079],[-118.39893278,34.51917595],[-118.39889949,34.51921774],[-118.398873,34.519251],[-118.39884477,34.5193089],[-118.39880019,34.51940034],[-118.3987603,34.51946286],[-118.398664,34.519534],[-118.39861748,34.51954551],[-118.398567,34.519558],[-118.398423,34.519546],[-118.39818819,34.5195901],[-118.39811275,34.5196175],[-118.398004,34.519657],[-118.397849,34.519669],[-118.39778685,34.51965315],[-118.397751,34.519644],[-118.397725,34.519627],[-118.39769339,34.51960576],[-118.397661,34.519584],[-118.39762367,34.51952435],[-118.397569,34.519437],[-118.39746521,34.51934542],[-118.397399,34.519287],[-118.39731029,34.51921824],[-118.39723079,34.51916408],[-118.39719489,34.51915241],[-118.397049,34.519105],[-118.39693781,34.51908989],[-118.396784,34.519069],[-118.39661178,34.51907392],[-118.39656403,34.51907623],[-118.396492,34.519091],[-118.39643572,34.51910381],[-118.396369,34.519119],[-118.39622415,34.51916914],[-118.396109,34.519209],[-118.3960198,34.51922527],[-118.395939,34.51924],[-118.39580806,34.51922455],[-118.39575623,34.51920566],[-118.395716,34.519191],[-118.39566887,34.51916702],[-118.395492,34.519077],[-118.395331,34.518973],[-118.39520371,34.51895162],[-118.39508032,34.51893104],[-118.39505043,34.51893292],[-118.39498225,34.51893721],[-118.39494112,34.51893979],[-118.394906,34.518942],[-118.394779,34.519018],[-118.39470706,34.51910354],[-118.39467646,34.51913992],[-118.394615,34.519213],[-118.39444601,34.51934771],[-118.394127,34.519602],[-118.39398403,34.51970352],[-118.39379803,34.51983558],[-118.39368714,34.51991412],[-118.39366354,34.51992829],[-118.39332291,34.52013284],[-118.393296,34.520149],[-118.39318155,34.52028688],[-118.39317008,34.52030913],[-118.393132,34.520383],[-118.393109,34.520606],[-118.39310575,34.52066636],[-118.39310368,34.52070473],[-118.3931,34.520773],[-118.39308591,34.52080984],[-118.3930721,34.52084235],[-118.39301476,34.52088331],[-118.392955,34.520926],[-118.39293568,34.52094239],[-118.39280667,34.52105179],[-118.392751,34.521099],[-118.39273374,34.52111952],[-118.39267542,34.52118887],[-118.392587,34.521294],[-118.39254961,34.52133437],[-118.39252071,34.52136556],[-118.392499,34.521389],[-118.392391,34.521451],[-118.39231506,34.5214663],[-118.392252,34.521479],[-118.3921527,34.52147851],[-118.392049,34.521478],[-118.391856,34.521522],[-118.39182618,34.52153362],[-118.39172,34.521575],[-118.391651,34.52164],[-118.39163137,34.52167174],[-118.39161615,34.52169633],[-118.391591,34.521737],[-118.391557,34.521834],[-118.39155287,34.52187482],[-118.39154294,34.52197296],[-118.39154,34.522002],[-118.391523,34.522115],[-118.39146731,34.52217448],[-118.391435,34.522209],[-118.391281,34.522311],[-118.391116,34.522435],[-118.3910128,34.52249263],[-118.390962,34.522521],[-118.39089236,34.52255125],[-118.390764,34.522607],[-118.39074424,34.52262288],[-118.390703,34.522656],[-118.39066091,34.52272816],[-118.390652,34.52285],[-118.39063623,34.52288431],[-118.390618,34.522924],[-118.39056099,34.52295349],[-118.39053468,34.52295869],[-118.39050472,34.52296381],[-118.390447,34.522955],[-118.390408,34.52291],[-118.39036181,34.52284801],[-118.390332,34.522808],[-118.39029921,34.52277581],[-118.390277,34.522754],[-118.39024158,34.52274607],[-118.39019622,34.5227359],[-118.390152,34.522726],[-118.39000228,34.52274691],[-118.389973,34.522751],[-118.38957673,34.52292107],[-118.3894845,34.52298091],[-118.38944729,34.52300712],[-118.38942189,34.52303473],[-118.389383,34.523077],[-118.38933182,34.52319046],[-118.3893,34.523261],[-118.38924088,34.52338305],[-118.38921001,34.52344678],[-118.389176,34.523517],[-118.38909185,34.52361981],[-118.388955,34.523787],[-118.38891533,34.52382617],[-118.388327,34.524407],[-118.38823211,34.52450039],[-118.388136,34.524595],[-118.38805406,34.52466891],[-118.38800452,34.5247136],[-118.387687,34.525],[-118.38722725,34.52534105],[-118.387137,34.525408],[-118.386911,34.525608],[-118.386777,34.525751],[-118.386611,34.525836],[-118.38656734,34.52585652],[-118.3865373,34.52587064],[-118.38634419,34.52596142],[-118.38623892,34.52601138],[-118.3860519,34.52610347],[-118.385931,34.526163],[-118.3858507,34.52619791],[-118.385816,34.526213],[-118.38558595,34.52627561],[-118.38553696,34.52629668],[-118.385506,34.52631],[-118.38542464,34.52635975],[-118.38536034,34.52639782],[-118.38533616,34.52640806],[-118.385282,34.526431],[-118.38520091,34.5264439],[-118.38515,34.526452],[-118.38499511,34.52646851],[-118.38493712,34.52648999],[-118.384848,34.526523],[-118.384573,34.526633],[-118.38454125,34.52664721],[-118.38443045,34.52669679],[-118.3843411,34.52673678],[-118.38429998,34.52675518],[-118.384249,34.526778],[-118.38420547,34.52679087],[-118.3840718,34.52682626],[-118.383989,34.526832],[-118.383934,34.526833],[-118.38385102,34.52680152],[-118.38382691,34.52678973],[-118.38379038,34.52677187],[-118.383762,34.526758],[-118.38371867,34.52675467],[-118.38368149,34.52675181],[-118.383645,34.526749],[-118.383408,34.526768],[-118.38323783,34.52682254],[-118.38321073,34.52683087],[-118.38318378,34.52683915],[-118.382854,34.526929],[-118.38282567,34.52693791],[-118.382695,34.526979],[-118.382537,34.527071],[-118.38232442,34.52718178],[-118.38230088,34.52722531],[-118.38227854,34.52726663],[-118.38224017,34.5273376],[-118.38220389,34.52740471],[-118.38218936,34.52743159],[-118.38217054,34.52746406],[-118.38212996,34.52751163],[-118.38195751,34.52771379],[-118.381936,34.527739],[-118.38186561,34.5278149],[-118.381655,34.528042],[-118.381313,34.528301],[-118.38112578,34.5284195],[-118.380918,34.528551],[-118.38070532,34.5286689],[-118.38035431,34.52886208],[-118.3798913,34.52906343],[-118.379798,34.529104],[-118.37974227,34.52913179],[-118.3796264,34.52918956],[-118.379439,34.529283],[-118.3791687,34.52948897],[-118.37914271,34.52950878],[-118.379023,34.5296],[-118.37885025,34.52975921],[-118.37870045,34.52989849],[-118.37861562,34.53000585],[-118.37858608,34.53004311],[-118.37875269,34.5260803],[-118.378791,34.525169],[-118.37887221,34.52339134],[-118.37891723,34.52240586],[-118.37924859,34.51515168],[-118.37940076,34.51123108],[-118.37942793,34.51122544],[-118.379429,34.511202],[-118.3794774,34.50690491],[-118.379489,34.505875],[-118.37948703,34.50571802],[-118.37947632,34.50486376],[-118.379464,34.503882],[-118.37971938,34.50380651],[-118.37975185,34.50379691],[-118.37978111,34.50378826],[-118.37982923,34.50377404],[-118.37986467,34.50376356],[-118.37991311,34.50374924],[-118.37994053,34.50374114],[-118.37999862,34.50372397],[-118.3801,34.503694],[-118.37995274,34.50358817],[-118.37986586,34.50352574],[-118.379789,34.5034705],[-118.37970488,34.50341004],[-118.379478,34.503247],[-118.37888803,34.50282428],[-118.37829806,34.50240155],[-118.3783547,34.5023896],[-118.37841747,34.50238189],[-118.37845022,34.50237787],[-118.37849251,34.50237268],[-118.37858589,34.50236121],[-118.37864225,34.50235429],[-118.37867474,34.5023503],[-118.37872997,34.50234351],[-118.37877181,34.50233838],[-118.37893306,34.50231777],[-118.3791059,34.50228955],[-118.37926128,34.50226418],[-118.3792985,34.5022581],[-118.37934111,34.50224625],[-118.37936881,34.50223855],[-118.37939464,34.50223136],[-118.3794425,34.50221805],[-118.3794794,34.50220779],[-118.3795865,34.502178],[-118.37969865,34.50213545],[-118.37977,34.50210837],[-118.37979588,34.50209855],[-118.37982074,34.50208912],[-118.3798516,34.50207741],[-118.37990611,34.50205673],[-118.3799398,34.50204395],[-118.38001964,34.50201365],[-118.3800688,34.501995],[-118.38019708,34.50192054],[-118.38022119,34.50190654],[-118.38033686,34.5018394],[-118.38038867,34.50180933],[-118.38042069,34.50179074],[-118.3804678,34.5017634],[-118.38052563,34.50172255],[-118.38055905,34.50169894],[-118.38059383,34.50167436],[-118.38063522,34.50164513],[-118.3807107,34.5015918],[-118.38078639,34.50152941],[-118.38084125,34.5014842],[-118.38086209,34.50146703],[-118.38088897,34.50144421],[-118.38092376,34.50141076],[-118.38094904,34.50138645],[-118.38097572,34.5013608],[-118.3810091,34.5013287],[-118.3812069,34.5011028],[-118.38129535,34.50096755],[-118.38130918,34.50094641],[-118.38132993,34.50091468],[-118.38135897,34.50087028],[-118.38138028,34.5008377],[-118.38140159,34.50080511],[-118.38142544,34.50076865],[-118.3814706,34.5006996],[-118.38167154,34.50034501],[-118.38172854,34.50024443],[-118.3817423,34.50022013],[-118.38176125,34.5001867],[-118.38193229,34.49988486],[-118.38205959,34.49966069],[-118.3820753,34.4996339],[-118.38230708,34.49923851],[-118.3823801,34.49911395],[-118.38253618,34.49884771],[-118.3826849,34.498594],[-118.38304073,34.49799011],[-118.38309407,34.49789959],[-118.3834308,34.4973281],[-118.38350652,34.49721212],[-118.38354565,34.4971522],[-118.38363046,34.49702231],[-118.3836605,34.4969763],[-118.38368658,34.49694876],[-118.38371243,34.49692146],[-118.38373673,34.4968958],[-118.38376437,34.49686662],[-118.383792,34.49683743],[-118.38381587,34.49681223],[-118.3838384,34.49678844],[-118.3838554,34.49677048],[-118.3839069,34.4967161],[-118.38393681,34.4966875],[-118.38395661,34.49666856],[-118.38398283,34.49664349],[-118.38401695,34.49661087],[-118.3840502,34.49657907],[-118.38407874,34.49655179],[-118.38419697,34.49644891],[-118.3842799,34.49637683],[-118.42211,34.503425],[-118.42694885,34.50432223],[-118.40823136,34.5151681]]]},"properties":{"OBJECTID":1098012,"COUNTY":"LOS ANGELES","CITY":"LAC","ZONE_NAME":null,"ZONE_ID":"US-CA-XLA-LAC-E030-C","STATUS":"Evacuation Warning","EVENT_TYPE":null,"CRITICAL_INFO":null,"PUBLIC_INFO":null,"EDIT_DATE":1791072570000,"STATEWIDE_LAST_UPDATED":null,"NOTES":"Local authorities are responding to a Wildfire. An EVACUATION WARNING has been issued. PREPARE TO LEAVE.  Consider leaving now if you need more time to evacuate. Call 911 for emergency assistance. Visit AlertLA.org for more information.","SHAPE__Area":11982256.953125,"SHAPE__Length":16911.613554911062,"GlobalID":"37f5628a-e13f-4a00-96f8-9c3df49b24fe","CreationDate":1791072632000,"Creator":"CalOES_Scripts","EditDate":1791072632000,"Editor":"CalOES_Scripts"}},{"type":"Feature","id":1098013,"geometry":{"type":"Polygon","coordinates":[[[-118.46506189,34.51138924],[-118.46500898,34.51150043],[-118.46498539,34.51154999],[-118.46494577,34.51163324],[-118.46486172,34.51174053],[-118.46466134,34.51199631],[-118.46440424,34.51238275],[-118.46395056,34.51289268],[-118.46349979,34.51325352],[-118.46345406,34.51331259],[-118.4633403,34.51345952],[-118.46330884,34.51350017],[-118.46320101,34.51363945],[-118.46287755,34.51387016],[-118.46276549,34.51394962],[-118.46238549,34.51421904],[-118.46220431,34.51440531],[-118.46208827,34.51452461],[-118.46207503,34.51455121],[-118.4619295,34.51484355],[-118.4617566,34.5151738],[-118.46166211,34.51531097],[-118.46163415,34.51535157],[-118.46151398,34.51552602],[-118.4613584,34.51568442],[-118.46118639,34.51596877],[-118.46118737,34.51601896],[-118.46118835,34.51606992],[-118.46118887,34.51609662],[-118.46119328,34.51632433],[-118.46124141,34.51645055],[-118.46126759,34.51651921],[-118.46128558,34.51656637],[-118.46146991,34.51687242],[-118.46149503,34.51719987],[-118.46160015,34.51743225],[-118.46164114,34.51752289],[-118.46182812,34.51788662],[-118.46187846,34.51796227],[-118.46209757,34.51829152],[-118.46232536,34.51869584],[-118.46233202,34.51906297],[-118.4623137,34.51910189],[-118.46218723,34.51937059],[-118.46210915,34.51952474],[-118.4620896,34.51956333],[-118.46204301,34.51965532],[-118.46200946,34.51995294],[-118.46206042,34.52018301],[-118.46214272,34.52027097],[-118.46227773,34.52041528],[-118.46270311,34.52063887],[-118.46303196,34.52084981],[-118.46319612,34.5209551],[-118.46337373,34.52109506],[-118.4633973,34.52111056],[-118.46372963,34.52132906],[-118.46399344,34.52153195],[-118.46407114,34.52159172],[-118.46412008,34.52162709],[-118.46425388,34.5217238],[-118.46432471,34.521775],[-118.46442665,34.52184869],[-118.46467214,34.52205846],[-118.46485396,34.52228491],[-118.46495699,34.52241323],[-118.46507481,34.52274035],[-118.46509805,34.52294323],[-118.46510113,34.52297007],[-118.46511033,34.52305044],[-118.46509444,34.52321709],[-118.46508483,34.52331791],[-118.46507672,34.52340297],[-118.46504659,34.52348467],[-118.46494455,34.52372476],[-118.464801,34.52397509],[-118.46461554,34.52423636],[-118.46442693,34.52429955],[-118.46415497,34.52439067],[-118.46379447,34.52438584],[-118.46361724,34.52444172],[-118.46344563,34.52449583],[-118.46339119,34.5246052],[-118.46337993,34.52462783],[-118.46328688,34.52481477],[-118.46307642,34.52564327],[-118.46306539,34.52566364],[-118.4628607,34.52604148],[-118.4628433,34.52607359],[-118.46281747,34.52612128],[-118.46274063,34.52619558],[-118.46268154,34.52625272],[-118.46247818,34.52644937],[-118.46229819,34.52653904],[-118.46218035,34.52659775],[-118.46215375,34.526611],[-118.46211756,34.52662903],[-118.46203001,34.52667265],[-118.46189811,34.52677121],[-118.46181896,34.52683035],[-118.46174505,34.52694365],[-118.46161876,34.52713727],[-118.46141642,34.52741145],[-118.46139739,34.52743723],[-118.46133385,34.52752333],[-118.46130868,34.52754246],[-118.46105221,34.52773739],[-118.4609603,34.52786301],[-118.46091386,34.528194],[-118.46090279,34.52828579],[-118.46090316,34.52831096],[-118.4609053,34.52845856],[-118.4609077,34.5286247],[-118.46090813,34.52865423],[-118.46090869,34.52869291],[-118.46095668,34.52907198],[-118.46095742,34.52911035],[-118.46095871,34.52917673],[-118.46096356,34.5294275],[-118.46095458,34.5294569],[-118.46094636,34.52948381],[-118.46093201,34.52953082],[-118.46091749,34.52957839],[-118.46090408,34.52962233],[-118.46089729,34.52964455],[-118.46087113,34.52973023],[-118.46085533,34.52978199],[-118.46084501,34.52981578],[-118.4607373,34.53002008],[-118.46072397,34.53004537],[-118.46070093,34.53008906],[-118.46066811,34.53013021],[-118.46062604,34.53018296],[-118.46032446,34.53056111],[-118.46030355,34.53058732],[-118.46001968,34.53088256],[-118.45992628,34.53099072],[-118.4598943,34.53102775],[-118.45978793,34.53115093],[-118.45976762,34.53117445],[-118.45973583,34.53121126],[-118.45963204,34.53140689],[-118.45956573,34.53153189],[-118.45954861,34.53156417],[-118.45948988,34.53163335],[-118.45944309,34.53168846],[-118.45929524,34.53186261],[-118.45926466,34.53189862],[-118.45911793,34.53207435],[-118.45898064,34.53223878],[-118.4586383,34.5325809],[-118.45859746,34.53262171],[-118.45846215,34.53269154],[-118.45841491,34.5327135],[-118.45824851,34.53279084],[-118.45731364,34.53298643],[-118.45718324,34.53302371],[-118.45708691,34.53305281],[-118.45679711,34.53325288],[-118.45675518,34.53329803],[-118.45673684,34.53331778],[-118.45661377,34.53345032],[-118.45650958,34.5335801],[-118.45647857,34.53361871],[-118.45631433,34.53382328],[-118.45627165,34.53387644],[-118.45605398,34.53436655],[-118.45614168,34.53484358],[-118.45619118,34.5350466],[-118.45620026,34.53508381],[-118.45623144,34.53521171],[-118.45616585,34.53572683],[-118.45615862,34.53584167],[-118.45615658,34.53587392],[-118.45614565,34.53604758],[-118.45605421,34.53623187],[-118.45604368,34.53625309],[-118.45601565,34.53630958],[-118.45580258,34.53658336],[-118.45578787,34.53660225],[-118.45575955,34.53663865],[-118.45574688,34.53665838],[-118.4557323,34.53668107],[-118.45552343,34.53700633],[-118.45550344,34.53703745],[-118.4554018,34.53719573],[-118.45504365,34.53777567],[-118.45460602,34.53815963],[-118.45406479,34.53888044],[-118.45362586,34.53933319],[-118.45357555,34.53936921],[-118.45350989,34.53941622],[-118.45343878,34.53946712],[-118.45335861,34.53952452],[-118.45327755,34.53967675],[-118.45324544,34.53973705],[-118.45324091,34.53980425],[-118.45323853,34.53984797],[-118.45323518,34.53990932],[-118.45323243,34.53995981],[-118.45335949,34.54010682],[-118.45340548,34.54016003],[-118.45354587,34.54034516],[-118.45356159,34.5403956],[-118.45359623,34.54050672],[-118.45364148,34.54065193],[-118.45355448,34.54080216],[-118.45352382,34.54084458],[-118.45349935,34.54087842],[-118.45347771,34.54090835],[-118.45345541,34.5409392],[-118.45342783,34.54097733],[-118.45329328,34.54103805],[-118.45321935,34.54107141],[-118.45312263,34.54111506],[-118.45290286,34.54122006],[-118.45278569,34.54127605],[-118.45256172,34.54152619],[-118.45255269,34.54169198],[-118.45255585,34.54174426],[-118.45256006,34.54181401],[-118.45256568,34.54190718],[-118.45257027,34.54198325],[-118.45258868,34.54204644],[-118.45263974,34.54222165],[-118.45264687,34.54224611],[-118.45266518,34.54230895],[-118.45267538,34.54239806],[-118.45268153,34.54245176],[-118.45272213,34.54280629],[-118.45273821,34.54283875],[-118.45283238,34.54302889],[-118.45285506,34.54307469],[-118.45291454,34.54319479],[-118.45293466,34.54323541],[-118.45296305,34.54329275],[-118.45305909,34.5434867],[-118.45324942,34.54398581],[-118.45323684,34.54402861],[-118.4531242,34.54441166],[-118.45298561,34.54467196],[-118.45294937,34.54470753],[-118.45290575,34.54475033],[-118.45263898,34.54501212],[-118.45261663,34.54503405],[-118.45259128,34.54504708],[-118.45255745,34.54506021],[-118.45251441,34.54507691],[-118.45239223,34.54512431],[-118.45202348,34.5452674],[-118.4519563,34.54529347],[-118.45188665,34.54532049],[-118.4518097,34.54539202],[-118.45165764,34.54553337],[-118.45155909,34.54580644],[-118.45155014,34.54597066],[-118.45154629,34.54604117],[-118.45157581,34.54641305],[-118.45157796,34.54644022],[-118.45158595,34.54654088],[-118.45173284,34.54666059],[-118.4517712,34.54682459],[-118.45164671,34.54700137],[-118.4515718,34.54710776],[-118.45140404,34.54727427],[-118.45122868,34.54744833],[-118.45097275,34.54773452],[-118.45089145,34.54789139],[-118.45086065,34.54795082],[-118.45081658,34.54803585],[-118.45082196,34.54812848],[-118.45082715,34.54821775],[-118.45082877,34.54824553],[-118.45083387,34.54843749],[-118.45084795,34.54898115],[-118.45052503,34.54928021],[-118.45017023,34.54949613],[-118.45014191,34.54950779],[-118.45003707,34.54955095],[-118.44971601,34.54968311],[-118.44940583,34.54999305],[-118.44937551,34.55002334],[-118.44927088,34.5501486],[-118.44923803,34.55018792],[-118.44919457,34.55023995],[-118.44912976,34.55031752],[-118.4490679,34.55039158],[-118.44870174,34.55055118],[-118.44854605,34.55061904],[-118.44817041,34.55059092],[-118.44813113,34.55058798],[-118.44809617,34.55058536],[-118.4479341,34.55056149],[-118.44758039,34.5505094],[-118.4474023,34.55054646],[-118.44728546,34.55057078],[-118.44714469,34.55060007],[-118.44691876,34.55100253],[-118.44691168,34.55106698],[-118.44688951,34.55126874],[-118.44688663,34.55129496],[-118.44685341,34.55137472],[-118.44677178,34.55155058],[-118.44667342,34.55164943],[-118.4465594,34.55176403],[-118.44636478,34.55180356],[-118.44632786,34.55181106],[-118.44627188,34.55182243],[-118.44595096,34.55187968],[-118.44574664,34.55199051],[-118.44564069,34.55204798],[-118.44561331,34.55207056],[-118.44544806,34.55220684],[-118.44540153,34.55224552],[-118.44527281,34.55235252],[-118.44524756,34.55248553],[-118.44522585,34.55259987],[-118.4452193,34.55276009],[-118.44521308,34.55291189],[-118.44537666,34.55320942],[-118.44527015,34.55326407],[-118.44524674,34.55327609],[-118.44486902,34.55346992],[-118.4448461,34.55351571],[-118.44480414,34.55359955],[-118.44454315,34.55412101],[-118.44451122,34.55418478],[-118.44442984,34.55431505],[-118.44409709,34.55484766],[-118.44400426,34.55491229],[-118.44379243,34.55505979],[-118.44367779,34.55513961],[-118.44355362,34.55520805],[-118.44260093,34.55573302],[-118.44245781,34.55578157],[-118.44204077,34.55592319],[-118.44198706,34.55594144],[-118.44193875,34.55595784],[-118.44178274,34.55597414],[-118.44172337,34.55598035],[-118.44161596,34.55599157],[-118.44158072,34.55599525],[-118.44146018,34.55600784],[-118.44126182,34.55602857],[-118.44058052,34.5561454],[-118.44025564,34.55620111],[-118.44019825,34.55621096],[-118.44006689,34.55623348],[-118.43984629,34.5562976],[-118.43975666,34.55632366],[-118.43848667,34.5566928],[-118.43775052,34.55718232],[-118.43760262,34.5573439],[-118.4374919,34.55746486],[-118.43745417,34.55750607],[-118.43739639,34.5575692],[-118.43659132,34.55781296],[-118.43625127,34.55791963],[-118.43602016,34.55799212],[-118.43593436,34.55801902],[-118.43571798,34.55808687],[-118.43565073,34.55808763],[-118.43553806,34.55808891],[-118.4354123,34.55809029],[-118.43532315,34.55809127],[-118.43528309,34.55809604],[-118.43525362,34.55809956],[-118.43483253,34.55814973],[-118.4347243,34.55825182],[-118.43469399,34.5582804],[-118.43425217,34.55869718],[-118.43415187,34.55879178],[-118.43404935,34.55888849],[-118.43402163,34.55891688],[-118.43375316,34.55919187],[-118.43370852,34.5592376],[-118.43330077,34.55965527],[-118.4328354,34.55997955],[-118.43278852,34.56001221],[-118.4327365,34.56004846],[-118.432576,34.56016227],[-118.43242879,34.56026665],[-118.43227259,34.56044414],[-118.43221715,34.56050713],[-118.43212331,34.56061376],[-118.43203596,34.56076359],[-118.4320224,34.56078685],[-118.4314574,34.56113695],[-118.4311309,34.56178425],[-118.43110267,34.56185511],[-118.43108702,34.56189439],[-118.43091777,34.56231917],[-118.43080351,34.56241257],[-118.43078222,34.56242998],[-118.43043606,34.56271295],[-118.43041237,34.56273616],[-118.43001512,34.56314854],[-118.42999312,34.56317138],[-118.42978289,34.56338962],[-118.4295779,34.56382483],[-118.42955635,34.56387058],[-118.42951832,34.56406203],[-118.42950643,34.56412428],[-118.42950215,34.56414666],[-118.42948587,34.56423186],[-118.42946726,34.56432925],[-118.42945526,34.56439209],[-118.42944208,34.56446103],[-118.42942609,34.56454472],[-118.42934333,34.5649779],[-118.42898443,34.56537142],[-118.42832952,34.56546205],[-118.42755562,34.56560582],[-118.427521,34.564884],[-118.42750109,34.56484313],[-118.42748931,34.56481894],[-118.42746178,34.56479836],[-118.427433,34.564788],[-118.42733783,34.56479374],[-118.42726967,34.56482133],[-118.427226,34.564839],[-118.42717156,34.56485683],[-118.42709894,34.56487719],[-118.426992,34.564879],[-118.426902,34.564865],[-118.426801,34.56481],[-118.42672659,34.56471344],[-118.4267127,34.56469426],[-118.42662131,34.56458057],[-118.42646958,34.56450933],[-118.42642256,34.56449263],[-118.42628,34.564442],[-118.42624705,34.56442037],[-118.42619154,34.56438395],[-118.426152,34.564358],[-118.42612813,34.56432645],[-118.426096,34.564284],[-118.426086,34.564213],[-118.42608,34.564097],[-118.42610318,34.56405594],[-118.42622,34.563849],[-118.42643722,34.5634802],[-118.42645683,34.5634241],[-118.42646468,34.56340165],[-118.426474,34.563375],[-118.42647678,34.56335275],[-118.426482,34.563311],[-118.42640198,34.56319745],[-118.42631399,34.56311366],[-118.42629207,34.56309789],[-118.426266,34.563082],[-118.426184,34.563071],[-118.4261045,34.56306514],[-118.42605806,34.56306241],[-118.42592505,34.56307632],[-118.42588591,34.56308553],[-118.425814,34.563109],[-118.42576905,34.56315035],[-118.425739,34.563178],[-118.42559417,34.56326904],[-118.425564,34.563288],[-118.42548878,34.56330982],[-118.425402,34.563335],[-118.42525613,34.56333141],[-118.425203,34.563315],[-118.42512,34.563222],[-118.42510607,34.56318877],[-118.42507201,34.56310751],[-118.42504909,34.56305398],[-118.42502473,34.56302653],[-118.42496882,34.56296452],[-118.42490739,34.5629227],[-118.424852,34.562885],[-118.42481919,34.56287498],[-118.42469656,34.56284897],[-118.424567,34.56287],[-118.42452238,34.56289031],[-118.42449598,34.56290233],[-118.424433,34.562931],[-118.42436423,34.56298835],[-118.424192,34.563132],[-118.42409201,34.56320289],[-118.424058,34.563227],[-118.42399427,34.56323543],[-118.423937,34.563243],[-118.42386924,34.56324189],[-118.4238138,34.56324083],[-118.42377735,34.5632358],[-118.423692,34.563224],[-118.423569,34.563151],[-118.423491,34.563069],[-118.42341418,34.56292486],[-118.42339475,34.56288869],[-118.42335031,34.56280712],[-118.423323,34.562757],[-118.423235,34.562639],[-118.423108,34.562494],[-118.42309604,34.56247368],[-118.42303359,34.56236633],[-118.4230031,34.56228685],[-118.422974,34.562211],[-118.422943,34.562063],[-118.42294,34.561844],[-118.422909,34.561708],[-118.422864,34.561631],[-118.42284002,34.5615928],[-118.422783,34.561502],[-118.42274963,34.56141258],[-118.42273373,34.56136995],[-118.422708,34.561301],[-118.42269306,34.56123546],[-118.422677,34.561165],[-118.42267062,34.56113134],[-118.42266051,34.56107806],[-118.42262213,34.56087266],[-118.42262557,34.56080938],[-118.42263283,34.5606698],[-118.42262678,34.5605585],[-118.42262174,34.56048558],[-118.42258103,34.56037548],[-118.422562,34.560324],[-118.42248524,34.5602017],[-118.42247249,34.56018139],[-118.42244358,34.56013562],[-118.42242366,34.56011742],[-118.42240096,34.56009667],[-118.422328,34.56003],[-118.42229787,34.56001621],[-118.42210835,34.55992948],[-118.421974,34.559868],[-118.42192898,34.55983199],[-118.42189265,34.55980223],[-118.42186684,34.55976846],[-118.42181289,34.55969676],[-118.42180847,34.55964714],[-118.42180406,34.55959517],[-118.42180565,34.55954602],[-118.42180669,34.55951413],[-118.42180922,34.55944214],[-118.42181612,34.55941477],[-118.42182426,34.55938251],[-118.421836,34.559336],[-118.42186197,34.5592989],[-118.42191034,34.55923522],[-118.42203939,34.55911263],[-118.422139,34.559018],[-118.42219666,34.55893597],[-118.422307,34.558779],[-118.42234375,34.55874853],[-118.42236899,34.5587276],[-118.4225535,34.55857389],[-118.422745,34.558394],[-118.422906,34.558191],[-118.42294872,34.55807974],[-118.42297405,34.55801378],[-118.423002,34.557941],[-118.42303952,34.55788323],[-118.42319111,34.55765289],[-118.42325871,34.55758529],[-118.42333653,34.55750747],[-118.42335788,34.55749067],[-118.423474,34.557419],[-118.42361757,34.55736369],[-118.42369313,34.55734864],[-118.423837,34.55732],[-118.42396081,34.55733097],[-118.42398966,34.55734639],[-118.42404805,34.55737758],[-118.42409,34.5574],[-118.424281,34.557671],[-118.42438202,34.55779533],[-118.42449487,34.55793422],[-118.424515,34.557959],[-118.424653,34.558076],[-118.424913,34.558203],[-118.425065,34.558266],[-118.42511506,34.5582766],[-118.425202,34.558295],[-118.4252492,34.55828112],[-118.42528788,34.55826916],[-118.42531699,34.55824121],[-118.425337,34.558222],[-118.42533571,34.55815068],[-118.42531871,34.55813184],[-118.425299,34.55811],[-118.42524708,34.55809642],[-118.425169,34.558076],[-118.42507976,34.55805691],[-118.424982,34.558036],[-118.42493223,34.558018],[-118.424888,34.558002],[-118.42486264,34.55799082],[-118.424795,34.557961],[-118.42476314,34.55792521],[-118.424722,34.557879],[-118.42469182,34.55781747],[-118.42467,34.557773],[-118.42465905,34.55766817],[-118.42465654,34.55764409],[-118.42464413,34.55751313],[-118.42464455,34.55747686],[-118.42464524,34.5574185],[-118.42464612,34.55734361],[-118.424647,34.557269],[-118.42463184,34.55715305],[-118.42462287,34.55708445],[-118.4246192,34.5570564],[-118.424613,34.557009],[-118.42456,34.556837],[-118.424458,34.556743],[-118.42434042,34.556673],[-118.4242955,34.55665555],[-118.424119,34.556587],[-118.423954,34.556583],[-118.423618,34.556617],[-118.42328324,34.55669483],[-118.42321653,34.55671051],[-118.42318602,34.556721],[-118.422968,34.556796],[-118.42257533,34.55687089],[-118.42254998,34.55687934],[-118.42245752,34.55691016],[-118.42240291,34.55692849],[-118.42234087,34.55695639],[-118.42225153,34.55699817],[-118.42221512,34.55703141],[-118.422163,34.557079],[-118.42215067,34.55710974],[-118.42213742,34.55714276],[-118.422094,34.557251],[-118.4220413,34.55736788],[-118.42197,34.557526],[-118.42192313,34.55757612],[-118.42190169,34.55759531],[-118.42186466,34.55762795],[-118.42177521,34.55767804],[-118.421736,34.5577],[-118.42169403,34.55771896],[-118.421601,34.557761],[-118.42155524,34.5577943],[-118.42141,34.5579],[-118.421297,34.557966],[-118.42126438,34.55797589],[-118.421132,34.558016],[-118.42094,34.558065],[-118.42087858,34.55811048],[-118.42080205,34.55816716],[-118.42071525,34.55826992],[-118.42070343,34.55829442],[-118.42068911,34.55832409],[-118.42065093,34.5584027],[-118.42061464,34.55846009],[-118.42056858,34.55853294],[-118.420554,34.558556],[-118.420455,34.55864],[-118.420399,34.55873],[-118.42037789,34.5587866],[-118.4203615,34.55883055],[-118.42033,34.558915],[-118.42024931,34.55915204],[-118.420105,34.559576],[-118.42010274,34.55967326],[-118.42010188,34.55971023],[-118.420101,34.559748],[-118.42010846,34.55985909],[-118.42011861,34.56001032],[-118.42013,34.56018],[-118.4201079,34.56023249],[-118.420082,34.560294],[-118.42003995,34.5603769],[-118.41988564,34.56017435],[-118.41985918,34.5601327],[-118.41978533,34.55997085],[-118.41975693,34.55989783],[-118.419715,34.55979],[-118.4196844,34.55974119],[-118.41963065,34.55965515],[-118.4196144,34.55961598],[-118.419563,34.559492],[-118.41951885,34.55942065],[-118.419464,34.559332],[-118.419387,34.559164],[-118.41937036,34.55906251],[-118.41936483,34.55902877],[-118.419357,34.558981],[-118.41935196,34.55893292],[-118.41933435,34.55876502],[-118.41931546,34.55858479],[-118.419303,34.558466],[-118.419319,34.558233],[-118.419319,34.558027],[-118.419334,34.557844],[-118.4193345,34.5575941],[-118.41934735,34.55754511],[-118.419388,34.55738809],[-118.4194135,34.55723754],[-118.419418,34.557211],[-118.4194266,34.55714652],[-118.4194489,34.55698203],[-118.41945821,34.55694117],[-118.41947179,34.55688159],[-118.419502,34.556749],[-118.419502,34.556562],[-118.41954651,34.55634729],[-118.41957062,34.55623097],[-118.41959391,34.5561203],[-118.41963515,34.5559981],[-118.419647,34.555963],[-118.419708,34.555814],[-118.41973456,34.55573128],[-118.419769,34.555624],[-118.41977652,34.55556646],[-118.41978645,34.55549049],[-118.419792,34.555448],[-118.419792,34.555327],[-118.419754,34.555113],[-118.41975103,34.55506322],[-118.41974865,34.55502347],[-118.419746,34.554979],[-118.419708,34.554735],[-118.419708,34.554522],[-118.419685,34.554411],[-118.419967,34.554327],[-118.42006717,34.5542822],[-118.420128,34.554255],[-118.42040933,34.55413736],[-118.4205162,34.55407204],[-118.420585,34.55403],[-118.42070363,34.55396692],[-118.42077519,34.55392887],[-118.42084016,34.5538946],[-118.42094156,34.55384958],[-118.42105424,34.55379954],[-118.42110861,34.55377343],[-118.421241,34.553694],[-118.42127123,34.55366816],[-118.421303,34.553641],[-118.42141409,34.55358021],[-118.42151005,34.5535275],[-118.42159264,34.55348214],[-118.4216459,34.55345288],[-118.421673,34.553438],[-118.42180376,34.55341285],[-118.42205924,34.55336612],[-118.422403,34.553337],[-118.42310782,34.55333766],[-118.423477,34.553338],[-118.42351881,34.55333321],[-118.42358109,34.55332724],[-118.42361967,34.55332284],[-118.42397725,34.55327886],[-118.424033,34.553272],[-118.42411101,34.55324575],[-118.42414,34.553236],[-118.424586,34.553088],[-118.42490428,34.55293881],[-118.425162,34.552818],[-118.425363,34.55270851],[-118.425643,34.552556],[-118.42583323,34.55235957],[-118.42586792,34.55232375],[-118.426011,34.552176],[-118.4265708,34.55154577],[-118.42679298,34.5513453],[-118.426964,34.551191],[-118.42704484,34.55113359],[-118.4272147,34.55101294],[-118.42724799,34.55098906],[-118.42726653,34.5509715],[-118.42738,34.550864],[-118.427434,34.550712],[-118.42744169,34.55065209],[-118.42745048,34.55058373],[-118.427462,34.550494],[-118.42748163,34.55036717],[-118.42750096,34.55024234],[-118.427512,34.550171],[-118.42755252,34.5500155],[-118.427586,34.549887],[-118.42760502,34.54982591],[-118.42761995,34.54977792],[-118.427633,34.549736],[-118.4276409,34.5497108],[-118.427654,34.549669],[-118.427756,34.549582],[-118.427827,34.549555],[-118.42796733,34.54954081],[-118.428153,34.54952204],[-118.428193,34.549518],[-118.42834055,34.54954578],[-118.42870292,34.54961286],[-118.42895572,34.54964243],[-118.428986,34.54964453],[-118.429094,34.549652],[-118.429379,34.54957],[-118.42960801,34.5495222],[-118.429815,34.549479],[-118.42984656,34.5494751],[-118.430228,34.549428],[-118.43035528,34.54942842],[-118.43038363,34.54942851],[-118.430534,34.549429],[-118.430737,34.549429],[-118.43078804,34.54942532],[-118.431388,34.549382],[-118.431729,34.549332],[-118.43176636,34.54931879],[-118.43191494,34.54926626],[-118.43197969,34.5492435],[-118.432038,34.549223],[-118.432147,34.549083],[-118.43216802,34.54901527],[-118.432192,34.548938],[-118.43224094,34.54874552],[-118.432281,34.548588],[-118.43228283,34.54850375],[-118.43228346,34.54847509],[-118.432286,34.548358],[-118.43229793,34.54816789],[-118.43229952,34.54814253],[-118.432301,34.548119],[-118.43232,34.548068],[-118.432435,34.547939],[-118.432469,34.547901],[-118.432873,34.547798],[-118.43349114,34.54751799],[-118.43357725,34.54747823],[-118.43365486,34.54741737],[-118.433779,34.54732],[-118.43384043,34.54724916],[-118.43389718,34.54718187],[-118.43393751,34.54712496],[-118.43397555,34.54707127],[-118.433997,34.547041],[-118.43403631,34.54690898],[-118.43404973,34.54684511],[-118.43404422,34.54648143],[-118.43404654,34.54644241],[-118.43405531,34.54639638],[-118.434087,34.54623],[-118.43413833,34.54611992],[-118.434232,34.545919],[-118.435098,34.544909],[-118.43541122,34.54469229],[-118.43564,34.544534],[-118.435914,34.544304],[-118.43605683,34.54418403],[-118.43611475,34.54413537],[-118.436189,34.544073],[-118.43637573,34.54387058],[-118.436558,34.543673],[-118.43667242,34.54348624],[-118.436781,34.543309],[-118.43691085,34.54303839],[-118.437019,34.542813],[-118.43706697,34.54269073],[-118.43708429,34.54264656],[-118.437141,34.542502],[-118.437218,34.54235],[-118.43729024,34.54229156],[-118.437375,34.542223],[-118.43749342,34.54215422],[-118.43750485,34.54213272],[-118.437518,34.542108],[-118.437883,34.541775],[-118.43795729,34.54168871],[-118.43815118,34.54146198],[-118.43819835,34.54137521],[-118.43825581,34.54126949],[-118.43835474,34.54108748],[-118.43838,34.541041],[-118.4385,34.540767],[-118.438598,34.540562],[-118.43863515,34.54050504],[-118.43866617,34.54045749],[-118.43874276,34.54033949],[-118.438832,34.540202],[-118.43885054,34.54017463],[-118.438874,34.54014],[-118.438989,34.540003],[-118.43909398,34.53991374],[-118.439216,34.53981],[-118.43928641,34.53965507],[-118.439287,34.539625],[-118.439288,34.539602],[-118.439316,34.539518],[-118.439391,34.53925],[-118.43941265,34.53906468],[-118.43943456,34.53887967],[-118.43945499,34.5387943],[-118.43947602,34.5387064],[-118.439501,34.538602],[-118.439506,34.538504],[-118.43952326,34.53843979],[-118.439531,34.538411],[-118.43956551,34.53834816],[-118.439626,34.538238],[-118.43965777,34.53818829],[-118.439773,34.538008],[-118.43981835,34.53792574],[-118.439859,34.537852],[-118.43988,34.537719],[-118.43986908,34.53767064],[-118.439845,34.537564],[-118.439836,34.537472],[-118.43982936,34.53743245],[-118.439815,34.537347],[-118.439769,34.537206],[-118.43974304,34.53688971],[-118.43973601,34.53680234],[-118.43973642,34.53675003],[-118.43973716,34.53665554],[-118.43973866,34.53646363],[-118.43973845,34.53640201],[-118.43973248,34.53620764],[-118.43972912,34.53609812],[-118.43972397,34.53595465],[-118.43969195,34.53566351],[-118.439682,34.535573],[-118.43968009,34.53519614],[-118.439679,34.534982],[-118.43968284,34.5349205],[-118.43970193,34.53468734],[-118.43973726,34.53463962],[-118.439774,34.53459],[-118.43980266,34.53447001],[-118.439817,34.53441],[-118.4398592,34.53431015],[-118.43990075,34.53421244],[-118.43991949,34.53417445],[-118.439972,34.534068],[-118.44000514,34.53403171],[-118.44002207,34.53401317],[-118.440098,34.53393],[-118.440169,34.533862],[-118.44019902,34.53383001],[-118.44021606,34.53381185],[-118.440291,34.533732],[-118.44045163,34.53358939],[-118.440505,34.533542],[-118.44066944,34.53341765],[-118.44070722,34.5333887],[-118.44073662,34.5333572],[-118.440903,34.533179],[-118.44106991,34.5330336],[-118.441097,34.53301],[-118.44131725,34.5329402],[-118.44142894,34.53289702],[-118.44162825,34.5328195],[-118.44182726,34.53272465],[-118.441858,34.53271],[-118.441994,34.532605],[-118.442089,34.532417],[-118.44212578,34.53223262],[-118.442162,34.532051],[-118.442225,34.531931],[-118.44227865,34.53184937],[-118.44243588,34.53160994],[-118.44247464,34.53154667],[-118.44274969,34.53109772],[-118.4427694,34.53106183],[-118.44280441,34.53098427],[-118.4428362,34.53091386],[-118.44284587,34.53088913],[-118.44290829,34.53069755],[-118.442929,34.530634],[-118.44294225,34.53037437],[-118.442944,34.53034],[-118.442908,34.530161],[-118.442874,34.530118],[-118.44275285,34.52995304],[-118.44272856,34.5299195],[-118.44271338,34.52989725],[-118.44268259,34.52985214],[-118.442632,34.529778],[-118.44261747,34.52974824],[-118.44259417,34.52970049],[-118.44255,34.52961],[-118.442525,34.529502],[-118.442536,34.52936],[-118.4425527,34.52930797],[-118.44257035,34.52925355],[-118.44259326,34.52922445],[-118.44261196,34.52920071],[-118.442644,34.52916],[-118.442672,34.529065],[-118.44267962,34.52895448],[-118.442688,34.528833],[-118.442662,34.528646],[-118.44262724,34.52855177],[-118.442496,34.528196],[-118.4424938,34.52813873],[-118.442491,34.528066],[-118.44249536,34.52800064],[-118.4424971,34.52797447],[-118.44250281,34.52793806],[-118.44254027,34.52786003],[-118.44255764,34.52782384],[-118.442571,34.527796],[-118.44263713,34.52771885],[-118.442685,34.527663],[-118.44269278,34.52763903],[-118.44273521,34.5275084],[-118.442748,34.527469],[-118.44274064,34.52739709],[-118.442731,34.527303],[-118.44269858,34.5272582],[-118.442676,34.527227],[-118.44260955,34.52711881],[-118.44258364,34.52707662],[-118.44243278,34.52683038],[-118.44239279,34.52674462],[-118.442344,34.52664],[-118.442271,34.526557],[-118.44219864,34.52650509],[-118.44216623,34.52649047],[-118.44203412,34.52648499],[-118.44195871,34.5264816],[-118.4418943,34.52647385],[-118.44186337,34.52647013],[-118.441746,34.526456],[-118.441716,34.526369],[-118.441793,34.526301],[-118.441834,34.526265],[-118.441976,34.526144],[-118.44198626,34.52602937],[-118.44199278,34.52595661],[-118.441999,34.525826],[-118.442078,34.525651],[-118.442048,34.525599],[-118.44201672,34.52558857],[-118.44194606,34.52556502],[-118.441865,34.525538],[-118.44181077,34.52552477],[-118.44150111,34.52544923],[-118.4413508,34.52541535],[-118.44130077,34.5254108],[-118.44123498,34.52540978],[-118.44119633,34.52541741],[-118.441158,34.525447],[-118.44115599,34.52549328],[-118.44118336,34.52552463],[-118.441257,34.525609],[-118.441465,34.525721],[-118.44150365,34.52572818],[-118.441648,34.525755],[-118.44170439,34.52584095],[-118.44170666,34.52588494],[-118.44170891,34.52592838],[-118.441662,34.526013],[-118.44159069,34.52606069],[-118.44152817,34.52610251],[-118.441505,34.526118],[-118.44141778,34.52613761],[-118.44135822,34.52614514],[-118.441271,34.526136],[-118.44113182,34.52609904],[-118.44107777,34.52608469],[-118.44102773,34.52607199],[-118.44097706,34.52607183],[-118.44089106,34.52607154],[-118.440727,34.526071],[-118.4404631,34.52615901],[-118.4403314,34.52622902],[-118.440275,34.526259],[-118.44020974,34.52629903],[-118.440156,34.526332],[-118.44011657,34.52632145],[-118.44007,34.526309],[-118.4400328,34.52627773],[-118.43999508,34.52624676],[-118.4399598,34.5262215],[-118.439913,34.526188],[-118.43985705,34.5261852],[-118.43979037,34.52618249],[-118.43971717,34.52619615],[-118.439659,34.526207],[-118.4396246,34.52621454],[-118.43957731,34.52622489],[-118.439449,34.526253],[-118.439317,34.526386],[-118.439036,34.526516],[-118.439014,34.526547],[-118.438985,34.526588],[-118.43898545,34.52661867],[-118.43898695,34.5266564],[-118.43902318,34.52667159],[-118.43906086,34.5266874],[-118.439169,34.526689],[-118.43922821,34.52668693],[-118.43929643,34.52668455],[-118.439341,34.526683],[-118.43938668,34.5266855],[-118.439524,34.526693],[-118.439693,34.526794],[-118.43975771,34.52686859],[-118.43980229,34.52691996],[-118.439929,34.527066],[-118.43998617,34.52711667],[-118.440017,34.527144],[-118.440075,34.527167],[-118.44011048,34.52716298],[-118.44016591,34.52715602],[-118.44019591,34.52715154],[-118.44022256,34.52714756],[-118.44025004,34.5271463],[-118.440348,34.527148],[-118.440391,34.52716],[-118.440497,34.527166],[-118.440555,34.527197],[-118.440691,34.527295],[-118.44085,34.527365],[-118.4409248,34.5273786],[-118.44098843,34.52738834],[-118.44102419,34.52739109],[-118.44107848,34.52740034],[-118.44111341,34.52741776],[-118.441135,34.527433],[-118.44114646,34.52746221],[-118.441155,34.527484],[-118.441112,34.527536],[-118.44103459,34.52754049],[-118.44097584,34.52751934],[-118.44095065,34.52751028],[-118.440886,34.527487],[-118.440732,34.527453],[-118.44045,34.527492],[-118.44022007,34.52747283],[-118.440061,34.527541],[-118.440018,34.527545],[-118.4399745,34.52754551],[-118.439932,34.527546],[-118.439762,34.527409],[-118.43972185,34.52740046],[-118.43967265,34.52739],[-118.43958223,34.52737205],[-118.43948176,34.52737297],[-118.439368,34.527374],[-118.438743,34.527314],[-118.43867112,34.52733313],[-118.43860163,34.52735166],[-118.43848185,34.52738516],[-118.438275,34.527443],[-118.43796,34.527514],[-118.437739,34.527532],[-118.43769773,34.5275591],[-118.43763207,34.52760221],[-118.437572,34.52764223],[-118.43752982,34.52769398],[-118.437432,34.527814],[-118.43726625,34.52796576],[-118.4370984,34.52806344],[-118.43703787,34.52809867],[-118.436972,34.528137],[-118.4369044,34.52817124],[-118.43682,34.528214],[-118.43677157,34.5281873],[-118.436742,34.528171],[-118.43669254,34.52816662],[-118.43664439,34.52816235],[-118.436584,34.528157],[-118.436393,34.528219],[-118.43633856,34.5282639],[-118.436256,34.528332],[-118.43616062,34.52843605],[-118.436124,34.528476],[-118.43609351,34.52849206],[-118.43603838,34.52852111],[-118.43599019,34.5285465],[-118.435938,34.528574],[-118.43586025,34.52860408],[-118.43574274,34.52864953],[-118.43569439,34.5286685],[-118.43565782,34.52869823],[-118.435572,34.528768],[-118.435379,34.528961],[-118.43517085,34.52921032],[-118.43513256,34.5292209],[-118.435096,34.529231],[-118.435053,34.529227],[-118.434997,34.529185],[-118.43487961,34.52925837],[-118.43483528,34.52928549],[-118.43474119,34.52931218],[-118.434555,34.529365],[-118.43440717,34.52941104],[-118.43436964,34.52942403],[-118.43433866,34.52945074],[-118.43431813,34.52946904],[-118.43430905,34.52949036],[-118.434296,34.529521],[-118.43416859,34.52973751],[-118.434143,34.529781],[-118.43411986,34.52981062],[-118.43406379,34.52988242],[-118.434036,34.529918],[-118.43401203,34.52994421],[-118.433876,34.530093],[-118.43383664,34.53014296],[-118.43378199,34.53021233],[-118.433746,34.530258],[-118.43341425,34.53065175],[-118.43301578,34.53094852],[-118.43283421,34.53108374],[-118.43280544,34.53110517],[-118.432709,34.531177],[-118.43268756,34.53119791],[-118.43260172,34.5312816],[-118.432549,34.531333],[-118.4324863,34.53136834],[-118.43237073,34.53143376],[-118.432175,34.531585],[-118.43186045,34.5319223],[-118.43180583,34.53196793],[-118.43173832,34.53202432],[-118.431625,34.532119],[-118.43156521,34.53217064],[-118.43154509,34.53218825],[-118.431442,34.532279],[-118.43129272,34.53239737],[-118.431244,34.532436],[-118.43116003,34.53252076],[-118.4310383,34.53264362],[-118.430923,34.53276],[-118.43079084,34.53288153],[-118.430724,34.532943],[-118.43072008,34.53308786],[-118.43056781,34.53871798],[-118.43053582,34.53990062],[-118.430535,34.539931],[-118.42783789,34.53994332],[-118.42767403,34.53994396],[-118.4273478,34.53994294],[-118.425447,34.539937],[-118.422646,34.539917],[-118.42198682,34.5399137],[-118.41930516,34.53990026],[-118.41766031,34.53989203],[-118.417256,34.53989],[-118.414123,34.539901],[-118.41387616,34.53989221],[-118.413814,34.53989],[-118.4136183,34.53988999],[-118.41041511,34.53988988],[-118.40870691,34.53987328],[-118.40860296,34.53986942],[-118.4086006,34.53981159],[-118.40862001,34.539684],[-118.40862996,34.53961856],[-118.408643,34.53959312],[-118.40869405,34.53949353],[-118.408722,34.539439],[-118.408871,34.539096],[-118.408934,34.538957],[-118.40890966,34.5389128],[-118.408896,34.538888],[-118.408774,34.538861],[-118.4086728,34.5388709],[-118.40856958,34.53888068],[-118.40853043,34.5388835],[-118.408384,34.538875],[-118.408268,34.538829],[-118.408105,34.538851],[-118.40804273,34.53884516],[-118.40800518,34.53884164],[-118.407977,34.538839],[-118.40784,34.538803],[-118.40775399,34.53874508],[-118.40759099,34.53863492],[-118.40755557,34.53859709],[-118.40752936,34.53856909],[-118.40750339,34.5385385],[-118.40749518,34.53849164],[-118.40748708,34.53844544],[-118.4074887,34.53841346],[-118.407491,34.538368],[-118.407552,34.538257],[-118.40758335,34.53820585],[-118.407666,34.538071],[-118.40769095,34.53793996],[-118.40767578,34.53791033],[-118.40764885,34.53785961],[-118.40761085,34.53784661],[-118.407498,34.537808],[-118.40724655,34.53772416],[-118.40708972,34.53767085],[-118.40706035,34.53765902],[-118.4070105,34.53763896],[-118.406951,34.537615],[-118.40689018,34.53757243],[-118.40683647,34.53753483],[-118.406791,34.537503],[-118.406693,34.537389],[-118.406601,34.537272],[-118.406528,34.537176],[-118.40642168,34.53706286],[-118.40636279,34.53697773],[-118.406327,34.536926],[-118.40630118,34.53684117],[-118.406292,34.536811],[-118.40628784,34.53677243],[-118.406273,34.536635],[-118.406222,34.53654],[-118.406138,34.536426],[-118.4061069,34.53639512],[-118.40608849,34.53637684],[-118.4060541,34.53634269],[-118.405996,34.536285],[-118.40592865,34.5362451],[-118.405839,34.536192],[-118.405748,34.536132],[-118.40568851,34.53606835],[-118.405648,34.536025],[-118.405596,34.535883],[-118.40559566,34.53585673],[-118.40559528,34.53582693],[-118.4055946,34.53577391],[-118.405594,34.535727],[-118.405568,34.53566],[-118.40550875,34.53562645],[-118.40547853,34.53560995],[-118.40538925,34.53556786],[-118.405345,34.535547],[-118.40528295,34.53553297],[-118.40523,34.535521],[-118.40515449,34.53545941],[-118.40513787,34.53540764],[-118.405129,34.53538],[-118.40510978,34.53533003],[-118.40506416,34.53521371],[-118.4049962,34.53506908],[-118.404935,34.535036],[-118.4048436,34.53500285],[-118.404753,34.53497],[-118.40466735,34.53497107],[-118.40458879,34.53497206],[-118.40451926,34.53497293],[-118.404434,34.534974],[-118.40409,34.535005],[-118.403812,34.535008],[-118.403673,34.535024],[-118.40362351,34.53502432],[-118.40358334,34.53502457],[-118.403556,34.53502475],[-118.40351421,34.53502417],[-118.40344425,34.53500324],[-118.40341,34.534993],[-118.40323626,34.53491939],[-118.403145,34.53484],[-118.403045,34.534705],[-118.40297506,34.53459042],[-118.402893,34.534456],[-118.40282632,34.5343676],[-118.40274758,34.53426322],[-118.40270828,34.53421112],[-118.402675,34.534167],[-118.40266274,34.53413222],[-118.402632,34.534045],[-118.402639,34.533957],[-118.40269173,34.53389373],[-118.402719,34.533861],[-118.40282775,34.53378524],[-118.402897,34.533737],[-118.4031714,34.53359358],[-118.40328098,34.5335363],[-118.4033378,34.53350897],[-118.40338094,34.53348822],[-118.403817,34.533347],[-118.403922,34.533278],[-118.40394807,34.53320978],[-118.403969,34.533155],[-118.40399368,34.53268504],[-118.40397872,34.53226475],[-118.40397813,34.53221571],[-118.40397811,34.53217047],[-118.404017,34.532117],[-118.40405,34.532097],[-118.404099,34.532089],[-118.40415101,34.53209043],[-118.404369,34.532106],[-118.404691,34.532232],[-118.40482671,34.53228053],[-118.404856,34.532291],[-118.40488909,34.5322958],[-118.404987,34.53231],[-118.40503573,34.53229156],[-118.40506185,34.53228039],[-118.40507291,34.53225944],[-118.405108,34.532193],[-118.40510113,34.53197917],[-118.40509913,34.53191688],[-118.40509565,34.53180858],[-118.405091,34.531664],[-118.40508581,34.53134076],[-118.40508309,34.53117167],[-118.40508,34.530979],[-118.40503638,34.53083193],[-118.40502194,34.53078326],[-118.40501,34.530743],[-118.404917,34.530581],[-118.404907,34.5305063],[-118.40490254,34.5304729],[-118.40490378,34.53043005],[-118.40492153,34.53040253],[-118.40493944,34.53037631],[-118.40498976,34.53035203],[-118.405052,34.530322],[-118.40513814,34.53031234],[-118.405257,34.530299],[-118.40552376,34.53033774],[-118.40562144,34.53035713],[-118.405651,34.530363],[-118.40568837,34.53035935],[-118.405733,34.530355],[-118.40586909,34.53031841],[-118.40590449,34.53030889],[-118.40595257,34.53029338],[-118.40600257,34.53026285],[-118.406058,34.530229],[-118.40611147,34.53025026],[-118.406141,34.530262],[-118.40616802,34.53027185],[-118.40619912,34.53028318],[-118.406248,34.530301],[-118.406363,34.530287],[-118.406362,34.530253],[-118.406369,34.530171],[-118.40636576,34.53014795],[-118.40634995,34.53003242],[-118.40634889,34.52995315],[-118.406348,34.529887],[-118.40636763,34.52985325],[-118.40638,34.529832],[-118.40645404,34.52977369],[-118.406493,34.529743],[-118.40661605,34.5296919],[-118.40668271,34.52966422],[-118.406729,34.529645],[-118.40684501,34.52963373],[-118.407048,34.529614],[-118.40708573,34.52959916],[-118.407137,34.529579],[-118.407161,34.529531],[-118.4071604,34.52949092],[-118.40714668,34.52945487],[-118.40709326,34.52941827],[-118.4070418,34.52938339],[-118.40682504,34.52924301],[-118.40677869,34.52921342],[-118.40673565,34.52918594],[-118.40656821,34.52908497],[-118.406538,34.529037],[-118.406503,34.528915],[-118.40650239,34.52888019],[-118.406501,34.5288],[-118.40651116,34.52875184],[-118.40651774,34.52872066],[-118.406524,34.528691],[-118.40655082,34.52864034],[-118.40656594,34.52861178],[-118.406596,34.528555],[-118.406635,34.528466],[-118.40661656,34.52838365],[-118.40660254,34.52834104],[-118.40656424,34.52822602],[-118.40655005,34.52819402],[-118.40652173,34.5280951],[-118.40653608,34.52806687],[-118.4065503,34.52803892],[-118.40658543,34.52801583],[-118.406643,34.527978],[-118.40673218,34.52797423],[-118.40677084,34.5279726],[-118.40687006,34.52797411],[-118.40692738,34.52799496],[-118.40702905,34.52803193],[-118.407054,34.528041],[-118.407211,34.528093],[-118.40725513,34.52808606],[-118.40730164,34.52807823],[-118.40737705,34.52804257],[-118.407429,34.528018],[-118.40754078,34.52790545],[-118.4077303,34.52771855],[-118.40793723,34.52757157],[-118.407969,34.527549],[-118.40800676,34.52752654],[-118.408127,34.527455],[-118.4081728,34.52741618],[-118.408232,34.527366],[-118.408343,34.527347],[-118.408471,34.527358],[-118.40849535,34.5273707],[-118.40856407,34.5274064],[-118.40862335,34.52742855],[-118.408654,34.52744],[-118.408739,34.527439],[-118.408829,34.527416],[-118.408849,34.527385],[-118.40885389,34.52735274],[-118.408859,34.527319],[-118.408836,34.52724],[-118.408787,34.527143],[-118.40878208,34.52708114],[-118.40878,34.527055],[-118.40880228,34.52696539],[-118.408825,34.526874],[-118.408938,34.526627],[-118.408931,34.526547],[-118.40894882,34.52641032],[-118.40899369,34.52636632],[-118.40906,34.526321],[-118.409162,34.526329],[-118.40922756,34.52634173],[-118.40929448,34.52635472],[-118.40933292,34.52636219],[-118.40937593,34.52637116],[-118.40941993,34.52638035],[-118.409471,34.526391],[-118.4095087,34.52639414],[-118.40955072,34.52638629],[-118.40958421,34.5263737],[-118.40963,34.526341],[-118.40963989,34.52626761],[-118.40964403,34.52623691],[-118.409649,34.5262],[-118.40966811,34.52610286],[-118.40971,34.52605],[-118.40979169,34.5260082],[-118.40993533,34.52599334],[-118.410023,34.525989],[-118.410055,34.525966],[-118.41008717,34.52587228],[-118.41007529,34.52583156],[-118.410062,34.525786],[-118.41003285,34.52564716],[-118.41005818,34.52560512],[-118.410096,34.525583],[-118.410223,34.52555],[-118.41038665,34.52555612],[-118.410478,34.525534],[-118.41049504,34.52551558],[-118.410515,34.525494],[-118.41052814,34.52543429],[-118.41049652,34.52532046],[-118.410485,34.525279],[-118.41038982,34.5250382],[-118.410358,34.524998],[-118.41021677,34.52497889],[-118.41012777,34.52498978],[-118.41002535,34.52500184],[-118.40994706,34.52499697],[-118.40991953,34.52499526],[-118.409862,34.524978],[-118.409797,34.524908],[-118.40976636,34.52482551],[-118.40975831,34.52480023],[-118.40977166,34.52468268],[-118.40977662,34.52465446],[-118.40978838,34.52461421],[-118.40985668,34.52450579],[-118.40988319,34.52448988],[-118.409923,34.524466],[-118.41004162,34.52445406],[-118.410072,34.524451],[-118.41017819,34.52449128],[-118.41021372,34.52450476],[-118.4102861,34.52453497],[-118.41041991,34.52461899],[-118.410447,34.524636],[-118.41047911,34.52463758],[-118.410671,34.524647],[-118.41074781,34.52461257],[-118.410903,34.524543],[-118.41109672,34.52438026],[-118.41109234,34.52435352],[-118.41108821,34.52432831],[-118.411079,34.524272],[-118.410933,34.524094],[-118.4107668,34.52398516],[-118.410707,34.523946],[-118.410466,34.523883],[-118.41035964,34.52384879],[-118.410295,34.523828],[-118.409977,34.523559],[-118.4099452,34.52352247],[-118.40989569,34.52346558],[-118.40985935,34.52342383],[-118.409836,34.523397],[-118.409703,34.523121],[-118.40952854,34.5228881],[-118.409497,34.522846],[-118.409371,34.522645],[-118.40934195,34.52259458],[-118.40924173,34.52242777],[-118.40916306,34.52235898],[-118.409051,34.522261],[-118.40872573,34.52218813],[-118.40866922,34.52218123],[-118.40856181,34.52216811],[-118.408479,34.522158],[-118.40845125,34.52214879],[-118.40840651,34.52213393],[-118.408223,34.522073],[-118.408045,34.521943],[-118.407823,34.521743],[-118.407731,34.521621],[-118.40772564,34.5215597],[-118.407713,34.521498],[-118.407609,34.521305],[-118.40757396,34.52121156],[-118.407558,34.521169],[-118.407506,34.520883],[-118.40745642,34.52050829],[-118.40744216,34.52046616],[-118.40743176,34.52043542],[-118.40739,34.520312],[-118.407293,34.520243],[-118.4072042,34.52014636],[-118.407157,34.520095],[-118.40713195,34.52003237],[-118.40708123,34.51991015],[-118.406987,34.519789],[-118.40697655,34.51975111],[-118.40695203,34.51966218],[-118.406913,34.519508],[-118.40689382,34.51948992],[-118.406843,34.519442],[-118.40679963,34.51941837],[-118.406709,34.519369],[-118.4066559,34.51932009],[-118.406633,34.519299],[-118.40661068,34.51925025],[-118.406595,34.519216],[-118.406609,34.519093],[-118.40658,34.518983],[-118.40654918,34.51889292],[-118.406541,34.518869],[-118.40654826,34.51882758],[-118.40657406,34.51867381],[-118.40654681,34.51863912],[-118.40650623,34.51859721],[-118.406359,34.518514],[-118.40633293,34.5184791],[-118.406294,34.518427],[-118.40626964,34.51839715],[-118.4062473,34.51836977],[-118.406223,34.51834],[-118.40622768,34.51831425],[-118.40623197,34.51829064],[-118.406243,34.51823],[-118.406351,34.518013],[-118.4063765,34.51796308],[-118.40645317,34.51781298],[-118.406469,34.517782],[-118.40651791,34.51773249],[-118.406632,34.517617],[-118.40670931,34.51755974],[-118.406794,34.517497],[-118.40683366,34.51744046],[-118.40688879,34.51736126],[-118.40692022,34.51729181],[-118.40693269,34.51725316],[-118.40694808,34.51720546],[-118.406943,34.517151],[-118.40694372,34.51704102],[-118.40694418,34.51697008],[-118.406938,34.516865],[-118.406915,34.516756],[-118.40689512,34.51670761],[-118.40683037,34.51654442],[-118.40681757,34.5164692],[-118.406808,34.516413],[-118.40682534,34.51634571],[-118.406833,34.516316],[-118.4069416,34.51621492],[-118.40704086,34.51617404],[-118.40707639,34.51616167],[-118.40715413,34.51614575],[-118.407319,34.516112],[-118.40738931,34.51609875],[-118.407441,34.516089],[-118.40752271,34.51597807],[-118.40761261,34.51585603],[-118.407634,34.515827],[-118.40766196,34.51580053],[-118.407822,34.515649],[-118.40797538,34.51554553],[-118.40799955,34.51551578],[-118.4081099,34.51537866],[-118.4081409,34.51533215],[-118.408203,34.515239],[-118.40823136,34.5151681],[-118.42694885,34.50432223],[-118.46506189,34.51138924]]]},"properties":{"OBJECTID":1098013,"COUNTY":"LOS ANGELES","CITY":"LAC","ZONE_NAME":null,"ZONE_ID":"US-CA-XLA-LAC-E030-B","STATUS":"Evacuation Order","EVENT_TYPE":null,"CRITICAL_INFO":null,"PUBLIC_INFO":null,"EDIT_DATE":1791072508000,"STATEWIDE_LAST_UPDATED":null,"NOTES":"Local authorities are responding to a Wildfire. An EVACUATION WARNING has been issued. PREPARE TO LEAVE.  Consider leaving now if you need more time to evacuate. Call 911 for emergency assistance. Visit AlertLA.org for more information.","SHAPE__Area":29625103.6640625,"SHAPE__Length":37134.975710354505,"GlobalID":"c9ccfdb5-a49e-488d-941b-e7a60cb55bc1","CreationDate":1791072632000,"Creator":"CalOES_Scripts","EditDate":1791072632000,"Editor":"CalOES_Scripts"}},{"type":"Feature","id":1098014,"geometry":{"type":"Polygon","coordinates":[[[-118.42755562,34.56560582],[-118.42681104,34.56560341],[-118.4267401,34.56560318],[-118.42662512,34.56560281],[-118.42603,34.56553774],[-118.42589866,34.56560009],[-118.42556654,34.56575775],[-118.4252834,34.56598134],[-118.42523057,34.56605448],[-118.42518731,34.56611438],[-118.42511075,34.5662204],[-118.42506142,34.56628869],[-118.42504667,34.56630912],[-118.42500593,34.56636554],[-118.42494907,34.56641062],[-118.42489174,34.56645607],[-118.42476432,34.5665571],[-118.42410836,34.56708939],[-118.4237698,34.56729945],[-118.42368131,34.56734819],[-118.42363907,34.56736033],[-118.42353022,34.56739161],[-118.42346378,34.56741071],[-118.42332361,34.56745101],[-118.42320422,34.56746138],[-118.42273088,34.56750208],[-118.4222762,34.5674814],[-118.42209331,34.56747987],[-118.42175428,34.56747705],[-118.42132125,34.56771451],[-118.42103414,34.56787196],[-118.42066519,34.56807373],[-118.42064669,34.56811722],[-118.42060502,34.56821519],[-118.4204721,34.56852445],[-118.42033156,34.56864387],[-118.42030406,34.56866727],[-118.42023873,34.56872286],[-118.42019606,34.56875918],[-118.42006477,34.56887091],[-118.41976992,34.56899717],[-118.41972696,34.56901556],[-118.41963116,34.56905324],[-118.41882566,34.56927175],[-118.4184374,34.5692763],[-118.4183066,34.56927784],[-118.41804846,34.56919236],[-118.41784137,34.56912379],[-118.41773429,34.56908833],[-118.41768002,34.56907036],[-118.41705285,34.56881988],[-118.41698807,34.56877752],[-118.41687672,34.56870469],[-118.41656198,34.56849887],[-118.41632149,34.56826156],[-118.41623651,34.5681777],[-118.41619474,34.56813648],[-118.41615808,34.5681003],[-118.41608623,34.56805923],[-118.41557514,34.56776706],[-118.41539346,34.56762769],[-118.41536567,34.56760637],[-118.41499604,34.56732282],[-118.41466542,34.56700313],[-118.41462198,34.56695727],[-118.41442207,34.56674623],[-118.41437177,34.56673207],[-118.41378413,34.5665667],[-118.41369161,34.56658008],[-118.41365603,34.56658522],[-118.41350487,34.56660709],[-118.41333739,34.56663131],[-118.41322653,34.56670435],[-118.41319881,34.56672261],[-118.41297373,34.56687091],[-118.41275557,34.56701464],[-118.41245625,34.56715553],[-118.41213858,34.567345],[-118.41203793,34.56740503],[-118.41196543,34.56744827],[-118.41194233,34.56746205],[-118.41158888,34.56767057],[-118.41141867,34.56777098],[-118.41131912,34.56782971],[-118.41127405,34.5678563],[-118.41065845,34.56829281],[-118.41053946,34.56842789],[-118.41038123,34.56860754],[-118.41035285,34.56863975],[-118.41024791,34.56872903],[-118.4099945,34.56894463],[-118.40980816,34.56939909],[-118.40981129,34.56979272],[-118.40981155,34.56982436],[-118.40981201,34.5698831],[-118.40981754,34.56992107],[-118.40984937,34.56999257],[-118.40997688,34.57027906],[-118.41005061,34.57205697],[-118.41005634,34.57219513],[-118.41006016,34.57228733],[-118.41021335,34.5726782],[-118.4104008,34.57309498],[-118.41050513,34.57323551],[-118.41053491,34.57327561],[-118.41073962,34.57379204],[-118.41072353,34.57450549],[-118.410694,34.57458621],[-118.41068046,34.5746232],[-118.41060576,34.57482735],[-118.41052189,34.57505656],[-118.41051349,34.57507952],[-118.41050466,34.57510248],[-118.41048309,34.57515853],[-118.41046875,34.57519581],[-118.41044261,34.57526379],[-118.41036419,34.57546765],[-118.41031661,34.57572593],[-118.41029953,34.57577279],[-118.41026308,34.5758728],[-118.41025301,34.57590041],[-118.41018922,34.57607543],[-118.4101732,34.5761029],[-118.41013202,34.5761735],[-118.410117,34.57619925],[-118.41010002,34.57622838],[-118.41001132,34.57635759],[-118.40994644,34.57641149],[-118.40989455,34.57645459],[-118.40987244,34.57647295],[-118.40983625,34.57650301],[-118.40980443,34.57652944],[-118.40976948,34.57656342],[-118.40971179,34.57661951],[-118.40968281,34.57664772],[-118.40966517,34.57666489],[-118.40960662,34.57672188],[-118.40957425,34.57673443],[-118.40951562,34.57675717],[-118.40948155,34.57677039],[-118.40938317,34.57680859],[-118.40922933,34.57686833],[-118.40915701,34.57689642],[-118.40895555,34.57687824],[-118.40879996,34.57686421],[-118.40862344,34.57684829],[-118.40822091,34.57687834],[-118.40793914,34.57690879],[-118.40787956,34.57691359],[-118.4069621,34.57692403],[-118.40688322,34.5769293],[-118.40672971,34.57693955],[-118.40618415,34.576976],[-118.40576419,34.57705461],[-118.40562955,34.57707981],[-118.40541838,34.57711934],[-118.40510024,34.57717889],[-118.40503416,34.57720141],[-118.40496577,34.57722472],[-118.40492777,34.57723767],[-118.40437451,34.57742622],[-118.40348467,34.57759422],[-118.40341581,34.57762855],[-118.40333741,34.57766764],[-118.40326979,34.57770132],[-118.4032897,34.57794866],[-118.40331319,34.57798619],[-118.40337954,34.57809221],[-118.40339979,34.57812456],[-118.40340842,34.57863984],[-118.40341658,34.57912422],[-118.40347,34.57939414],[-118.40347815,34.57943532],[-118.40350001,34.57954581],[-118.40351591,34.57962614],[-118.4034896,34.57982185],[-118.40348611,34.57984779],[-118.40348121,34.57988427],[-118.40358849,34.5802235],[-118.40373314,34.58035632],[-118.40376709,34.58038749],[-118.40379345,34.58041169],[-118.40382636,34.58044192],[-118.40387914,34.58049037],[-118.40396886,34.58057276],[-118.40400287,34.58089173],[-118.4040236,34.5810862],[-118.40412388,34.58141694],[-118.40397804,34.58163924],[-118.40391378,34.58166137],[-118.40383544,34.58168835],[-118.40380815,34.58169774],[-118.40371989,34.58172814],[-118.40333998,34.58185078],[-118.40313539,34.58200162],[-118.40296107,34.58213014],[-118.40290169,34.58224701],[-118.40285544,34.58233803],[-118.40281976,34.58240826],[-118.40269186,34.58266001],[-118.40262577,34.58282496],[-118.40258989,34.5829145],[-118.40255762,34.58299504],[-118.40254065,34.58303741],[-118.40249365,34.58320637],[-118.402482,34.58324824],[-118.40243219,34.5834273],[-118.40242691,34.58351027],[-118.40242191,34.58358895],[-118.40241274,34.58373308],[-118.40240546,34.58384746],[-118.40247454,34.58408474],[-118.40249814,34.58416581],[-118.40252418,34.58425527],[-118.40253577,34.58429509],[-118.40255066,34.58434622],[-118.4025781,34.58444047],[-118.40261446,34.58457789],[-118.40264587,34.5846966],[-118.40268169,34.58483195],[-118.4026889,34.58526129],[-118.40263836,34.58539275],[-118.40259042,34.58551744],[-118.40253475,34.58565508],[-118.4025167,34.58567556],[-118.40245588,34.58574459],[-118.40243571,34.58576748],[-118.40238673,34.58582307],[-118.40186308,34.58594352],[-118.40148071,34.58614034],[-118.40127232,34.58627464],[-118.40123739,34.58633493],[-118.40122045,34.58636417],[-118.40113519,34.5865113],[-118.40106084,34.58653441],[-118.40092972,34.58657517],[-118.4008873,34.58658834],[-118.40080446,34.58661406],[-118.40038738,34.58659831],[-118.40029517,34.58657098],[-118.40016363,34.58653199],[-118.4000904,34.58651028],[-118.39996913,34.58644034],[-118.39987666,34.58638701],[-118.39971232,34.58635215],[-118.39967143,34.58634348],[-118.3993254,34.58627017],[-118.39912692,34.58626267],[-118.39905331,34.58625989],[-118.3989451,34.58625581],[-118.39853809,34.58624043],[-118.3982206,34.58628234],[-118.3981088,34.58629709],[-118.39793691,34.58631978],[-118.3978995,34.58632472],[-118.39785985,34.58632995],[-118.39759156,34.58640718],[-118.39749683,34.58643445],[-118.39744433,34.58644956],[-118.39738797,34.58646579],[-118.39722409,34.58647887],[-118.39700335,34.58649649],[-118.396936,34.58650187],[-118.39688273,34.58650612],[-118.39673496,34.58651792],[-118.39670614,34.58652779],[-118.39597765,34.58677731],[-118.39575364,34.58680713],[-118.39558729,34.58682928],[-118.39545581,34.58684678],[-118.39541628,34.58685204],[-118.39493204,34.58692906],[-118.39488627,34.58693634],[-118.3948307,34.58694518],[-118.39479533,34.58697008],[-118.39474276,34.58700709],[-118.39469185,34.58704292],[-118.39462698,34.58708859],[-118.3944683,34.58720029],[-118.39444874,34.58722138],[-118.39425791,34.58742711],[-118.39390043,34.5878125],[-118.39374559,34.58802203],[-118.3936849,34.58810415],[-118.39362435,34.58818608],[-118.39339445,34.58875636],[-118.39333143,34.58927629],[-118.3933241,34.58935503],[-118.39331473,34.58945571],[-118.39331151,34.58949025],[-118.39329761,34.58963965],[-118.39328742,34.58974917],[-118.39326254,34.58980643],[-118.39321371,34.58991879],[-118.39316216,34.59003743],[-118.3931509,34.59006334],[-118.39313741,34.59009437],[-118.39305284,34.59012663],[-118.39295248,34.59016491],[-118.39267296,34.59027152],[-118.3920408,34.59049139],[-118.39147105,34.59068957],[-118.39143089,34.59070354],[-118.3904486,34.59123734],[-118.39008324,34.59131314],[-118.38984356,34.59139867],[-118.38977888,34.59142175],[-118.38953979,34.59150708],[-118.38945032,34.59161848],[-118.38943416,34.59163861],[-118.38940677,34.59167277],[-118.38936277,34.59172757],[-118.38931534,34.59178663],[-118.38876733,34.59281931],[-118.38831559,34.5936707],[-118.38831843,34.59370535],[-118.38832358,34.59376805],[-118.38833567,34.59391552],[-118.38859916,34.59423657],[-118.38885051,34.59460939],[-118.38885872,34.59464097],[-118.3889007,34.59480247],[-118.38891871,34.59487176],[-118.38895173,34.5949988],[-118.38902081,34.59512745],[-118.38910136,34.59527746],[-118.38921873,34.59549604],[-118.38924644,34.59554758],[-118.38939243,34.59562042],[-118.38949382,34.59567101],[-118.38960862,34.59572825],[-118.3897469,34.59579721],[-118.39001773,34.59609915],[-118.3900366,34.5961985],[-118.39004346,34.59623461],[-118.39007469,34.59639907],[-118.39011,34.59678009],[-118.39014803,34.59719051],[-118.39016628,34.5973874],[-118.39037069,34.59793736],[-118.39046819,34.59812547],[-118.39066784,34.59851069],[-118.39068298,34.59853987],[-118.39068622,34.59874592],[-118.39068699,34.59879482],[-118.39068814,34.59886655],[-118.39044896,34.59899192],[-118.38975911,34.59927989],[-118.38885712,34.59964206],[-118.38859375,34.59977329],[-118.38855552,34.59979233],[-118.38835562,34.59989193],[-118.38801325,34.60019318],[-118.38794256,34.60025537],[-118.38786501,34.60032359],[-118.38783407,34.60035081],[-118.38780767,34.60037403],[-118.38776973,34.6004074],[-118.38748299,34.60097261],[-118.38702601,34.60150418],[-118.38700314,34.60153078],[-118.38668831,34.60189699],[-118.38653974,34.6020698],[-118.38649109,34.60211419],[-118.38638417,34.60221175],[-118.3863634,34.60223069],[-118.38633935,34.60225264],[-118.38623056,34.6023519],[-118.38609396,34.60247653],[-118.3860524,34.6022196],[-118.385966,34.6020572],[-118.3856876,34.60166289],[-118.38536884,34.60130009],[-118.38510861,34.60100885],[-118.38484692,34.60078925],[-118.3844182,34.60042229],[-118.3841953,34.6002493],[-118.38351573,34.59971604],[-118.38351728,34.59968358],[-118.383521,34.599606],[-118.383597,34.599403],[-118.38360857,34.59938154],[-118.383673,34.599262],[-118.383841,34.599041],[-118.38387107,34.59900432],[-118.38389447,34.59897578],[-118.38394747,34.59891112],[-118.38400243,34.59884407],[-118.384032,34.598808],[-118.38409974,34.59862677],[-118.38413317,34.59853732],[-118.384146,34.598503],[-118.384253,34.598328],[-118.38436413,34.59814387],[-118.38447966,34.59802743],[-118.38453902,34.59795859],[-118.38463765,34.59784421],[-118.38472428,34.59774374],[-118.38476161,34.59770044],[-118.384787,34.597671],[-118.3849722,34.59742508],[-118.385031,34.597347],[-118.38504941,34.59732686],[-118.38519782,34.59715966],[-118.38521796,34.59712322],[-118.385275,34.59702],[-118.38527546,34.59692506],[-118.38523072,34.59689193],[-118.385031,34.596821],[-118.38492523,34.59676119],[-118.384863,34.596726],[-118.38471,34.596585],[-118.3846634,34.59653994],[-118.38462434,34.59650217],[-118.38459467,34.59647347],[-118.384528,34.596409],[-118.38444358,34.59630582],[-118.384375,34.596222],[-118.38420543,34.59589777],[-118.38418931,34.59585444],[-118.38416988,34.5958022],[-118.38413818,34.5957133],[-118.38412924,34.59568504],[-118.384077,34.59552],[-118.3839574,34.59530262],[-118.38394698,34.59527934],[-118.38390533,34.59518472],[-118.38389056,34.59515118],[-118.38385681,34.59505474],[-118.38381,34.594921],[-118.38378873,34.59483232],[-118.383757,34.5947],[-118.38368448,34.5946155],[-118.383642,34.594566],[-118.38363094,34.59454472],[-118.3836096,34.59450369],[-118.383551,34.594391],[-118.38353113,34.5943254],[-118.383509,34.59425231],[-118.383498,34.594216],[-118.383498,34.594052],[-118.38348633,34.5939974],[-118.383467,34.593907],[-118.383375,34.593766],[-118.3832947,34.59367088],[-118.383207,34.593567],[-118.38319672,34.5935011],[-118.38318856,34.59344883],[-118.383185,34.593426],[-118.38318046,34.59323747],[-118.38316114,34.5931841],[-118.383101,34.593018],[-118.38305343,34.59294741],[-118.38299816,34.59286536],[-118.38296066,34.59289654],[-118.382899,34.592936],[-118.382829,34.592956],[-118.38276777,34.5929594],[-118.382739,34.592961],[-118.38263,34.592951],[-118.382497,34.592898],[-118.38245045,34.592837],[-118.38241819,34.59279473],[-118.382381,34.592746],[-118.3823328,34.59266152],[-118.38229472,34.59259597],[-118.3822744,34.59256536],[-118.382187,34.592452],[-118.3817466,34.59213631],[-118.38156367,34.59200517],[-118.38144995,34.59194709],[-118.38137644,34.59190955],[-118.381346,34.591894],[-118.38129046,34.59187938],[-118.381232,34.591864],[-118.380963,34.591875],[-118.38089702,34.59187877],[-118.3808123,34.59188361],[-118.38073709,34.59188791],[-118.38066845,34.59189183],[-118.380613,34.591895],[-118.38053322,34.59188972],[-118.380462,34.591885],[-118.380283,34.591837],[-118.38023071,34.59180951],[-118.380186,34.591786],[-118.38015922,34.5917636],[-118.38012816,34.59173762],[-118.380076,34.591694],[-118.379936,34.591531],[-118.37988461,34.59145819],[-118.37987058,34.59143833],[-118.37985048,34.59140984],[-118.37978,34.59131],[-118.37975092,34.59126862],[-118.379728,34.591236],[-118.379545,34.591063],[-118.37931853,34.59090056],[-118.37927499,34.59086933],[-118.379163,34.590789],[-118.377397,34.589484],[-118.37636999,34.58875551],[-118.37588721,34.58841301],[-118.375862,34.588395],[-118.37571107,34.58832297],[-118.375686,34.588311],[-118.375405,34.588193],[-118.37533856,34.58816393],[-118.37529571,34.58814519],[-118.37524027,34.58812093],[-118.375084,34.58805256],[-118.37504316,34.58803469],[-118.375005,34.588018],[-118.37468986,34.58790055],[-118.37464527,34.58788393],[-118.37460894,34.58787053],[-118.37454543,34.58784746],[-118.374368,34.587783],[-118.3742148,34.5877368],[-118.37410638,34.58770463],[-118.37405356,34.58769165],[-118.373811,34.587632],[-118.37356984,34.58758065],[-118.37350128,34.58756605],[-118.37344,34.587553],[-118.373243,34.587519],[-118.37316944,34.58750815],[-118.37306,34.587492],[-118.37291093,34.5874793],[-118.37280769,34.58747051],[-118.372696,34.587461],[-118.371618,34.587449],[-118.37049927,34.58742466],[-118.370377,34.587422],[-118.37034175,34.58742233],[-118.37020843,34.58742358],[-118.36997988,34.58742573],[-118.369738,34.587428],[-118.36969353,34.5874284],[-118.36947204,34.58743041],[-118.369297,34.587432],[-118.367774,34.587432],[-118.36756469,34.58741972],[-118.367348,34.587407],[-118.36726139,34.58739268],[-118.36722867,34.58738726],[-118.36717552,34.58737847],[-118.367088,34.587364],[-118.36699357,34.58734361],[-118.366648,34.587269],[-118.36644304,34.58720068],[-118.366276,34.587145],[-118.365858,34.586943],[-118.365729,34.586883],[-118.36372,34.585947],[-118.36368741,34.58593265],[-118.36360548,34.58589656],[-118.363418,34.585814],[-118.3633327,34.58577994],[-118.3633041,34.58576853],[-118.36316,34.585711],[-118.36305012,34.58568531],[-118.362959,34.585664],[-118.362786,34.58563354],[-118.36271162,34.58562044],[-118.362516,34.585586],[-118.36219137,34.58554851],[-118.361676,34.585489],[-118.361591,34.58548],[-118.36151245,34.58546965],[-118.36137244,34.58545121],[-118.360885,34.585387],[-118.36067405,34.58533976],[-118.36060434,34.58532415],[-118.360559,34.585314],[-118.36031932,34.58522808],[-118.35983039,34.5850528],[-118.359499,34.584934],[-118.35945207,34.58491944],[-118.35942316,34.58491047],[-118.359225,34.584849],[-118.35914,34.584816],[-118.35910603,34.58480251],[-118.359072,34.584789],[-118.35904389,34.58477786],[-118.359019,34.584768],[-118.35898496,34.58474898],[-118.35892335,34.58471455],[-118.35888094,34.58468937],[-118.35884163,34.58463927],[-118.358792,34.584576],[-118.35878573,34.58454692],[-118.35877962,34.58451861],[-118.35876455,34.58444881],[-118.358751,34.584386],[-118.35874762,34.58421984],[-118.35874673,34.58417567],[-118.358746,34.58414],[-118.35881095,34.58415735],[-118.35884055,34.58416526],[-118.358993,34.584206],[-118.359308,34.584262],[-118.35959644,34.58429661],[-118.35966606,34.58430497],[-118.35980507,34.58432165],[-118.359833,34.584325],[-118.359873,34.58432891],[-118.360242,34.584365],[-118.36033395,34.58436343],[-118.36037026,34.58436282],[-118.36045453,34.58436138],[-118.36055287,34.58435971],[-118.360653,34.584358],[-118.3609524,34.58432204],[-118.361036,34.584312],[-118.36122646,34.58428322],[-118.3614,34.584257],[-118.36163312,34.58421275],[-118.36166245,34.58420719],[-118.36169671,34.58420068],[-118.361753,34.58419],[-118.36211407,34.58410269],[-118.36222189,34.58407661],[-118.36227097,34.58406474],[-118.362609,34.583983],[-118.36271143,34.5839464],[-118.36304,34.583829],[-118.363413,34.583667],[-118.36358628,34.58356059],[-118.36370281,34.58348903],[-118.363825,34.583414],[-118.36398029,34.58330513],[-118.36419019,34.58315798],[-118.364678,34.582816],[-118.36494803,34.58266427],[-118.364993,34.582639],[-118.365398,34.582434],[-118.36556291,34.58235953],[-118.36558665,34.58234881],[-118.366069,34.582131],[-118.36627146,34.58203369],[-118.366585,34.581883],[-118.367248,34.581529],[-118.367935,34.581118],[-118.368331,34.580854],[-118.3684703,34.58071279],[-118.368623,34.580558],[-118.36869431,34.58044702],[-118.36877447,34.58032159],[-118.36880895,34.58021815],[-118.368853,34.580086],[-118.36885972,34.58002114],[-118.36886556,34.57996479],[-118.36887,34.579922],[-118.3687713,34.57995039],[-118.3686962,34.57997199],[-118.368644,34.579987],[-118.36841865,34.58004382],[-118.36836099,34.58005836],[-118.36819645,34.58011114],[-118.368007,34.580114],[-118.36797092,34.58010137],[-118.367927,34.580086],[-118.36786146,34.58006158],[-118.367825,34.580048],[-118.36773953,34.5800023],[-118.3676721,34.57996624],[-118.367638,34.579948],[-118.36752162,34.57988235],[-118.367482,34.57986],[-118.3674471,34.57985679],[-118.367406,34.579853],[-118.367318,34.579865],[-118.36724146,34.57989609],[-118.3672026,34.57991188],[-118.36717189,34.57992925],[-118.367122,34.579963],[-118.366995,34.580037],[-118.36696765,34.58004687],[-118.366862,34.580085],[-118.36680269,34.58009374],[-118.366767,34.580099],[-118.366691,34.580098],[-118.366582,34.580075],[-118.36654016,34.58007229],[-118.366242,34.580053],[-118.36616786,34.58006628],[-118.36612883,34.580074],[-118.36602354,34.58009482],[-118.365954,34.580118],[-118.36592398,34.58015047],[-118.365905,34.580171],[-118.365865,34.580242],[-118.36580812,34.58027704],[-118.36574265,34.58031455],[-118.36569821,34.58032979],[-118.365578,34.580371],[-118.36543262,34.58039845],[-118.36538501,34.58040744],[-118.365292,34.580425],[-118.36511178,34.58049772],[-118.36501474,34.58053688],[-118.36495,34.580563],[-118.364867,34.580586],[-118.36476683,34.58059278],[-118.364734,34.580595],[-118.36468316,34.58059199],[-118.364582,34.580586],[-118.36451095,34.58057723],[-118.36442509,34.58056619],[-118.36439028,34.58055644],[-118.364353,34.580546],[-118.364169,34.580495],[-118.36396118,34.58045176],[-118.3638788,34.58043462],[-118.363847,34.580428],[-118.36357776,34.58043458],[-118.36347013,34.58043721],[-118.363438,34.580438],[-118.363316,34.580448],[-118.36312,34.580462],[-118.362872,34.580495],[-118.36276315,34.58049643],[-118.36270851,34.58049365],[-118.362611,34.580477],[-118.36253686,34.58045811],[-118.36247216,34.58044162],[-118.36242366,34.58042926],[-118.362352,34.580411],[-118.36197117,34.58035272],[-118.36185483,34.58033492],[-118.36179,34.580325],[-118.36162737,34.58032704],[-118.36158949,34.58032752],[-118.361551,34.580328],[-118.36151565,34.58033978],[-118.36143247,34.58036774],[-118.361368,34.58039],[-118.36134334,34.58040732],[-118.361284,34.580449],[-118.36121,34.580494],[-118.36112,34.580514],[-118.36106837,34.58051469],[-118.36096448,34.58051556],[-118.36084559,34.58050608],[-118.360807,34.580503],[-118.36069779,34.58048141],[-118.360635,34.580469],[-118.36059583,34.58044704],[-118.360569,34.580432],[-118.36055034,34.58041261],[-118.360518,34.580379],[-118.360443,34.580348],[-118.36040405,34.58034373],[-118.360361,34.580339],[-118.36030964,34.58034336],[-118.360208,34.580352],[-118.36015807,34.58037735],[-118.360111,34.580398],[-118.36008598,34.5804102],[-118.3600568,34.58042442],[-118.360031,34.580437],[-118.35998195,34.58044903],[-118.35994453,34.58045791],[-118.359905,34.580462],[-118.3598491,34.580445],[-118.359823,34.580435],[-118.359786,34.580415],[-118.35976625,34.58035574],[-118.359758,34.580331],[-118.359767,34.580191],[-118.359749,34.580056],[-118.35966151,34.57991845],[-118.359642,34.579893],[-118.359508,34.579872],[-118.35920347,34.57986632],[-118.359133,34.579865],[-118.359002,34.579868],[-118.35895019,34.57985675],[-118.358873,34.57984],[-118.35881451,34.57982037],[-118.35878234,34.57980957],[-118.358727,34.579791],[-118.35846572,34.5797306],[-118.35843746,34.57972534],[-118.35831834,34.57970317],[-118.35828555,34.57969706],[-118.35821,34.579683],[-118.35814566,34.57968351],[-118.358116,34.57968374],[-118.358083,34.579684],[-118.35801798,34.57969275],[-118.357979,34.579698],[-118.35792921,34.57971462],[-118.35788952,34.57972787],[-118.35784669,34.5797362],[-118.35778899,34.57974742],[-118.35775,34.579755],[-118.35768483,34.57976308],[-118.35759619,34.57977029],[-118.35753384,34.5797685],[-118.357447,34.579766],[-118.35737225,34.57975032],[-118.35734208,34.57974399],[-118.357304,34.579736],[-118.35727364,34.57973202],[-118.35719364,34.57972155],[-118.35713473,34.57971383],[-118.357052,34.579703],[-118.35688528,34.57968308],[-118.35685475,34.57967943],[-118.356826,34.579676],[-118.356614,34.579695],[-118.35658677,34.57970013],[-118.35652338,34.57971206],[-118.35646,34.579724],[-118.356289,34.579764],[-118.35613501,34.57980554],[-118.35609376,34.57980654],[-118.35602058,34.57980681],[-118.3559105,34.57979707],[-118.35579816,34.57978102],[-118.355749,34.579774],[-118.355618,34.579777],[-118.35545257,34.57980169],[-118.355417,34.579807],[-118.35515614,34.57986314],[-118.35512012,34.57986948],[-118.3550698,34.57987834],[-118.354924,34.579904],[-118.35485226,34.57992193],[-118.35468,34.579965],[-118.35460028,34.57996594],[-118.35454059,34.57996665],[-118.354511,34.579967],[-118.35441143,34.57995928],[-118.354382,34.579957],[-118.35434939,34.57994726],[-118.354305,34.579934],[-118.354261,34.579894],[-118.3542554,34.57985386],[-118.35428233,34.57980274],[-118.35430832,34.57979471],[-118.354343,34.579784],[-118.35438313,34.57977749],[-118.354417,34.579772],[-118.354483,34.579769],[-118.354607,34.579769],[-118.354763,34.579749],[-118.35484409,34.57971019],[-118.35489922,34.57968363],[-118.35497277,34.57964778],[-118.35507458,34.57959816],[-118.355118,34.579577],[-118.35532715,34.57948467],[-118.35534981,34.57947046],[-118.35541028,34.57941778],[-118.35543724,34.57938596],[-118.35547,34.579293],[-118.35554547,34.5792251],[-118.35558736,34.57921127],[-118.355655,34.5792],[-118.3557247,34.57919493],[-118.355765,34.579192],[-118.35591694,34.57916543],[-118.355948,34.57916],[-118.35597395,34.57914878],[-118.356133,34.57908],[-118.35617429,34.57903807],[-118.356198,34.579014],[-118.3562267,34.57896486],[-118.3562442,34.57893491],[-118.356257,34.578913],[-118.35627831,34.57887964],[-118.356303,34.578841],[-118.356368,34.578817],[-118.356415,34.578814],[-118.35645994,34.57882106],[-118.356555,34.578836],[-118.35669734,34.57884057],[-118.35678064,34.57884325],[-118.35681404,34.57884417],[-118.35685157,34.57884482],[-118.35710982,34.5788493],[-118.35726222,34.57884188],[-118.35731973,34.57877629],[-118.35732495,34.57875212],[-118.3573227,34.57872308],[-118.35731461,34.57869319],[-118.357294,34.578617],[-118.35722639,34.57848653],[-118.35714518,34.5783298],[-118.357123,34.578287],[-118.35709905,34.57822058],[-118.357057,34.578104],[-118.35704406,34.57798822],[-118.357039,34.577943],[-118.357061,34.577902],[-118.357105,34.577858],[-118.35715847,34.57781693],[-118.357207,34.577802],[-118.35724423,34.57779341],[-118.35727183,34.57778705],[-118.35732465,34.57777489],[-118.35737156,34.57776657],[-118.357403,34.577761],[-118.357437,34.57773],[-118.35746491,34.57769299],[-118.357483,34.577669],[-118.35749435,34.57763534],[-118.357513,34.57758],[-118.35751236,34.57753636],[-118.35751197,34.57750934],[-118.357511,34.577443],[-118.3574871,34.57732688],[-118.35743576,34.57707744],[-118.357405,34.576928],[-118.35738,34.576514],[-118.35742317,34.57640814],[-118.35743327,34.57638625],[-118.357474,34.576298],[-118.35748782,34.57625987],[-118.35749564,34.57623828],[-118.357524,34.57616],[-118.357541,34.576102],[-118.35758202,34.57608312],[-118.35761681,34.57607283],[-118.35765983,34.57607227],[-118.35769951,34.57607698],[-118.35774759,34.57608094],[-118.35774,34.576054],[-118.357709,34.575963],[-118.35769457,34.57593713],[-118.357656,34.575868],[-118.35758008,34.57577825],[-118.35752672,34.57571516],[-118.3574898,34.57567152],[-118.35742,34.575589],[-118.35737409,34.5754761],[-118.357335,34.57538],[-118.35731112,34.57526645],[-118.35730485,34.57523661],[-118.35729932,34.57521032],[-118.35729,34.575166],[-118.357244,34.574841],[-118.357233,34.57481206],[-118.35720947,34.57475016],[-118.35716,34.57462],[-118.35715889,34.57459355],[-118.357152,34.57443],[-118.35715246,34.57435235],[-118.35715281,34.57429413],[-118.35715148,34.57425225],[-118.357084,34.573819],[-118.35707702,34.57365942],[-118.357076,34.573636],[-118.357076,34.573468],[-118.35703,34.57335],[-118.35701953,34.57330883],[-118.357,34.573232],[-118.35697795,34.57312545],[-118.35697,34.573087],[-118.35696782,34.5730424],[-118.35696564,34.57299762],[-118.35696382,34.57296031],[-118.356962,34.572923],[-118.356931,34.572675],[-118.3569269,34.57257187],[-118.35692543,34.57253507],[-118.356924,34.572499],[-118.356832,34.572171],[-118.356824,34.572042],[-118.35680608,34.57196433],[-118.356794,34.571912],[-118.35677899,34.57186334],[-118.35676733,34.57182557],[-118.35674,34.571737],[-118.35671869,34.57169567],[-118.35670047,34.57166033],[-118.356657,34.571576],[-118.3565514,34.57141719],[-118.35653495,34.57139754],[-118.356496,34.571351],[-118.35642,34.571279],[-118.35636995,34.57123826],[-118.356348,34.57122039],[-118.356092,34.571012],[-118.355917,34.57089],[-118.35586975,34.57085508],[-118.35571,34.570737],[-118.35566668,34.57069897],[-118.35563748,34.57067333],[-118.355497,34.57055],[-118.35545731,34.57051884],[-118.355283,34.570382],[-118.35515488,34.57025521],[-118.35510939,34.57018995],[-118.355092,34.570165],[-118.35507,34.57007],[-118.355055,34.569906],[-118.35507,34.569692],[-118.355116,34.569593],[-118.35513523,34.56953573],[-118.355161,34.569459],[-118.355177,34.569306],[-118.35517085,34.5692471],[-118.35516389,34.56919652],[-118.35513574,34.56899205],[-118.3551,34.568933],[-118.35509652,34.56873404],[-118.35508676,34.56871168],[-118.355062,34.568655],[-118.3550423,34.56857964],[-118.35502322,34.56850663],[-118.355016,34.568479],[-118.35499611,34.56841699],[-118.35494,34.568242],[-118.35494154,34.56817539],[-118.35494436,34.56805327],[-118.35495065,34.5680277],[-118.3549643,34.56797225],[-118.354971,34.567945],[-118.355024,34.567811],[-118.35502257,34.56778646],[-118.355016,34.567674],[-118.35498983,34.56760945],[-118.354971,34.567563],[-118.354864,34.567346],[-118.35478996,34.5672697],[-118.35476437,34.56724332],[-118.354635,34.56711],[-118.35451378,34.56694698],[-118.35448961,34.56691424],[-118.35447087,34.56687752],[-118.354391,34.566721],[-118.35437249,34.56670399],[-118.35426968,34.56660951],[-118.35423869,34.56658463],[-118.35418637,34.56654263],[-118.354137,34.566503],[-118.35404773,34.56651739],[-118.35403496,34.56654253],[-118.35402,34.566572],[-118.35402231,34.56665451],[-118.35402395,34.56671315],[-118.354027,34.566822],[-118.353987,34.56692],[-118.35384338,34.56706413],[-118.35373415,34.56717374],[-118.353703,34.567205],[-118.35353,34.567396],[-118.35348917,34.56740291],[-118.35344781,34.56740724],[-118.35339922,34.56740791],[-118.35332,34.567409],[-118.35327484,34.56739659],[-118.35322067,34.5673817],[-118.353189,34.567373],[-118.3531215,34.56737659],[-118.35303052,34.56738143],[-118.353,34.567395],[-118.352971,34.567411],[-118.35296264,34.56746806],[-118.35295257,34.5675367],[-118.352943,34.567602],[-118.35282,34.567766],[-118.35278141,34.56780097],[-118.35271736,34.56785903],[-118.35269801,34.56787657],[-118.35265754,34.56791325],[-118.352553,34.568008],[-118.352464,34.56802],[-118.3524246,34.56802281],[-118.352394,34.568025],[-118.35235478,34.56801813],[-118.35233316,34.56797864],[-118.3523195,34.56795371],[-118.3523202,34.56792974],[-118.352321,34.567902],[-118.352363,34.56776],[-118.352479,34.567633],[-118.352547,34.567426],[-118.35254409,34.56733013],[-118.35253988,34.56719176],[-118.35253627,34.56707266],[-118.35253464,34.56701119],[-118.35253409,34.56698011],[-118.352532,34.566864],[-118.352589,34.566798],[-118.35261629,34.566783],[-118.35265054,34.56676419],[-118.35268,34.566748],[-118.35271424,34.56673615],[-118.35277576,34.56671485],[-118.35281,34.566703],[-118.35291052,34.5666671],[-118.35293937,34.56665455],[-118.352979,34.566614],[-118.35300665,34.56657517],[-118.353026,34.566548],[-118.35304297,34.56649032],[-118.353061,34.566429],[-118.35305511,34.56634436],[-118.35302793,34.56628401],[-118.35300619,34.56623573],[-118.352991,34.566202],[-118.35296716,34.56616835],[-118.35294794,34.56614123],[-118.352884,34.566051],[-118.35282282,34.56587511],[-118.352796,34.565798],[-118.352774,34.565603],[-118.35278113,34.56557346],[-118.35278833,34.56554358],[-118.352844,34.56534002],[-118.352919,34.565284],[-118.35294229,34.56527202],[-118.35309,34.565196],[-118.3531318,34.56516384],[-118.35322,34.565096],[-118.353402,34.564992],[-118.35346546,34.56492795],[-118.35352099,34.56485682],[-118.35355321,34.5647801],[-118.353586,34.564702],[-118.35357467,34.56464635],[-118.35356987,34.56462276],[-118.353563,34.564589],[-118.35341974,34.56444217],[-118.353284,34.564369],[-118.35323137,34.56435827],[-118.35318332,34.56434847],[-118.35314967,34.56434161],[-118.353029,34.564317],[-118.35294511,34.56431477],[-118.352916,34.564314],[-118.35285808,34.56434959],[-118.352833,34.564365],[-118.35269934,34.56442669],[-118.352664,34.564443],[-118.35252319,34.56447863],[-118.35245982,34.56449466],[-118.352415,34.564506],[-118.352141,34.564594],[-118.352006,34.564656],[-118.351673,34.564834],[-118.35163548,34.56483731],[-118.35157729,34.56484244],[-118.351537,34.564846],[-118.351358,34.5648],[-118.3512723,34.56478335],[-118.35119865,34.56476904],[-118.351147,34.564759],[-118.3510742,34.56477229],[-118.351032,34.56478],[-118.35088867,34.56484829],[-118.35084621,34.56486852],[-118.35080778,34.56488684],[-118.35073626,34.56492092],[-118.350543,34.565013],[-118.3504594,34.565028],[-118.35042452,34.56503425],[-118.35037755,34.56504268],[-118.350281,34.56506],[-118.35011091,34.56504702],[-118.350032,34.565041],[-118.349931,34.565003],[-118.349854,34.564945],[-118.34982571,34.56490635],[-118.34978204,34.56484669],[-118.349712,34.564751],[-118.349658,34.564687],[-118.349383,34.564657],[-118.349178,34.564655],[-118.34913726,34.56466908],[-118.34909427,34.56468394],[-118.34905454,34.56469768],[-118.349016,34.564711],[-118.348851,34.564748],[-118.34877637,34.56474098],[-118.34865238,34.56471844],[-118.34862242,34.56470425],[-118.348548,34.564669],[-118.348468,34.564561],[-118.34845488,34.56452776],[-118.34842405,34.56444969],[-118.348391,34.564366],[-118.34822628,34.56424746],[-118.348061,34.564203],[-118.34795493,34.56420264],[-118.347767,34.564202],[-118.34766569,34.56422799],[-118.347615,34.564241],[-118.34756543,34.56426197],[-118.347511,34.564285],[-118.34745583,34.56430778],[-118.347402,34.56433],[-118.34736772,34.56432089],[-118.347323,34.564309],[-118.347275,34.564288],[-118.34721968,34.56426784],[-118.34717708,34.5642523],[-118.347072,34.564214],[-118.3468,34.564076],[-118.34670198,34.56403453],[-118.34667,34.564021],[-118.34665592,34.56400167],[-118.3466367,34.56397529],[-118.34656,34.56387],[-118.346432,34.563553],[-118.34634934,34.5633933],[-118.346329,34.563354],[-118.346307,34.563109],[-118.34631057,34.56308493],[-118.34631796,34.56303502],[-118.346335,34.56292],[-118.34634338,34.562722],[-118.34628347,34.56263453],[-118.346243,34.562606],[-118.34602,34.562576],[-118.34596484,34.56255054],[-118.34589803,34.5625197],[-118.345864,34.562504],[-118.345838,34.562473],[-118.345818,34.562411],[-118.34582126,34.56238201],[-118.34582945,34.56230902],[-118.34586765,34.56225676],[-118.34590213,34.56223299],[-118.34597773,34.56217944],[-118.3460223,34.56214787],[-118.34612,34.562065],[-118.34627686,34.56190482],[-118.346299,34.561882],[-118.34641,34.561798],[-118.34644536,34.56174388],[-118.34647428,34.56169961],[-118.346557,34.561573],[-118.346655,34.561427],[-118.34669295,34.56135158],[-118.34670599,34.56132566],[-118.346734,34.56127],[-118.34675737,34.56120572],[-118.34677,34.561171],[-118.34677538,34.56114432],[-118.34678298,34.56110669],[-118.346793,34.561057],[-118.34682696,34.56100423],[-118.34685471,34.5609611],[-118.34688666,34.56092611],[-118.34696557,34.56086235],[-118.34709565,34.56080996],[-118.34717061,34.56079462],[-118.34720579,34.56078818],[-118.34724351,34.5607906],[-118.34738143,34.56079932],[-118.34741,34.560801],[-118.34746798,34.56082659],[-118.34751088,34.56085149],[-118.34753,34.560873],[-118.34757477,34.56097847],[-118.347589,34.561012],[-118.34759951,34.56106649],[-118.34762128,34.56116175],[-118.34763437,34.56118591],[-118.347655,34.561224],[-118.34771028,34.5612595],[-118.34775,34.561285],[-118.34778683,34.56129533],[-118.34781516,34.56130327],[-118.347857,34.561315],[-118.3479182,34.56131917],[-118.347989,34.561324],[-118.34802549,34.56132193],[-118.348064,34.56131975],[-118.348095,34.561318],[-118.348158,34.561306],[-118.34821491,34.56125234],[-118.348263,34.561207],[-118.34831353,34.56117644],[-118.34834049,34.56116013],[-118.34837765,34.56113766],[-118.34843,34.561106],[-118.34848675,34.56109332],[-118.348524,34.561085],[-118.348631,34.561104],[-118.34870883,34.5611433],[-118.348732,34.561155],[-118.34877954,34.56119671],[-118.34882636,34.5612378],[-118.34886352,34.5612704],[-118.348936,34.561334],[-118.34902664,34.56143517],[-118.34904818,34.5614592],[-118.34907152,34.56148526],[-118.34910145,34.56151075],[-118.34912335,34.56152941],[-118.34918782,34.56157615],[-118.34922812,34.5615909],[-118.349253,34.5616],[-118.34928638,34.56160238],[-118.349323,34.561605],[-118.34940055,34.5615697],[-118.349503,34.561515],[-118.349727,34.561408],[-118.34977651,34.56138968],[-118.349827,34.561371],[-118.34986104,34.5613773],[-118.349908,34.561386],[-118.349985,34.561447],[-118.350214,34.561647],[-118.350308,34.561656],[-118.35045737,34.5616292],[-118.35051708,34.56161849],[-118.35058885,34.56160381],[-118.35070805,34.56157944],[-118.350764,34.561568],[-118.3508862,34.56154066],[-118.350983,34.561519],[-118.351107,34.56145],[-118.351256,34.561345],[-118.35128883,34.56132016],[-118.35138634,34.56125647],[-118.35141252,34.56125035],[-118.351461,34.561239],[-118.35158,34.561238],[-118.35164156,34.56123311],[-118.35168346,34.56122978],[-118.3517691,34.56122297],[-118.351874,34.561193],[-118.35195589,34.56114146],[-118.352017,34.561103],[-118.3520425,34.56108132],[-118.35206792,34.5610597],[-118.35209583,34.56103597],[-118.352184,34.560961],[-118.35226079,34.5608877],[-118.35229113,34.56085874],[-118.3523387,34.56081363],[-118.35238239,34.5607903],[-118.352456,34.560751],[-118.35249025,34.56074298],[-118.35255,34.560729],[-118.3525768,34.56073463],[-118.35262181,34.56074409],[-118.35266002,34.56075212],[-118.352688,34.560758],[-118.352771,34.56082],[-118.35293602,34.56093552],[-118.352961,34.560953],[-118.353089,34.561102],[-118.35314232,34.56117799],[-118.35315782,34.56119835],[-118.353204,34.56124],[-118.35324992,34.56125044],[-118.353292,34.56126],[-118.353398,34.561243],[-118.353454,34.561222],[-118.35349083,34.56122307],[-118.35352439,34.56122404],[-118.353592,34.561226],[-118.35370291,34.56126723],[-118.35375575,34.56129432],[-118.35381416,34.56132426],[-118.353839,34.561337],[-118.35390959,34.56135804],[-118.35399175,34.56138229],[-118.35402167,34.56138724],[-118.35413843,34.5614063],[-118.3542388,34.56141501],[-118.35430907,34.5614211],[-118.354354,34.561425],[-118.3544049,34.56143724],[-118.35445115,34.56144836],[-118.354537,34.561469],[-118.35459253,34.56149242],[-118.35461929,34.56150371],[-118.35464665,34.56151637],[-118.354714,34.561566],[-118.3547525,34.56165425],[-118.3547695,34.56169323],[-118.35478549,34.56173381],[-118.35479324,34.56175626],[-118.35481308,34.56181378],[-118.354838,34.561886],[-118.35485453,34.56193007],[-118.354871,34.561974],[-118.35494997,34.56203078],[-118.354992,34.562061],[-118.35506259,34.56207456],[-118.35516138,34.56209925],[-118.35521663,34.56212706],[-118.35525406,34.56214636],[-118.35531487,34.56217842],[-118.35535352,34.56220141],[-118.355415,34.562238],[-118.35555261,34.56232665],[-118.355583,34.56233984],[-118.355687,34.562385],[-118.35571304,34.56239362],[-118.35576414,34.56241054],[-118.355838,34.562435],[-118.35592229,34.56244938],[-118.35597152,34.56245778],[-118.356008,34.562464],[-118.356152,34.562494],[-118.35623985,34.56251524],[-118.356334,34.562538],[-118.356475,34.562564],[-118.3566261,34.56257008],[-118.35667866,34.5625722],[-118.356773,34.562576],[-118.3568459,34.56258016],[-118.35688893,34.56258261],[-118.35693661,34.56258533],[-118.35698621,34.56258816],[-118.35702731,34.56259051],[-118.357071,34.562593],[-118.35718108,34.56259206],[-118.357305,34.562591],[-118.35743552,34.56256314],[-118.3574851,34.56255228],[-118.35762663,34.56250388],[-118.35769275,34.56247749],[-118.35775,34.562445],[-118.3577793,34.56243131],[-118.35784885,34.56239882],[-118.357887,34.562381],[-118.35794573,34.56238045],[-118.357994,34.56238],[-118.35806127,34.56236176],[-118.358112,34.562348],[-118.35814382,34.56234039],[-118.358275,34.562309],[-118.35838073,34.56230265],[-118.35847,34.562338],[-118.358539,34.56239],[-118.35861656,34.56253514],[-118.35865989,34.56261622],[-118.35867896,34.56265191],[-118.358749,34.56276],[-118.358918,34.562881],[-118.35895537,34.56289968],[-118.35899388,34.56291894],[-118.359022,34.562933],[-118.3592126,34.56178893],[-118.35942879,34.56049116],[-118.35972721,34.55869978],[-118.40843344,34.51462987],[-118.408381,34.5147],[-118.40836279,34.5147561],[-118.4082972,34.51495821],[-118.40827913,34.51501984],[-118.408249,34.515124],[-118.408203,34.515239],[-118.4081409,34.51533215],[-118.4081099,34.51537866],[-118.40799955,34.51551578],[-118.40797538,34.51554553],[-118.407822,34.515649],[-118.40766196,34.51580053],[-118.407634,34.515827],[-118.40761261,34.51585603],[-118.40752271,34.51597807],[-118.407441,34.516089],[-118.40738931,34.51609875],[-118.407319,34.516112],[-118.40715413,34.51614575],[-118.40707639,34.51616167],[-118.40704086,34.51617404],[-118.4069416,34.51621492],[-118.406833,34.516316],[-118.40682534,34.51634571],[-118.406808,34.516413],[-118.40681757,34.5164692],[-118.40683037,34.51654442],[-118.40689512,34.51670761],[-118.406915,34.516756],[-118.406938,34.516865],[-118.40694418,34.51697008],[-118.40694372,34.51704102],[-118.406943,34.517151],[-118.40694808,34.51720546],[-118.40693269,34.51725316],[-118.40692022,34.51729181],[-118.40688879,34.51736126],[-118.40683366,34.51744046],[-118.406794,34.517497],[-118.40670931,34.51755974],[-118.406632,34.517617],[-118.40651791,34.51773249],[-118.406469,34.517782],[-118.40645317,34.51781298],[-118.4063765,34.51796308],[-118.406351,34.518013],[-118.406243,34.51823],[-118.40623197,34.51829064],[-118.40622768,34.51831425],[-118.406223,34.51834],[-118.4062473,34.51836977],[-118.40626964,34.51839715],[-118.406294,34.518427],[-118.40633293,34.5184791],[-118.406359,34.518514],[-118.40650623,34.51859721],[-118.40654681,34.51863912],[-118.40657406,34.51867381],[-118.40654826,34.51882758],[-118.406541,34.518869],[-118.40654918,34.51889292],[-118.40658,34.518983],[-118.406609,34.519093],[-118.406595,34.519216],[-118.40661068,34.51925025],[-118.406633,34.519299],[-118.4066559,34.51932009],[-118.406709,34.519369],[-118.40679963,34.51941837],[-118.406843,34.519442],[-118.40689382,34.51948992],[-118.406913,34.519508],[-118.40695203,34.51966218],[-118.40697655,34.51975111],[-118.406987,34.519789],[-118.40708123,34.51991015],[-118.40713195,34.52003237],[-118.407157,34.520095],[-118.4072042,34.52014636],[-118.407293,34.520243],[-118.40739,34.520312],[-118.40743176,34.52043542],[-118.40744216,34.52046616],[-118.40745642,34.52050829],[-118.407506,34.520883],[-118.407558,34.521169],[-118.40757396,34.52121156],[-118.407609,34.521305],[-118.407713,34.521498],[-118.40772564,34.5215597],[-118.407731,34.521621],[-118.407823,34.521743],[-118.408045,34.521943],[-118.408223,34.522073],[-118.40840651,34.52213393],[-118.40845125,34.52214879],[-118.408479,34.522158],[-118.40856181,34.52216811],[-118.40866922,34.52218123],[-118.40872573,34.52218813],[-118.409051,34.522261],[-118.40916306,34.52235898],[-118.40924173,34.52242777],[-118.40934195,34.52259458],[-118.409371,34.522645],[-118.409497,34.522846],[-118.40952854,34.5228881],[-118.409703,34.523121],[-118.409836,34.523397],[-118.40985935,34.52342383],[-118.40989569,34.52346558],[-118.4099452,34.52352247],[-118.409977,34.523559],[-118.410295,34.523828],[-118.41035964,34.52384879],[-118.410466,34.523883],[-118.410707,34.523946],[-118.4107668,34.52398516],[-118.410933,34.524094],[-118.411079,34.524272],[-118.41108821,34.52432831],[-118.41109234,34.52435352],[-118.41109672,34.52438026],[-118.410903,34.524543],[-118.41074781,34.52461257],[-118.410671,34.524647],[-118.41047911,34.52463758],[-118.410447,34.524636],[-118.41041991,34.52461899],[-118.4102861,34.52453497],[-118.41021372,34.52450476],[-118.41017819,34.52449128],[-118.410072,34.524451],[-118.41004162,34.52445406],[-118.409923,34.524466],[-118.40988319,34.52448988],[-118.40985668,34.52450579],[-118.40978838,34.52461421],[-118.40977662,34.52465446],[-118.40977166,34.52468268],[-118.40975831,34.52480023],[-118.40976636,34.52482551],[-118.409797,34.524908],[-118.409862,34.524978],[-118.40991953,34.52499526],[-118.40994706,34.52499697],[-118.41002535,34.52500184],[-118.41012777,34.52498978],[-118.41021677,34.52497889],[-118.410358,34.524998],[-118.41038982,34.5250382],[-118.410485,34.525279],[-118.41049652,34.52532046],[-118.41052814,34.52543429],[-118.410515,34.525494],[-118.41049504,34.52551558],[-118.410478,34.525534],[-118.41038665,34.52555612],[-118.410223,34.52555],[-118.410096,34.525583],[-118.41005818,34.52560512],[-118.41003285,34.52564716],[-118.410062,34.525786],[-118.41007529,34.52583156],[-118.41008717,34.52587228],[-118.410055,34.525966],[-118.410023,34.525989],[-118.40993533,34.52599334],[-118.40979169,34.5260082],[-118.40971,34.52605],[-118.40966811,34.52610286],[-118.409649,34.5262],[-118.40964403,34.52623691],[-118.40963989,34.52626761],[-118.40963,34.526341],[-118.40958421,34.5263737],[-118.40955072,34.52638629],[-118.4095087,34.52639414],[-118.409471,34.526391],[-118.40941993,34.52638035],[-118.40937593,34.52637116],[-118.40933292,34.52636219],[-118.40929448,34.52635472],[-118.40922756,34.52634173],[-118.409162,34.526329],[-118.40906,34.526321],[-118.40899369,34.52636632],[-118.40894882,34.52641032],[-118.408931,34.526547],[-118.408938,34.526627],[-118.408825,34.526874],[-118.40880228,34.52696539],[-118.40878,34.527055],[-118.40878208,34.52708114],[-118.408787,34.527143],[-118.408836,34.52724],[-118.408859,34.527319],[-118.40885389,34.52735274],[-118.408849,34.527385],[-118.408829,34.527416],[-118.408739,34.527439],[-118.408654,34.52744],[-118.40862335,34.52742855],[-118.40856407,34.5274064],[-118.40849535,34.5273707],[-118.408471,34.527358],[-118.408343,34.527347],[-118.408232,34.527366],[-118.4081728,34.52741618],[-118.408127,34.527455],[-118.40800676,34.52752654],[-118.407969,34.527549],[-118.40793723,34.52757157],[-118.4077303,34.52771855],[-118.40754078,34.52790545],[-118.407429,34.528018],[-118.40737705,34.52804257],[-118.40730164,34.52807823],[-118.40725513,34.52808606],[-118.407211,34.528093],[-118.407054,34.528041],[-118.40702905,34.52803193],[-118.40692738,34.52799496],[-118.40687006,34.52797411],[-118.40677084,34.5279726],[-118.40673218,34.52797423],[-118.406643,34.527978],[-118.40658543,34.52801583],[-118.4065503,34.52803892],[-118.40653608,34.52806687],[-118.40652173,34.5280951],[-118.40655005,34.52819402],[-118.40656424,34.52822602],[-118.40660254,34.52834104],[-118.40661656,34.52838365],[-118.406635,34.528466],[-118.406596,34.528555],[-118.40656594,34.52861178],[-118.40655082,34.52864034],[-118.406524,34.528691],[-118.40651774,34.52872066],[-118.40651116,34.52875184],[-118.406501,34.5288],[-118.40650239,34.52888019],[-118.406503,34.528915],[-118.406538,34.529037],[-118.40656821,34.52908497],[-118.40673565,34.52918594],[-118.40677869,34.52921342],[-118.40682504,34.52924301],[-118.4070418,34.52938339],[-118.40709326,34.52941827],[-118.40714668,34.52945487],[-118.4071604,34.52949092],[-118.407161,34.529531],[-118.407137,34.529579],[-118.40708573,34.52959916],[-118.407048,34.529614],[-118.40684501,34.52963373],[-118.406729,34.529645],[-118.40668271,34.52966422],[-118.40661605,34.5296919],[-118.406493,34.529743],[-118.40645404,34.52977369],[-118.40638,34.529832],[-118.40636763,34.52985325],[-118.406348,34.529887],[-118.40634889,34.52995315],[-118.40634995,34.53003242],[-118.40636576,34.53014795],[-118.406369,34.530171],[-118.406362,34.530253],[-118.406363,34.530287],[-118.406248,34.530301],[-118.40619912,34.53028318],[-118.40616802,34.53027185],[-118.406141,34.530262],[-118.40611147,34.53025026],[-118.406058,34.530229],[-118.40600257,34.53026285],[-118.40595257,34.53029338],[-118.40590449,34.53030889],[-118.40586909,34.53031841],[-118.405733,34.530355],[-118.40568837,34.53035935],[-118.405651,34.530363],[-118.40562144,34.53035713],[-118.40552376,34.53033774],[-118.405257,34.530299],[-118.40513814,34.53031234],[-118.405052,34.530322],[-118.40498976,34.53035203],[-118.40493944,34.53037631],[-118.40492153,34.53040253],[-118.40490378,34.53043005],[-118.40490254,34.5304729],[-118.404907,34.5305063],[-118.404917,34.530581],[-118.40501,34.530743],[-118.40502194,34.53078326],[-118.40503638,34.53083193],[-118.40508,34.530979],[-118.40508309,34.53117167],[-118.40508581,34.53134076],[-118.405091,34.531664],[-118.40509565,34.53180858],[-118.40509913,34.53191688],[-118.40510113,34.53197917],[-118.405108,34.532193],[-118.40507291,34.53225944],[-118.40506185,34.53228039],[-118.40503573,34.53229156],[-118.404987,34.53231],[-118.40488909,34.5322958],[-118.404856,34.532291],[-118.40482671,34.53228053],[-118.404691,34.532232],[-118.404369,34.532106],[-118.40415101,34.53209043],[-118.404099,34.532089],[-118.40405,34.532097],[-118.404017,34.532117],[-118.40397811,34.53217047],[-118.40397813,34.53221571],[-118.40397872,34.53226475],[-118.40399368,34.53268504],[-118.403969,34.533155],[-118.40394807,34.53320978],[-118.403922,34.533278],[-118.403817,34.533347],[-118.40338094,34.53348822],[-118.4033378,34.53350897],[-118.40328098,34.5335363],[-118.4031714,34.53359358],[-118.402897,34.533737],[-118.40282775,34.53378524],[-118.402719,34.533861],[-118.40269173,34.53389373],[-118.402639,34.533957],[-118.402632,34.534045],[-118.40266274,34.53413222],[-118.402675,34.534167],[-118.40270828,34.53421112],[-118.40274758,34.53426322],[-118.40282632,34.5343676],[-118.402893,34.534456],[-118.40297506,34.53459042],[-118.403045,34.534705],[-118.403145,34.53484],[-118.40323626,34.53491939],[-118.40341,34.534993],[-118.40344425,34.53500324],[-118.40351421,34.53502417],[-118.403556,34.53502475],[-118.40358334,34.53502457],[-118.40362351,34.53502432],[-118.403673,34.535024],[-118.403812,34.535008],[-118.40409,34.535005],[-118.404434,34.534974],[-118.40451926,34.53497293],[-118.40458879,34.53497206],[-118.40466735,34.53497107],[-118.404753,34.53497],[-118.4048436,34.53500285],[-118.404935,34.535036],[-118.4049962,34.53506908],[-118.40506416,34.53521371],[-118.40510978,34.53533003],[-118.405129,34.53538],[-118.40513787,34.53540764],[-118.40515449,34.53545941],[-118.40523,34.535521],[-118.40528295,34.53553297],[-118.405345,34.535547],[-118.40538925,34.53556786],[-118.40547853,34.53560995],[-118.40550875,34.53562645],[-118.405568,34.53566],[-118.405594,34.535727],[-118.4055946,34.53577391],[-118.40559528,34.53582693],[-118.40559566,34.53585673],[-118.405596,34.535883],[-118.405648,34.536025],[-118.40568851,34.53606835],[-118.405748,34.536132],[-118.405839,34.536192],[-118.40592865,34.5362451],[-118.405996,34.536285],[-118.4060541,34.53634269],[-118.40608849,34.53637684],[-118.4061069,34.53639512],[-118.406138,34.536426],[-118.406222,34.53654],[-118.406273,34.536635],[-118.40628784,34.53677243],[-118.406292,34.536811],[-118.40630118,34.53684117],[-118.406327,34.536926],[-118.40636279,34.53697773],[-118.40642168,34.53706286],[-118.406528,34.537176],[-118.406601,34.537272],[-118.406693,34.537389],[-118.406791,34.537503],[-118.40683647,34.53753483],[-118.40689018,34.53757243],[-118.406951,34.537615],[-118.4070105,34.53763896],[-118.40706035,34.53765902],[-118.40708972,34.53767085],[-118.40724655,34.53772416],[-118.407498,34.537808],[-118.40761085,34.53784661],[-118.40764885,34.53785961],[-118.40767578,34.53791033],[-118.40769095,34.53793996],[-118.407666,34.538071],[-118.40758335,34.53820585],[-118.407552,34.538257],[-118.407491,34.538368],[-118.4074887,34.53841346],[-118.40748708,34.53844544],[-118.40749518,34.53849164],[-118.40750339,34.5385385],[-118.40752936,34.53856909],[-118.40755557,34.53859709],[-118.40759099,34.53863492],[-118.40775399,34.53874508],[-118.40784,34.538803],[-118.407977,34.538839],[-118.40800518,34.53884164],[-118.40804273,34.53884516],[-118.408105,34.538851],[-118.408268,34.538829],[-118.408384,34.538875],[-118.40853043,34.5388835],[-118.40856958,34.53888068],[-118.4086728,34.5388709],[-118.408774,34.538861],[-118.408896,34.538888],[-118.40890966,34.5389128],[-118.408934,34.538957],[-118.408871,34.539096],[-118.408722,34.539439],[-118.40869405,34.53949353],[-118.408643,34.53959312],[-118.40862996,34.53961856],[-118.40862001,34.539684],[-118.4086006,34.53981159],[-118.40860296,34.53986942],[-118.40870691,34.53987328],[-118.41041511,34.53988988],[-118.4136183,34.53988999],[-118.413814,34.53989],[-118.41387616,34.53989221],[-118.414123,34.539901],[-118.417256,34.53989],[-118.41766031,34.53989203],[-118.41930516,34.53990026],[-118.42198682,34.5399137],[-118.422646,34.539917],[-118.425447,34.539937],[-118.4273478,34.53994294],[-118.42767403,34.53994396],[-118.42783789,34.53994332],[-118.430535,34.539931],[-118.43053582,34.53990062],[-118.43056781,34.53871798],[-118.43072008,34.53308786],[-118.430724,34.532943],[-118.43079084,34.53288153],[-118.430923,34.53276],[-118.4310383,34.53264362],[-118.43116003,34.53252076],[-118.431244,34.532436],[-118.43129272,34.53239737],[-118.431442,34.532279],[-118.43154509,34.53218825],[-118.43156521,34.53217064],[-118.431625,34.532119],[-118.43173832,34.53202432],[-118.43180583,34.53196793],[-118.43186045,34.5319223],[-118.432175,34.531585],[-118.43237073,34.53143376],[-118.4324863,34.53136834],[-118.432549,34.531333],[-118.43260172,34.5312816],[-118.43268756,34.53119791],[-118.432709,34.531177],[-118.43280544,34.53110517],[-118.43283421,34.53108374],[-118.43301578,34.53094852],[-118.43341425,34.53065175],[-118.433746,34.530258],[-118.43378199,34.53021233],[-118.43383664,34.53014296],[-118.433876,34.530093],[-118.43401203,34.52994421],[-118.434036,34.529918],[-118.43406379,34.52988242],[-118.43411986,34.52981062],[-118.434143,34.529781],[-118.43416859,34.52973751],[-118.434296,34.529521],[-118.43430905,34.52949036],[-118.43431813,34.52946904],[-118.43433866,34.52945074],[-118.43436964,34.52942403],[-118.43440717,34.52941104],[-118.434555,34.529365],[-118.43474119,34.52931218],[-118.43483528,34.52928549],[-118.43487961,34.52925837],[-118.434997,34.529185],[-118.435053,34.529227],[-118.435096,34.529231],[-118.43513256,34.5292209],[-118.43517085,34.52921032],[-118.435379,34.528961],[-118.435572,34.528768],[-118.43565782,34.52869823],[-118.43569439,34.5286685],[-118.43574274,34.52864953],[-118.43586025,34.52860408],[-118.435938,34.528574],[-118.43599019,34.5285465],[-118.43603838,34.52852111],[-118.43609351,34.52849206],[-118.436124,34.528476],[-118.43616062,34.52843605],[-118.436256,34.528332],[-118.43633856,34.5282639],[-118.436393,34.528219],[-118.436584,34.528157],[-118.43664439,34.52816235],[-118.43669254,34.52816662],[-118.436742,34.528171],[-118.43677157,34.5281873],[-118.43682,34.528214],[-118.4369044,34.52817124],[-118.436972,34.528137],[-118.43703787,34.52809867],[-118.4370984,34.52806344],[-118.43726625,34.52796576],[-118.437432,34.527814],[-118.43752982,34.52769398],[-118.437572,34.52764223],[-118.43763207,34.52760221],[-118.43769773,34.5275591],[-118.437739,34.527532],[-118.43796,34.527514],[-118.438275,34.527443],[-118.43848185,34.52738516],[-118.43860163,34.52735166],[-118.43867112,34.52733313],[-118.438743,34.527314],[-118.439368,34.527374],[-118.43948176,34.52737297],[-118.43958223,34.52737205],[-118.43967265,34.52739],[-118.43972185,34.52740046],[-118.439762,34.527409],[-118.439932,34.527546],[-118.4399745,34.52754551],[-118.440018,34.527545],[-118.440061,34.527541],[-118.44022007,34.52747283],[-118.44045,34.527492],[-118.440732,34.527453],[-118.440886,34.527487],[-118.44095065,34.52751028],[-118.44097584,34.52751934],[-118.44103459,34.52754049],[-118.441112,34.527536],[-118.441155,34.527484],[-118.44114646,34.52746221],[-118.441135,34.527433],[-118.44111341,34.52741776],[-118.44107848,34.52740034],[-118.44102419,34.52739109],[-118.44098843,34.52738834],[-118.4409248,34.5273786],[-118.44085,34.527365],[-118.440691,34.527295],[-118.440555,34.527197],[-118.440497,34.527166],[-118.440391,34.52716],[-118.440348,34.527148],[-118.44025004,34.5271463],[-118.44022256,34.52714756],[-118.44019591,34.52715154],[-118.44016591,34.52715602],[-118.44011048,34.52716298],[-118.440075,34.527167],[-118.440017,34.527144],[-118.43998617,34.52711667],[-118.439929,34.527066],[-118.43980229,34.52691996],[-118.43975771,34.52686859],[-118.439693,34.526794],[-118.439524,34.526693],[-118.43938668,34.5266855],[-118.439341,34.526683],[-118.43929643,34.52668455],[-118.43922821,34.52668693],[-118.439169,34.526689],[-118.43906086,34.5266874],[-118.43902318,34.52667159],[-118.43898695,34.5266564],[-118.43898545,34.52661867],[-118.438985,34.526588],[-118.439014,34.526547],[-118.439036,34.526516],[-118.439317,34.526386],[-118.439449,34.526253],[-118.43957731,34.52622489],[-118.4396246,34.52621454],[-118.439659,34.526207],[-118.43971717,34.52619615],[-118.43979037,34.52618249],[-118.43985705,34.5261852],[-118.439913,34.526188],[-118.4399598,34.5262215],[-118.43999508,34.52624676],[-118.4400328,34.52627773],[-118.44007,34.526309],[-118.44011657,34.52632145],[-118.440156,34.526332],[-118.44020974,34.52629903],[-118.440275,34.526259],[-118.4403314,34.52622902],[-118.4404631,34.52615901],[-118.440727,34.526071],[-118.44089106,34.52607154],[-118.44097706,34.52607183],[-118.44102773,34.52607199],[-118.44107777,34.52608469],[-118.44113182,34.52609904],[-118.441271,34.526136],[-118.44135822,34.52614514],[-118.44141778,34.52613761],[-118.441505,34.526118],[-118.44152817,34.52610251],[-118.44159069,34.52606069],[-118.441662,34.526013],[-118.44170891,34.52592838],[-118.44170666,34.52588494],[-118.44170439,34.52584095],[-118.441648,34.525755],[-118.44150365,34.52572818],[-118.441465,34.525721],[-118.441257,34.525609],[-118.44118336,34.52552463],[-118.44115599,34.52549328],[-118.441158,34.525447],[-118.44119633,34.52541741],[-118.44123498,34.52540978],[-118.44130077,34.5254108],[-118.4413508,34.52541535],[-118.44150111,34.52544923],[-118.44181077,34.52552477],[-118.441865,34.525538],[-118.44194606,34.52556502],[-118.44201672,34.52558857],[-118.442048,34.525599],[-118.442078,34.525651],[-118.441999,34.525826],[-118.44199278,34.52595661],[-118.44198626,34.52602937],[-118.441976,34.526144],[-118.441834,34.526265],[-118.441793,34.526301],[-118.441716,34.526369],[-118.441746,34.526456],[-118.44186337,34.52647013],[-118.4418943,34.52647385],[-118.44195871,34.5264816],[-118.44203412,34.52648499],[-118.44216623,34.52649047],[-118.44219864,34.52650509],[-118.442271,34.526557],[-118.442344,34.52664],[-118.44239279,34.52674462],[-118.44243278,34.52683038],[-118.44258364,34.52707662],[-118.44260955,34.52711881],[-118.442676,34.527227],[-118.44269858,34.5272582],[-118.442731,34.527303],[-118.44274064,34.52739709],[-118.442748,34.527469],[-118.44273521,34.5275084],[-118.44269278,34.52763903],[-118.442685,34.527663],[-118.44263713,34.52771885],[-118.442571,34.527796],[-118.44255764,34.52782384],[-118.44254027,34.52786003],[-118.44250281,34.52793806],[-118.4424971,34.52797447],[-118.44249536,34.52800064],[-118.442491,34.528066],[-118.4424938,34.52813873],[-118.442496,34.528196],[-118.44262724,34.52855177],[-118.442662,34.528646],[-118.442688,34.528833],[-118.44267962,34.52895448],[-118.442672,34.529065],[-118.442644,34.52916],[-118.44261196,34.52920071],[-118.44259326,34.52922445],[-118.44257035,34.52925355],[-118.4425527,34.52930797],[-118.442536,34.52936],[-118.442525,34.529502],[-118.44255,34.52961],[-118.44259417,34.52970049],[-118.44261747,34.52974824],[-118.442632,34.529778],[-118.44268259,34.52985214],[-118.44271338,34.52989725],[-118.44272856,34.5299195],[-118.44275285,34.52995304],[-118.442874,34.530118],[-118.442908,34.530161],[-118.442944,34.53034],[-118.44294225,34.53037437],[-118.442929,34.530634],[-118.44290829,34.53069755],[-118.44284587,34.53088913],[-118.4428362,34.53091386],[-118.44280441,34.53098427],[-118.4427694,34.53106183],[-118.44274969,34.53109772],[-118.44247464,34.53154667],[-118.44243588,34.53160994],[-118.44227865,34.53184937],[-118.442225,34.531931],[-118.442162,34.532051],[-118.44212578,34.53223262],[-118.442089,34.532417],[-118.441994,34.532605],[-118.441858,34.53271],[-118.44182726,34.53272465],[-118.44162825,34.5328195],[-118.44142894,34.53289702],[-118.44131725,34.5329402],[-118.441097,34.53301],[-118.44106991,34.5330336],[-118.440903,34.533179],[-118.44073662,34.5333572],[-118.44070722,34.5333887],[-118.44066944,34.53341765],[-118.440505,34.533542],[-118.44045163,34.53358939],[-118.440291,34.533732],[-118.44021606,34.53381185],[-118.44019902,34.53383001],[-118.440169,34.533862],[-118.440098,34.53393],[-118.44002207,34.53401317],[-118.44000514,34.53403171],[-118.439972,34.534068],[-118.43991949,34.53417445],[-118.43990075,34.53421244],[-118.4398592,34.53431015],[-118.439817,34.53441],[-118.43980266,34.53447001],[-118.439774,34.53459],[-118.43973726,34.53463962],[-118.43970193,34.53468734],[-118.43968284,34.5349205],[-118.439679,34.534982],[-118.43968009,34.53519614],[-118.439682,34.535573],[-118.43969195,34.53566351],[-118.43972397,34.53595465],[-118.43972912,34.53609812],[-118.43973248,34.53620764],[-118.43973845,34.53640201],[-118.43973866,34.53646363],[-118.43973716,34.53665554],[-118.43973642,34.53675003],[-118.43973601,34.53680234],[-118.43974304,34.53688971],[-118.439769,34.537206],[-118.439815,34.537347],[-118.43982936,34.53743245],[-118.439836,34.537472],[-118.439845,34.537564],[-118.43986908,34.53767064],[-118.43988,34.537719],[-118.439859,34.537852],[-118.43981835,34.53792574],[-118.439773,34.538008],[-118.43965777,34.53818829],[-118.439626,34.538238],[-118.43956551,34.53834816],[-118.439531,34.538411],[-118.43952326,34.53843979],[-118.439506,34.538504],[-118.439501,34.538602],[-118.43947602,34.5387064],[-118.43945499,34.5387943],[-118.43943456,34.53887967],[-118.43941265,34.53906468],[-118.439391,34.53925],[-118.439316,34.539518],[-118.439288,34.539602],[-118.439287,34.539625],[-118.43928641,34.53965507],[-118.439216,34.53981],[-118.43909398,34.53991374],[-118.438989,34.540003],[-118.438874,34.54014],[-118.43885054,34.54017463],[-118.438832,34.540202],[-118.43874276,34.54033949],[-118.43866617,34.54045749],[-118.43863515,34.54050504],[-118.438598,34.540562],[-118.4385,34.540767],[-118.43838,34.541041],[-118.43835474,34.54108748],[-118.43825581,34.54126949],[-118.43819835,34.54137521],[-118.43815118,34.54146198],[-118.43795729,34.54168871],[-118.437883,34.541775],[-118.437518,34.542108],[-118.43750485,34.54213272],[-118.43749342,34.54215422],[-118.437375,34.542223],[-118.43729024,34.54229156],[-118.437218,34.54235],[-118.437141,34.542502],[-118.43708429,34.54264656],[-118.43706697,34.54269073],[-118.437019,34.542813],[-118.43691085,34.54303839],[-118.436781,34.543309],[-118.43667242,34.54348624],[-118.436558,34.543673],[-118.43637573,34.54387058],[-118.436189,34.544073],[-118.43611475,34.54413537],[-118.43605683,34.54418403],[-118.435914,34.544304],[-118.43564,34.544534],[-118.43541122,34.54469229],[-118.435098,34.544909],[-118.434232,34.545919],[-118.43413833,34.54611992],[-118.434087,34.54623],[-118.43405531,34.54639638],[-118.43404654,34.54644241],[-118.43404422,34.54648143],[-118.43404973,34.54684511],[-118.43403631,34.54690898],[-118.433997,34.547041],[-118.43397555,34.54707127],[-118.43393751,34.54712496],[-118.43389718,34.54718187],[-118.43384043,34.54724916],[-118.433779,34.54732],[-118.43365486,34.54741737],[-118.43357725,34.54747823],[-118.43349114,34.54751799],[-118.432873,34.547798],[-118.432469,34.547901],[-118.432435,34.547939],[-118.43232,34.548068],[-118.432301,34.548119],[-118.43229952,34.54814253],[-118.43229793,34.54816789],[-118.432286,34.548358],[-118.43228346,34.54847509],[-118.43228283,34.54850375],[-118.432281,34.548588],[-118.43224094,34.54874552],[-118.432192,34.548938],[-118.43216802,34.54901527],[-118.432147,34.549083],[-118.432038,34.549223],[-118.43197969,34.5492435],[-118.43191494,34.54926626],[-118.43176636,34.54931879],[-118.431729,34.549332],[-118.431388,34.549382],[-118.43078804,34.54942532],[-118.430737,34.549429],[-118.430534,34.549429],[-118.43038363,34.54942851],[-118.43035528,34.54942842],[-118.430228,34.549428],[-118.42984656,34.5494751],[-118.429815,34.549479],[-118.42960801,34.5495222],[-118.429379,34.54957],[-118.429094,34.549652],[-118.428986,34.54964453],[-118.42895572,34.54964243],[-118.42870292,34.54961286],[-118.42834055,34.54954578],[-118.428193,34.549518],[-118.428153,34.54952204],[-118.42796733,34.54954081],[-118.427827,34.549555],[-118.427756,34.549582],[-118.427654,34.549669],[-118.4276409,34.5497108],[-118.427633,34.549736],[-118.42761995,34.54977792],[-118.42760502,34.54982591],[-118.427586,34.549887],[-118.42755252,34.5500155],[-118.427512,34.550171],[-118.42750096,34.55024234],[-118.42748163,34.55036717],[-118.427462,34.550494],[-118.42745048,34.55058373],[-118.42744169,34.55065209],[-118.427434,34.550712],[-118.42738,34.550864],[-118.42726653,34.5509715],[-118.42724799,34.55098906],[-118.4272147,34.55101294],[-118.42704484,34.55113359],[-118.426964,34.551191],[-118.42679298,34.5513453],[-118.4265708,34.55154577],[-118.426011,34.552176],[-118.42586792,34.55232375],[-118.42583323,34.55235957],[-118.425643,34.552556],[-118.425363,34.55270851],[-118.425162,34.552818],[-118.42490428,34.55293881],[-118.424586,34.553088],[-118.42414,34.553236],[-118.42411101,34.55324575],[-118.424033,34.553272],[-118.42397725,34.55327886],[-118.42361967,34.55332284],[-118.42358109,34.55332724],[-118.42351881,34.55333321],[-118.423477,34.553338],[-118.42310782,34.55333766],[-118.422403,34.553337],[-118.42205924,34.55336612],[-118.42180376,34.55341285],[-118.421673,34.553438],[-118.4216459,34.55345288],[-118.42159264,34.55348214],[-118.42151005,34.5535275],[-118.42141409,34.55358021],[-118.421303,34.553641],[-118.42127123,34.55366816],[-118.421241,34.553694],[-118.42110861,34.55377343],[-118.42105424,34.55379954],[-118.42094156,34.55384958],[-118.42084016,34.5538946],[-118.42077519,34.55392887],[-118.42070363,34.55396692],[-118.420585,34.55403],[-118.4205162,34.55407204],[-118.42040933,34.55413736],[-118.420128,34.554255],[-118.42006717,34.5542822],[-118.419967,34.554327],[-118.419685,34.554411],[-118.419708,34.554522],[-118.419708,34.554735],[-118.419746,34.554979],[-118.41974865,34.55502347],[-118.41975103,34.55506322],[-118.419754,34.555113],[-118.419792,34.555327],[-118.419792,34.555448],[-118.41978645,34.55549049],[-118.41977652,34.55556646],[-118.419769,34.555624],[-118.41973456,34.55573128],[-118.419708,34.555814],[-118.419647,34.555963],[-118.41963515,34.5559981],[-118.41959391,34.5561203],[-118.41957062,34.55623097],[-118.41954651,34.55634729],[-118.419502,34.556562],[-118.419502,34.556749],[-118.41947179,34.55688159],[-118.41945821,34.55694117],[-118.4194489,34.55698203],[-118.4194266,34.55714652],[-118.419418,34.557211],[-118.4194135,34.55723754],[-118.419388,34.55738809],[-118.41934735,34.55754511],[-118.4193345,34.5575941],[-118.419334,34.557844],[-118.419319,34.558027],[-118.419319,34.558233],[-118.419303,34.558466],[-118.41931546,34.55858479],[-118.41933435,34.55876502],[-118.41935196,34.55893292],[-118.419357,34.558981],[-118.41936483,34.55902877],[-118.41937036,34.55906251],[-118.419387,34.559164],[-118.419464,34.559332],[-118.41951885,34.55942065],[-118.419563,34.559492],[-118.4196144,34.55961598],[-118.41963065,34.55965515],[-118.4196844,34.55974119],[-118.419715,34.55979],[-118.41975693,34.55989783],[-118.41978533,34.55997085],[-118.41985918,34.5601327],[-118.41988564,34.56017435],[-118.42003995,34.5603769],[-118.420082,34.560294],[-118.4201079,34.56023249],[-118.42013,34.56018],[-118.42011861,34.56001032],[-118.42010846,34.55985909],[-118.420101,34.559748],[-118.42010188,34.55971023],[-118.42010274,34.55967326],[-118.420105,34.559576],[-118.42024931,34.55915204],[-118.42033,34.558915],[-118.4203615,34.55883055],[-118.42037789,34.5587866],[-118.420399,34.55873],[-118.420455,34.55864],[-118.420554,34.558556],[-118.42056858,34.55853294],[-118.42061464,34.55846009],[-118.42065093,34.5584027],[-118.42068911,34.55832409],[-118.42070343,34.55829442],[-118.42071525,34.55826992],[-118.42080205,34.55816716],[-118.42087858,34.55811048],[-118.42094,34.558065],[-118.421132,34.558016],[-118.42126438,34.55797589],[-118.421297,34.557966],[-118.42141,34.5579],[-118.42155524,34.5577943],[-118.421601,34.557761],[-118.42169403,34.55771896],[-118.421736,34.5577],[-118.42177521,34.55767804],[-118.42186466,34.55762795],[-118.42190169,34.55759531],[-118.42192313,34.55757612],[-118.42197,34.557526],[-118.4220413,34.55736788],[-118.422094,34.557251],[-118.42213742,34.55714276],[-118.42215067,34.55710974],[-118.422163,34.557079],[-118.42221512,34.55703141],[-118.42225153,34.55699817],[-118.42234087,34.55695639],[-118.42240291,34.55692849],[-118.42245752,34.55691016],[-118.42254998,34.55687934],[-118.42257533,34.55687089],[-118.422968,34.556796],[-118.42318602,34.556721],[-118.42321653,34.55671051],[-118.42328324,34.55669483],[-118.423618,34.556617],[-118.423954,34.556583],[-118.424119,34.556587],[-118.4242955,34.55665555],[-118.42434042,34.556673],[-118.424458,34.556743],[-118.42456,34.556837],[-118.424613,34.557009],[-118.4246192,34.5570564],[-118.42462287,34.55708445],[-118.42463184,34.55715305],[-118.424647,34.557269],[-118.42464612,34.55734361],[-118.42464524,34.5574185],[-118.42464455,34.55747686],[-118.42464413,34.55751313],[-118.42465654,34.55764409],[-118.42465905,34.55766817],[-118.42467,34.557773],[-118.42469182,34.55781747],[-118.424722,34.557879],[-118.42476314,34.55792521],[-118.424795,34.557961],[-118.42486264,34.55799082],[-118.424888,34.558002],[-118.42493223,34.558018],[-118.424982,34.558036],[-118.42507976,34.55805691],[-118.425169,34.558076],[-118.42524708,34.55809642],[-118.425299,34.55811],[-118.42531871,34.55813184],[-118.42533571,34.55815068],[-118.425337,34.558222],[-118.42531699,34.55824121],[-118.42528788,34.55826916],[-118.4252492,34.55828112],[-118.425202,34.558295],[-118.42511506,34.5582766],[-118.425065,34.558266],[-118.424913,34.558203],[-118.424653,34.558076],[-118.424515,34.557959],[-118.42449487,34.55793422],[-118.42438202,34.55779533],[-118.424281,34.557671],[-118.42409,34.5574],[-118.42404805,34.55737758],[-118.42398966,34.55734639],[-118.42396081,34.55733097],[-118.423837,34.55732],[-118.42369313,34.55734864],[-118.42361757,34.55736369],[-118.423474,34.557419],[-118.42335788,34.55749067],[-118.42333653,34.55750747],[-118.42325871,34.55758529],[-118.42319111,34.55765289],[-118.42303952,34.55788323],[-118.423002,34.557941],[-118.42297405,34.55801378],[-118.42294872,34.55807974],[-118.422906,34.558191],[-118.422745,34.558394],[-118.4225535,34.55857389],[-118.42236899,34.5587276],[-118.42234375,34.55874853],[-118.422307,34.558779],[-118.42219666,34.55893597],[-118.422139,34.559018],[-118.42203939,34.55911263],[-118.42191034,34.55923522],[-118.42186197,34.5592989],[-118.421836,34.559336],[-118.42182426,34.55938251],[-118.42181612,34.55941477],[-118.42180922,34.55944214],[-118.42180669,34.55951413],[-118.42180565,34.55954602],[-118.42180406,34.55959517],[-118.42180847,34.55964714],[-118.42181289,34.55969676],[-118.42186684,34.55976846],[-118.42189265,34.55980223],[-118.42192898,34.55983199],[-118.421974,34.559868],[-118.42210835,34.55992948],[-118.42229787,34.56001621],[-118.422328,34.56003],[-118.42240096,34.56009667],[-118.42242366,34.56011742],[-118.42244358,34.56013562],[-118.42247249,34.56018139],[-118.42248524,34.5602017],[-118.422562,34.560324],[-118.42258103,34.56037548],[-118.42262174,34.56048558],[-118.42262678,34.5605585],[-118.42263283,34.5606698],[-118.42262557,34.56080938],[-118.42262213,34.56087266],[-118.42266051,34.56107806],[-118.42267062,34.56113134],[-118.422677,34.561165],[-118.42269306,34.56123546],[-118.422708,34.561301],[-118.42273373,34.56136995],[-118.42274963,34.56141258],[-118.422783,34.561502],[-118.42284002,34.5615928],[-118.422864,34.561631],[-118.422909,34.561708],[-118.42294,34.561844],[-118.422943,34.562063],[-118.422974,34.562211],[-118.4230031,34.56228685],[-118.42303359,34.56236633],[-118.42309604,34.56247368],[-118.423108,34.562494],[-118.423235,34.562639],[-118.423323,34.562757],[-118.42335031,34.56280712],[-118.42339475,34.56288869],[-118.42341418,34.56292486],[-118.423491,34.563069],[-118.423569,34.563151],[-118.423692,34.563224],[-118.42377735,34.5632358],[-118.4238138,34.56324083],[-118.42386924,34.56324189],[-118.423937,34.563243],[-118.42399427,34.56323543],[-118.424058,34.563227],[-118.42409201,34.56320289],[-118.424192,34.563132],[-118.42436423,34.56298835],[-118.424433,34.562931],[-118.42449598,34.56290233],[-118.42452238,34.56289031],[-118.424567,34.56287],[-118.42469656,34.56284897],[-118.42481919,34.56287498],[-118.424852,34.562885],[-118.42490739,34.5629227],[-118.42496882,34.56296452],[-118.42502473,34.56302653],[-118.42504909,34.56305398],[-118.42507201,34.56310751],[-118.42510607,34.56318877],[-118.42512,34.563222],[-118.425203,34.563315],[-118.42525613,34.56333141],[-118.425402,34.563335],[-118.42548878,34.56330982],[-118.425564,34.563288],[-118.42559417,34.56326904],[-118.425739,34.563178],[-118.42576905,34.56315035],[-118.425814,34.563109],[-118.42588591,34.56308553],[-118.42592505,34.56307632],[-118.42605806,34.56306241],[-118.4261045,34.56306514],[-118.426184,34.563071],[-118.426266,34.563082],[-118.42629207,34.56309789],[-118.42631399,34.56311366],[-118.42640198,34.56319745],[-118.426482,34.563311],[-118.42647678,34.56335275],[-118.426474,34.563375],[-118.42646468,34.56340165],[-118.42645683,34.5634241],[-118.42643722,34.5634802],[-118.42622,34.563849],[-118.42610318,34.56405594],[-118.42608,34.564097],[-118.426086,34.564213],[-118.426096,34.564284],[-118.42612813,34.56432645],[-118.426152,34.564358],[-118.42619154,34.56438395],[-118.42624705,34.56442037],[-118.42628,34.564442],[-118.42642256,34.56449263],[-118.42646958,34.56450933],[-118.42662131,34.56458057],[-118.4267127,34.56469426],[-118.42672659,34.56471344],[-118.426801,34.56481],[-118.426902,34.564865],[-118.426992,34.564879],[-118.42709894,34.56487719],[-118.42717156,34.56485683],[-118.427226,34.564839],[-118.42726967,34.56482133],[-118.42733783,34.56479374],[-118.427433,34.564788],[-118.42746178,34.56479836],[-118.42748931,34.56481894],[-118.42750109,34.56484313],[-118.427521,34.564884],[-118.42755562,34.56560582]]]},"properties":{"OBJECTID":1098014,"COUNTY":"LOS ANGELES","CITY":"LAC","ZONE_NAME":null,"ZONE_ID":"US-CA-XLA-LAC-E031-A","STATUS":"Evacuation Order","EVENT_TYPE":null,"CRITICAL_INFO":null,"PUBLIC_INFO":null,"EDIT_DATE":1791072379000,"STATEWIDE_LAST_UPDATED":null,"NOTES":"Local authorities are responding to a fast-moving Wildfire. An EVACUATION ORDER has been issued. LEAVE NOW. Your safety is in danger if you stay. Call 911 if you need emergency assistance. Visit Alertla.org for more information.","SHAPE__Area":48561508.453125,"SHAPE__Length":52101.321649422061,"GlobalID":"34f8d4c8-995c-47a1-aa43-e42893f98c0a","CreationDate":1791072632000,"Creator":"CalOES_Scripts","EditDate":1791072632000,"Editor":"CalOES_Scripts"}}]}